"mo","fullname","rank","status","domain","family","source","prevalence"
"B_ACNTB_BRSD","Acinetobacter brisouioides","species","accepted","Bacteria","Moraxellaceae","LPSN",1
"B_ACNTB_BRSS","Acinetobacter brisouisimilis","species","accepted","Bacteria","Moraxellaceae","LPSN",1
"B_ACNTB_CHNH","Acinetobacter chenhuanii","species","accepted","Bacteria","Moraxellaceae","LPSN",1
"B_ACNTB_CRRP","Acinetobacter corruptisaponis","species","accepted","Bacteria","Moraxellaceae","LPSN",1
"B_ACNTB_HLBS","Acinetobacter halobius","species","accepted","Bacteria","Moraxellaceae","LPSN",1
"B_ACNTB_WFFI","Acinetobacter lwoffi","species","synonym","Bacteria","Moraxellaceae","LPSN",1
"B_ACNTB_ORYZ","Acinetobacter oryzae","species","synonym","Bacteria","Moraxellaceae","LPSN",1
"B_ACNTB_PCRM","Acinetobacter pecorum","species","accepted","Bacteria","Moraxellaceae","LPSN",1
"B_ACNTB_PNGC","Acinetobacter pengchengensis","species","accepted","Bacteria","Moraxellaceae","LPSN",1
"B_ACNTB_PLNT","Acinetobacter plantarum","species","synonym","Bacteria","Moraxellaceae","LPSN",1
"B_ACNTB_PLLR","Acinetobacter pullorum","species","synonym","Bacteria","Moraxellaceae","LPSN",1
"B_ACNTB_THRM","Acinetobacter thermotolerans","species","accepted","Bacteria","Moraxellaceae","LPSN",1
"B_ACNTB_ULGN","Acinetobacter uliginosus","species","accepted","Bacteria","Moraxellaceae","LPSN",1
"B_ACNTB_YYNS","Acinetobacter yuyunsongii","species","accepted","Bacteria","Moraxellaceae","LPSN",1
"B_ACNTB_ZHRH","Acinetobacter zhairhuonensis","species","synonym","Bacteria","Moraxellaceae","LPSN",1
"B_ACNTB_ZHRN","Acinetobacter zhairuonensis","species","accepted","Bacteria","Moraxellaceae","LPSN",1
"F_ASPRG_ALBC","Aspergillus albicolor","species","accepted","Fungi","Aspergillaceae","MycoBank",1
"F_ASPRG_ALVR","Aspergillus alvaroi","species","accepted","Fungi","Aspergillaceae","MycoBank",1
"F_ASPRG_CPBR","Aspergillus capibaribensis","species","accepted","Fungi","Aspergillaceae","GBIF",1
"F_ASPRG_DHKP","Aspergillus dhakephalkarii","species","accepted","Fungi","Aspergillaceae","MycoBank",1
"F_ASPRG_GNVS","Aspergillus guanovespertilionum","species","accepted","Fungi","Aspergillaceae","MycoBank",1
"F_ASPRG_HLPS","Aspergillus halopiscium","species","accepted","Fungi","Aspergillaceae","MycoBank",1
"F_ASPRG_HBNS","Aspergillus hebeiensis","species","accepted","Fungi","Aspergillaceae","MycoBank",1
"F_ASPRG_HUBK","Aspergillus hubkae","species","accepted","Fungi","Aspergillaceae","MycoBank",1
"F_ASPRG_KRNY","Aspergillus kearneyorum","species","accepted","Fungi","Aspergillaceae","MycoBank",1
"F_ASPRG_LLND","Aspergillus lelandiae","species","accepted","Fungi","Aspergillaceae","MycoBank",1
"F_ASPRG_MHBD","Aspergillus mahabadensis","species","accepted","Fungi","Aspergillaceae","MycoBank",1
"F_ASPRG_PTRC","Aspergillus patriciawiltshireae","species","accepted","Fungi","Aspergillaceae","MycoBank",1
"F_ASPRG_NCLLDS","Aspergillus penicilloides","species","synonym","Fungi","Aspergillaceae","GBIF",1
"F_ASPRG_PHLL","Aspergillus phillipae","species","accepted","Fungi","Aspergillaceae","MycoBank",1
"F_ASPRG_RALC","Aspergillus ralucae","species","accepted","Fungi","Aspergillaceae","MycoBank",1
"F_ASPRG_RSTT","Aspergillus rosettanus","species","accepted","Fungi","Aspergillaceae","MycoBank",1
"F_ASPRG_SOFI","Aspergillus sofiae","species","accepted","Fungi","Aspergillaceae","MycoBank",1
"F_ASPRG_SORU","Aspergillus soruae","species","accepted","Fungi","Aspergillaceae","MycoBank",1
"F_ASPRG_STFN","Aspergillus stefaniae","species","accepted","Fungi","Aspergillaceae","MycoBank",1
"F_ASPRG_ULLN","Aspergillus ullungdoensis","species","accepted","Fungi","Aspergillaceae","MycoBank",1
"F_ASPRG_MBRSS","Aspergillus umbrosuus","species","synonym","Fungi","Aspergillaceae","GBIF",1
"F_ASPRG_XSHNG","Aspergillus xishuangbannaensis","species","accepted","Fungi","Aspergillaceae","MycoBank",1
"B_CMPYL_ASTR","Campylobacter australis","species","accepted","Bacteria","Campylobacteraceae","LPSN",1
"B_CMPYL_CLFR","Campylobacter californiensis","species","accepted","Bacteria","Campylobacteraceae","LPSN",1
"B_CMPYL_CANS","Campylobacter canis","species","accepted","Bacteria","Campylobacteraceae","LPSN",1
"B_CMPYL_FELS","Campylobacter felis","species","accepted","Bacteria","Campylobacteraceae","LPSN",1
"B_CMPYL_MLTH","Campylobacter molothri","species","accepted","Bacteria","Campylobacteraceae","LPSN",1
"B_CMPYL_OVIS","Campylobacter ovis","species","accepted","Bacteria","Campylobacteraceae","LPSN",1
"B_CMPYL_PRJJ","Campylobacter parajejuni","species","accepted","Bacteria","Campylobacteraceae","LPSN",1
"F_CANDD_ACDT","Candida acidothermophilum","species","synonym","Fungi","Debaryomycetaceae","GBIF",1
"F_CANDD_AEGR","Candida aegerita","species","synonym","Fungi","Debaryomycetaceae","GBIF",1
"F_CANDD_AMDVR","Candida amidevorans","species","synonym","Fungi","Debaryomycetaceae","GBIF",1
"F_CANDD_ARMC","Candida armeniaca-cornusmas","species","synonym","Fungi","Debaryomycetaceae","GBIF",1
"F_CANDD_WLLE","Candida blackwellae","species","synonym","Fungi","Debaryomycetaceae","GBIF",1
"F_CANDD_CLRDR","Candida cleridarum","species","synonym","Fungi","Debaryomycetaceae","MycoBank",1
"F_CANDD_RTCA","Candida dendritica","species","synonym","Fungi","Debaryomycetaceae","GBIF",1
"F_CANDD_PHLM","Candida ethanothermophilum","species","synonym","Fungi","Debaryomycetaceae","GBIF",1
"F_CANDD_FLRR","Candida flareri","species","synonym","Fungi","Debaryomycetaceae","GBIF",1
"F_CANDD_JNSH","Candida jianshihensis","species","accepted","Fungi","Debaryomycetaceae","GBIF",1
"F_CANDD_MLCL","Candida malicola","species","synonym","Fungi","Debaryomycetaceae","GBIF",1
"F_CANDD_MMBRN","Candida membranaefaciens","species","accepted","Fungi","Debaryomycetaceae","GBIF",1
"F_CANDD_NDNS","Candida nodaensis","species","synonym","Fungi","Debaryomycetaceae","GBIF",1
"F_CANDD_HLDS","Candida parachauliodis","species","accepted","Fungi","Debaryomycetaceae","MycoBank",1
"F_CANDD_PRLP","Candida paralipolytica","species","synonym","Fungi","Debaryomycetaceae","GBIF",1
"F_CANDD_QRCS","Candida quercus","species","synonym","Fungi","Debaryomycetaceae","GBIF",1
"F_CANDD_RAVT","Candida ravautii","species","synonym","Fungi","Debaryomycetaceae","GBIF",1
"F_CANDD_RHDH","Candida rhodohalophila","species","synonym","Fungi","Debaryomycetaceae","GBIF",1
"F_CANDD_SNYNS","Candida sanyiensis","species","accepted","Fungi","Debaryomycetaceae","GBIF",1
"F_CANDD_TMRN","Candida tamarindi","species","synonym","Fungi","Debaryomycetaceae","GBIF",1
"F_CANDD_TLNY","Candida tilneyi","species","accepted","Fungi","Debaryomycetaceae","MycoBank",1
"F_CANDD_HNCS","Candida yuanshanicus","species","accepted","Fungi","Debaryomycetaceae","GBIF",1
"B_CTRBC_ARSN","Citrobacter arsenatis","species","accepted","Bacteria","Enterobacteriaceae","LPSN",1
"F_CRYPT_CDRB","Cryptococcus cederbergensis","species","accepted","Fungi","Cryptococcaceae","MycoBank",1
"F_CRYPT_FCCL","Cryptococcus ficicola","species","accepted","Fungi","Cryptococcaceae","MycoBank",1
"F_CRYPT_FLCL","Cryptococcus foliicola","species","accepted","Fungi","Cryptococcaceae","GBIF",1
"F_CRYPT_HYRC","Cryptococcus hyracis","species","accepted","Fungi","Cryptococcaceae","MycoBank",1
"F_CRYPT_JSPN","Cryptococcus jaspeensis","species","accepted","Fungi","Cryptococcaceae","MycoBank",1
"F_CRYPT_MQSN","Cryptococcus maquisensis","species","accepted","Fungi","Cryptococcaceae","MycoBank",1
"F_CRYPT_RGSS","Cryptococcus mucorugosus","species","synonym","Fungi","Cryptococcaceae","GBIF",1
"F_CRYPT_PNUS","Cryptococcus peneaus","species","synonym","Fungi","Cryptococcaceae","GBIF",1
"F_CRYPT_PRTC","Cryptococcus porticicola","species","accepted","Fungi","Cryptococcaceae","MycoBank",1
"F_CRYPT_RNDHW","Cryptococcus randhawae","species","synonym","Fungi","Cryptococcaceae","GBIF",1
"F_CRYPT_TBNS","Cryptococcus taibaiensis","species","accepted","Fungi","Cryptococcaceae","GBIF",1
"F_CRYPT_TRRC","Cryptococcus terricola","species","synonym","Fungi","Cryptococcaceae","GBIF",1
"B_ENTRBC_CHNN","Enterobacter chinensis","species","accepted","Bacteria","Enterobacteriaceae","LPSN",1
"B_ENTRBC_HFFM","Enterobacter hoffmannii","species","synonym","Bacteria","Enterobacteriaceae","LPSN",1
"B_ENTRBC_INTS","Enterobacter intestinihominis","species","accepted","Bacteria","Enterobacteriaceae","LPSN",1
"B_ENTRBC_RNGC","Enterobacter rongchengensis","species","accepted","Bacteria","Enterobacteriaceae","LPSN",1
"B_ENTRC_HLNNS","Enterococcus hailinensis","species","accepted","Bacteria","Enterococcaceae","LPSN",1
"B_ENTRC_IMMB","Enterococcus immobilis","species","accepted","Bacteria","Enterococcaceae","LPSN",1
"B_ENTRC_INFN","Enterococcus infantis","species","accepted","Bacteria","Enterococcaceae","LPSN",1
"B_ENTRC_SLSR","Enterococcus salsurae","species","accepted","Bacteria","Enterococcaceae","LPSN",1
"B_ENTRC_SNGN","Enterococcus sanguinicola","species","accepted","Bacteria","Enterococcaceae","LPSN",1
"B_ESCHR_WHTT","Escherichia whittamii","species","accepted","Bacteria","Enterobacteriaceae","LPSN",1
"F_FUSRM_AFLG","Fusarium aflagelliforme","species","accepted","Fungi","Nectriaceae","MycoBank",1
"F_FUSRM_AGRS","Fusarium agreste","species","accepted","Fungi","Nectriaceae","MycoBank",1
"F_FUSRM_TNSE","Fusarium agrestense","species","accepted","Fungi","Nectriaceae","MycoBank",1
"F_FUSRM_AMRN","Fusarium amaranthi","species","accepted","Fungi","Nectriaceae","MycoBank",1
"F_FUSRM_AMBL","Fusarium amblysporum","species","accepted","Fungi","Nectriaceae","MycoBank",1
"F_FUSRM_ANCT","Fusarium anoectochili","species","accepted","Fungi","Nectriaceae","MycoBank",1
"F_FUSRM_AURNT","Fusarium aurantii","species","accepted","Fungi","Nectriaceae","MycoBank",1
"F_FUSRM_BANN","Fusarium bananae","species","accepted","Fungi","Nectriaceae","MycoBank",1
"F_FUSRM_BLLM","Fusarium bellum","species","accepted","Fungi","Nectriaceae","MycoBank",1
"F_FUSRM_HYPS","Fusarium brachypes","species","accepted","Fungi","Nectriaceae","MycoBank",1
"F_FUSRM_BTLR","Fusarium butleri","species","synonym","Fungi","Nectriaceae","GBIF",1
"F_FUSRM_CARNTM","Fusarium carinatum","species","accepted","Fungi","Nectriaceae","MycoBank",1
"F_FUSRM_CSTNP","Fusarium castaneophilum","species","accepted","Fungi","Nectriaceae","MycoBank",1
"F_FUSRM_CLNDP","Fusarium caulendophytica","species","accepted","Fungi","Nectriaceae","GBIF",1
"F_FUSRM_CHLMY","Fusarium chlamydocopiosum","species","accepted","Fungi","Nectriaceae","MycoBank",1
"F_FUSRM_CTRS","Fusarium citri-sinensis","species","synonym","Fungi","Nectriaceae","MycoBank",1
"F_FUSRM_CFFB","Fusarium coffeibaccae","species","accepted","Fungi","Nectriaceae","MycoBank",1
"F_FUSRM_CRCT","Fusarium crocatum","species","accepted","Fungi","Nectriaceae","MycoBank",1
"F_FUSRM_CLTR","Fusarium cultriforme","species","accepted","Fungi","Nectriaceae","MycoBank",1
"F_FUSRM_CMLT","Fusarium cumulatum","species","accepted","Fungi","Nectriaceae","MycoBank",1
"F_FUSRM_CSPD","Fusarium cuspidatum","species","accepted","Fungi","Nectriaceae","MycoBank",1
"F_FUSRM_CYGN","Fusarium cygneum","species","accepted","Fungi","Nectriaceae","MycoBank",1
"F_FUSRM_CYMBD","Fusarium cymbidii","species","accepted","Fungi","Nectriaceae","MycoBank",1
"F_FUSRM_DNDR","Fusarium dendranthematis","species","accepted","Fungi","Nectriaceae","MycoBank",1
"F_FUSRM_DRBI","Fusarium dendrobii","species","accepted","Fungi","Nectriaceae","MycoBank",1
"F_FUSRM_DMRPH","Fusarium dimorphosporum","species","accepted","Fungi","Nectriaceae","MycoBank",1
"F_FUSRM_DLCH","Fusarium dolichosporum","species","accepted","Fungi","Nectriaceae","MycoBank",1
"F_FUSRM_DMST","Fusarium domesticum","species","synonym","Fungi","Nectriaceae","GBIF",1
"F_FUSRM_DRCN","Fusarium dracaenophilum","species","accepted","Fungi","Nectriaceae","MycoBank",1
"F_FUSRM_FICI","Fusarium fici","species","accepted","Fungi","Nectriaceae","MycoBank",1
"F_FUSRM_FLVDS","Fusarium flavoides","species","accepted","Fungi","Nectriaceae","MycoBank",1
"F_FUSRM_FLRF","Fusarium floriferum","species","accepted","Fungi","Nectriaceae","MycoBank",1
"F_FUSRM_GEJR","Fusarium geijerae","species","accepted","Fungi","Nectriaceae","MycoBank",1
"F_FUSRM_GLDL","Fusarium gladiolum","species","accepted","Fungi","Nectriaceae","MycoBank",1
"F_FUSRM_DTSE","Fusarium gleditsiae","species","synonym","Fungi","Nectriaceae","GBIF",1
"F_FUSRM_MYRE","Fusarium goeppertmayeriae","species","accepted","Fungi","Nectriaceae","GBIF",1
"F_FUSRM_GNGD","Fusarium guangdongense","species","accepted","Fungi","Nectriaceae","MycoBank",1
"F_FUSRM_GMMS","Fusarium gummosum","species","accepted","Fungi","Nectriaceae","MycoBank",1
"F_FUSRM_HMTM","Fusarium hamatum","species","accepted","Fungi","Nectriaceae","MycoBank",1
"F_FUSRM_HNSW","Fusarium hanswilhelmii","species","accepted","Fungi","Nectriaceae","MycoBank",1
"F_FUSRM_HORDM","Fusarium hordeum","species","accepted","Fungi","Nectriaceae","MycoBank",1
"F_FUSRM_IDBR","Fusarium idabrowneae","species","accepted","Fungi","Nectriaceae","MycoBank",1
"F_FUSRM_INDCM","Fusarium indicum","species","accepted","Fungi","Nectriaceae","MycoBank",1
"F_FUSRM_IPMC","Fusarium ipomoeicola","species","accepted","Fungi","Nectriaceae","MycoBank",1
"F_FUSRM_JCKS","Fusarium jacksoniae","species","synonym","Fungi","Nectriaceae","MycoBank",1
"F_FUSRM_KMLN","Fusarium kamalianum","species","accepted","Fungi","Nectriaceae","MycoBank",1
"F_FUSRM_KHZS","Fusarium khuzestanicum","species","accepted","Fungi","Nectriaceae","MycoBank",1
"F_FUSRM_KRST","Fusarium kirstenboschense","species","accepted","Fungi","Nectriaceae","MycoBank",1
"F_FUSRM_KHNI","Fusarium kuhnii","species","synonym","Fungi","Nectriaceae","GBIF",1
"F_FUSRM_RSHO","Fusarium kuroshio","species","synonym","Fungi","Nectriaceae","MycoBank",1
"F_FUSRM_CRTM","Fusarium laceratum","species","synonym","Fungi","Nectriaceae","GBIF",1
"F_FUSRM_LAND","Fusarium landiae","species","accepted","Fungi","Nectriaceae","MycoBank",1
"F_FUSRM_LPTM","Fusarium leptum","species","accepted","Fungi","Nectriaceae","MycoBank",1
"F_FUSRM_LNNG","Fusarium liaoningense","species","accepted","Fungi","Nectriaceae","MycoBank",1
"F_FUSRM_CLLE","Fusarium longicolle","species","accepted","Fungi","Nectriaceae","MycoBank",1
"F_FUSRM_MGNM","Fusarium magnum","species","accepted","Fungi","Nectriaceae","MycoBank",1
"F_FUSRM_MLWN","Fusarium malawiense","species","accepted","Fungi","Nectriaceae","MycoBank",1
"F_FUSRM_MRCR","Fusarium mariecurieae","species","accepted","Fungi","Nectriaceae","MycoBank",1
"F_FUSRM_MSTG","Fusarium mastigosporum","species","accepted","Fungi","Nectriaceae","MycoBank",1
"F_FUSRM_MTNR","Fusarium meitneriae","species","accepted","Fungi","Nectriaceae","MycoBank",1
"F_FUSRM_YCLM","Fusarium microcyclum","species","accepted","Fungi","Nectriaceae","MycoBank",1
"F_FUSRM_MNTUM","Fusarium minutum","species","accepted","Fungi","Nectriaceae","MycoBank",1
"F_FUSRM_MOUR","Fusarium mourae","species","accepted","Fungi","Nectriaceae","MycoBank",1
"F_FUSRM_MOTN","Fusarium moutoniae","species","accepted","Fungi","Nectriaceae","MycoBank",1
"F_FUSRM_MCRN","Fusarium mucronatum","species","accepted","Fungi","Nectriaceae","MycoBank",1
"F_FUSRM_NSHR","Fusarium nashariae","species","accepted","Fungi","Nectriaceae","MycoBank",1
"F_FUSRM_NGLB","Fusarium neoglobosum","species","accepted","Fungi","Nectriaceae","MycoBank",1
"F_FUSRM_NLNG","Fusarium neolongifundum","species","accepted","Fungi","Nectriaceae","MycoBank",1
"F_FUSRM_OLIN","Fusarium oliniae","species","accepted","Fungi","Nectriaceae","MycoBank",1
"F_FUSRM_ORBN","Fusarium orobanches","species","accepted","Fungi","Nectriaceae","GBIF",1
"F_FUSRM_ZCLA","Fusarium oryzicola","species","accepted","Fungi","Nectriaceae","MycoBank",1
"F_FUSRM_ZGNM","Fusarium oryzigenum","species","synonym","Fungi","Nectriaceae","MycoBank",1
"F_FUSRM_PRBL","Fusarium parabolicum","species","accepted","Fungi","Nectriaceae","MycoBank",1
"F_FUSRM_PRCL","Fusarium paraclavum","species","accepted","Fungi","Nectriaceae","MycoBank",1
"F_FUSRM_PRDR","Fusarium paraodoratissimum","species","accepted","Fungi","Nectriaceae","MycoBank",1
"F_FUSRM_PSCM","Fusarium pascuum","species","accepted","Fungi","Nectriaceae","MycoBank",1
"F_FUSRM_PSSH","Fusarium peseshetiae","species","accepted","Fungi","Nectriaceae","MycoBank",1
"F_FUSRM_PHLN","Fusarium phalaenopsidis","species","accepted","Fungi","Nectriaceae","MycoBank",1
"F_FUSRM_PHRG","Fusarium phragmiticola","species","synonym","Fungi","Nectriaceae","GBIF",1
"F_FUSRM_PLTY","Fusarium platysporum","species","accepted","Fungi","Nectriaceae","MycoBank",1
"F_FUSRM_PRTNS","Fusarium pratense","species","accepted","Fungi","Nectriaceae","MycoBank",1
"F_FUSRM_PRMV","Fusarium primavesiae","species","accepted","Fungi","Nectriaceae","MycoBank",1
"F_FUSRM_PRCM","Fusarium procumbens","species","accepted","Fungi","Nectriaceae","MycoBank",1
"F_FUSRM_PSDL","Fusarium pseudolongipes","species","accepted","Fungi","Nectriaceae","MycoBank",1
"F_FUSRM_RNSE","Fusarium puerense","species","accepted","Fungi","Nectriaceae","MycoBank",1
"F_FUSRM_PLCH","Fusarium pulchrum","species","accepted","Fungi","Nectriaceae","MycoBank",1
"F_FUSRM_RHNLP","Fusarium rhinolophi","species","accepted","Fungi","Nectriaceae","MycoBank",1
"F_FUSRM_RUBCL","Fusarium rubicola","species","accepted","Fungi","Nectriaceae","MycoBank",1
"F_FUSRM_RUFM","Fusarium rufum","species","accepted","Fungi","Nectriaceae","MycoBank",1
"F_FUSRM_SGTT","Fusarium sagittatum","species","accepted","Fungi","Nectriaceae","MycoBank",1
"F_FUSRM_SCLF","Fusarium seculiforme","species","accepted","Fungi","Nectriaceae","MycoBank",1
"F_FUSRM_SMNT","Fusarium semanoti","species","accepted","Fungi","Nectriaceae","GBIF",1
"F_FUSRM_NTHS","Fusarium speiranthis","species","synonym","Fungi","Nectriaceae","GBIF",1
"F_FUSRM_STRMN","Fusarium stramineum","species","accepted","Fungi","Nectriaceae","MycoBank",1
"F_FUSRM_SBCY","Fusarium subcylindroides","species","accepted","Fungi","Nectriaceae","MycoBank",1
"F_FUSRM_SYMM","Fusarium symmetricum","species","accepted","Fungi","Nectriaceae","MycoBank",1
"F_FUSRM_TAXD","Fusarium taxodii","species","accepted","Fungi","Nectriaceae","GBIF",1
"F_FUSRM_TESL","Fusarium teslae","species","accepted","Fungi","Nectriaceae","MycoBank",1
"F_FUSRM_TNGRN","Fusarium tongrenense","species","accepted","Fungi","Nectriaceae","MycoBank",1
"F_FUSRM_TRPC","Fusarium tropicale","species","accepted","Fungi","Nectriaceae","MycoBank",1
"F_FUSRM_TBRCL","Fusarium tuberculatum","species","accepted","Fungi","Nectriaceae","MycoBank",1
"F_FUSRM_VLNT","Fusarium valentineae","species","accepted","Fungi","Nectriaceae","MycoBank",1
"F_FUSRM_VGHN","Fusarium vaughaniae","species","accepted","Fungi","Nectriaceae","MycoBank",1
"F_FUSRM_VLTN","Fusarium velutinum","species","accepted","Fungi","Nectriaceae","MycoBank",1
"F_FUSRM_VERA","Fusarium verae","species","accepted","Fungi","Nectriaceae","MycoBank",1
"F_FUSRM_VRMC","Fusarium vermicularioides","species","accepted","Fungi","Nectriaceae","MycoBank",1
"F_FUSRM_VRRCL","Fusarium verruculosum","species","accepted","Fungi","Nectriaceae","MycoBank",1
"F_FUSRM_WNSH","Fusarium wenshanense","species","accepted","Fungi","Nectriaceae","MycoBank",1
"F_FUSRM_WDRF","Fusarium woodroofeae","species","accepted","Fungi","Nectriaceae","MycoBank",1
"F_FUSRM_XYLS","Fusarium xylosmatis","species","accepted","Fungi","Nectriaceae","MycoBank",1
"F_FUSRM_YOTT","Fusarium youattiae","species","accepted","Fungi","Nectriaceae","MycoBank",1
"B_HLCBCT_CPPD","Helicobacter cappadocius","species","accepted","Bacteria","Helicobacteraceae","LPSN",1
"B_HLCBCT_GSTR","Helicobacter gastrocanis","species","accepted","Bacteria","Helicobacteraceae","LPSN",1
"B_HLCBCT_HGNN","Helicobacter higonensis","species","accepted","Bacteria","Helicobacteraceae","LPSN",1
"F_HSTPL_MSSS","Histoplasma mississippiense","species","accepted","Fungi","Ajellomycetaceae","MycoBank",1
"F_HSTPL_OHNS","Histoplasma ohiense","species","accepted","Fungi","Ajellomycetaceae","MycoBank",1
"F_HSTPL_SRMR","Histoplasma suramericanum","species","synonym","Fungi","Ajellomycetaceae","MycoBank",1
"B_KLBSL_LGNC","Klebsiella lignicola","species","accepted","Bacteria","Enterobacteriaceae","LPSN",1
"B_KLBSL_SCTT","Klebsiella scottii","species","accepted","Bacteria","Enterobacteriaceae","LPSN",1
"B_MYCBC_ACPLC","Mycobacterium acapulcense","species","accepted","Bacteria","Mycobacteriaceae","LPSN",1
"B_MYCBC_ACDP","Mycobacterium acidiphilum","species","accepted","Bacteria","Mycobacteriaceae","LPSN",1
"B_MYCBC_ANTR","Mycobacterium antarcticum","species","accepted","Bacteria","Mycobacteriaceae","LPSN",1
"B_MYCBC_APPL","Mycobacterium appelbergii","species","accepted","Bacteria","Mycobacteriaceae","LPSN",1
"B_MYCBC_ARSNC","Mycobacterium arseniciresistens","species","accepted","Bacteria","Mycobacteriaceae","LPSN",1
"B_MYCBC_ARNT","Mycobacterium aurantiacum","species","accepted","Bacteria","Mycobacteriaceae","LPSN",1
"B_MYCBC_BXNG","Mycobacterium baixiangningiae","species","accepted","Bacteria","Mycobacteriaceae","LPSN",1
"B_MYCBC_BRRS","Mycobacterium barrassiae","species","accepted","Bacteria","Mycobacteriaceae","LPSN",1
"B_MYCBC_BRGN","Mycobacterium burgundiense","species","accepted","Bacteria","Mycobacteriaceae","LPSN",1
"B_MYCBC_CAMS","Mycobacterium camsae","species","accepted","Bacteria","Mycobacteriaceae","LPSN",1
"B_MYCBC_CYPR","Mycobacterium cyprinidarum","species","accepted","Bacteria","Mycobacteriaceae","LPSN",1
"B_MYCBC_HLSTB","Mycobacterium holstebronense","species","accepted","Bacteria","Mycobacteriaceae","LPSN",1
"B_MYCBC_JNJN","Mycobacterium jinjuense","species","accepted","Bacteria","Mycobacteriaceae","LPSN",1
"B_MYCBC_JNSS","Mycobacterium jinjuensis","species","synonym","Bacteria","Mycobacteriaceae","LPSN",1
"B_MYCBC_KKJN","Mycobacterium kokjensenii","species","accepted","Bacteria","Mycobacteriaceae","LPSN",1
"B_MYCBC_LCSD","Mycobacterium lacusdiani","species","accepted","Bacteria","Mycobacteriaceae","LPSN",1
"B_MYCBC_MNGX","Mycobacterium mengxiangliae","species","accepted","Bacteria","Mycobacteriaceae","LPSN",1
"B_MYCBC_NVDS","Mycobacterium nivoides","species","accepted","Bacteria","Mycobacteriaceae","LPSN",1
"B_MYCBC_PUMC","Mycobacterium pumcae","species","accepted","Bacteria","Mycobacteriaceae","LPSN",1
"B_MYCBC_SRVT","Mycobacterium servetii","species","accepted","Bacteria","Mycobacteriaceae","LPSN",1
"B_MYCBC_STLL","Mycobacterium stellerae","species","accepted","Bacteria","Mycobacteriaceae","LPSN",1
"B_MYCBC_TNYM","Mycobacterium toneyamaense","species","accepted","Bacteria","Mycobacteriaceae","LPSN",1
"B_MYCBC_VNYL","Mycobacterium vinylchloridicum","species","accepted","Bacteria","Mycobacteriaceae","LPSN",1
"B_MYCBC_WNDL","Mycobacterium wendilense","species","accepted","Bacteria","Mycobacteriaceae","LPSN",1
"B_MYCBC_XNTH","Mycobacterium xanthum","species","accepted","Bacteria","Mycobacteriaceae","LPSN",1
"B_NESSR_LEON","Neisseria leonii","species","accepted","Bacteria","Neisseriaceae","LPSN",1
"B_NESSR_SKKN","Neisseria skkuensis","species","accepted","Bacteria","Neisseriaceae","LPSN",1
"B_PROTS_APPN","Proteus appendicitidis","species","accepted","Bacteria","Morganellaceae","LPSN",1
"B_PROTS_SLMN","Proteus salmonicida","species","synonym","Bacteria","Morganellaceae","GBIF",1
"B_PRVDN_HNGZ","Providencia hangzhouensis","species","accepted","Bacteria","Morganellaceae","LPSN",1
"B_PRVDN_HSHN","Providencia huashanensis","species","accepted","Bacteria","Morganellaceae","LPSN",1
"B_PRVDN_LNZH","Providencia lanzhouensis","species","accepted","Bacteria","Morganellaceae","LPSN",1
"B_PRVDN_XNNS","Providencia xianensis","species","accepted","Bacteria","Morganellaceae","LPSN",1
"B_PRVDN_XHNS","Providencia xihuensis","species","accepted","Bacteria","Morganellaceae","LPSN",1
"B_PRVDN_ZHJN","Providencia zhejiangensis","species","accepted","Bacteria","Morganellaceae","LPSN",1
"B_PRVDN_GNSS","Providencia zhijiangensis","species","accepted","Bacteria","Morganellaceae","LPSN",1
"B_PSDMN_ABTC","Pseudomonas abieticivorans","species","accepted","Bacteria","Pseudomonadaceae","LPSN",1
"B_PSDMN_AESTV","Pseudomonas aestiva","species","accepted","Bacteria","Pseudomonadaceae","LPSN",1
"B_PSDMN_ALBM","Pseudomonas alabamensis","species","accepted","Bacteria","Pseudomonadaceae","LPSN",1
"B_PSDMN_ALGR","Pseudomonas algeriensis","species","accepted","Bacteria","Pseudomonadaceae","LPSN",1
"B_PSDMN_ANDRP","Pseudomonas andropogoni","species","synonym","Bacteria","Pseudomonadaceae","LPSN",1
"B_PSDMN_ARBN","Pseudomonas arabinosi","species","accepted","Bacteria","Pseudomonadaceae","LPSN",1
"B_PSDMN_ARVN","Pseudomonas arvensis","species","accepted","Bacteria","Pseudomonadaceae","LPSN",1
"B_PSDMN_ARTP","Pseudomonas auratipiscis","species","accepted","Bacteria","Pseudomonadaceae","LPSN",1
"B_PSDMN_BMBS","Pseudomonas bambusae","species","accepted","Bacteria","Pseudomonadaceae","LPSN",1
"B_PSDMN_BJNG","Pseudomonas beijingensis","species","accepted","Bacteria","Pseudomonadaceae","LPSN",1
"B_PSDMN_BRFL","Pseudomonas boreofloridensis","species","accepted","Bacteria","Pseudomonadaceae","LPSN",1
"B_PSDMN_CRSS","Pseudomonas carassii","species","accepted","Bacteria","Pseudomonadaceae","LPSN",1
"B_PSDMN_CHTC","Pseudomonas chaetocerotis","species","accepted","Bacteria","Pseudomonadaceae","LPSN",1
"B_PSDMN_CMRR","Pseudomonas cimarronensis","species","accepted","Bacteria","Pseudomonadaceae","LPSN",1
"B_PSDMN_RLLI","Pseudomonas citrulli","species","synonym","Bacteria","Pseudomonadaceae","LPSN",1
"B_PSDMN_CTRL","Pseudomonas citrullilanati","species","accepted","Bacteria","Pseudomonadaceae","LPSN",1
"B_PSDMN_ETRP","Pseudomonas eutrophicaquae","species","accepted","Bacteria","Pseudomonadaceae","LPSN",1
"B_PSDMN_FJRD","Pseudomonas fjordensis","species","accepted","Bacteria","Pseudomonadaceae","LPSN",1
"B_PSDMN_FRTT","Pseudomonas fortuita","species","accepted","Bacteria","Pseudomonadaceae","LPSN",1
"B_PSDMN_FRGR","Pseudomonas fragariae","species","accepted","Bacteria","Pseudomonadaceae","LPSN",1
"B_PSDMN_RGRS","Pseudomonas frigoris","species","accepted","Bacteria","Pseudomonadaceae","LPSN",1
"B_PSDMN_FNGP","Pseudomonas fungipugnans","species","accepted","Bacteria","Pseudomonadaceae","LPSN",1
"B_PSDMN_GRNN","Pseudomonas gorinensis","species","accepted","Bacteria","Pseudomonadaceae","LPSN",1
"B_PSDMN_RNSS","Pseudomonas grandcourensis","species","accepted","Bacteria","Pseudomonadaceae","LPSN",1
"B_PSDMN_HLVT","Pseudomonas helvetica","species","accepted","Bacteria","Pseudomonadaceae","LPSN",1
"B_PSDMN_HNGH","Pseudomonas huanghezhanensis","species","accepted","Bacteria","Pseudomonadaceae","LPSN",1
"B_PSDMN_HTMN","Pseudomonas hutmensis","species","accepted","Bacteria","Pseudomonadaceae","LPSN",1
"B_PSDMN_IMRA","Pseudomonas imrae","species","accepted","Bacteria","Pseudomonadaceae","LPSN",1
"B_PSDMN_JLNN","Pseudomonas jilinensis","species","accepted","Bacteria","Pseudomonadaceae","LPSN",1
"B_PSDMN_KRBB","Pseudomonas kribbensis","species","accepted","Bacteria","Pseudomonadaceae","LPSN",1
"B_PSDMN_LYXS","Pseudomonas lyxosi","species","accepted","Bacteria","Pseudomonadaceae","LPSN",1
"B_PSDMN_MCHN","Pseudomonas machongensis","species","accepted","Bacteria","Pseudomonadaceae","LPSN",1
"B_PSDMN_MRCN","Pseudomonas maioricensis","species","accepted","Bacteria","Pseudomonadaceae","LPSN",1
"B_PSDMN_MDCG","Pseudomonas medicaginis","species","accepted","Bacteria","Pseudomonadaceae","LPSN",1
"B_PSDMN_MNCH","Pseudomonas monachiensis","species","accepted","Bacteria","Pseudomonadaceae","LPSN",1
"B_PSDMN_NNHN","Pseudomonas nanhaiensis","species","accepted","Bacteria","Pseudomonadaceae","LPSN",1
"B_PSDMN_ONBN","Pseudomonas onubensis","species","accepted","Bacteria","Pseudomonadaceae","LPSN",1
"B_PSDMN_PNNS","Pseudomonas paeninsulae","species","accepted","Bacteria","Pseudomonadaceae","LPSN",1
"B_PSDMN_PRKR","Pseudomonas parakoreensis","species","accepted","Bacteria","Pseudomonadaceae","LPSN",1
"B_PSDMN_PRSCH","Pseudomonas parasichuanensis","species","accepted","Bacteria","Pseudomonadaceae","LPSN",1
"B_PSDMN_PHRY","Pseudomonas pharyngis","species","accepted","Bacteria","Pseudomonadaceae","LPSN",1
"B_PSDMN_PSDN","Pseudomonas pseudonitroreducens","species","accepted","Bacteria","Pseudomonadaceae","LPSN",1
"B_PSDMN_PRPR","Pseudomonas purpurea","species","accepted","Bacteria","Pseudomonadaceae","LPSN",1
"B_PSDMN_QNGD","Pseudomonas qingdaonensis","species","accepted","Bacteria","Pseudomonadaceae","LPSN",1
"B_PSDMN_RDTL","Pseudomonas radiotolerans","species","synonym","Bacteria","Pseudomonadaceae","LPSN",1
"B_PSDMN_RETM","Pseudomonas retamae","species","accepted","Bacteria","Pseudomonadaceae","LPSN",1
"B_PSDMN_RSSN","Pseudomonas rossensis","species","accepted","Bacteria","Pseudomonadaceae","LPSN",1
"B_PSDMN_SRBN","Pseudomonas serbiensis","species","accepted","Bacteria","Pseudomonadaceae","LPSN",1
"B_PSDMN_SHNS","Pseudomonas sihuiensis","species","accepted","Bacteria","Pseudomonadaceae","LPSN",1
"B_PSDMN_SPRT","Pseudomonas spartinae","species","accepted","Bacteria","Pseudomonadaceae","LPSN",1
"B_PSDMN_SPRD","Pseudomonas spirodelae","species","accepted","Bacteria","Pseudomonadaceae","LPSN",1
"B_PSDMN_SPUT","Pseudomonas sputi","species","accepted","Bacteria","Pseudomonadaceae","LPSN",1
"B_PSDMN_STGN","Pseudomonas stagnisoli","species","accepted","Bacteria","Pseudomonadaceae","LPSN",1
"B_PSDMN_SBFL","Pseudomonas subflava","species","accepted","Bacteria","Pseudomonadaceae","LPSN",1
"B_PSDMN_SVLB","Pseudomonas svalbardensis","species","accepted","Bacteria","Pseudomonadaceae","LPSN",1
"B_PSDMN_TLSI","Pseudomonas tolaasi","species","synonym","Bacteria","Pseudomonadaceae","LPSN",1
"B_PSDMN_TUMQ","Pseudomonas tumuqii","species","accepted","Bacteria","Pseudomonadaceae","LPSN",1
"B_PSDMN_TSSL","Pseudomonas tussilaginis","species","accepted","Bacteria","Pseudomonadaceae","LPSN",1
"B_PSDMN_ULCR","Pseudomonas ulcerans","species","accepted","Bacteria","Pseudomonadaceae","LPSN",1
"B_PSDMN_VSPR","Pseudomonas vesperimontis","species","accepted","Bacteria","Pseudomonadaceae","LPSN",1
"B_PSDMN_VRDN","Pseudomonas viridinivis","species","accepted","Bacteria","Pseudomonadaceae","LPSN",1
"B_PSDMN_WHNN","Pseudomonas wuhanensis","species","accepted","Bacteria","Pseudomonadaceae","LPSN",1
"B_SLMNL_MNSN","Salmonella mansoni","species","accepted","Bacteria","Enterobacteriaceae","GBIF",1
"B_SERRT_SRMN","Serratia sarumanii","species","accepted","Bacteria","Yersiniaceae","LPSN",1
"B_STPHY_CSRM","Staphylococcus caseorum","species","accepted","Bacteria","Staphylococcaceae","LPSN",1
"B_STPHY_DRMD","Staphylococcus dromedarii","species","accepted","Bacteria","Staphylococcaceae","LPSN",1
"B_STPHY_HLTL","Staphylococcus halotolerans","species","accepted","Bacteria","Staphylococcaceae","LPSN",1
"B_STPHY_HSNC","Staphylococcus hsinchuensis","species","accepted","Bacteria","Staphylococcaceae","LPSN",1
"B_STPHY_PRQR","Staphylococcus parequorum","species","accepted","Bacteria","Staphylococcaceae","LPSN",1
"B_STPHY_URSI","Staphylococcus ursi","species","accepted","Bacteria","Staphylococcaceae","LPSN",1
"B_STPHY_XERI","Staphylococcus xeri","species","accepted","Bacteria","Staphylococcaceae","LPSN",1
"B_STRPT_ADCN","Streptococcus adiacens","species","synonym","Bacteria","Streptococcaceae","LPSN",1
"B_STRPT_TPCA","Streptococcus atopica","species","synonym","Bacteria","Streptococcaceae","LPSN",1
"B_STRPT_ATPC","Streptococcus atopicus","species","accepted","Bacteria","Streptococcaceae","LPSN",1
"B_STRPT_BCHS","Streptococcus bouchesdurhonensis","species","accepted","Bacteria","Streptococcaceae","LPSN",1
"B_STRPT_BVSM","Streptococcus bovismuti","species","accepted","Bacteria","Streptococcaceae","LPSN",1
"B_STRPT_CHSNN","Streptococcus chosunensis","species","synonym","Bacteria","Streptococcaceae","LPSN",1
"B_STRPT_DNTLS","Streptococcus dentalis","species","accepted","Bacteria","Streptococcaceae","LPSN",1
"B_STRPT_FRMN","Streptococcus fermentans","species","accepted","Bacteria","Streptococcaceae","LPSN",1
"B_STRPT_GNGV","Streptococcus gingivalis","species","accepted","Bacteria","Streptococcaceae","LPSN",1
"B_STRPT_JNSS","Streptococcus gwangjuensis","species","synonym","Bacteria","Streptococcaceae","LPSN",1
"B_STRPT_HNDM","Streptococcus handemini","species","accepted","Bacteria","Streptococcaceae","LPSN",1
"B_STRPT_HPTC","Streptococcus hepaticus","species","accepted","Bacteria","Streptococcaceae","LPSN",1
"B_STRPT_HNGX","Streptococcus huangxiaojuni","species","accepted","Bacteria","Streptococcaceae","LPSN",1
"B_STRPT_HMNL","Streptococcus humanilactis","species","synonym","Bacteria","Streptococcaceae","LPSN",1
"B_STRPT_IMMB","Streptococcus immobilis","species","accepted","Bacteria","Streptococcaceae","LPSN",1
"B_STRPT_INRS","Streptococcus iners","species","accepted","Bacteria","Streptococcaceae","LPSN",1
"B_STRPT_INTST","Streptococcus intestinihominis","species","accepted","Bacteria","Streptococcaceae","LPSN",1
"B_STRPT_JNGJ","Streptococcus jiangjianxini","species","accepted","Bacteria","Streptococcaceae","LPSN",1
"B_STRPT_JNGN","Streptococcus jiangnanensis","species","accepted","Bacteria","Streptococcaceae","LPSN",1
"B_STRPT_LNGL","Streptococcus lingualis","species","accepted","Bacteria","Streptococcaceae","LPSN",1
"B_STRPT_MBLS","Streptococcus mobilis","species","accepted","Bacteria","Streptococcaceae","LPSN",1
"B_STRPT_NKNN","Streptococcus nakanoensis","species","synonym","Bacteria","Streptococcaceae","LPSN",1
"B_STRPT_NKNNN","Streptococcus nakanonensis","species","synonym","Bacteria","Streptococcaceae","LPSN",1
"B_STRPT_PRPN","Streptococcus parapneumoniae","species","synonym","Bacteria","Streptococcaceae","LPSN",1
"B_STRPT_PRSL","Streptococcus parasalivarius","species","accepted","Bacteria","Streptococcaceae","LPSN",1
"B_STRPT_RFFNS","Streptococcus raffinosi","species","accepted","Bacteria","Streptococcaceae","LPSN",1
"B_STRPT_SHNYN","Streptococcus shenyangensis","species","accepted","Bacteria","Streptococcaceae","LPSN",1
"B_STRPT_SVGN","Streptococcus suivaginalis","species","accepted","Bacteria","Streptococcaceae","LPSN",1
"B_STRPT_TNGP","Streptococcus tangpeifui","species","accepted","Bacteria","Streptococcaceae","LPSN",1
"B_STRPT_TANS","Streptococcus taonis","species","accepted","Bacteria","Streptococcaceae","LPSN",1
"B_STRPT_TYNN","Streptococcus taoyuanensis","species","accepted","Bacteria","Streptococcaceae","LPSN",1
"B_STRPT_VGNL","Streptococcus vaginalis","species","accepted","Bacteria","Streptococcaceae","LPSN",1
"B_STRPT_VLNR","Streptococcus vulneris","species","accepted","Bacteria","Streptococcaceae","LPSN",1
"B_STRPT_WXNS","Streptococcus wuxiensis","species","accepted","Bacteria","Streptococcaceae","LPSN",1
"B_YERSN_ANTR","Yersinia antarctica","species","accepted","Bacteria","Yersiniaceae","LPSN",1
"B_YERSN_FNWC","Yersinia fenwicki","species","accepted","Bacteria","Yersiniaceae","LPSN",1
"B_AKLMA","Alteristakelama","genus","accepted","Bacteria","Sphingomonadaceae","LPSN",1.15
"B_AQPSD","Aquipseudomonas","genus","synonym","Bacteria","Pseudomonadaceae","LPSN",1.15
"B_ECTPS","Ectopseudomonas","genus","synonym","Bacteria","Pseudomonadaceae","LPSN",1.15
"B_INDLV","Indolivaga","genus","synonym","Bacteria","Dysgonomonadaceae","LPSN",1.15
"B_LWFFL","Lwoffella","genus","synonym","Bacteria","Moraxellaceae","LPSN",1.15
"B_MTPSD","Metapseudomonas","genus","accepted","Bacteria","Pseudomonadaceae","LPSN",1.15
"AN_PRSCT","Prescottia","genus","accepted","Animalia","Cicadellidae","GBIF",1.15
"B_AMYCS_SRLI","Actinomyces israeli","species","synonym","Bacteria","Actinomycetaceae","LPSN",1.15
"B_AEDDP_IVOR","Aedoeadaptatus ivorii","species","synonym","Bacteria","Peptoniphilaceae","LPSN",1.15
"B_AKLMA_KRNS","Alteristakelama koreensis","species","synonym","Bacteria","Sphingomonadaceae","LPSN",1.15
"B_AQPSD_ALCL","Aquipseudomonas alcaligenes","species","synonym","Bacteria","Pseudomonadaceae","LPSN",1.15
"B_BCLLS_NCDA","Bacillus salmonicida","species","synonym","Bacteria","Bacillaceae","GBIF",1.15
"B_BCTRD_FRSYT","Bacteroides forsythius","species","synonym","Bacteria","Bacteroidaceae","LPSN",1.15
"B_BORRL_TTNI","Borrelia duttoni","species","synonym","Bacteria","Borreliaceae","LPSN",1.15
"B_BORRL_NITN","Borrelia nietonii","species","synonym","Bacteria","Borreliaceae","LPSN",1.15
"B_CNTPD_DIAN","Centipeda dianae","species","accepted","Bacteria","Selenomonadaceae","LPSN",1.15
"B_CSMNS_ORYZ","Chryseomonas oryzihabitans","species","synonym","Bacteria","Pseudomonadaceae","LPSN",1.15
"B_CRTBC_ARNT","Curtobacterium aurantiacum","species","synonym","Bacteria","Microbacteriaceae","LPSN",1.15
"B_ECTPS_MNDC","Ectopseudomonas mendocina","species","synonym","Bacteria","Pseudomonadaceae","LPSN",1.15
"B_ECTPS_OLVR","Ectopseudomonas oleovorans","species","synonym","Bacteria","Pseudomonadaceae","LPSN",1.15
"B_ECTPS_PSDL","Ectopseudomonas pseudoalcaligenes","species","synonym","Bacteria","Pseudomonadaceae","LPSN",1.15
"B_FACCL_ATLN","Faucicola atlantae","species","synonym","Bacteria","Moraxellaceae","LPSN",1.15
"B_FACCL_OSLN","Faucicola osloensis","species","synonym","Bacteria","Moraxellaceae","LPSN",1.15
"B_INDLV_CPNC","Indolivaga capnocytophagoides","species","synonym","Bacteria","Dysgonomonadaceae","LPSN",1.15
"B_LWFFL_LNCL","Lwoffella lincolnii","species","synonym","Bacteria","Moraxellaceae","LPSN",1.15
"B_MTPSD_OTTD","Metapseudomonas otitidis","species","synonym","Bacteria","Pseudomonadaceae","LPSN",1.15
"B_MRXLL_VRDC","Moraxella veridica","species","synonym","Bacteria","Moraxellaceae","LPSN",1.15
"F_ACHTM","Achaetomiella","genus","accepted","Fungi","Chaetomiaceae","MycoBank",1.25
"F_AHTMM","Achaetomium","genus","accepted","Fungi","Chaetomiaceae","MycoBank",1.25
"F_ACHRN","Achorion","genus","accepted","Fungi","Arthrodermataceae","MycoBank",1.25
"F_ACDMY","Acidomyces","genus","accepted","Fungi","Teratosphaeriaceae","MycoBank",1.25
"F_ACDTL","Acidotalaromyces","genus","accepted","Fungi","Trichocomaceae","MycoBank",1.25
"F_ACLDM","Acladium","genus","accepted","Fungi","Botryobasidiaceae","MycoBank",1.25
"F_ACRMNL","Acremoniella","genus","accepted","Fungi","","MycoBank",1.25
"F_AMNTS","Acremonites","genus","accepted","Fungi","","MycoBank",1.25
"F_ACRST","Acrostalagmus","genus","accepted","Fungi","Plectosphaerellaceae","MycoBank",1.25
"F_AHYLS","Acrostaphylus","genus","accepted","Fungi","Hypoxylaceae","GBIF",1.25
"F_ACTNC","Actinocephalum","genus","accepted","Fungi","Cunninghamellaceae","GBIF",1.25
"F_ACTNMR","Actinomortierella","genus","accepted","Fungi","Mortierellaceae","GBIF",1.25
"F_ACTON","Actonia","genus","accepted","Fungi","","MycoBank",1.25
"F_AHMDG","Ahmadiago","genus","accepted","Fungi","Ustilaginaceae","MycoBank",1.25
"F_ALBNC","Albonectria","genus","accepted","Fungi","Nectriaceae","MycoBank",1.25
"F_ALRSM","Aleurisma","genus","accepted","Fungi","Hypocreaceae","MycoBank",1.25
"F_AMPSS","Allantophomopsis","genus","accepted","Fungi","Phacidiaceae","MycoBank",1.25
"F_ALLXD","Alloexidiopsis","genus","accepted","Fungi","Auriculariaceae","GBIF",1.25
"F_ALLMS","Allomusicillium","genus","accepted","Fungi","Plectosphaerellaceae","MycoBank",1.25
"F_ALLNM","Allonema","genus","accepted","Fungi","","MycoBank",1.25
"F_ALLPHM","Allophoma","genus","accepted","Fungi","Didymellaceae","MycoBank",1.25
"F_ARSTR","Alternariaster","genus","accepted","Fungi","Leptosphaeriaceae","MycoBank",1.25
"F_ALYSD","Alysidium","genus","accepted","Fungi","Botryobasidiaceae","MycoBank",1.25
"F_ALYTS","Alytosporium","genus","accepted","Fungi","Pezizaceae","MycoBank",1.25
"F_AMBRSZ","Ambrosiozyma","genus","accepted","Fungi","Pichiaceae","MycoBank",1.25
"F_AMRDT","Amerodothis","genus","accepted","Fungi","Didymellaceae","GBIF",1.25
"F_AMESI","Amesia","genus","accepted","Fungi","Chaetomiaceae","GBIF",1.25
"F_AMNCL","Amniculicola","genus","accepted","Fungi","Amniculicolaceae","MycoBank",1.25
"F_AMRPHT","Amorphotheca","genus","accepted","Fungi","Amorphothecaceae","MycoBank",1.25
"F_AMPHCH","Amphichorda","genus","accepted","Fungi","Cordycipitaceae","MycoBank",1.25
"F_AMPHL","Amphilogia","genus","accepted","Fungi","Cryphonectriaceae","MycoBank",1.25
"F_AMPHT","Amphitrichum","genus","accepted","Fungi","","MycoBank",1.25
"F_ANGLL","Anguillospora","genus","accepted","Fungi","Amniculicolaceae","MycoBank",1.25
"F_ANSGR","Anisogramma","genus","accepted","Fungi","Gnomoniaceae","GBIF",1.25
"F_ANTHRSP","Antherospora","genus","accepted","Fungi","Floromycetaceae","MycoBank",1.25
"F_ARCDA","Anthracoidea","genus","accepted","Fungi","Anthracoideaceae","MycoBank",1.25
"F_APNDL","Apenidiella","genus","accepted","Fungi","Teratosphaeriaceae","MycoBank",1.25
"F_APHNC","Aphanocladium","genus","accepted","Fungi","Nectriaceae","MycoBank",1.25
"F_APHDM","Aphidomyces","genus","accepted","Fungi","","MycoBank",1.25
"F_APTRC","Apiotrichum","genus","accepted","Fungi","Trichosporonaceae","MycoBank",1.25
"F_APLSP","Aplosporella","genus","accepted","Fungi","Aplosporellaceae","GBIF",1.25
"F_APSPH","Aposphaeria","genus","accepted","Fungi","Melanommataceae","MycoBank",1.25
"F_ARCHNT","Arachniotus","genus","accepted","Fungi","Gymnoascaceae","GBIF",1.25
"F_ANCRA","Arachnocrea","genus","accepted","Fungi","Hypocreaceae","MycoBank",1.25
"F_ARCHNM","Arachnomyces","genus","accepted","Fungi","Arachnomycetaceae","MycoBank",1.25
"F_ARDHC","Ardhachandra","genus","accepted","Fungi","Herpotrichiellaceae","MycoBank",1.25
"F_ARSCS","Arthroascus","genus","accepted","Fungi","Saccharomycopsidaceae","MycoBank",1.25
"F_ARPHS","Arthrographis","genus","accepted","Fungi","Eremomycetaceae","MycoBank",1.25
"F_ARXZY","Arxiozyma","genus","accepted","Fungi","Saccharomycetaceae","MycoBank",1.25
"F_ARXTR","Arxotrichum","genus","accepted","Fungi","Chaetomiaceae","MycoBank",1.25
"AN_ASCRS","Ascaris","genus","accepted","Animalia","Ascarididae","GBIF",1.25
"F_ASCHR","Aschersonia","genus","accepted","Fungi","Clavicipitaceae","MycoBank",1.25
"F_ASCDM","Ascidium","genus","accepted","Fungi","Thelotremataceae","MycoBank",1.25
"F_ACLYX","Ascocalyx","genus","accepted","Fungi","Godroniaceae","MycoBank",1.25
"F_APHRA","Ascophora","genus","accepted","Fungi","Mucoraceae","MycoBank",1.25
"F_ASCSPR","Ascospirella","genus","accepted","Fungi","Trichocomaceae","MycoBank",1.25
"F_ASCTR","Ascotricha","genus","accepted","Fungi","Xylariaceae","MycoBank",1.25
"F_ASPRGL","Aspergillago","genus","accepted","Fungi","Aspergillaceae","MycoBank",1.25
"F_ASTRPH","Asterophora","genus","accepted","Fungi","Lyophyllaceae","MycoBank",1.25
"F_ATHEL","Athelia","genus","accepted","Fungi","Atheliaceae","MycoBank",1.25
"F_ATRCH","Atrichophyton","genus","accepted","Fungi","Onygenaceae","GBIF",1.25
"F_ARNTS","Aurantiosporium","genus","accepted","Fungi","Ustilentylomataceae","MycoBank",1.25
"F_ARCLRP","Auriculariopsis","genus","accepted","Fungi","Schizophyllaceae","MycoBank",1.25
"F_ASTRLZ","Australozyma","genus","accepted","Fungi","Metschnikowiaceae","MycoBank",1.25
"F_AXRTH","Auxarthron","genus","accepted","Fungi","Onygenaceae","GBIF",1.25
"F_AZYGS","Azygosporus","genus","accepted","Fungi","Conidiobolaceae","MycoBank",1.25
"C_BABES","Babesia","genus","accepted","Chromista","Babesiidae","GBIF",1.25
"F_BCHMN","Bachmanniomyces","genus","accepted","Fungi","","MycoBank",1.25
"F_BCKSL","Backusella","genus","accepted","Fungi","Backusellaceae","MycoBank",1.25
"P_BLMTH","Balamuthia","genus","accepted","Protozoa","Balamuthiidae","GBIF",1.25
"F_BLLST","Ballistosporomyces","genus","accepted","Fungi","Chionosphaeraceae","MycoBank",1.25
"F_BMBSM","Bambusiomyces","genus","accepted","Fungi","Ustilaginaceae","MycoBank",1.25
"F_BANDN","Bandonia","genus","accepted","Fungi","Tetragoniomycetaceae","MycoBank",1.25
"F_BANNO","Bannoa","genus","accepted","Fungi","Erythrobasidiaceae","MycoBank",1.25
"F_BNNZY","Bannozyma","genus","accepted","Fungi","Chrysozymaceae","MycoBank",1.25
"F_BSPTS","Basipetospora","genus","accepted","Fungi","Monascaceae","GBIF",1.25
"F_BAURG","Bauerago","genus","accepted","Fungi","Microbotryaceae","MycoBank",1.25
"F_BJDWY","Beejadwaya","genus","accepted","Fungi","","MycoBank",1.25
"F_BNWSK","Beniowskia","genus","accepted","Fungi","","MycoBank",1.25
"F_BNJMN","Benjaminiella","genus","accepted","Fungi","Mycotyphaceae","MycoBank",1.25
"F_BNSNG","Bensingtonia","genus","accepted","Fungi","Kondoaceae","MycoBank",1.25
"F_BTTLM","Bettiolomyces","genus","accepted","Fungi","Clavicipitaceae","MycoBank",1.25
"F_BETTS","Bettsia","genus","accepted","Fungi","Ascosphaeraceae","MycoBank",1.25
"F_BTNCS","Bitunicostilbe","genus","accepted","Fungi","","MycoBank",1.25
"F_BLSTDN","Blastodendrion","genus","accepted","Fungi","","MycoBank",1.25
"F_BLNNR","Blennoria","genus","accepted","Fungi","","MycoBank",1.25
"F_BODIN","Bodinia","genus","accepted","Fungi","Arthrodermataceae","MycoBank",1.25
"F_BMMRL","Bommerella","genus","accepted","Fungi","Chaetomiaceae","MycoBank",1.25
"F_BTRYDP","Botryodiplodia","genus","accepted","Fungi","","MycoBank",1.25
"F_BTRYP","Botryophoma","genus","accepted","Fungi","Botryosphaeriaceae","MycoBank",1.25
"F_BRCHM","Botryotrichum","genus","accepted","Fungi","Chaetomiaceae","MycoBank",1.25
"F_BRCHYC","Brachychaeta","genus","accepted","Fungi","Chaetomiaceae","MycoBank",1.25
"F_BCLDM","Brachycladium","genus","accepted","Fungi","Pleosporaceae","MycoBank",1.25
"F_BRCHYS","Brachysporium","genus","accepted","Fungi","Trichosphaeriaceae","MycoBank",1.25
"F_BRTTN","Brettanomyces","genus","accepted","Fungi","Pichiaceae","MycoBank",1.25
"F_BRVST","Brevistachys","genus","accepted","Fungi","Stachybotryaceae","MycoBank",1.25
"F_BRNCP","Briancoppinsia","genus","accepted","Fungi","Arthoniaceae","MycoBank",1.25
"AN_BRUGI","Brugia","genus","accepted","Animalia","Onchocercidae","GBIF",1.25
"F_BRNNC","Brunneochlamydosporium","genus","accepted","Fungi","Trichosphaeriaceae","MycoBank",1.25
"F_BRNNMY","Brunneomyces","genus","accepted","Fungi","Trichosphaeriaceae","MycoBank",1.25
"F_BRYCN","Bryocentria","genus","accepted","Fungi","Bionectriaceae","MycoBank",1.25
"F_BRYNC","Bryonectria","genus","accepted","Fungi","Bionectriaceae","MycoBank",1.25
"F_BRYTR","Bryotria","genus","accepted","Fungi","Bionectriaceae","MycoBank",1.25
"F_BLBTH","Bulbithecium","genus","accepted","Fungi","Bionectriaceae","MycoBank",1.25
"F_BLLRA","Bullera","genus","accepted","Fungi","Bulleraceae","GBIF",1.25
"F_BTLBE","Byssostilbe","genus","accepted","Fungi","Clavicipitaceae","MycoBank",1.25
"F_CDPHR","Cadophora","genus","accepted","Fungi","Ploettnerulaceae","MycoBank",1.25
"F_CAEOM","Caeoma","genus","accepted","Fungi","Pucciniaceae","GBIF",1.25
"F_CRLMY","Caeruleomyces","genus","accepted","Fungi","","GBIF",1.25
"F_CLCRS","Calcarisporium","genus","accepted","Fungi","Calcarisporiaceae","MycoBank",1.25
"F_CALLR","Calloria","genus","accepted","Fungi","Calloriaceae","MycoBank",1.25
"F_CLNCT","Calonectria","genus","accepted","Fungi","Nectriaceae","MycoBank",1.25
"F_CLSTLB","Calostilbe","genus","accepted","Fungi","Nectriaceae","MycoBank",1.25
"F_CMRSP","Camarosporium","genus","accepted","Fungi","Camarosporiaceae","MycoBank",1.25
"F_CMRSPR","Camarosporomyces","genus","accepted","Fungi","Camarosporiaceae","MycoBank",1.25
"F_CNDDZ","Candidozyma","genus","accepted","Fungi","Metschnikowiaceae","MycoBank",1.25
"F_CAPRN","Capronia","genus","accepted","Fungi","Herpotrichiellaceae","MycoBank",1.25
"F_CTNLF","Catenulifera","genus","accepted","Fungi","Hyphodiscaceae","MycoBank",1.25
"F_CPHLSP","Cephalosporium","genus","accepted","Fungi","Plectosphaerellaceae","MycoBank",1.25
"F_CPHLT","Cephalotrichum","genus","accepted","Fungi","Microascaceae","MycoBank",1.25
"F_CRCSPT","Cercoseptoria","genus","accepted","Fungi","Mycosphaerellaceae","MycoBank",1.25
"F_CRCSPRL","Cercosporella","genus","accepted","Fungi","Mycosphaerellaceae","MycoBank",1.25
"F_CRNST","Cerinosterus","genus","accepted","Fungi","Dacrymycetaceae","MycoBank",1.25
"F_CHTSB","Chaetasbolisia","genus","accepted","Fungi","Didymellaceae","MycoBank",1.25
"F_CHTMD","Chaetomidium","genus","accepted","Fungi","Chaetomiaceae","GBIF",1.25
"F_CHTPS","Chaetopsina","genus","accepted","Fungi","Nectriaceae","MycoBank",1.25
"F_CRNMA","Chaetosphaeronema","genus","accepted","Fungi","Phaeosphaeriaceae","MycoBank",1.25
"F_CHLST","Chalastospora","genus","accepted","Fungi","Pleosporaceae","GBIF",1.25
"F_CHNYP","Chionyphe","genus","accepted","Fungi","Mucoraceae","MycoBank",1.25
"F_CHLMYDB","Chlamydoabsidia","genus","accepted","Fungi","Cunninghamellaceae","MycoBank",1.25
"F_CCLLM","Chlamydocillium","genus","accepted","Fungi","Sarocladiaceae","MycoBank",1.25
"F_CHLRD","Chloridium","genus","accepted","Fungi","Chaetosphaeriaceae","MycoBank",1.25
"F_CHLRC","Chlorocillium","genus","accepted","Fungi","","MycoBank",1.25
"F_CHRML","Chromelosporiopsis","genus","accepted","Fungi","Pezizaceae","MycoBank",1.25
"F_CHRMLS","Chromelosporium","genus","accepted","Fungi","Pezizaceae","MycoBank",1.25
"F_CHRYSN","Chrysanthotrichum","genus","accepted","Fungi","Chaetomiaceae","MycoBank",1.25
"F_CCRNA","Chrysocorona","genus","accepted","Fungi","Chaetomiaceae","MycoBank",1.25
"F_CGLTN","Chrysogluten","genus","accepted","Fungi","Nectriaceae","MycoBank",1.25
"F_CHRYSZ","Chrysozyma","genus","accepted","Fungi","Chrysozymaceae","MycoBank",1.25
"F_CLMYC","Ciliomyces","genus","accepted","Fungi","Paranectriaceae","MycoBank",1.25
"F_CNNMM","Cinnamomeonectria","genus","accepted","Fungi","Nectriaceae","MycoBank",1.25
"F_CNTRCT","Cintractiella","genus","accepted","Fungi","Cintractiellaceae","MycoBank",1.25
"F_CVSBR","Civisubramaniania","genus","accepted","Fungi","","MycoBank",1.25
"F_CLDGR","Cladographium","genus","accepted","Fungi","","MycoBank",1.25
"F_CLDRR","Cladorrhinum","genus","accepted","Fungi","Podosporaceae","GBIF",1.25
"F_CLSTP","Cleistophoma","genus","accepted","Fungi","","MycoBank",1.25
"F_CLNCN","Clinoconidium","genus","accepted","Fungi","Cryptobasidiaceae","MycoBank",1.25
"F_CLNTN","Clintoniella","genus","accepted","Fungi","Hypocreaceae","MycoBank",1.25
"F_CLSSP","Clisosporium","genus","unknown","Fungi","Leptosphaeriaceae","manually added",1.25
"AN_CLNRC","Clonorchis","genus","accepted","Animalia","Opisthorchiidae","GBIF",1.25
"F_CLYPP","Clypeoporthe","genus","accepted","Fungi","Gnomoniaceae","GBIF",1.25
"F_CCHLB","Cochliobolus","genus","accepted","Fungi","Pleosporaceae","MycoBank",1.25
"F_CLCGL","Colacogloea","genus","accepted","Fungi","Colacogloeaceae","MycoBank",1.25
"F_CPHMA","Coleophoma","genus","accepted","Fungi","Dermateaceae","MycoBank",1.25
"F_CLLRL","Collariella","genus","accepted","Fungi","Chaetomiaceae","MycoBank",1.25
"F_CMMLN","Commelinaceomyces","genus","accepted","Fungi","Clavicipitaceae","MycoBank",1.25
"F_CMCLT","Comoclathris","genus","accepted","Fungi","Pleosporaceae","MycoBank",1.25
"F_CNFRV","Conferva","genus","accepted","Fungi","","MycoBank",1.25
"F_CNDSP","Conidiosporomyces","genus","accepted","Fungi","Tilletiaceae","MycoBank",1.25
"F_CONLL","Coniella","genus","accepted","Fungi","Schizoparmaceae","MycoBank",1.25
"F_CNCSS","Coniocessia","genus","accepted","Fungi","Coniocessiaceae","MycoBank",1.25
"F_CONCYB","Coniocybe","genus","accepted","Fungi","Coniocybaceae","MycoBank",1.25
"F_CNLRL","Coniolariella","genus","accepted","Fungi","Xylariaceae","MycoBank",1.25
"F_CNSPR","Coniosporium","genus","accepted","Fungi","Coniosporiaceae","MycoBank",1.25
"F_CNTHYR","Coniothyrium","genus","accepted","Fungi","Coniothyriaceae","MycoBank",1.25
"F_CONPL","Conoplea","genus","accepted","Fungi","Sarcosomataceae","MycoBank",1.25
"F_CRLLMY","Corallomycetella","genus","accepted","Fungi","Nectriaceae","MycoBank",1.25
"F_CRLLN","Corallonectria","genus","accepted","Fungi","Nectriaceae","MycoBank",1.25
"F_CRMLL","Coremiella","genus","accepted","Fungi","","MycoBank",1.25
"F_CRNCT","Corinectria","genus","accepted","Fungi","Nectriaceae","MycoBank",1.25
"F_CRNCLN","Corniculantispora","genus","accepted","Fungi","Cordycipitaceae","MycoBank",1.25
"F_CORLLM","Corollium","genus","accepted","Fungi","Trichocomaceae","MycoBank",1.25
"F_CRYNL","Corynelia","genus","accepted","Fungi","Coryneliaceae","GBIF",1.25
"F_CSMSPR","Cosmospora","genus","accepted","Fungi","Nectriaceae","MycoBank",1.25
"F_CSTNT","Costantinella","genus","accepted","Fungi","Morchellaceae","MycoBank",1.25
"F_CCTRA","Creonectria","genus","accepted","Fungi","Nectriaceae","MycoBank",1.25
"F_CRNTM","Crinitomyces","genus","accepted","Fungi","Trichomonascaceae","MycoBank",1.25
"C_CSTDM","Cryptocystidium","genus","synonym","Chromista","Cryptosporidiidae","GBIF",1.25
"F_CTNMY","Ctenomyces","genus","accepted","Fungi","Arthrodermataceae","MycoBank",1.25
"F_CCRBT","Cucurbitaria","genus","accepted","Fungi","Cucurbitariaceae","GBIF",1.25
"F_CMLPH","Cumuliphoma","genus","accepted","Fungi","Didymellaceae","MycoBank",1.25
"F_CRVBS","Curvibasidium","genus","accepted","Fungi","","MycoBank",1.25
"C_CYCLS","Cyclospora","genus","accepted","Chromista","Eimeriidae","GBIF",1.25
"F_CYLNDRC","Cylindricascospora","genus","accepted","Fungi","Saccharomycetaceae","MycoBank",1.25
"F_CCRPN","Cylindrocarpon","genus","accepted","Fungi","Nectriaceae","MycoBank",1.25
"F_CDNDRM","Cylindrodendrum","genus","accepted","Fungi","Nectriaceae","MycoBank",1.25
"F_CYNCL","Cyniclomyces","genus","accepted","Fungi","Saccharomycetaceae","MycoBank",1.25
"F_CLPHRA","Cyphellophora","genus","accepted","Fungi","Cyphellophoraceae","MycoBank",1.25
"F_CYSTB","Cystobasidiopsis","genus","accepted","Fungi","Chionosphaeraceae","MycoBank",1.25
"F_CYSTBS","Cystobasidium","genus","accepted","Fungi","Cystobasidiaceae","MycoBank",1.25
"F_DCTYL","Dactylaria","genus","accepted","Fungi","","MycoBank",1.25
"F_DANIL","Danielia","genus","accepted","Fungi","Metschnikowiaceae","MycoBank",1.25
"F_DARKR","Darkera","genus","accepted","Fungi","Phacidiaceae","MycoBank",1.25
"F_DEMTM","Dematium","genus","accepted","Fungi","","MycoBank",1.25
"F_DDCHM","Dendrodochium","genus","accepted","Fungi","Bionectriaceae","MycoBank",1.25
"F_DNDRPH","Dendrophoma","genus","accepted","Fungi","Chaetosphaeriaceae","MycoBank",1.25
"F_DNDRST","Dendrostilbella","genus","accepted","Fungi","Tympanidaceae","MycoBank",1.25
"F_DNDRY","Dendryphiella","genus","accepted","Fungi","Dictyosporiaceae","MycoBank",1.25
"F_DYPHN","Dendryphion","genus","accepted","Fungi","Torulaceae","GBIF",1.25
"F_DNTCL","Denticularia","genus","accepted","Fungi","","MycoBank",1.25
"F_DEVRS","Devriesia","genus","accepted","Fungi","Teratosphaeriaceae","MycoBank",1.25
"F_DHPSS","Diaporthopsis","genus","accepted","Fungi","Diaporthaceae","GBIF",1.25
"F_DCHTM","Dichotomocladium","genus","accepted","Fungi","Lichtheimiaceae","GBIF",1.25
"F_DMPLS","Dichotomopilus","genus","accepted","Fungi","Chaetomiaceae","MycoBank",1.25
"F_DCCCM","Dicoccum","genus","accepted","Fungi","","MycoBank",1.25
"F_DICYM","Dicyma","genus","accepted","Fungi","Xylariaceae","MycoBank",1.25
"F_DDDNS","Diddensiella","genus","accepted","Fungi","Trichomonascaceae","MycoBank",1.25
"F_DDYMC","Didymocyrtis","genus","accepted","Fungi","Phaeosphaeriaceae","MycoBank",1.25
"F_DDRCH","Diederichomyces","genus","accepted","Fungi","Phaeosphaeriaceae","GBIF",1.25
"F_DMNNZ","Dimennazyma","genus","accepted","Fungi","Naemateliaceae","GBIF",1.25
"F_DMRSPR","Dimerosporiella","genus","accepted","Fungi","Bionectriaceae","MycoBank",1.25
"F_DMRPH","Dimorphoma","genus","accepted","Fungi","Didymellaceae","MycoBank",1.25
"F_DNMSP","Dinemasporium","genus","accepted","Fungi","Chaetosphaeriaceae","MycoBank",1.25
"F_DISZG","Dioszegia","genus","accepted","Fungi","Bulleribasidiaceae","MycoBank",1.25
"F_DPLPL","Diploplenodomopsis","genus","accepted","Fungi","Gnomoniaceae","GBIF",1.25
"F_DNDMS","Diploplenodomus","genus","accepted","Fungi","","MycoBank",1.25
"F_DPHMA","Diplosclerophoma","genus","accepted","Fungi","Gnomoniaceae","MycoBank",1.25
"F_DSCHL","Dischloridium","genus","accepted","Fungi","Chaetosphaeriaceae","MycoBank",1.25
"F_DSCNL","Discinella","genus","accepted","Fungi","Discinellaceae","MycoBank",1.25
"F_DSCMY","Discomyces","genus","accepted","Fungi","","MycoBank",1.25
"F_DSCSPR","Discosporium","genus","accepted","Fungi","Gnomoniaceae","GBIF",1.25
"F_DSPRT","Disporotrichum","genus","accepted","Fungi","","MycoBank",1.25
"F_DSSPH","Dissophora","genus","accepted","Fungi","Mortierellaceae","MycoBank",1.25
"F_DSTMY","Distomycovellosiella","genus","accepted","Fungi","Mycosphaerellaceae","MycoBank",1.25
"F_DTNGM","Ditangium","genus","accepted","Fungi","Sebacinaceae","MycoBank",1.25
"F_DTPLL","Ditopella","genus","accepted","Fungi","Gnomoniaceae","GBIF",1.25
"F_DIUTN","Diutina","genus","accepted","Fungi","Debaryomycetaceae","MycoBank",1.25
"F_DRTMY","Doratomyces","genus","accepted","Fungi","Microascaceae","GBIF",1.25
"F_DTHCH","Dothichiza","genus","accepted","Fungi","Dothioraceae","GBIF",1.25
"F_DTHDL","Dothidella","genus","accepted","Fungi","Polystomellaceae","MycoBank",1.25
"F_DTHRL","Dothiorella","genus","accepted","Fungi","Botryosphaeriaceae","MycoBank",1.25
"F_DRCHM","Drechmeria","genus","accepted","Fungi","Ophiocordycipitaceae","MycoBank",1.25
"F_DRCHS","Drechslera","genus","accepted","Fungi","Pleosporaceae","MycoBank",1.25
"F_DCTFR","Ductifera","genus","accepted","Fungi","","GBIF",1.25
"F_EBLLS","Eballistra","genus","accepted","Fungi","Eballistraceae","MycoBank",1.25
"AN_ECHNC","Echinococcus","genus","accepted","Animalia","Taeniidae","GBIF",1.25
"F_ECTDD","Ectodidymella","genus","accepted","Fungi","Didymellaceae","MycoBank",1.25
"F_EFFST","Effuseotrichosporon","genus","accepted","Fungi","Trichosporonaceae","MycoBank",1.25
"F_EFBLB","Efibulobasidium","genus","accepted","Fungi","Sebacinaceae","MycoBank",1.25
"F_ELSIN","Elsinoe","genus","accepted","Fungi","Elsinoaceae","MycoBank",1.25
"F_EMBLL","Embellisia","genus","accepted","Fungi","Pleosporaceae","MycoBank",1.25
"F_EMRGM","Emergomyces","genus","accepted","Fungi","Ajellomycetaceae","MycoBank",1.25
"F_ELPSS","Emericellopsis","genus","accepted","Fungi","Bionectriaceae","MycoBank",1.25
"F_EMMNS","Emmonsia","genus","accepted","Fungi","Ajellomycetaceae","MycoBank",1.25
"F_ENDOGN","Endogone","genus","accepted","Fungi","Endogonaceae","GBIF",1.25
"F_ENDTH","Endothia","genus","accepted","Fungi","Melogrammataceae","GBIF",1.25
"F_ELSPS","Endothlaspis","genus","accepted","Fungi","Ustilaginaceae","MycoBank",1.25
"F_ENGYD","Engyodontium","genus","accepted","Fungi","Cordycipitaceae","MycoBank",1.25
"F_ENTMM","Entimomentora","genus","accepted","Fungi","Pleuroascaceae","MycoBank",1.25
"F_ENTMP","Entomophaga","genus","accepted","Fungi","Entomophthoraceae","MycoBank",1.25
"F_ETHRA","Entomophthora","genus","accepted","Fungi","Entomophthoraceae","MycoBank",1.25
"F_ENTMR","Entomortierella","genus","accepted","Fungi","Mortierellaceae","MycoBank",1.25
"F_ENTRRH","Entorrhiza","genus","accepted","Fungi","Entorrhizaceae","MycoBank",1.25
"F_EPBRY","Epibryon","genus","accepted","Fungi","Epibryaceae","MycoBank",1.25
"F_EPCHL","Epichloe","genus","accepted","Fungi","Clavicipitaceae","MycoBank",1.25
"F_ERCLG","Eriocaulago","genus","accepted","Fungi","Ustilaginaceae","MycoBank",1.25
"F_ERMSZ","Eriomoeszia","genus","accepted","Fungi","Ustilaginaceae","GBIF",1.25
"F_ERSTR","Erostrotheca","genus","accepted","Fungi","Ceratostomataceae","GBIF",1.25
"F_ERYTHR","Erythrobasidium","genus","accepted","Fungi","Erythrobasidiaceae","MycoBank",1.25
"F_EDRLC","Eudarluca","genus","accepted","Fungi","Phaeosphaeriaceae","MycoBank",1.25
"F_EPNCL","Eupenicillium","genus","accepted","Fungi","Trichocomaceae","MycoBank",1.25
"F_EURTM","Eurotium","genus","accepted","Fungi","Aspergillaceae","MycoBank",1.25
"F_EUTRL","Eutorula","genus","accepted","Fungi","","MycoBank",1.25
"F_EVNSS","Evansstolkia","genus","accepted","Fungi","Trichocomaceae","MycoBank",1.25
"F_EXCPL","Excipula","genus","accepted","Fungi","Ploettnerulaceae","GBIF",1.25
"F_ESPRM","Exosporium","genus","accepted","Fungi","Mycosphaerellaceae","MycoBank",1.25
"F_EXTLS","Exoteliospora","genus","accepted","Fungi","Melanotaeniaceae","MycoBank",1.25
"F_FARMN","Fairmania","genus","accepted","Fungi","Microascaceae","MycoBank",1.25
"F_FARNR","Farinaria","genus","accepted","Fungi","Ustilaginaceae","MycoBank",1.25
"F_FARYS","Farysia","genus","accepted","Fungi","Anthracoideaceae","MycoBank",1.25
"F_FRYSP","Farysporium","genus","accepted","Fungi","Anthracoideaceae","MycoBank",1.25
"AN_FSCLP","Fasciolopsis","genus","accepted","Animalia","Fasciolidae","GBIF",1.25
"F_FVTRC","Favotrichophyton","genus","accepted","Fungi","Arthrodermataceae","MycoBank",1.25
"F_FLLZY","Fellozyma","genus","accepted","Fungi","Chrysozymaceae","MycoBank",1.25
"F_FMSJN","Femsjonia","genus","accepted","Fungi","Dacrymycetaceae","MycoBank",1.25
"F_FLMMC","Flammocladiella","genus","accepted","Fungi","Flammocladiellaceae","MycoBank",1.25
"F_FLPHM","Foliophoma","genus","accepted","Fungi","Coniothyriaceae","MycoBank",1.25
"F_FNSCZ","Fonsecazyma","genus","accepted","Fungi","Bulleraceae","MycoBank",1.25
"F_FVSTR","Foveostroma","genus","accepted","Fungi","","MycoBank",1.25
"F_FRNZP","Franzpetrakia","genus","accepted","Fungi","Ustilaginaceae","MycoBank",1.25
"F_FULVI","Fulvia","genus","accepted","Fungi","Mycosphaerellaceae","MycoBank",1.25
"F_FUMAG","Fumago","genus","accepted","Fungi","","MycoBank",1.25
"F_FRCST","Furcasterigmium","genus","accepted","Fungi","Trichosphaeriaceae","MycoBank",1.25
"F_FSRLL","Fusariella","genus","accepted","Fungi","Bionectriaceae","MycoBank",1.25
"F_FSCCC","Fusicoccum","genus","accepted","Fungi","Botryosphaeriaceae","MycoBank",1.25
"F_FSCLL","Fusicolla","genus","accepted","Fungi","Nectriaceae","MycoBank",1.25
"F_FSSPR","Fusisporium","genus","accepted","Fungi","Nectriaceae","MycoBank",1.25
"F_GBLDN","Gabaldonia","genus","accepted","Fungi","Metschnikowiaceae","MycoBank",1.25
"F_GMNNM","Gaeumannomyces","genus","accepted","Fungi","Magnaporthaceae","MycoBank",1.25
"F_GLLRD","Gaillardinia","genus","accepted","Fungi","Metschnikowiaceae","MycoBank",1.25
"F_GLCTM","Galactomyces","genus","accepted","Fungi","Dipodascaceae","MycoBank",1.25
"F_GMSLL","Gamsiella","genus","accepted","Fungi","Mortierellaceae","MycoBank",1.25
"F_GMSZR","Gamszarea","genus","accepted","Fungi","Cordycipitaceae","MycoBank",1.25
"F_GJYSS","Geejayessia","genus","accepted","Fungi","Nectriaceae","MycoBank",1.25
"F_GLTNP","Gelatinopsis","genus","accepted","Fungi","Helicogoniaceae","MycoBank",1.25
"F_GLDTR","Gelidatrema","genus","accepted","Fungi","Phaeotremellaceae","MycoBank",1.25
"F_GNCLS","Geniculosporium","genus","accepted","Fungi","Xylariaceae","MycoBank",1.25
"F_GNLVR","Genolevuria","genus","accepted","Fungi","Bulleraceae","MycoBank",1.25
"F_GHYPH","Geohypha","genus","accepted","Fungi","","MycoBank",1.25
"F_GSMTH","Geosmithia","genus","accepted","Fungi","Bionectriaceae","MycoBank",1.25
"F_GRLJC","Gerulajacta","genus","accepted","Fungi","","MycoBank",1.25
"F_GBBRD","Gibberidea","genus","accepted","Fungi","Botryosphaeriaceae","GBIF",1.25
"F_GLCLD","Gliocladium","genus","accepted","Fungi","Hypocreaceae","MycoBank",1.25
"F_GLMST","Gliomastix","genus","accepted","Fungi","Bionectriaceae","MycoBank",1.25
"F_GLBBT","Globobotrys","genus","accepted","Fungi","Stachybotryaceae","MycoBank",1.25
"F_GLBLS","Globulisebacina","genus","accepted","Fungi","Sebacinaceae","MycoBank",1.25
"F_GLSPRM","Gloeosporium","genus","accepted","Fungi","Dermateaceae","MycoBank",1.25
"F_GNGRN","Gongronella","genus","accepted","Fungi","Cunninghamellaceae","MycoBank",1.25
"F_GRCLS","Gracilistilbella","genus","accepted","Fungi","Bionectriaceae","MycoBank",1.25
"F_GRMNP","Graminopassalora","genus","accepted","Fungi","Mycosphaerellaceae","MycoBank",1.25
"F_GRPHL","Graphilbum","genus","accepted","Fungi","Ophiostomataceae","GBIF",1.25
"F_GRPHP","Graphiopsis","genus","accepted","Fungi","Cladosporiaceae","MycoBank",1.25
"F_GRPHT","Graphiothecium","genus","accepted","Fungi","","MycoBank",1.25
"F_GRENR","Greeneria","genus","accepted","Fungi","Melanconiellaceae","MycoBank",1.25
"F_GRNWL","Groenewaldozyma","genus","accepted","Fungi","Trichomonascaceae","MycoBank",1.25
"F_GRSMN","Grosmannia","genus","accepted","Fungi","Ceratocystidaceae","GBIF",1.25
"F_GRBYL","Grubyella","genus","accepted","Fungi","Arthrodermataceae","MycoBank",1.25
"F_GRYGN","Gryganskiella","genus","accepted","Fungi","Mortierellaceae","MycoBank",1.25
"F_GYMNSC","Gymnascella","genus","accepted","Fungi","Gymnoascaceae","MycoBank",1.25
"F_HGLRZ","Haglerozyma","genus","accepted","Fungi","Trichosporonaceae","MycoBank",1.25
"F_HAMMT","Hamamotoa","genus","accepted","Fungi","Chrysozymaceae","MycoBank",1.25
"F_HAMGR","Hamigera","genus","accepted","Fungi","Aspergillaceae","MycoBank",1.25
"F_HNSNS","Hanseniaspora","genus","accepted","Fungi","Saccharomycodaceae","GBIF",1.25
"F_HNSFRD","Hansfordia","genus","accepted","Fungi","Xylariaceae","MycoBank",1.25
"F_HPLTR","Haplotrichum","genus","accepted","Fungi","Botryobasidiaceae","MycoBank",1.25
"F_HPSDS","Hapsidospora","genus","accepted","Fungi","Cephalothecaceae","MycoBank",1.25
"F_HPTSP","Haptospora","genus","accepted","Fungi","","MycoBank",1.25
"F_HASGW","Hasegawaea","genus","accepted","Fungi","Schizosaccharomycetaceae","GBIF",1.25
"F_HSGWZ","Hasegawazyma","genus","accepted","Fungi","","MycoBank",1.25
"F_HWKSWR","Hawksworthiomyces","genus","accepted","Fungi","Ophiostomataceae","MycoBank",1.25
"F_HLNZY","Helenozyma","genus","accepted","Fungi","Metschnikowiaceae","MycoBank",1.25
"F_HELHN","Helhonia","genus","accepted","Fungi","","MycoBank",1.25
"F_HLCST","Helicostylum","genus","accepted","Fungi","Thamnidiaceae","MycoBank",1.25
"F_HLMNT","Helminthosphaeria","genus","accepted","Fungi","Helminthosphaeriaceae","GBIF",1.25
"F_HLMNTH","Helminthosporium","genus","accepted","Fungi","Massarinaceae","MycoBank",1.25
"F_HLSTR","Helostroma","genus","accepted","Fungi","Microstromataceae","MycoBank",1.25
"F_HMCYP","Hemicyphe","genus","accepted","Fungi","","MycoBank",1.25
"F_HEMSPR","Hemispora","genus","accepted","Fungi","Wallemiaceae","MycoBank",1.25
"F_HSNPSS","Hendersoniopsis","genus","accepted","Fungi","","MycoBank",1.25
"F_HNNNG","Henningerozyma","genus","accepted","Fungi","Saccharomycetaceae","MycoBank",1.25
"F_HRMNZ","Hermanozyma","genus","accepted","Fungi","Metschnikowiaceae","MycoBank",1.25
"F_HPHMA","Heterophoma","genus","accepted","Fungi","Didymellaceae","MycoBank",1.25
"F_HRCLA","Heterosporicola","genus","accepted","Fungi","Leptosphaeriaceae","MycoBank",1.25
"F_HRSPRM","Heterosporium","genus","accepted","Fungi","Davidiellaceae","MycoBank",1.25
"F_HTRTL","Heterotolyposporium","genus","accepted","Fungi","Anthracoideaceae","MycoBank",1.25
"F_HIMNT","Himantia","genus","accepted","Fungi","Physalacriaceae","MycoBank",1.25
"F_HIRNL","Hirneola","genus","accepted","Fungi","Auriculariaceae","MycoBank",1.25
"F_HRSTL","Hirsutella","genus","accepted","Fungi","Ophiocordycipitaceae","MycoBank",1.25
"F_HOLWY","Holwaya","genus","accepted","Fungi","Holwayaceae","MycoBank",1.25
"F_HRMDN","Hormodendrum","genus","accepted","Fungi","Davidiellaceae","MycoBank",1.25
"F_HUZYM","Huiozyma","genus","accepted","Fungi","Saccharomycetaceae","MycoBank",1.25
"F_HYLCY","Hyalocylindrophora","genus","accepted","Fungi","Chaetosphaeriaceae","MycoBank",1.25
"F_HYDRPH","Hydrophora","genus","accepted","Fungi","Mucoraceae","MycoBank",1.25
"F_HYMNL","Hymenella","genus","accepted","Fungi","","MycoBank",1.25
"F_HYMNB","Hymenobia","genus","accepted","Fungi","","MycoBank",1.25
"F_HMNLA","Hymenula","genus","accepted","Fungi","","GBIF",1.25
"F_HYPHEL","Hyphelia","genus","accepted","Fungi","","MycoBank",1.25
"F_HDSCS","Hyphodiscus","genus","accepted","Fungi","Hyphodiscaceae","MycoBank",1.25
"F_HYPOCN","Hypocenia","genus","accepted","Fungi","Godroniaceae","GBIF",1.25
"F_HYPCR","Hypocrea","genus","accepted","Fungi","Hypocreaceae","MycoBank",1.25
"F_HRLLA","Hypocrella","genus","accepted","Fungi","Clavicipitaceae","MycoBank",1.25
"F_HYPCRP","Hypocreopsis","genus","accepted","Fungi","Hypocreaceae","MycoBank",1.25
"F_HYPSP","Hypospila","genus","accepted","Fungi","","MycoBank",1.25
"F_HPLNA","Hypospilina","genus","accepted","Fungi","Valsaceae","MycoBank",1.25
"F_IDRILL","Idriella","genus","accepted","Fungi","Microdochiaceae","MycoBank",1.25
"F_ILYNC","Ilyonectria","genus","accepted","Fungi","Nectriaceae","MycoBank",1.25
"F_INPRT","Inapertisporites","genus","accepted","Fungi","","MycoBank",1.25
"F_INDLL","Indiella","genus","accepted","Fungi","","MycoBank",1.25
"F_INFRF","Infrafungus","genus","accepted","Fungi","","MycoBank",1.25
"F_INPNT","Inopinatum","genus","accepted","Fungi","Thelebolaceae","MycoBank",1.25
"F_ISBLZ","Isabelozyma","genus","accepted","Fungi","Metschnikowiaceae","MycoBank",1.25
"F_JMSDC","Jamesdicksonia","genus","accepted","Fungi","Georgefischeriaceae","MycoBank",1.25
"F_JMSZY","Jamesozyma","genus","accepted","Fungi","Saccharomycetaceae","MycoBank",1.25
"F_JHNLC","Johnalcornia","genus","accepted","Fungi","Pleosporaceae","MycoBank",1.25
"F_JXTPH","Juxtiphoma","genus","accepted","Fungi","Didymellaceae","MycoBank",1.25
"F_KLMNG","Kalmanago","genus","accepted","Fungi","Microbotryaceae","MycoBank",1.25
"F_KLMNZ","Kalmanozyma","genus","accepted","Fungi","Ustilaginaceae","MycoBank",1.25
"F_KTHMY","Keithomyces","genus","accepted","Fungi","Clavicipitaceae","MycoBank",1.25
"F_KRTNP","Keratinophyton","genus","accepted","Fungi","Onygenaceae","MycoBank",1.25
"F_KONDO","Kondoa","genus","accepted","Fungi","Kondoaceae","MycoBank",1.25
"F_KWNLL","Kwoniella","genus","accepted","Fungi","Cryptococcaceae","MycoBank",1.25
"F_LNGDN","Langdonia","genus","accepted","Fungi","Ustilaginaceae","MycoBank",1.25
"F_LSDLP","Lasiadelphia","genus","accepted","Fungi","","MycoBank",1.25
"F_LSNCTR","Lasionectria","genus","accepted","Fungi","Bionectriaceae","MycoBank",1.25
"F_LTRLLA","Lasionectriella","genus","accepted","Fungi","Bionectriaceae","MycoBank",1.25
"F_LPHRS","Lasiosphaeris","genus","accepted","Fungi","Lasiosphaeridaceae","GBIF",1.25
"F_LCNCT","Lecanactis","genus","accepted","Fungi","Roccellaceae","GBIF",1.25
"F_LCNCL","Lecanicillium","genus","accepted","Fungi","Cordycipitaceae","MycoBank",1.25
"F_LSPHR","Leiosphaerella","genus","accepted","Fungi","Pseudomassariaceae","MycoBank",1.25
"F_LNTMY","Lentamyces","genus","accepted","Fungi","Lentamycetaceae","GBIF",1.25
"F_LPTBC","Leptobacillium","genus","accepted","Fungi","Cordycipitaceae","MycoBank",1.25
"F_LPTDNT","Leptodontidium","genus","accepted","Fungi","Leptodontidiaceae","MycoBank",1.25
"F_LPTGR","Leptographium","genus","accepted","Fungi","Ophiostomataceae","MycoBank",1.25
"F_LPTXY","Leptoxyphium","genus","accepted","Fungi","Capnodiaceae","GBIF",1.25
"F_LETNDR","Letendraea","genus","accepted","Fungi","Tubeufiaceae","MycoBank",1.25
"F_LCCNT","Leucocintractia","genus","accepted","Fungi","Anthracoideaceae","MycoBank",1.25
"F_LCNRS","Leuconeurospora","genus","accepted","Fungi","Pseudeurotiaceae","MycoBank",1.25
"F_LPRDM","Leucosporidium","genus","accepted","Fungi","Leucosporidiaceae","GBIF",1.25
"F_LBRTL","Libertella","genus","accepted","Fungi","Diatrypaceae","MycoBank",1.25
"F_LMTNGZ","Limtongozyma","genus","accepted","Fungi","","GBIF",1.25
"AN_LOA","Loa","genus","accepted","Animalia","Onchocercidae","GBIF",1.25
"F_LNGSP","Longiseptatispora","genus","accepted","Fungi","Leptosphaeriaceae","MycoBank",1.25
"F_LPHPH","Lophophyton","genus","accepted","Fungi","Arthrodermataceae","MycoBank",1.25
"F_LSPRA","Lunasporangiospora","genus","accepted","Fungi","Mortierellaceae","MycoBank",1.25
"F_LTNCT","Luteonectria","genus","accepted","Fungi","Nectriaceae","MycoBank",1.25
"F_MCLPN","Macalpinomyces","genus","accepted","Fungi","Ustilaginaceae","MycoBank",1.25
"F_MCBRD","Macbridella","genus","accepted","Fungi","Melanommataceae","MycoBank",1.25
"F_MCRCN","Macroconia","genus","accepted","Fungi","Nectriaceae","MycoBank",1.25
"F_MCRDPR","Macrodiaporthe","genus","accepted","Fungi","Melanconidaceae","GBIF",1.25
"F_MCRNC","Macronectria","genus","accepted","Fungi","Nectriaceae","MycoBank",1.25
"F_MACRSPRM","Macrosporium","genus","accepted","Fungi","Pleosporaceae","MycoBank",1.25
"AN_MNSNL","Mansonella","genus","accepted","Animalia","Onchocercidae","GBIF",1.25
"F_MARNN","Mariannaea","genus","accepted","Fungi","Nectriaceae","MycoBank",1.25
"F_MRQND","Marquandomyces","genus","accepted","Fungi","Clavicipitaceae","MycoBank",1.25
"F_MSTGC","Mastigocladium","genus","accepted","Fungi","Bionectriaceae","MycoBank",1.25
"F_MDZYM","Maudiozyma","genus","accepted","Fungi","Saccharomycetaceae","MycoBank",1.25
"F_MGNLL","Mauginiella","genus","accepted","Fungi","Phaeosphaeriaceae","MycoBank",1.25
"F_MLNMM","Melanomma","genus","accepted","Fungi","Melanommataceae","GBIF",1.25
"F_MSMMA","Melanopsamma","genus","accepted","Fungi","Chaetosphaeriaceae","MycoBank",1.25
"F_MSCHM","Melanopsichium","genus","accepted","Fungi","Ustilaginaceae","GBIF",1.25
"F_MLNST","Melanustilospora","genus","accepted","Fungi","Urocystidaceae","GBIF",1.25
"F_MLLPH","Melioliphila","genus","accepted","Fungi","Tubeufiaceae","MycoBank",1.25
"F_MMNNL","Memnoniella","genus","accepted","Fungi","Stachybotryaceae","MycoBank",1.25
"F_MTCPN","Metacapnodium","genus","accepted","Fungi","Metacapnodiaceae","GBIF",1.25
"F_MTCRD","Metacordyceps","genus","accepted","Fungi","Clavicipitaceae","MycoBank",1.25
"F_MTPCH","Metapochonia","genus","accepted","Fungi","Clavicipitaceae","MycoBank",1.25
"F_MTLCL","Metulocladosporiella","genus","accepted","Fungi","Herpotrichiellaceae","MycoBank",1.25
"F_MINMYCS","Miainomyces","genus","accepted","Fungi","Fomitopsidaceae","MycoBank",1.25
"F_MCRSC","Microascus","genus","accepted","Fungi","Microascaceae","MycoBank",1.25
"F_MCRBT","Microbotryum","genus","accepted","Fungi","Microbotryaceae","MycoBank",1.25
"F_MDBLS","Microconidiobolus","genus","accepted","Fungi","Microconidiobolaceae","MycoBank",1.25
"F_MCRDS","Microdiscus","genus","accepted","Fungi","","GBIF",1.25
"F_MCRDC","Microdochium","genus","accepted","Fungi","Microdochiaceae","MycoBank",1.25
"F_MCRSPH","Microsphaeropsis","genus","accepted","Fungi","Microsphaeropsidaceae","MycoBank",1.25
"F_MRMYCS","Microsporomyces","genus","accepted","Fungi","Microsporomycetaceae","MycoBank",1.25
"F_MTRMA","Microstroma","genus","accepted","Fungi","Microstromataceae","MycoBank",1.25
"F_MDDLH","Middelhovenomyces","genus","accepted","Fungi","Dipodascaceae","MycoBank",1.25
"F_MIURA","Miuraea","genus","accepted","Fungi","Mycosphaerellaceae","MycoBank",1.25
"F_MSZMY","Moesziomyces","genus","accepted","Fungi","Ustilaginaceae","MycoBank",1.25
"F_MNSCS","Monascus","genus","accepted","Fungi","Aspergillaceae","MycoBank",1.25
"F_MNHYD","Monohydropisphaera","genus","accepted","Fungi","Bionectriaceae","MycoBank",1.25
"F_MNSPRM","Monosporium","genus","accepted","Fungi","","MycoBank",1.25
"F_MZYMA","Monosporozyma","genus","accepted","Fungi","Saccharomycetaceae","MycoBank",1.25
"F_MRKLL","Mrakiella","genus","accepted","Fungi","","MycoBank",1.25
"F_MCRTS","Mucorites","genus","accepted","Fungi","","MycoBank",1.25
"F_MSNNS","Musananaesporium","genus","accepted","Fungi","Bionectriaceae","MycoBank",1.25
"F_MSCLL","Musicillium","genus","accepted","Fungi","Trichosphaeriaceae","MycoBank",1.25
"F_MUSDM","Musidium","genus","accepted","Fungi","Trichosphaeriaceae","MycoBank",1.25
"F_MYCLPH","Myceliophthora","genus","accepted","Fungi","Chaetomiaceae","MycoBank",1.25
"F_MYCCT","Mycocitrus","genus","accepted","Fungi","Bionectriaceae","MycoBank",1.25
"F_MCLDS","Mycocladus","genus","accepted","Fungi","Mycocladaceae","MycoBank",1.25
"F_MYCDR","Mycoderma","genus","accepted","Fungi","","MycoBank",1.25
"F_MYCSY","Mycosyrinx","genus","accepted","Fungi","Mycosyringaceae","MycoBank",1.25
"F_MYCTH","Mycothermus","genus","accepted","Fungi","Chaetomiaceae","GBIF",1.25
"F_MYCTR","Mycotorula","genus","accepted","Fungi","","MycoBank",1.25
"F_MYCVL","Mycovellosiella","genus","accepted","Fungi","Mycosphaerellaceae","GBIF",1.25
"F_MYDNS","Mydonosporium","genus","accepted","Fungi","Davidiellaceae","MycoBank",1.25
"F_MYRMC","Myrmecridium","genus","accepted","Fungi","Myrmecridiaceae","MycoBank",1.25
"F_MYSTR","Mystrosporium","genus","accepted","Fungi","","MycoBank",1.25
"F_MYXSP","Myxosporium","genus","accepted","Fungi","Diatrypaceae","MycoBank",1.25
"F_MYXTR","Myxotrichum","genus","accepted","Fungi","Myxotrichaceae","MycoBank",1.25
"F_NDSNL","Nadsoniella","genus","accepted","Fungi","Herpotrichiellaceae","GBIF",1.25
"F_NAMSPR","Naemaspora","genus","accepted","Fungi","Lasiosphaeriaceae","MycoBank",1.25
"F_NAKAT","Nakataea","genus","accepted","Fungi","Magnaporthaceae","MycoBank",1.25
"F_NLNTH","Nalanthamala","genus","accepted","Fungi","Nectriaceae","MycoBank",1.25
"F_NZPSS","Nannizziopsis","genus","accepted","Fungi","Nannizziopsidaceae","MycoBank",1.25
"F_NAUMV","Naumovia","genus","accepted","Fungi","","MycoBank",1.25
"F_NMVZY","Naumovozyma","genus","accepted","Fungi","Saccharomycetaceae","GBIF",1.25
"F_NCRMR","Necromortierella","genus","accepted","Fungi","Mortierellaceae","MycoBank",1.25
"F_NCTRC","Nectricladiella","genus","accepted","Fungi","Nectriaceae","MycoBank",1.25
"F_NMTGN","Nematogonum","genus","accepted","Fungi","","MycoBank",1.25
"F_NMTGR","Nematographium","genus","accepted","Fungi","","MycoBank",1.25
"F_NCRMN","Neoacremonium","genus","accepted","Fungi","Neoacremoniaceae","MycoBank",1.25
"F_NCRDN","Neoacrodontium","genus","accepted","Fungi","Amplistromataceae","MycoBank",1.25
"F_NBLGR","Neobulgaria","genus","accepted","Fungi","Gelatinodiscaceae","MycoBank",1.25
"F_NCMRS","Neocamarosporium","genus","accepted","Fungi","Neocamarosporiaceae","MycoBank",1.25
"F_NCRPN","Neocarpenteles","genus","accepted","Fungi","Aspergillaceae","GBIF",1.25
"F_NCLYP","Neoclypeosphaerella","genus","accepted","Fungi","Mycosphaerellaceae","MycoBank",1.25
"F_NCNDB","Neoconidiobolus","genus","accepted","Fungi","Neoconidiobolaceae","MycoBank",1.25
"F_NCNTHY","Neoconiothyrium","genus","accepted","Fungi","Coniothyriaceae","MycoBank",1.25
"F_NCSMS","Neocosmospora","genus","accepted","Fungi","Nectriaceae","MycoBank",1.25
"F_NCCRB","Neocucurbitaria","genus","accepted","Fungi","Cucurbitariaceae","MycoBank",1.25
"F_NDVRS","Neodevriesia","genus","accepted","Fungi","Neodevriesiaceae","MycoBank",1.25
"F_NDDYM","Neodidymelliopsis","genus","accepted","Fungi","Didymellaceae","MycoBank",1.25
"F_NEFBR","Neofabraea","genus","accepted","Fungi","Dermateaceae","GBIF",1.25
"F_NFSCC","Neofusicoccum","genus","accepted","Fungi","Botryosphaeriaceae","MycoBank",1.25
"F_NGMSZ","Neogamszarella","genus","accepted","Fungi","Cordycipitaceae","MycoBank",1.25
"F_NEHRT","Neohortaea","genus","accepted","Fungi","Teratosphaeriaceae","MycoBank",1.25
"F_NLPTS","Neoleptosphaeria","genus","accepted","Fungi","Leptosphaeriaceae","MycoBank",1.25
"F_NMCRS","Neomicrosphaeropsis","genus","accepted","Fungi","Didymellaceae","MycoBank",1.25
"F_NPNDL","Neopenidiella","genus","accepted","Fungi","Mycosphaerellaceae","GBIF",1.25
"F_NEPHM","Neophoma","genus","accepted","Fungi","","MycoBank",1.25
"F_NSCRR","Neoscirrhia","genus","accepted","Fungi","Didymellaceae","MycoBank",1.25
"F_NSCYT","Neoscytalidium","genus","accepted","Fungi","Botryosphaeriaceae","MycoBank",1.25
"F_NSTPH","Neosetophoma","genus","accepted","Fungi","Phaeosphaeriaceae","MycoBank",1.25
"F_NETA","Neta","genus","accepted","Fungi","","MycoBank",1.25
"F_NRSPR","Neurospora","genus","accepted","Fungi","Sordariaceae","MycoBank",1.25
"F_NGRCP","Nigrocephalum","genus","accepted","Fungi","Trichosphaeriaceae","MycoBank",1.25
"F_NGRGR","Nigrograna","genus","accepted","Fungi","Nigrogranaceae","GBIF",1.25
"F_NGRSP","Nigrospora","genus","accepted","Fungi","Apiosporaceae","GBIF",1.25
"F_NIMBY","Nimbya","genus","accepted","Fungi","Pleosporaceae","MycoBank",1.25
"F_NDLSPR","Nodulisporium","genus","accepted","Fungi","Xylariaceae","MycoBank",1.25
"F_NTHCR","Nothoacremonium","genus","accepted","Fungi","Nothoacremoniaceae","MycoBank",1.25
"F_NTHFS","Nothofusarium","genus","accepted","Fungi","Nectriaceae","MycoBank",1.25
"F_NTHPS","Nothopassalora","genus","accepted","Fungi","Mycosphaerellaceae","MycoBank",1.25
"F_NPHMA","Nothophoma","genus","accepted","Fungi","Didymellaceae","MycoBank",1.25
"F_NCFRM","Nuciformispora","genus","accepted","Fungi","Cordycipitaceae","MycoBank",1.25
"F_OBRWN","Oberwinklerozyma","genus","accepted","Fungi","","MycoBank",1.25
"F_OCHRCL","Ochrocladosporium","genus","accepted","Fungi","Coniothyriaceae","MycoBank",1.25
"F_OCHRN","Ochronectria","genus","accepted","Fungi","Bionectriaceae","MycoBank",1.25
"F_OMYCS","Octosporomyces","genus","accepted","Fungi","Schizosaccharomycetaceae","MycoBank",1.25
"F_ODCPH","Oedocephalum","genus","accepted","Fungi","Pezizaceae","MycoBank",1.25
"F_OLGPH","Oligophagozyma","genus","accepted","Fungi","Saccharomycetaceae","MycoBank",1.25
"F_OMPHLS","Omphalospora","genus","accepted","Fungi","Dothideaceae","MycoBank",1.25
"AN_ONCHC","Onchocerca","genus","accepted","Animalia","Onchocercidae","GBIF",1.25
"F_ONCCL","Oncocladium","genus","accepted","Fungi","Gymnoascaceae","MycoBank",1.25
"F_OOSPR","Oospora","genus","accepted","Fungi","Erysiphaceae","MycoBank",1.25
"F_OSPRD","Oosporidium","genus","accepted","Fungi","","MycoBank",1.25
"F_OPHDM","Ophidiomyces","genus","accepted","Fungi","Onygenaceae","MycoBank",1.25
"F_OPHCR","Ophiocordyceps","genus","accepted","Fungi","Ophiocordycipitaceae","MycoBank",1.25
"F_OPHNC","Ophionectria","genus","accepted","Fungi","Nectriaceae","MycoBank",1.25
"F_OPHST","Ophiostoma","genus","accepted","Fungi","Ophiostomataceae","MycoBank",1.25
"F_ORBCL","Orbicula","genus","accepted","Fungi","Pyronemataceae","GBIF",1.25
"F_ORPHNM","Orphanomyces","genus","accepted","Fungi","Anthracoideaceae","MycoBank",1.25
"F_OSMZY","Osmozyma","genus","accepted","Fungi","Metschnikowiaceae","MycoBank",1.25
"F_OSTRC","Ostracoderma","genus","accepted","Fungi","Pezizaceae","GBIF",1.25
"F_OTTHI","Otthia","genus","accepted","Fungi","","MycoBank",1.25
"F_OVTSP","Ovatospora","genus","accepted","Fungi","Chaetomiaceae","MycoBank",1.25
"F_OVCLL","Ovicillium","genus","accepted","Fungi","Bionectriaceae","MycoBank",1.25
"F_OVCCL","Ovicuculispora","genus","accepted","Fungi","Paranectriaceae","MycoBank",1.25
"F_PCHNC","Pachnocybe","genus","accepted","Fungi","Pachnocybaceae","MycoBank",1.25
"F_PPLNS","Papilionospora","genus","accepted","Fungi","","MycoBank",1.25
"F_PPLTR","Papiliotrema","genus","accepted","Fungi","Rhynchogastremaceae","MycoBank",1.25
"F_PRCHT","Parachaetomium","genus","accepted","Fungi","Chaetomiaceae","MycoBank",1.25
"F_PRCNT","Paraconiothyrium","genus","accepted","Fungi","Didymosphaeriaceae","MycoBank",1.25
"F_PRCCR","Paracucurbitaria","genus","accepted","Fungi","Cucurbitariaceae","MycoBank",1.25
"F_PRCYL","Paracylindrocarpon","genus","accepted","Fungi","Bionectriaceae","MycoBank",1.25
"F_PRDND","Paradendryphiella","genus","accepted","Fungi","Pleosporaceae","MycoBank",1.25
"F_PRDSC","Paradiscula","genus","accepted","Fungi","","MycoBank",1.25
"F_PRGLM","Paragliomastix","genus","accepted","Fungi","Bionectriaceae","MycoBank",1.25
"AN_PRGNM","Paragonimus","genus","accepted","Animalia","Paragonimidae","GBIF",1.25
"F_PRNNN","Paranannizziopsis","genus","accepted","Fungi","Onygenaceae","MycoBank",1.25
"F_PRNCTR","Paranectria","genus","accepted","Fungi","Paranectriaceae","MycoBank",1.25
"F_PRPRCN","Parapericoniella","genus","accepted","Fungi","","MycoBank",1.25
"F_PARPHM","Paraphoma","genus","accepted","Fungi","Phaeosphaeriaceae","MycoBank",1.25
"F_PMPSS","Paraphomopsis","genus","accepted","Fungi","Melanconiellaceae","MycoBank",1.25
"F_PRPHY","Paraphyton","genus","accepted","Fungi","Arthrodermataceae","GBIF",1.25
"F_PRPLR","Parapleurotheciopsis","genus","accepted","Fungi","Beltraniaceae","MycoBank",1.25
"F_PTHCM","Parapleurothecium","genus","accepted","Fungi","Pleurotheciaceae","MycoBank",1.25
"F_PRSCD","Parascedosporium","genus","accepted","Fungi","Microascaceae","MycoBank",1.25
"F_PRSCL","Parasclerophoma","genus","accepted","Fungi","Dothioraceae","GBIF",1.25
"F_PRSTL","Parasitella","genus","accepted","Fungi","Mucoraceae","MycoBank",1.25
"F_PRSTNL","Parastenella","genus","accepted","Fungi","","MycoBank",1.25
"F_PRWRD","Parawardomyces","genus","accepted","Fungi","Microascaceae","MycoBank",1.25
"F_PRNGY","Parengyodontium","genus","accepted","Fungi","Cordycipitaceae","MycoBank",1.25
"F_PRVLG","Parvulago","genus","accepted","Fungi","Ustilaginaceae","MycoBank",1.25
"F_PASCU","Pascua","genus","accepted","Fungi","Trichosporonaceae","MycoBank",1.25
"F_PTTRS","Pattersoniomyces","genus","accepted","Fungi","Ustilaginaceae","GBIF",1.25
"F_PNCLLG","Penicillago","genus","accepted","Fungi","Penicillaginaceae","MycoBank",1.25
"F_PLLFR","Penicillifer","genus","accepted","Fungi","Nectriaceae","MycoBank",1.25
"F_PNCLLP","Penicilliopsis","genus","accepted","Fungi","Aspergillaceae","MycoBank",1.25
"F_PNDLL","Penidiella","genus","accepted","Fungi","Teratosphaeriaceae","GBIF",1.25
"F_PRCLD","Pericladium","genus","accepted","Fungi","Ustilaginaceae","MycoBank",1.25
"F_PERCN","Periconia","genus","accepted","Fungi","Periconiaceae","MycoBank",1.25
"F_PRCNLL","Periconiella","genus","accepted","Fungi","Mycosphaerellaceae","MycoBank",1.25
"F_PSTMM","Peristomium","genus","synonym","Fungi","Microascaceae","MycoBank",1.25
"F_PERRT","Perrotia","genus","accepted","Fungi","Lachnaceae","GBIF",1.25
"F_PESTM","Pesotum","genus","accepted","Fungi","Ophiostomataceae","MycoBank",1.25
"F_PTRLL","Petriella","genus","accepted","Fungi","Microascaceae","MycoBank",1.25
"F_PEYRNL","Peyronelia","genus","accepted","Fungi","Mytilinidiaceae","MycoBank",1.25
"F_PEZCL","Pezicula","genus","accepted","Fungi","Dermateaceae","MycoBank",1.25
"F_PHCLL","Phacellium","genus","accepted","Fungi","Mycosphaerellaceae","MycoBank",1.25
"F_PHCHL","Phaeochloridium","genus","accepted","Fungi","Plectosphaerellaceae","MycoBank",1.25
"F_PHCCC","Phaeococcomyces","genus","accepted","Fungi","Phaeococcomycetaceae","MycoBank",1.25
"F_PHASR","Phaeoisaria","genus","accepted","Fungi","Pleurotheciaceae","MycoBank",1.25
"F_PHMYC","Phaeomycocentrospora","genus","accepted","Fungi","Didymellaceae","MycoBank",1.25
"F_PHRML","Phaeoramularia","genus","accepted","Fungi","Mycosphaerellaceae","MycoBank",1.25
"F_PBLLA","Phaeostilbella","genus","accepted","Fungi","","MycoBank",1.25
"F_PHTRML","Phaeotremella","genus","accepted","Fungi","Phaeotremellaceae","MycoBank",1.25
"F_PHNRD","Phanerodontia","genus","accepted","Fungi","Phanerochaetaceae","GBIF",1.25
"F_PHLMNM","Phialemonium","genus","accepted","Fungi","Cephalothecaceae","MycoBank",1.25
"F_PHLCP","Phialocephala","genus","accepted","Fungi","Mollisiaceae","GBIF",1.25
"F_PHLGR","Phialographium","genus","accepted","Fungi","Ophiostomataceae","GBIF",1.25
"F_PHLMY","Phialomyces","genus","accepted","Fungi","Aspergillaceae","MycoBank",1.25
"F_PHLYCT","Phlyctema","genus","accepted","Fungi","Dermateaceae","MycoBank",1.25
"F_PHMTD","Phomatodes","genus","accepted","Fungi","Didymellaceae","MycoBank",1.25
"F_PHMTS","Phomatospora","genus","accepted","Fungi","Phomatosporaceae","GBIF",1.25
"F_PHYCM","Phycomyces","genus","accepted","Fungi","Phycomycetaceae","MycoBank",1.25
"F_PHYLLCH","Phyllachora","genus","accepted","Fungi","Phyllachoraceae","MycoBank",1.25
"F_PLCRA","Phyllocrea","genus","accepted","Fungi","Phyllachoraceae","GBIF",1.25
"F_PTCTA","Phyllosticta","genus","accepted","Fungi","Phyllostictaceae","MycoBank",1.25
"F_PTCTNA","Phyllostictina","genus","accepted","Fungi","Phyllostictaceae","MycoBank",1.25
"F_PHYLLZ","Phyllozyma","genus","accepted","Fungi","Spiculogloeaceae","MycoBank",1.25
"F_PHYSD","Physoderma","genus","accepted","Fungi","Physodermataceae","GBIF",1.25
"F_PHYSSP","Physospora","genus","accepted","Fungi","Botryobasidiaceae","MycoBank",1.25
"F_PILAR","Pilaira","genus","accepted","Fungi","Mucoraceae","MycoBank",1.25
"F_PLDLL","Pilidiella","genus","accepted","Fungi","Schizoparmaceae","GBIF",1.25
"F_PLDRM","Piloderma","genus","accepted","Fungi","Pilodermataceae","MycoBank",1.25
"F_PILPHR","Pilophora","genus","unknown","Fungi","Mucoraceae","manually added",1.25
"F_PNNTS","Pionnotes","genus","accepted","Fungi","Nectriaceae","MycoBank",1.25
"F_PRSTM","Pirostoma","genus","accepted","Fungi","","MycoBank",1.25
"C_PSCCR","Piscicryptosporidium","genus","accepted","Chromista","Cryptosporidiidae","GBIF",1.25
"F_PTHSC","Pithoascus","genus","accepted","Fungi","Microascaceae","MycoBank",1.25
"P_PLSMD","Plasmodium","genus","accepted","Protozoa","Plasmodiidae","manually added",1.25
"F_PLCTS","Plectosphaerella","genus","accepted","Fungi","Trichosphaeriaceae","MycoBank",1.25
"F_PLNCT","Pleonectria","genus","accepted","Fungi","Nectriaceae","MycoBank",1.25
"F_PRLNA","Pleosphaerulina","genus","accepted","Fungi","Saccotheciaceae","GBIF",1.25
"F_PLRCR","Pleurocordyceps","genus","accepted","Fungi","Polycephalomycetaceae","MycoBank",1.25
"F_PLRDS","Pleurodesmospora","genus","accepted","Fungi","Cordycipitaceae","MycoBank",1.25
"F_PLRPH","Pleurophoma","genus","accepted","Fungi","Lentitheciaceae","MycoBank",1.25
"F_PLRSTM","Pleurostoma","genus","accepted","Fungi","Pleurostomataceae","MycoBank",1.25
"F_PLRTH","Pleurothecium","genus","accepted","Fungi","Pleurotheciaceae","GBIF",1.25
"F_PLRCL","Pluricellaesporites","genus","accepted","Fungi","","MycoBank",1.25
"F_POCLM","Poculum","genus","accepted","Fungi","Rutstroemiaceae","GBIF",1.25
"F_PODIL","Podila","genus","accepted","Fungi","Mortierellaceae","MycoBank",1.25
"F_PDNCT","Podonectria","genus","accepted","Fungi","Tubeufiaceae","MycoBank",1.25
"F_POSDS","Posadasia","genus","accepted","Fungi","Onygenaceae","MycoBank",1.25
"F_PRCHTF","Prachtflorella","genus","accepted","Fungi","Ceratostomataceae","GBIF",1.25
"F_PRLLN","Prillingera","genus","accepted","Fungi","Trichosporonaceae","MycoBank",1.25
"F_PRTMY","Proteomyces","genus","accepted","Fungi","Trichosporonaceae","MycoBank",1.25
"F_PRTCRP","Protocreopsis","genus","accepted","Fungi","Bionectriaceae","MycoBank",1.25
"F_PRTHY","Protohydnum","genus","accepted","Fungi","Exidiaceae","MycoBank",1.25
"F_PRTMR","Protomerulius","genus","accepted","Fungi","Exidiaceae","MycoBank",1.25
"F_PCLDS","Protomycocladus","genus","accepted","Fungi","Mucoraceae","MycoBank",1.25
"F_PSDGR","Pseudaegerita","genus","accepted","Fungi","Hyaloscyphaceae","MycoBank",1.25
"F_PSDSPRS","Pseudoasperisporium","genus","accepted","Fungi","","MycoBank",1.25
"F_PSDCLD","Pseudocladosporium","genus","accepted","Fungi","Venturiaceae","MycoBank",1.25
"F_PSDCLP","Pseudocoleophoma","genus","accepted","Fungi","Dictyosporiaceae","MycoBank",1.25
"F_PSDGM","Pseudogeomyces","genus","accepted","Fungi","","MycoBank",1.25
"F_PSDGRP","Pseudographiella","genus","accepted","Fungi","","MycoBank",1.25
"F_PSDGYM","Pseudogymnoascus","genus","accepted","Fungi","Pseudeurotiaceae","MycoBank",1.25
"F_PSDHM","Pseudohamigera","genus","accepted","Fungi","Aspergillaceae","MycoBank",1.25
"F_PMCLA","Pseudohumicola","genus","accepted","Fungi","Chaetomiaceae","MycoBank",1.25
"F_PSDHY","Pseudohydnum","genus","accepted","Fungi","Exidiaceae","MycoBank",1.25
"F_PSDHYP","Pseudohyphozyma","genus","accepted","Fungi","","MycoBank",1.25
"F_PSDLPT","Pseudoleptosphaeria","genus","accepted","Fungi","Leptosphaeriaceae","MycoBank",1.25
"F_PSDMY","Pseudomycoderma","genus","accepted","Fungi","","MycoBank",1.25
"F_PSDNC","Pseudonectria","genus","accepted","Fungi","Nectriaceae","MycoBank",1.25
"F_PSDNCT","Pseudonectriella","genus","accepted","Fungi","Niessliaceae","MycoBank",1.25
"F_PSDPNC","Pseudopenicillium","genus","accepted","Fungi","Aspergillaceae","MycoBank",1.25
"F_PSDPHM","Pseudophoma","genus","accepted","Fungi","","MycoBank",1.25
"F_PSDPT","Pseudopithomyces","genus","accepted","Fungi","Didymosphaeriaceae","MycoBank",1.25
"F_PSDSCC","Pseudosaccharomyces","genus","accepted","Fungi","","MycoBank",1.25
"F_PPTRA","Pseudoseptoria","genus","accepted","Fungi","Saccotheciaceae","MycoBank",1.25
"F_PSDTHL","Pseudothielavia","genus","accepted","Fungi","Chaetomiaceae","MycoBank",1.25
"F_PSDTRM","Pseudotremella","genus","accepted","Fungi","Bulleraceae","MycoBank",1.25
"F_PSDXY","Pseudoxylomyces","genus","accepted","Fungi","Longipedicellataceae","MycoBank",1.25
"F_PSDZY","Pseudozyma","genus","accepted","Fungi","Ustilaginaceae","GBIF",1.25
"F_PLLLR","Pullularia","genus","accepted","Fungi","Saccotheciaceae","GBIF",1.25
"F_PYCNS","Pycnis","genus","accepted","Fungi","","MycoBank",1.25
"F_PYRNM","Pyrenium","genus","accepted","Fungi","Hypocreaceae","MycoBank",1.25
"F_PYRNCH","Pyrenochaeta","genus","accepted","Fungi","Cucurbitariaceae","MycoBank",1.25
"F_PYRNPZ","Pyrenopeziza","genus","accepted","Fungi","Ploettnerulaceae","GBIF",1.25
"F_PYXDP","Pyxidiophora","genus","accepted","Fungi","Pyxidiophoraceae","MycoBank",1.25
"F_QRCPH","Querciphoma","genus","accepted","Fungi","Leptosphaeriaceae","MycoBank",1.25
"F_RACDM","Racodium","genus","accepted","Fungi","Racodiaceae","MycoBank",1.25
"F_RAFFL","Raffaelea","genus","accepted","Fungi","Ophiostomataceae","MycoBank",1.25
"F_RMCHL","Ramichloridium","genus","accepted","Fungi","Dissoconiaceae","MycoBank",1.25
"F_RSMSN","Rasamsonia","genus","accepted","Fungi","Trichocomaceae","MycoBank",1.25
"F_RCTFS","Rectifusarium","genus","accepted","Fungi","Nectriaceae","MycoBank",1.25
"F_RMTDD","Remotididymella","genus","accepted","Fungi","Didymellaceae","MycoBank",1.25
"F_RHBDS","Rhabdospora","genus","accepted","Fungi","Mycosphaerellaceae","MycoBank",1.25
"F_RCLDM","Rhinocladium","genus","accepted","Fungi","","MycoBank",1.25
"F_RHZCL","Rhizocladosporium","genus","accepted","Fungi","Cordieritidaceae","MycoBank",1.25
"F_RHZPDP","Rhizopodopsis","genus","accepted","Fungi","Mucoraceae","MycoBank",1.25
"F_RHZSP","Rhizosphaera","genus","accepted","Fungi","Venturiaceae","GBIF",1.25
"F_RHODS","Rhodesia","genus","accepted","Fungi","","MycoBank",1.25
"F_RHDCP","Rhodocephalus","genus","accepted","Fungi","Trichocomaceae","MycoBank",1.25
"F_RHDSP","Rhodosporidiobolus","genus","accepted","Fungi","Sporidiobolaceae","MycoBank",1.25
"F_RHPLP","Rhopalophora","genus","accepted","Fungi","Sclerococcaceae","GBIF",1.25
"F_ROSLLN","Rosellinia","genus","accepted","Fungi","Xylariaceae","MycoBank",1.25
"F_RMGRL","Roumegueriella","genus","accepted","Fungi","Bionectriaceae","MycoBank",1.25
"F_RGNCT","Rugonectria","genus","accepted","Fungi","","MycoBank",1.25
"F_RUINN","Ruinenia","genus","accepted","Fungi","Ruineniaceae","MycoBank",1.25
"F_SYCDS","Saccharomycodes","genus","accepted","Fungi","Saccharomycodaceae","MycoBank",1.25
"F_SCPSS","Saccharomycopsis","genus","accepted","Fungi","Saccharomycopsidaceae","MycoBank",1.25
"F_SCCTH","Saccothecium","genus","accepted","Fungi","Saccotheciaceae","GBIF",1.25
"F_SACDM","Sacidium","genus","accepted","Fungi","","MycoBank",1.25
"F_SGNML","Sagenomella","genus","accepted","Fungi","Trichocomaceae","MycoBank",1.25
"F_SGRHM","Sagrahamala","genus","accepted","Fungi","","MycoBank",1.25
"F_STZYM","Saitozyma","genus","accepted","Fungi","Trimorphomycetaceae","MycoBank",1.25
"F_SKGCH","Sakaguchia","genus","accepted","Fungi","Sakaguchiaceae","MycoBank",1.25
"F_SLNMY","Salinomyces","genus","accepted","Fungi","Teratosphaeriaceae","MycoBank",1.25
"F_SLMCS","Salmacisia","genus","accepted","Fungi","Tilletiaceae","MycoBank",1.25
"F_SMPZY","Sampaiozyma","genus","accepted","Fungi","","MycoBank",1.25
"F_SMSNL","Samsoniella","genus","accepted","Fungi","Cordycipitaceae","MycoBank",1.25
"F_SRWKS","Sarawakus","genus","accepted","Fungi","Hypocreaceae","MycoBank",1.25
"C_SRCCY","Sarcocystis","genus","accepted","Chromista","Sarcocystidae","GBIF",1.25
"F_SAREA","Sarea","genus","accepted","Fungi","Sareaceae","GBIF",1.25
"F_SRCLD","Sarocladium","genus","accepted","Fungi","Sarocladiaceae","MycoBank",1.25
"F_SCHLB","Scheleobrachea","genus","accepted","Fungi","Pleosporaceae","MycoBank",1.25
"F_SCHZPH","Schizophyllum","genus","accepted","Fungi","Schizophyllaceae","MycoBank",1.25
"F_SCLRCL","Sclerocleista","genus","accepted","Fungi","Aspergillaceae","MycoBank",1.25
"F_SCLRP","Sclerophoma","genus","accepted","Fungi","Dothioraceae","MycoBank",1.25
"F_SCLRPH","Sclerophomella","genus","accepted","Fungi","Didymellaceae","MycoBank",1.25
"F_SPHMA","Sclerotiophoma","genus","accepted","Fungi","Didymellaceae","MycoBank",1.25
"F_STPSS","Sclerotiopsis","genus","accepted","Fungi","Chaetomellaceae","MycoBank",1.25
"F_SCLCF","Scolecofusarium","genus","accepted","Fungi","Nectriaceae","MycoBank",1.25
"F_SCOPLR","Scopularia","genus","accepted","Fungi","","GBIF",1.25
"F_SPDNM","Sepedonium","genus","accepted","Fungi","Hypocreaceae","MycoBank",1.25
"F_SPTFS","Septofusidium","genus","accepted","Fungi","Tilachlidiaceae","MycoBank",1.25
"F_SPTGL","Septogloeum","genus","accepted","Fungi","","MycoBank",1.25
"F_SPTDM","Septoidium","genus","accepted","Fungi","Parodiopsidaceae","GBIF",1.25
"F_SPTNM","Septonema","genus","accepted","Fungi","Mytilinidiaceae","MycoBank",1.25
"F_SPTSP","Septosporium","genus","accepted","Fungi","","MycoBank",1.25
"F_SSQCL","Sesquicillium","genus","accepted","Fungi","Bionectriaceae","MycoBank",1.25
"F_STFSR","Setofusarium","genus","accepted","Fungi","Nectriaceae","MycoBank",1.25
"F_STPHM","Setophoma","genus","accepted","Fungi","Phaeosphaeriaceae","MycoBank",1.25
"F_SHIVS","Shivasia","genus","accepted","Fungi","Ustilaginaceae","GBIF",1.25
"F_SMLPH","Similiphoma","genus","accepted","Fungi","Didymellaceae","MycoBank",1.25
"F_SMPLC","Simplicillium","genus","accepted","Fungi","Cordycipitaceae","MycoBank",1.25
"F_SRSTC","Sirastachys","genus","accepted","Fungi","Stachybotryaceae","MycoBank",1.25
"F_SRCCC","Sirococcus","genus","accepted","Fungi","Gnomoniaceae","MycoBank",1.25
"F_SLOFF","Slooffia","genus","accepted","Fungi","","MycoBank",1.25
"F_SDMYC","Sodiomyces","genus","accepted","Fungi","Plectosphaerellaceae","GBIF",1.25
"F_SLNPZ","Solenopezia","genus","accepted","Fungi","Solenopeziaceae","GBIF",1.25
"F_SRCYB","Sorocybe","genus","accepted","Fungi","Herpotrichiellaceae","MycoBank",1.25
"F_SRSPRM","Sorosporium","genus","accepted","Fungi","Glomosporiaceae","GBIF",1.25
"F_SOUCT","Soucietia","genus","accepted","Fungi","Metschnikowiaceae","MycoBank",1.25
"F_SPDCD","Spadicoides","genus","accepted","Fungi","Xenospadicoidaceae","MycoBank",1.25
"F_SPNCR","Spencermartinsiella","genus","accepted","Fungi","Trichomonascaceae","MycoBank",1.25
"F_SZYMA","Spencerozyma","genus","accepted","Fungi","","MycoBank",1.25
"F_SPHRLL","Sphaerellopsis","genus","accepted","Fungi","Leptosphaeriaceae","MycoBank",1.25
"F_SPHAR","Sphaeria","genus","accepted","Fungi","Xylariaceae","MycoBank",1.25
"F_SPHRC","Sphaerocista","genus","accepted","Fungi","Helotiaceae","MycoBank",1.25
"F_SPHRN","Sphaeronaema","genus","accepted","Fungi","Hysteriaceae","MycoBank",1.25
"F_SPHRNM","Sphaeronaemella","genus","accepted","Fungi","Ceratostomataceae","MycoBank",1.25
"F_SCTRA","Sphaeronectria","genus","accepted","Fungi","Paranectriaceae","MycoBank",1.25
"F_SPHRS","Sphaerostilbe","genus","accepted","Fungi","Nectriaceae","MycoBank",1.25
"F_SBLLA","Sphaerostilbella","genus","accepted","Fungi","Hypocreaceae","MycoBank",1.25
"F_SPICR","Spicaria","genus","accepted","Fungi","","MycoBank",1.25
"F_SPNLL","Spinellus","genus","accepted","Fungi","Phycomycetaceae","MycoBank",1.25
"F_STGDS","Spiromastigoides","genus","accepted","Fungi","Spiromastigoidaceae","MycoBank",1.25
"F_SPRPS","Spiropes","genus","accepted","Fungi","","MycoBank",1.25
"F_SPRND","Sporendonema","genus","accepted","Fungi","Onygenaceae","MycoBank",1.25
"F_SPRDSM","Sporidesmiella","genus","accepted","Fungi","Melanommataceae","GBIF",1.25
"F_SPRDB","Sporidiobolus","genus","accepted","Fungi","Sporidiobolaceae","GBIF",1.25
"F_SPRDN","Sporodinia","genus","accepted","Fungi","Mucoraceae","MycoBank",1.25
"F_SPRPH","Sporophagomyces","genus","accepted","Fungi","Hypocreaceae","MycoBank",1.25
"F_SYLDM","Stachylidium","genus","accepted","Fungi","Trichosphaeriaceae","MycoBank",1.25
"F_STGNSP","Stagonospora","genus","accepted","Fungi","Phaeosphaeriaceae","GBIF",1.25
"F_STNJM","Stanjemonium","genus","accepted","Fungi","Bionectriaceae","MycoBank",1.25
"F_STPHY","Staphylotrichum","genus","accepted","Fungi","Chaetomiaceae","MycoBank",1.25
"F_SRLLA","Starmerella","genus","accepted","Fungi","Trichomonascaceae","MycoBank",1.25
"F_STGCN","Stegocintractia","genus","accepted","Fungi","Anthracoideaceae","MycoBank",1.25
"F_SHYLM","Stemphylium","genus","accepted","Fungi","Pleosporaceae","MycoBank",1.25
"F_STNLL","Stenella","genus","accepted","Fungi","Teratosphaeriaceae","MycoBank",1.25
"F_STPHNN","Stephanonectria","genus","accepted","Fungi","Bionectriaceae","MycoBank",1.25
"F_STRGM","Sterigmatobotrys","genus","accepted","Fungi","Pleurotheciaceae","MycoBank",1.25
"F_SYSTS","Sterigmatocystis","genus","accepted","Fungi","Trichocomaceae","MycoBank",1.25
"F_STRGMT","Sterigmatomyces","genus","accepted","Fungi","Agaricostilbaceae","MycoBank",1.25
"F_STLBCR","Stilbocrea","genus","accepted","Fungi","Bionectriaceae","MycoBank",1.25
"F_STLBH","Stilbohypoxylon","genus","accepted","Fungi","Xylariaceae","MycoBank",1.25
"F_STLBM","Stilbum","genus","accepted","Fungi","Chionosphaeraceae","MycoBank",1.25
"F_STOLL","Stollia","genus","accepted","Fungi","Ustilaginaceae","MycoBank",1.25
"F_STRSS","Strasseria","genus","accepted","Fungi","Phacidiaceae","MycoBank",1.25
"F_STRTB","Striatibotrys","genus","accepted","Fungi","Stachybotryaceae","MycoBank",1.25
"F_STRTC","Striaticonidium","genus","accepted","Fungi","Stachybotryaceae","MycoBank",1.25
"F_STYLN","Stylonectria","genus","accepted","Fungi","Nectriaceae","MycoBank",1.25
"F_SBPLN","Subplenodomus","genus","accepted","Fungi","Leptosphaeriaceae","MycoBank",1.25
"F_SMNLA","Subramaniula","genus","accepted","Fungi","Chaetomiaceae","MycoBank",1.25
"F_SBLPH","Subuliphorum","genus","accepted","Fungi","Clavicipitaceae","MycoBank",1.25
"F_SGYML","Sugiyamaella","genus","accepted","Fungi","Trichomonascaceae","MycoBank",1.25
"F_SHMYC","Suhomyces","genus","accepted","Fungi","Debaryomycetaceae","MycoBank",1.25
"F_SNGLL","Sungouiella","genus","accepted","Fungi","Metschnikowiaceae","MycoBank",1.25
"F_SNGZY","Sungouiozyma","genus","accepted","Fungi","Saccharomycetaceae","MycoBank",1.25
"F_SYDOW","Sydowia","genus","accepted","Fungi","Dothioraceae","MycoBank",1.25
"F_SYMBT","Symbiotaphrina","genus","accepted","Fungi","Symbiotaphrinaceae","MycoBank",1.25
"F_SYMMT","Symmetrospora","genus","accepted","Fungi","Symmetrosporaceae","MycoBank",1.25
"F_SYRNG","Syringospora","genus","accepted","Fungi","","MycoBank",1.25
"F_SYZYG","Syzygites","genus","accepted","Fungi","Rhizopodaceae","MycoBank",1.25
"F_TNLLL","Taeniolella","genus","accepted","Fungi","Mytilinidiaceae","MycoBank",1.25
"F_TRTSPR","Teretispora","genus","accepted","Fungi","Pleosporaceae","GBIF",1.25
"F_TEUNI","Teunia","genus","accepted","Fungi","Cryptococcaceae","MycoBank",1.25
"F_TNMYC","Teunomyces","genus","accepted","Fungi","Debaryomycetaceae","MycoBank",1.25
"F_THMND","Thamnidium","genus","accepted","Fungi","Thamnidiaceae","MycoBank",1.25
"F_THCPH","Thecaphora","genus","accepted","Fungi","Glomosporiaceae","MycoBank",1.25
"F_THCLS","Theclospora","genus","accepted","Fungi","Trichocomaceae","MycoBank",1.25
"F_THLCT","Thelactis","genus","accepted","Fungi","Mucoraceae","MycoBank",1.25
"F_THLCR","Thelocarpon","genus","accepted","Fungi","Thelocarpaceae","MycoBank",1.25
"F_THRMS","Thermoascus","genus","accepted","Fungi","Thermoascaceae","MycoBank",1.25
"F_THRMMC","Thermomucor","genus","accepted","Fungi","Lichtheimiaceae","GBIF",1.25
"F_THRMTH","Thermothelomyces","genus","accepted","Fungi","Chaetomiaceae","MycoBank",1.25
"F_THYRN","Thyronectria","genus","accepted","Fungi","Nectriaceae","MycoBank",1.25
"F_TGHML","Tieghemella","genus","accepted","Fungi","Mucoraceae","MycoBank",1.25
"F_TLCHL","Tilachlidium","genus","accepted","Fungi","Tilachlidiaceae","MycoBank",1.25
"F_TNTLN","Tintelnotia","genus","accepted","Fungi","Phaeosphaeriaceae","MycoBank",1.25
"F_TLYPC","Tolypocladium","genus","accepted","Fungi","Ophiocordycipitaceae","MycoBank",1.25
"F_TLYPS","Tolyposporella","genus","accepted","Fungi","Tilletiariaceae","MycoBank",1.25
"F_TPSPR","Topospora","genus","accepted","Fungi","Godroniaceae","MycoBank",1.25
"F_TORUL","Torula","genus","accepted","Fungi","Torulaceae","MycoBank",1.25
"F_TRNZS","Tranzscheliella","genus","accepted","Fungi","Ustilaginaceae","MycoBank",1.25
"F_TCHTE","Tremellochaete","genus","accepted","Fungi","Exidiaceae","MycoBank",1.25
"F_TCLDM","Trichocladium","genus","accepted","Fungi","Chaetomiaceae","MycoBank",1.25
"F_THCNS","Trichoconis","genus","accepted","Fungi","","MycoBank",1.25
"F_TNSCS","Trichomonascus","genus","accepted","Fungi","Trichomonascaceae","MycoBank",1.25
"F_TRCHN","Trichonectria","genus","accepted","Fungi","Trichonectriaceae","MycoBank",1.25
"F_TRCHNC","Trichonectriella","genus","accepted","Fungi","Trichonectriaceae","MycoBank",1.25
"F_TPRLLA","Trichosporiella","genus","accepted","Fungi","","MycoBank",1.25
"F_THSPRM","Trichosporum","genus","accepted","Fungi","Piedraiaceae","GBIF",1.25
"F_TRCHTH","Trichothecium","genus","accepted","Fungi","Myrotheciomycetaceae","MycoBank",1.25
"F_TRGNS","Trigonosporomyces","genus","accepted","Fungi","","MycoBank",1.25
"F_TRDMY","Triodiomyces","genus","accepted","Fungi","Ustilaginaceae","MycoBank",1.25
"F_TRPSP","Triposporium","genus","accepted","Fungi","","MycoBank",1.25
"F_TRNCT","Truncatella","genus","accepted","Fungi","Sporocadaceae","MycoBank",1.25
"F_TBRCN","Tuburcinia","genus","accepted","Fungi","Urocystidaceae","MycoBank",1.25
"F_TMNCT","Tumenectria","genus","accepted","Fungi","Nectriaceae","MycoBank",1.25
"F_TYRNN","Tyrannosorus","genus","accepted","Fungi","Venturiaceae","MycoBank",1.25
"F_UDNZY","Udeniozyma","genus","accepted","Fungi","Colacogloeaceae","MycoBank",1.25
"F_UGOLA","Ugola","genus","accepted","Fungi","Lyophyllaceae","MycoBank",1.25
"F_UREDO","Uredo","genus","accepted","Fungi","Pucciniaceae","MycoBank",1.25
"F_URNUL","Urnula","genus","accepted","Fungi","Sarcosomataceae","MycoBank",1.25
"F_URCYS","Urocystis","genus","accepted","Fungi","Urocystidaceae","MycoBank",1.25
"F_USTCY","Ustacystis","genus","accepted","Fungi","Urocystidaceae","MycoBank",1.25
"F_USTLGN","Ustilaginoidea","genus","accepted","Fungi","Clavicipitaceae","MycoBank",1.25
"F_USTLN","Ustilentyloma","genus","accepted","Fungi","Ustilentylomataceae","MycoBank",1.25
"F_UTRCH","Utrechtiana","genus","accepted","Fungi","Pyriculariaceae","MycoBank",1.25
"F_VCPHM","Vacuiphoma","genus","accepted","Fungi","Didymellaceae","MycoBank",1.25
"F_VLSNC","Valsonectria","genus","accepted","Fungi","Valsonectriaceae","MycoBank",1.25
"F_VANRJ","Vanrija","genus","accepted","Fungi","Trichosporonaceae","MycoBank",1.25
"F_VNSTM","Venustampulla","genus","accepted","Fungi","Pleuroascaceae","MycoBank",1.25
"F_VRMCLR","Vermicularia","genus","accepted","Fungi","Glomerellaceae","MycoBank",1.25
"F_VERON","Veronaea","genus","accepted","Fungi","Herpotrichiellaceae","MycoBank",1.25
"F_VRNPS","Veronaeopsis","genus","accepted","Fungi","Sympoventuriaceae","MycoBank",1.25
"F_VRRCC","Verruciconidia","genus","accepted","Fungi","Bionectriaceae","MycoBank",1.25
"F_VRTCC","Verticicladium","genus","accepted","Fungi","Chorioactidaceae","GBIF",1.25
"F_VIRGR","Virgaria","genus","accepted","Fungi","Xylariaceae","MycoBank",1.25
"F_VRGTS","Virgatospora","genus","accepted","Fungi","","MycoBank",1.25
"F_VLTLL","Volutella","genus","accepted","Fungi","Nectriaceae","MycoBank",1.25
"F_VNRXL","Vonarxula","genus","accepted","Fungi","","MycoBank",1.25
"F_WLTRG","Waltergamsia","genus","accepted","Fungi","Bionectriaceae","MycoBank",1.25
"F_WRCPL","Warcupiella","genus","accepted","Fungi","Aspergillaceae","MycoBank",1.25
"F_WRDMY","Wardomyces","genus","accepted","Fungi","Microascaceae","GBIF",1.25
"F_WCPSS","Wardomycopsis","genus","accepted","Fungi","Microascaceae","MycoBank",1.25
"F_WBSDN","Websdanea","genus","accepted","Fungi","Websdaneaceae","MycoBank",1.25
"F_WLHLM","Wilhelminamyces","genus","accepted","Fungi","Metschnikowiaceae","MycoBank",1.25
"F_XNTHMY","Xanthiomyces","genus","accepted","Fungi","Chaetomiaceae","MycoBank",1.25
"F_XNTHN","Xanthonectria","genus","accepted","Fungi","Xanthonectriaceae","MycoBank",1.25
"F_XNCRM","Xenoacremonium","genus","accepted","Fungi","Nectriaceae","MycoBank",1.25
"F_XNCYL","Xenocylindrocladium","genus","accepted","Fungi","Nectriaceae","MycoBank",1.25
"F_XNDDY","Xenodidymella","genus","accepted","Fungi","Didymellaceae","MycoBank",1.25
"F_XNNCT","Xenonectriella","genus","accepted","Fungi","Nectriaceae","MycoBank",1.25
"F_XNPYR","Xenopyrenochaetopsis","genus","accepted","Fungi","Pyrenochaetopsidaceae","MycoBank",1.25
"F_XRCHR","Xerochrysium","genus","accepted","Fungi","Aspergillaceae","MycoBank",1.25
"F_YELSM","Yelsemia","genus","accepted","Fungi","Melanotaeniaceae","MycoBank",1.25
"F_YUNNN","Yunnania","genus","accepted","Fungi","Microascaceae","MycoBank",1.25
"F_YNZHN","Yunzhangia","genus","accepted","Fungi","","MycoBank",1.25
"F_ZAREA","Zarea","genus","accepted","Fungi","Cordycipitaceae","MycoBank",1.25
"F_ZSMDM","Zasmidium","genus","accepted","Fungi","Mycosphaerellaceae","MycoBank",1.25
"F_ZLPCL","Zelopaecilomyces","genus","accepted","Fungi","","MycoBank",1.25
"F_ZYGSCS","Zygoascus","genus","accepted","Fungi","Trichomonascaceae","MycoBank",1.25
"F_ZYMNM","Zymonema","genus","accepted","Fungi","","MycoBank",1.25
"F_ZYTHI","Zythia","genus","accepted","Fungi","Zythiaceae","MycoBank",1.25
"F_ABRTH_LOBR","Abrothallus lobariae","species","accepted","Fungi","Abrothallaceae","MycoBank",1.25
"F_ABRTH_PSRM","Abrothallus psoromatis","species","accepted","Fungi","Abrothallaceae","MycoBank",1.25
"F_ABSID_ARRH","Absidia arrhiza","species","accepted","Fungi","Cunninghamellaceae","MycoBank",1.25
"F_ABSID_CHNG","Absidia cheongyangensis","species","accepted","Fungi","Cunninghamellaceae","MycoBank",1.25
"F_ABSID_CLLR","Absidia collariata","species","accepted","Fungi","Cunninghamellaceae","MycoBank",1.25
"F_ABSID_CRYS","Absidia crystalloides","species","accepted","Fungi","Cunninghamellaceae","MycoBank",1.25
"F_ABSID_STVE","Absidia fassatiovae","species","accepted","Fungi","Cunninghamellaceae","MycoBank",1.25
"F_ABSID_FLUV","Absidia fluvii","species","accepted","Fungi","Cunninghamellaceae","MycoBank",1.25
"F_ABSID_GNSN","Absidia ginsan","species","synonym","Fungi","Cunninghamellaceae","GBIF",1.25
"F_ABSID_GRCL","Absidia gracilis","species","synonym","Fungi","Cunninghamellaceae","GBIF",1.25
"F_ABSID_HNNN","Absidia hainanensis","species","accepted","Fungi","Cunninghamellaceae","MycoBank",1.25
"F_ABSID_HSSL","Absidia hesseltinei","species","synonym","Fungi","Cunninghamellaceae","GBIF",1.25
"F_ABSID_KNRY","Absidia kunryangriensis","species","accepted","Fungi","Cunninghamellaceae","MycoBank",1.25
"F_ABSID_MNGL","Absidia menglianensis","species","accepted","Fungi","Cunninghamellaceae","MycoBank",1.25
"F_ABSID_RNGA","Absidia microsporangia","species","accepted","Fungi","Cunninghamellaceae","MycoBank",1.25
"F_ABSID_PCFC","Absidia pacifica","species","accepted","Fungi","Cunninghamellaceae","MycoBank",1.25
"F_ABSID_PRCY","Absidia paracylindrospora","species","accepted","Fungi","Cunninghamellaceae","MycoBank",1.25
"F_ABSID_PTRF","Absidia pateriformis","species","accepted","Fungi","Cunninghamellaceae","MycoBank",1.25
"F_ABSID_PYRF","Absidia pyriformis","species","accepted","Fungi","Cunninghamellaceae","MycoBank",1.25
"F_ABSID_REGNR","Absidia regneri","species","synonym","Fungi","Cunninghamellaceae","GBIF",1.25
"F_ABSID_SMPL","Absidia simplex","species","accepted","Fungi","Cunninghamellaceae","MycoBank",1.25
"F_ABSID_SPHRC","Absidia sphaerica","species","accepted","Fungi","Cunninghamellaceae","MycoBank",1.25
"F_ABSID_SYMP","Absidia sympodialis","species","accepted","Fungi","Cunninghamellaceae","GBIF",1.25
"F_ABSID_TARD","Absidia tarda","species","accepted","Fungi","Cunninghamellaceae","MycoBank",1.25
"F_ABSID_TRDV","Absidia tardiva","species","accepted","Fungi","Cunninghamellaceae","MycoBank",1.25
"F_ABSID_THLN","Absidia thailandica","species","accepted","Fungi","Cunninghamellaceae","MycoBank",1.25
"F_ABSID_TBTN","Absidia tibetensis","species","accepted","Fungi","Cunninghamellaceae","MycoBank",1.25
"F_ABSID_URQH","Absidia urquhartii","species","accepted","Fungi","Cunninghamellaceae","MycoBank",1.25
"F_ABSID_VRPR","Absidia variiprojecta","species","accepted","Fungi","Cunninghamellaceae","MycoBank",1.25
"F_ABSID_VRSP","Absidia variispora","species","accepted","Fungi","Cunninghamellaceae","MycoBank",1.25
"F_ABSID_VRDS","Absidia viridis","species","accepted","Fungi","Cunninghamellaceae","MycoBank",1.25
"P_ACNTH_BYRS","Acanthamoeba byersi","species","accepted","Protozoa","Acanthamoebidae","GBIF",1.25
"P_ACNTH_DVNN","Acanthamoeba divionensis","species","accepted","Protozoa","Acanthamoebidae","GBIF",1.25
"P_ACNTH_HELY","Acanthamoeba healyi","species","accepted","Protozoa","Acanthamoebidae","GBIF",1.25
"P_ACNTH_JCBS","Acanthamoeba jacobsi","species","accepted","Protozoa","Acanthamoebidae","GBIF",1.25
"P_ACNTH_LGDN","Acanthamoeba lugdunensis","species","accepted","Protozoa","Acanthamoebidae","GBIF",1.25
"P_ACNTH_MRTN","Acanthamoeba mauritaniensis","species","accepted","Protozoa","Acanthamoebidae","GBIF",1.25
"P_ACNTH_MCHL","Acanthamoeba micheli","species","accepted","Protozoa","Acanthamoebidae","GBIF",1.25
"P_ACNTH_PERC","Acanthamoeba pearcei","species","accepted","Protozoa","Acanthamoebidae","GBIF",1.25
"P_ACNTH_PSTL","Acanthamoeba pustulosa","species","accepted","Protozoa","Acanthamoebidae","GBIF",1.25
"P_ACNTH_QUIN","Acanthamoeba quina","species","accepted","Protozoa","Acanthamoebidae","GBIF",1.25
"P_ACNTH_STVN","Acanthamoeba stevensoni","species","accepted","Protozoa","Acanthamoebidae","GBIF",1.25
"P_ACNTH_TRNG","Acanthamoeba triangularis","species","accepted","Protozoa","Acanthamoebidae","GBIF",1.25
"F_ACALM_ACRM","Acaulium acremonium","species","accepted","Fungi","Microascaceae","MycoBank",1.25
"F_ACALM_ALBN","Acaulium albonigrescens","species","accepted","Fungi","Microascaceae","MycoBank",1.25
"F_ACALM_ALBM","Acaulium album","species","accepted","Fungi","Microascaceae","MycoBank",1.25
"F_ACALM_CVRF","Acaulium caviariforme","species","accepted","Fungi","Microascaceae","MycoBank",1.25
"F_ACALM_VLCM","Acaulium violaceum","species","accepted","Fungi","Microascaceae","MycoBank",1.25
"F_ACHTM_GRCL","Achaetomiella gracilis","species","accepted","Fungi","Chaetomiaceae","MycoBank",1.25
"F_ACHTM_VRSC","Achaetomiella virescens","species","accepted","Fungi","Chaetomiaceae","MycoBank",1.25
"F_AHTMM_LUTM","Achaetomium luteum","species","accepted","Fungi","Chaetomiaceae","MycoBank",1.25
"F_AHTMM_SPHR","Achaetomium sphaerocarpum","species","accepted","Fungi","Chaetomiaceae","MycoBank",1.25
"F_AHTMM_STRM","Achaetomium strumarium","species","accepted","Fungi","Chaetomiaceae","MycoBank",1.25
"F_ACHRN_ANNL","Achorion annulosa","species","accepted","Fungi","Arthrodermataceae","MycoBank",1.25
"F_ACHRN_BRMP","Achorion brumptii","species","accepted","Fungi","Arthrodermataceae","MycoBank",1.25
"F_ACHRN_MLCH","Achorion milochevitchi","species","accepted","Fungi","Arthrodermataceae","MycoBank",1.25
"F_ACHRN_SERS","Achorion serisei","species","accepted","Fungi","Arthrodermataceae","MycoBank",1.25
"F_ACDMY_ACDP","Acidomyces acidophilus","species","accepted","Fungi","Teratosphaeriaceae","MycoBank",1.25
"F_ACDTL_LGNR","Acidotalaromyces lignorum","species","accepted","Fungi","Trichocomaceae","MycoBank",1.25
"F_ACLDM_ROSM","Acladium roseum","species","accepted","Fungi","Botryobasidiaceae","MycoBank",1.25
"F_ACRMNL_ATRA","Acremoniella atra","species","accepted","Fungi","","MycoBank",1.25
"F_ACRMNL_VCCN","Acremoniella vaccinii","species","accepted","Fungi","","MycoBank",1.25
"F_AMNTS_SCCN","Acremonites succineus","species","accepted","Fungi","","MycoBank",1.25
"F_ACRMN_AGPN","Acremonium agapanthi","species","accepted","Fungi","Bionectriaceae","MycoBank",1.25
"F_ACRMN_DSCI","Acremonium chaetodasci","species","synonym","Fungi","Bionectriaceae","GBIF",1.25
"F_ACRMN_NGRB","Acremonium nigrobrunneum","species","accepted","Fungi","Bionectriaceae","MycoBank",1.25
"F_ACRMN_PRML","Acremonium paramultiramosum","species","accepted","Fungi","Bionectriaceae","MycoBank",1.25
"F_ACRMN_QRCV","Acremonium quercivorum","species","accepted","Fungi","Bionectriaceae","MycoBank",1.25
"F_ACRMN_VNDR","Acremonium vanderkolkii","species","accepted","Fungi","Bionectriaceae","MycoBank",1.25
"F_ACRDN_CRTR","Acrodontium crateriforme","species","accepted","Fungi","Teratosphaeriaceae","MycoBank",1.25
"F_ACRDN_GRSM","Acrodontium griseum","species","accepted","Fungi","Teratosphaeriaceae","GBIF",1.25
"F_ACRDN_SMPL","Acrodontium simplex","species","accepted","Fungi","Teratosphaeriaceae","MycoBank",1.25
"F_ACRDN_VRLL","Acrodontium virellum","species","accepted","Fungi","Teratosphaeriaceae","MycoBank",1.25
"F_ACRPH_AMPL","Acrophialophora ampullaris","species","accepted","Fungi","Chaetomiaceae","MycoBank",1.25
"F_ACRPH_PHRA","Acrophialophora ampulliphora","species","accepted","Fungi","Chaetomiaceae","MycoBank",1.25
"F_ACRPH_BFRM","Acrophialophora biformis","species","accepted","Fungi","Chaetomiaceae","MycoBank",1.25
"F_ACRPH_CINR","Acrophialophora cinerea","species","accepted","Fungi","Chaetomiaceae","MycoBank",1.25
"F_ACRPH_CRTC","Acrophialophora curticatenata","species","accepted","Fungi","Chaetomiaceae","MycoBank",1.25
"F_ACRPH_FRCT","Acrophialophora furcata","species","accepted","Fungi","Chaetomiaceae","MycoBank",1.25
"F_ACRPH_FSSP","Acrophialophora fusispora","species","accepted","Fungi","Chaetomiaceae","MycoBank",1.25
"F_ACRPH_JDHP","Acrophialophora jodhpurensis","species","accepted","Fungi","Chaetomiaceae","MycoBank",1.25
"F_ACRPH_MAJR","Acrophialophora major","species","accepted","Fungi","Chaetomiaceae","MycoBank",1.25
"F_ACRST_LTLB","Acrostalagmus luteoalbus","species","accepted","Fungi","Plectosphaerellaceae","MycoBank",1.25
"F_AHYLS_PLVR","Acrostaphylus pulvereus","species","accepted","Fungi","Hypoxylaceae","GBIF",1.25
"F_ACTNC_JPNC","Actinocephalum japonicum","species","accepted","Fungi","Cunninghamellaceae","MycoBank",1.25
"F_ACTNMR_AMBG","Actinomortierella ambigua","species","accepted","Fungi","Mortierellaceae","GBIF",1.25
"F_ACTNMR_CPTT","Actinomortierella capitata","species","accepted","Fungi","Mortierellaceae","GBIF",1.25
"F_ACTNMR_WOLF","Actinomortierella wolfii","species","accepted","Fungi","Mortierellaceae","GBIF",1.25
"F_ACTNM_CRYM","Actinomucor corymbosus","species","synonym","Fungi","Mucoraceae","GBIF",1.25
"F_ACTON_TRPC","Actonia tropicalis","species","accepted","Fungi","","MycoBank",1.25
"B_AEDDP_COXI","Aedoeadaptatus coxii","species","synonym","Bacteria","Peptoniphilaceae","LPSN",1.25
"B_AEDDP_NMSN","Aedoeadaptatus nemausensis","species","synonym","Bacteria","Peptoniphilaceae","LPSN",1.25
"F_AEQBL_EFFS","Aequabiliella effusa","species","accepted","Fungi","Celotheliaceae","MycoBank",1.25
"F_AGRCS_MLTF","Agaricus multifidus","species","accepted","Fungi","Agaricaceae","MycoBank",1.25
"F_AGRCS_MYA","Agaricus mya","species","accepted","Fungi","Agaricaceae","MycoBank",1.25
"F_AHMDG_EPHR","Ahmadiago euphorbiae","species","accepted","Fungi","Ustilaginaceae","MycoBank",1.25
"F_ALBNC_ALBS","Albonectria albosuccinea","species","accepted","Fungi","Nectriaceae","MycoBank",1.25
"F_ALBNC_RGDS","Albonectria rigidiuscula","species","accepted","Fungi","Nectriaceae","MycoBank",1.25
"F_ALBNC_VRRC","Albonectria verrucosa","species","accepted","Fungi","Nectriaceae","MycoBank",1.25
"F_ALRSM_ERBS","Aleurisma erubescens","species","accepted","Fungi","Hypocreaceae","MycoBank",1.25
"F_ALRSM_GRNL","Aleurisma granulosum","species","accepted","Fungi","Hypocreaceae","MycoBank",1.25
"F_ALRSM_MCRS","Aleurisma macrosporum","species","accepted","Fungi","Hypocreaceae","MycoBank",1.25
"F_ALRDS_VTLL","Aleurodiscus vitellinus","species","accepted","Fungi","Stereaceae","GBIF",1.25
"F_AMPSS_CYTS","Allantophomopsis cytisporea","species","accepted","Fungi","Phacidiaceae","MycoBank",1.25
"F_ALLXD_CALC","Alloexidiopsis calcea","species","accepted","Fungi","Auriculariaceae","GBIF",1.25
"F_ALLMS_DMSC","Allomusicillium domschii","species","accepted","Fungi","Plectosphaerellaceae","MycoBank",1.25
"F_ALLNM_ROSM","Allonema roseum","species","accepted","Fungi","","MycoBank",1.25
"F_ALLPHM_LBLS","Allophoma labilis","species","accepted","Fungi","Didymellaceae","MycoBank",1.25
"F_ALLPHM_MINR","Allophoma minor","species","accepted","Fungi","Didymellaceae","MycoBank",1.25
"F_ALLPHM_PPRS","Allophoma piperis","species","accepted","Fungi","Didymellaceae","MycoBank",1.25
"F_ALLPHM_TRPC","Allophoma tropica","species","accepted","Fungi","Didymellaceae","MycoBank",1.25
"F_ALLPHM_ZNTD","Allophoma zantedeschiae","species","accepted","Fungi","Didymellaceae","MycoBank",1.25
"F_ALTRN_ARID","Alternaria arida","species","accepted","Fungi","Pleosporaceae","MycoBank",1.25
"F_ALTRN_AVRN","Alternaria avrinica","species","accepted","Fungi","Pleosporaceae","MycoBank",1.25
"F_ALTRN_AZRB","Alternaria azarbaijanica","species","accepted","Fungi","Pleosporaceae","MycoBank",1.25
"F_ALTRN_CNNB","Alternaria cannabina","species","accepted","Fungi","Pleosporaceae","MycoBank",1.25
"F_ALTRN_CRCF","Alternaria caricifolia","species","accepted","Fungi","Pleosporaceae","MycoBank",1.25
"F_ALTRN_CSPC","Alternaria caspica","species","accepted","Fungi","Pleosporaceae","MycoBank",1.25
"F_ALTRN_CYPER","Alternaria cyperi","species","accepted","Fungi","Pleosporaceae","MycoBank",1.25
"F_ALTRN_ELCH","Alternaria eleocharidis","species","accepted","Fungi","Pleosporaceae","MycoBank",1.25
"F_ALTRN_HRNS","Alternaria eleuthrines","species","synonym","Fungi","Pleosporaceae","GBIF",1.25
"F_ALTRN_SDLS","Alternaria ellipsoidialis","species","accepted","Fungi","Pleosporaceae","GBIF",1.25
"F_ALTRN_ELSR","Alternaria elsarustiae","species","accepted","Fungi","Pleosporaceae","MycoBank",1.25
"F_ALTRN_FRCT","Alternaria fructicola","species","accepted","Fungi","Pleosporaceae","MycoBank",1.25
"F_ALTRN_GNZN","Alternaria ganziensis","species","accepted","Fungi","Pleosporaceae","MycoBank",1.25
"F_ALTRN_GLHN","Alternaria glehniae","species","accepted","Fungi","Pleosporaceae","GBIF",1.25
"F_ALTRN_HLTL","Alternaria halotolerans","species","accepted","Fungi","Pleosporaceae","MycoBank",1.25
"F_ALTRN_IRNN","Alternaria iraniana","species","accepted","Fungi","Pleosporaceae","MycoBank",1.25
"F_ALTRN_JNGZ","Alternaria jingzhouensis","species","accepted","Fungi","Pleosporaceae","MycoBank",1.25
"F_ALTRN_JNCI","Alternaria junci-inflexi","species","synonym","Fungi","Pleosporaceae","MycoBank",1.25
"F_ALTRN_KNSE","Alternaria kansuiae","species","synonym","Fungi","Pleosporaceae","GBIF",1.25
"F_ALTRN_LNGF","Alternaria longiformis","species","accepted","Fungi","Pleosporaceae","MycoBank",1.25
"F_ALTRN_CFLA","Alternaria lycopersicifolia","species","accepted","Fungi","Pleosporaceae","MycoBank",1.25
"F_ALTRN_MCRCP","Alternaria macrocephalae","species","accepted","Fungi","Pleosporaceae","MycoBank",1.25
"F_ALTRN_MLNGN","Alternaria melongenicola","species","accepted","Fungi","Pleosporaceae","MycoBank",1.25
"F_ALTRN_MMRD","Alternaria momordicae","species","accepted","Fungi","Pleosporaceae","MycoBank",1.25
"F_ALTRN_MYNM","Alternaria myanmarensis","species","accepted","Fungi","Pleosporaceae","MycoBank",1.25
"F_ALTRN_ZCLA","Alternaria oryzicola","species","accepted","Fungi","Pleosporaceae","MycoBank",1.25
"F_ALTRN_ODRG","Alternaria ouedrighensis","species","accepted","Fungi","Pleosporaceae","MycoBank",1.25
"F_ALTRN_PRSC","Alternaria persica","species","accepted","Fungi","Pleosporaceae","MycoBank",1.25
"F_ALTRN_PHNC","Alternaria phoenicis","species","accepted","Fungi","Pleosporaceae","MycoBank",1.25
"F_ALTRN_POAE","Alternaria poae","species","accepted","Fungi","Pleosporaceae","MycoBank",1.25
"F_ALTRN_RDCC","Alternaria radicicola","species","accepted","Fungi","Pleosporaceae","MycoBank",1.25
"F_ALTRN_SLKD","Alternaria salkadehensis","species","accepted","Fungi","Pleosporaceae","MycoBank",1.25
"F_ALTRN_SCHN","Alternaria schoenoplecti","species","accepted","Fungi","Pleosporaceae","MycoBank",1.25
"F_ALTRN_SMVR","Alternaria semiverrucosa","species","accepted","Fungi","Pleosporaceae","MycoBank",1.25
"F_ALTRN_TGTE","Alternaria tagetis-erectae","species","accepted","Fungi","Pleosporaceae","MycoBank",1.25
"F_ALTRN_TMNT","Alternaria tomentosae","species","accepted","Fungi","Pleosporaceae","MycoBank",1.25
"F_ALTRN_URMN","Alternaria urmiana","species","accepted","Fungi","Pleosporaceae","MycoBank",1.25
"F_ALTRN_VICT","Alternaria vicatiae","species","accepted","Fungi","Pleosporaceae","GBIF",1.25
"F_ALTRN_XNYNN","Alternaria xinyanensis","species","accepted","Fungi","Pleosporaceae","GBIF",1.25
"F_ALTRN_XZNG","Alternaria xizangensis","species","accepted","Fungi","Pleosporaceae","MycoBank",1.25
"F_ALTRN_YMTH","Alternaria yamethinensis","species","accepted","Fungi","Pleosporaceae","MycoBank",1.25
"F_ALTRN_YCHN","Alternaria yichangensis","species","accepted","Fungi","Pleosporaceae","MycoBank",1.25
"F_ALTRN_YYNG","Alternaria youyangensis","species","accepted","Fungi","Pleosporaceae","GBIF",1.25
"F_ALTRN_ZEAE","Alternaria zeae","species","accepted","Fungi","Pleosporaceae","MycoBank",1.25
"F_ARSTR_HLNT","Alternariaster helianthi","species","accepted","Fungi","Leptosphaeriaceae","MycoBank",1.25
"F_ALYSD_HYPP","Alysidium hypophleodes","species","accepted","Fungi","Botryobasidiaceae","MycoBank",1.25
"F_ALYTS_GRSF","Alytosporium griseoflavum","species","accepted","Fungi","Pezizaceae","MycoBank",1.25
"F_ALYTS_JBTM","Alytosporium jubatum","species","accepted","Fungi","Pezizaceae","MycoBank",1.25
"F_ALYTS_MOLL","Alytosporium molle","species","accepted","Fungi","Pezizaceae","MycoBank",1.25
"F_AMBRSZ_ANGP","Ambrosiozyma angophorae","species","accepted","Fungi","Pichiaceae","MycoBank",1.25
"F_AMBRSZ_CCTR","Ambrosiozyma cicatricosa","species","accepted","Fungi","Pichiaceae","MycoBank",1.25
"F_AMBRSZ_KSHN","Ambrosiozyma kashinagicola","species","accepted","Fungi","Pichiaceae","MycoBank",1.25
"F_AMBRSZ_LLNQ","Ambrosiozyma llanquihuensis","species","accepted","Fungi","Pichiaceae","MycoBank",1.25
"F_AMBRSZ_MNSP","Ambrosiozyma monospora","species","accepted","Fungi","Pichiaceae","MycoBank",1.25
"F_AMBRSZ_PLTY","Ambrosiozyma platypodis","species","accepted","Fungi","Pichiaceae","MycoBank",1.25
"F_AMBRSZ_PSDV","Ambrosiozyma pseudovanderkliftii","species","accepted","Fungi","Pichiaceae","MycoBank",1.25
"F_AMBRSZ_VNDR","Ambrosiozyma vanderkliftii","species","accepted","Fungi","Pichiaceae","MycoBank",1.25
"F_AMRDT_JGLN","Amerodothis juglandis","species","accepted","Fungi","Didymellaceae","GBIF",1.25
"F_AMESI_ATRB","Amesia atrobrunnea","species","accepted","Fungi","Chaetomiaceae","MycoBank",1.25
"F_AMESI_CYMB","Amesia cymbiformis","species","accepted","Fungi","Chaetomiaceae","MycoBank",1.25
"F_AMESI_DRYF","Amesia dreyfussii","species","accepted","Fungi","Chaetomiaceae","MycoBank",1.25
"F_AMESI_GLSN","Amesia gelasinospora","species","accepted","Fungi","Chaetomiaceae","MycoBank",1.25
"F_AMESI_NGRC","Amesia nigricolor","species","accepted","Fungi","Chaetomiaceae","MycoBank",1.25
"F_AMESI_RAII","Amesia raii","species","accepted","Fungi","Chaetomiaceae","MycoBank",1.25
"F_AMNCL_LNGS","Amniculicola longissima","species","accepted","Fungi","Amniculicolaceae","MycoBank",1.25
"P_AMOEB_DPLD","Amoeba diploidea","species","synonym","Protozoa","Amoebidae","GBIF",1.25
"P_AMOEB_LNNG","Amoeba leningradensis","species","accepted","Protozoa","Amoebidae","GBIF",1.25
"P_AMOEB_PLCH","Amoeba pulchra","species","synonym","Protozoa","Amoebidae","GBIF",1.25
"F_AMRPHT_RESN","Amorphotheca resinae","species","accepted","Fungi","Amorphothecaceae","MycoBank",1.25
"F_AMPHCH_FELN","Amphichorda felina","species","accepted","Fungi","Cordycipitaceae","MycoBank",1.25
"F_AMPHL_GYRS","Amphilogia gyrosa","species","accepted","Fungi","Cryphonectriaceae","MycoBank",1.25
"F_AMPHS_PTRC","Amphisphaeria petrucciana","species","accepted","Fungi","Amphisphaeriaceae","MycoBank",1.25
"F_AMPHT_ARAL","Amphitrichum araliae","species","accepted","Fungi","","MycoBank",1.25
"AN_ANCYL_BDNS","Ancylostoma bidens","species","accepted","Animalia","Ancylostomatidae","GBIF",1.25
"AN_ANCYL_MCRN","Ancylostoma mucronatum","species","accepted","Animalia","Ancylostomatidae","GBIF",1.25
"AN_ANCYL_MYCT","Ancylostoma mycetis","species","synonym","Animalia","Ancylostomatidae","GBIF",1.25
"AN_ANCYL_QDRD","Ancylostoma quadridentatum","species","accepted","Animalia","Ancylostomatidae","GBIF",1.25
"AN_ANGST_TEN","Angiostrongylus ten","species","accepted","Animalia","Metastrongylidae","GBIF",1.25
"F_ANGLL_ANGL","Anguillospora angulata","species","accepted","Fungi","Amniculicolaceae","MycoBank",1.25
"F_ANGLL_FLFR","Anguillospora filiformis","species","accepted","Fungi","Amniculicolaceae","MycoBank",1.25
"F_ANSGR_VPRS","Anisogramma vepris","species","accepted","Fungi","Gnomoniaceae","GBIF",1.25
"F_ANTHRSP_ALBC","Antherospora albucae","species","accepted","Fungi","Floromycetaceae","MycoBank",1.25
"F_ANTHRSP_MSCB","Antherospora muscari-botryoidis","species","accepted","Fungi","Floromycetaceae","GBIF",1.25
"F_ANTHRSP_PGLR","Antherospora peglerae","species","accepted","Fungi","Floromycetaceae","MycoBank",1.25
"F_ANTHRSP_SCLL","Antherospora scillae","species","accepted","Fungi","Floromycetaceae","MycoBank",1.25
"F_ANTHRSP_TRNX","Antherospora tourneuxii","species","accepted","Fungi","Floromycetaceae","MycoBank",1.25
"F_ANTHRSP_URGN","Antherospora urgineae","species","accepted","Fungi","Floromycetaceae","MycoBank",1.25
"F_ANTHRSP_VLLN","Antherospora vaillantii","species","accepted","Fungi","Floromycetaceae","MycoBank",1.25
"F_AYSTS_ANDA","Anthracocystis andropogonis-aciculati","species","accepted","Fungi","Ustilaginaceae","GBIF",1.25
"F_AYSTS_ANDF","Anthracocystis andropogonis-finitimi","species","accepted","Fungi","Ustilaginaceae","GBIF",1.25
"F_AYSTS_CNCH","Anthracocystis cenchri","species","accepted","Fungi","Ustilaginaceae","MycoBank",1.25
"F_AYSTS_CNFS","Anthracocystis confusa","species","accepted","Fungi","Ustilaginaceae","MycoBank",1.25
"F_AYSTS_CNGN","Anthracocystis congensis","species","accepted","Fungi","Ustilaginaceae","MycoBank",1.25
"F_AYSTS_CRYP","Anthracocystis crypta","species","accepted","Fungi","Ustilaginaceae","MycoBank",1.25
"F_AYSTS_PTCA","Anthracocystis cryptica","species","accepted","Fungi","Ustilaginaceae","MycoBank",1.25
"F_AYSTS_DSTR","Anthracocystis destruens","species","accepted","Fungi","Ustilaginaceae","MycoBank",1.25
"F_AYSTS_DURN","Anthracocystis duranii","species","accepted","Fungi","Ustilaginaceae","MycoBank",1.25
"F_AYSTS_ELNR","Anthracocystis elionuri","species","accepted","Fungi","Ustilaginaceae","MycoBank",1.25
"F_AYSTS_ENTR","Anthracocystis enteromorpha","species","accepted","Fungi","Ustilaginaceae","MycoBank",1.25
"F_AYSTS_FLCC","Anthracocystis flocculosa","species","accepted","Fungi","Ustilaginaceae","MycoBank",1.25
"F_AYSTS_FRMS","Anthracocystis formosana","species","accepted","Fungi","Ustilaginaceae","MycoBank",1.25
"F_AYSTS_GRNT","Anthracocystis guaranitica","species","accepted","Fungi","Ustilaginaceae","MycoBank",1.25
"F_AYSTS_HTSN","Anthracocystis hotsonii","species","accepted","Fungi","Ustilaginaceae","MycoBank",1.25
"F_AYSTS_ISCH","Anthracocystis ischaemoides","species","accepted","Fungi","Ustilaginaceae","MycoBank",1.25
"F_AYSTS_LCST","Anthracocystis leucostachys","species","accepted","Fungi","Ustilaginaceae","MycoBank",1.25
"F_AYSTS_NARD","Anthracocystis nardi","species","accepted","Fungi","Ustilaginaceae","MycoBank",1.25
"F_AYSTS_OVAR","Anthracocystis ovaria","species","accepted","Fungi","Ustilaginaceae","MycoBank",1.25
"F_AYSTS_PMPR","Anthracocystis pampara","species","accepted","Fungi","Ustilaginaceae","MycoBank",1.25
"F_AYSTS_PNCL","Anthracocystis panici-leucophaei","species","accepted","Fungi","Ustilaginaceae","GBIF",1.25
"F_AYSTS_PNCP","Anthracocystis panici-petrosi","species","accepted","Fungi","Ustilaginaceae","GBIF",1.25
"F_AYSTS_PARD","Anthracocystis parodii","species","accepted","Fungi","Ustilaginaceae","MycoBank",1.25
"F_AYSTS_PSPT","Anthracocystis paspali-thunbergii","species","accepted","Fungi","Ustilaginaceae","GBIF",1.25
"F_AYSTS_PNNS","Anthracocystis penniseti","species","accepted","Fungi","Ustilaginaceae","MycoBank",1.25
"F_AYSTS_PLYT","Anthracocystis polytriadis","species","accepted","Fungi","Ustilaginaceae","MycoBank",1.25
"F_AYSTS_SCHF","Anthracocystis scheffleri","species","accepted","Fungi","Ustilaginaceae","MycoBank",1.25
"F_AYSTS_SETR","Anthracocystis setariae","species","accepted","Fungi","Ustilaginaceae","MycoBank",1.25
"F_AYSTS_SPRM","Anthracocystis spermoidea","species","accepted","Fungi","Ustilaginaceae","MycoBank",1.25
"F_AYSTS_STPR","Anthracocystis stipara","species","accepted","Fungi","Ustilaginaceae","MycoBank",1.25
"F_AYSTS_TMBT","Anthracocystis tembuti","species","accepted","Fungi","Ustilaginaceae","MycoBank",1.25
"F_AYSTS_UGND","Anthracocystis ugandensis","species","accepted","Fungi","Ustilaginaceae","MycoBank",1.25
"F_ARCDA_CRCS","Anthracoidea caricis","species","accepted","Fungi","Anthracoideaceae","MycoBank",1.25
"F_ARCDA_CRPH","Anthracoidea carphae","species","accepted","Fungi","Anthracoideaceae","MycoBank",1.25
"F_ARCDA_SCRP","Anthracoidea scirpi","species","accepted","Fungi","Anthracoideaceae","MycoBank",1.25
"F_ARCDA_SCLR","Anthracoidea sclerotiformis","species","accepted","Fungi","Anthracoideaceae","MycoBank",1.25
"F_ARCDA_SBNC","Anthracoidea subinclusa","species","accepted","Fungi","Anthracoideaceae","MycoBank",1.25
"F_APNDL_STRM","Apenidiella strumelloidea","species","accepted","Fungi","Teratosphaeriaceae","MycoBank",1.25
"F_APHNS_CRSS","Aphanoascus crassitunicatus","species","accepted","Fungi","Onygenaceae","MycoBank",1.25
"F_APHNS_JNGZ","Aphanoascus jingzhouensis","species","accepted","Fungi","Onygenaceae","MycoBank",1.25
"F_APHNS_KRTN","Aphanoascus keratinophilus","species","accepted","Fungi","Onygenaceae","MycoBank",1.25
"F_APHNC_ALBM","Aphanocladium album","species","accepted","Fungi","Nectriaceae","MycoBank",1.25
"F_APHDM_APHC","Aphidomyces aphalarae-calthae","species","accepted","Fungi","","GBIF",1.25
"F_APHDM_APHD","Aphidomyces aphidis","species","accepted","Fungi","","MycoBank",1.25
"F_APHDM_DRPN","Aphidomyces drepanosiphi","species","accepted","Fungi","","MycoBank",1.25
"F_APHDM_PSYF","Aphidomyces psyllae-foersteri","species","accepted","Fungi","","GBIF",1.25
"F_APHDM_SULC","Aphidomyces sulcii","species","accepted","Fungi","","MycoBank",1.25
"F_APGNM_PLTN","Apiognomonia platani","species","accepted","Fungi","Gnomoniaceae","MycoBank",1.25
"F_APGNM_VENT","Apiognomonia veneta","species","accepted","Fungi","Gnomoniaceae","GBIF",1.25
"F_APTRC_AKYS","Apiotrichum akiyoshidainum","species","accepted","Fungi","Trichosporonaceae","MycoBank",1.25
"F_APTRC_BRSS","Apiotrichum brassicae","species","accepted","Fungi","Trichosporonaceae","MycoBank",1.25
"F_APTRC_CCLP","Apiotrichum cacaoliposimile","species","accepted","Fungi","Trichosporonaceae","MycoBank",1.25
"F_APTRC_CHRP","Apiotrichum chiropterorum","species","accepted","Fungi","Trichosporonaceae","MycoBank",1.25
"F_APTRC_CPRP","Apiotrichum coprophilum","species","accepted","Fungi","Trichosporonaceae","MycoBank",1.25
"F_APTRC_CRVT","Apiotrichum curvatum","species","synonym","Fungi","Trichosporonaceae","MycoBank",1.25
"F_APTRC_DEHG","Apiotrichum dehoogii","species","accepted","Fungi","Trichosporonaceae","MycoBank",1.25
"F_APTRC_DMST","Apiotrichum domesticum","species","accepted","Fungi","Trichosporonaceae","MycoBank",1.25
"F_APTRC_DLCT","Apiotrichum dulcitum","species","accepted","Fungi","Trichosporonaceae","MycoBank",1.25
"F_APTRC_ECRY","Apiotrichum eucryphiae","species","accepted","Fungi","Trichosporonaceae","MycoBank",1.25
"F_APTRC_FSFR","Apiotrichum fusiformatum","species","synonym","Fungi","Trichosporonaceae","MycoBank",1.25
"F_APTRC_FTRN","Apiotrichum futronense","species","synonym","Fungi","Trichosporonaceae","MycoBank",1.25
"F_APTRC_GAMS","Apiotrichum gamsii","species","accepted","Fungi","Trichosporonaceae","MycoBank",1.25
"F_APTRC_GRCL","Apiotrichum gracile","species","accepted","Fungi","Trichosporonaceae","MycoBank",1.25
"F_APTRC_HLCP","Apiotrichum heliocopridis","species","accepted","Fungi","Trichosporonaceae","MycoBank",1.25
"F_APTRC_HMCL","Apiotrichum humicola","species","synonym","Fungi","Trichosporonaceae","MycoBank",1.25
"F_APTRC_LBCH","Apiotrichum laibachii","species","accepted","Fungi","Trichosporonaceae","MycoBank",1.25
"F_APTRC_LGNC","Apiotrichum lignicola","species","accepted","Fungi","Trichosporonaceae","MycoBank",1.25
"F_APTRC_LOBR","Apiotrichum loubieri","species","accepted","Fungi","Trichosporonaceae","MycoBank",1.25
"F_APTRC_MNTV","Apiotrichum montevideense","species","accepted","Fungi","Trichosporonaceae","MycoBank",1.25
"F_APTRC_VRNS","Apiotrichum mycotoxinivorans","species","synonym","Fungi","Trichosporonaceae","GBIF",1.25
"F_APTRC_MYCT","Apiotrichum mycotoxinovorans","species","accepted","Fungi","Trichosporonaceae","MycoBank",1.25
"F_APTRC_NTHF","Apiotrichum nothofagi","species","synonym","Fungi","Trichosporonaceae","MycoBank",1.25
"F_APTRC_OSVL","Apiotrichum osvaldii","species","synonym","Fungi","Trichosporonaceae","MycoBank",1.25
"F_APTRC_OTAE","Apiotrichum otae","species","accepted","Fungi","Trichosporonaceae","MycoBank",1.25
"F_APTRC_PDZL","Apiotrichum podzolicum","species","synonym","Fungi","Trichosporonaceae","MycoBank",1.25
"F_APTRC_PRSM","Apiotrichum porosum","species","accepted","Fungi","Trichosporonaceae","MycoBank",1.25
"F_APTRC_SCRB","Apiotrichum scarabaeorum","species","accepted","Fungi","Trichosporonaceae","MycoBank",1.25
"F_APTRC_SMNS","Apiotrichum siamense","species","accepted","Fungi","Trichosporonaceae","MycoBank",1.25
"F_APTRC_SPRT","Apiotrichum sporotrichoides","species","accepted","Fungi","Trichosporonaceae","MycoBank",1.25
"F_APTRC_TRRG","Apiotrichum terrigenum","species","accepted","Fungi","Trichosporonaceae","GBIF",1.25
"F_APTRC_VDNS","Apiotrichum vadense","species","accepted","Fungi","Trichosporonaceae","MycoBank",1.25
"F_APTRC_VNHS","Apiotrichum veenhuisii","species","accepted","Fungi","Trichosporonaceae","MycoBank",1.25
"F_APTRC_VINM","Apiotrichum vineum","species","accepted","Fungi","Trichosporonaceae","MycoBank",1.25
"F_APTRC_WRNG","Apiotrichum wieringae","species","accepted","Fungi","Trichosporonaceae","MycoBank",1.25
"F_APTRC_XYLP","Apiotrichum xylopini","species","accepted","Fungi","Trichosporonaceae","MycoBank",1.25
"F_APLSP_NRVS","Aplosporella nervisequa","species","accepted","Fungi","Aplosporellaceae","GBIF",1.25
"F_APSPH_ALLN","Aposphaeria allantella","species","accepted","Fungi","Melanommataceae","MycoBank",1.25
"F_APSPH_CLDN","Aposphaeria cladoniae","species","accepted","Fungi","Melanommataceae","MycoBank",1.25
"F_APSPH_LBNS","Aposphaeria labens","species","accepted","Fungi","Melanommataceae","MycoBank",1.25
"F_APSPH_PPLL","Aposphaeria papillula","species","accepted","Fungi","Melanommataceae","MycoBank",1.25
"F_APSPH_PZZD","Aposphaeria pezizoides","species","accepted","Fungi","Melanommataceae","MycoBank",1.25
"F_APSPH_PINE","Aposphaeria pinea","species","accepted","Fungi","Melanommataceae","GBIF",1.25
"F_APSPH_PRLL","Aposphaeria prillieuxiana","species","accepted","Fungi","Melanommataceae","MycoBank",1.25
"F_APSPH_PLVS","Aposphaeria pulviscula","species","accepted","Fungi","Melanommataceae","MycoBank",1.25
"F_APSPH_SPLT","Aposphaeria sepulta","species","accepted","Fungi","Melanommataceae","MycoBank",1.25
"F_APSPH_ULMC","Aposphaeria ulmicola","species","accepted","Fungi","Melanommataceae","MycoBank",1.25
"F_APPNDC_ARAL","Appendiculella araliae","species","accepted","Fungi","Meliolaceae","GBIF",1.25
"F_ARCHNT_DNKL","Arachniotus dankaliensis","species","accepted","Fungi","Gymnoascaceae","GBIF",1.25
"F_ANCRA_STPT","Arachnocrea stipata","species","accepted","Fungi","Hypocreaceae","MycoBank",1.25
"F_ARCHNM_PLSS","Arachnomyces pilosus","species","accepted","Fungi","Arachnomycetaceae","MycoBank",1.25
"F_ARCHNM_SCLR","Arachnomyces scleroticus","species","accepted","Fungi","Arachnomycetaceae","MycoBank",1.25
"F_ARCPL_AURS","Arcopilus aureus","species","accepted","Fungi","Chaetomiaceae","MycoBank",1.25
"F_ARCPL_CPRS","Arcopilus cupreus","species","accepted","Fungi","Chaetomiaceae","MycoBank",1.25
"F_ARCPL_FLVG","Arcopilus flavigenus","species","accepted","Fungi","Chaetomiaceae","MycoBank",1.25
"F_ARCPL_FSFR","Arcopilus fusiformis","species","accepted","Fungi","Chaetomiaceae","MycoBank",1.25
"F_ARCPL_MCRS","Arcopilus macrostiolatus","species","accepted","Fungi","Chaetomiaceae","MycoBank",1.25
"F_ARCPL_MGSP","Arcopilus megasporus","species","accepted","Fungi","Chaetomiaceae","MycoBank",1.25
"F_ARCPL_PRPR","Arcopilus purpurascens","species","accepted","Fungi","Chaetomiaceae","MycoBank",1.25
"F_ARCPL_TRGD","Arcopilus turgidopilosus","species","accepted","Fungi","Chaetomiaceae","MycoBank",1.25
"F_ARDHC_CRST","Ardhachandra cristaspora","species","accepted","Fungi","Herpotrichiellaceae","MycoBank",1.25
"F_ARDHC_SLND","Ardhachandra selenoides","species","accepted","Fungi","Herpotrichiellaceae","MycoBank",1.25
"F_ARSCS_JVNN","Arthroascus javanensis","species","accepted","Fungi","Saccharomycopsidaceae","MycoBank",1.25
"F_ATRYS_DFLC","Arthrobotrys deflectens","species","accepted","Fungi","Arthrobotryaceae","MycoBank",1.25
"F_ARPHS_KALR","Arthrographis kalrae","species","accepted","Fungi","Eremomycetaceae","MycoBank",1.25
"F_ARPHS_SLPH","Arthrographis sulphurea","species","accepted","Fungi","Eremomycetaceae","MycoBank",1.25
"F_ARXZY_BOVN","Arxiozyma bovina","species","accepted","Fungi","Saccharomycetaceae","MycoBank",1.25
"F_ARXZY_HTRG","Arxiozyma heterogenica","species","accepted","Fungi","Saccharomycetaceae","MycoBank",1.25
"F_ARXZY_PNTL","Arxiozyma pintolopesii","species","accepted","Fungi","Saccharomycetaceae","MycoBank",1.25
"F_ARXZY_SLFF","Arxiozyma slooffiae","species","accepted","Fungi","Saccharomycetaceae","MycoBank",1.25
"F_ARXZY_TLLR","Arxiozyma telluris","species","accepted","Fungi","Saccharomycetaceae","MycoBank",1.25
"F_ARXTR_DCPT","Arxotrichum deceptivum","species","accepted","Fungi","Chaetomiaceae","MycoBank",1.25
"F_ARXTR_GNGL","Arxotrichum gangligerum","species","accepted","Fungi","Chaetomiaceae","MycoBank",1.25
"F_ARXTR_PLLF","Arxotrichum piluliferoides","species","accepted","Fungi","Chaetomiaceae","MycoBank",1.25
"F_ARXTR_RPNS","Arxotrichum repens","species","accepted","Fungi","Chaetomiaceae","MycoBank",1.25
"F_ARXTR_SNNS","Arxotrichum sinense","species","accepted","Fungi","Chaetomiaceae","MycoBank",1.25
"F_ARXTR_SCCN","Arxotrichum succineum","species","accepted","Fungi","Chaetomiaceae","MycoBank",1.25
"AN_ASCRS_ADNC","Ascaris adunca","species","synonym","Animalia","Ascarididae","GBIF",1.25
"AN_ASCRS_ALNT","Ascaris alienata","species","synonym","Animalia","Ascarididae","GBIF",1.25
"AN_ASCRS_AQLL","Ascaris aquillae","species","synonym","Animalia","Ascarididae","GBIF",1.25
"AN_ASCRS_BCLR","Ascaris bicolor","species","synonym","Animalia","Ascarididae","GBIF",1.25
"AN_ASCRS_BDNT","Ascaris bidentata","species","synonym","Animalia","Ascarididae","GBIF",1.25
"AN_ASCRS_BNCN","Ascaris biuncinata","species","synonym","Animalia","Ascarididae","GBIF",1.25
"AN_ASCRS_BRCH","Ascaris brachyura","species","accepted","Animalia","Ascarididae","GBIF",1.25
"AN_ASCRS_CSTR","Ascaris castoris","species","accepted","Animalia","Ascarididae","GBIF",1.25
"AN_ASCRS_CATI","Ascaris cati","species","synonym","Animalia","Ascarididae","GBIF",1.25
"AN_ASCRS_CRCL","Ascaris circularis","species","synonym","Animalia","Ascarididae","GBIF",1.25
"AN_ASCRS_CRCM","Ascaris circumflexa","species","synonym","Animalia","Ascarididae","GBIF",1.25
"AN_ASCRS_CLVT","Ascaris clavata","species","synonym","Animalia","Ascarididae","GBIF",1.25
"AN_ASCRS_CLYM","Ascaris colymborum","species","synonym","Animalia","Ascarididae","GBIF",1.25
"AN_ASCRS_CNST","Ascaris constricta","species","accepted","Animalia","Ascarididae","GBIF",1.25
"AN_ASCRS_CRNT","Ascaris cornuta","species","synonym","Animalia","Ascarididae","GBIF",1.25
"AN_ASCRS_FABR","Ascaris fabri","species","synonym","Animalia","Ascarididae","GBIF",1.25
"AN_ASCRS_FLCG","Ascaris falcigera","species","synonym","Animalia","Ascarididae","GBIF",1.25
"AN_ASCRS_FCND","Ascaris foecunda","species","accepted","Animalia","Ascarididae","GBIF",1.25
"AN_ASCRS_GADI","Ascaris gadi","species","synonym","Animalia","Ascarididae","GBIF",1.25
"AN_ASCRS_GRNL","Ascaris granulosa","species","synonym","Animalia","Ascarididae","GBIF",1.25
"AN_ASCRS_INCR","Ascaris incurva","species","synonym","Animalia","Ascarididae","GBIF",1.25
"AN_ASCRS_LMBR","Ascaris lumbricoides","species","accepted","Animalia","Ascarididae","GBIF",1.25
"AN_ASCRS_MRGN","Ascaris marginata","species","synonym","Animalia","Ascarididae","GBIF",1.25
"AN_ASCRS_MARN","Ascaris marina","species","synonym","Animalia","Ascarididae","GBIF",1.25
"AN_ASCRS_MCRC","Ascaris microcephala","species","synonym","Animalia","Ascarididae","GBIF",1.25
"AN_ASCRS_MCRP","Ascaris micropapillata","species","synonym","Animalia","Ascarididae","GBIF",1.25
"AN_ASCRS_MSGV","Ascaris mosgovoyi","species","accepted","Animalia","Ascarididae","GBIF",1.25
"AN_ASCRS_MLTP","Ascaris multipapillata","species","synonym","Animalia","Ascarididae","GBIF",1.25
"AN_ASCRS_MYST","Ascaris mystax","species","synonym","Animalia","Ascarididae","GBIF",1.25
"AN_ASCRS_OSCL","Ascaris osculata","species","synonym","Animalia","Ascarididae","GBIF",1.25
"AN_ASCRS_OSTR","Ascaris ostroumovi","species","synonym","Animalia","Ascarididae","GBIF",1.25
"AN_ASCRS_OVLS","Ascaris ovalis","species","synonym","Animalia","Ascarididae","GBIF",1.25
"AN_ASCRS_OVIS","Ascaris ovis","species","accepted","Animalia","Ascarididae","GBIF",1.25
"AN_ASCRS_PTGN","Ascaris patagonica","species","synonym","Animalia","Ascarididae","GBIF",1.25
"AN_ASCRS_PEDM","Ascaris pedum","species","synonym","Animalia","Ascarididae","GBIF",1.25
"AN_ASCRS_PSCM","Ascaris piscium","species","accepted","Animalia","Ascarididae","GBIF",1.25
"AN_ASCRS_PLGS","Ascaris plagiostomorum","species","synonym","Animalia","Ascarididae","GBIF",1.25
"AN_ASCRS_RADT","Ascaris radiata","species","synonym","Animalia","Ascarididae","GBIF",1.25
"AN_ASCRS_RIGD","Ascaris rigida","species","synonym","Animalia","Ascarididae","GBIF",1.25
"AN_ASCRS_SRRT","Ascaris serrata","species","accepted","Animalia","Ascarididae","GBIF",1.25
"AN_ASCRS_SLRG","Ascaris siluriglanidis","species","synonym","Animalia","Ascarididae","GBIF",1.25
"AN_ASCRS_SMLS","Ascaris similis","species","synonym","Animalia","Ascarididae","GBIF",1.25
"AN_ASCRS_SMPL","Ascaris simplex","species","synonym","Animalia","Ascarididae","GBIF",1.25
"AN_ASCRS_SPLC","Ascaris spalacis","species","accepted","Animalia","Ascarididae","GBIF",1.25
"AN_ASCRS_SPCL","Ascaris spiculigera","species","synonym","Animalia","Ascarididae","GBIF",1.25
"AN_ASCRS_SQUL","Ascaris squalii","species","synonym","Animalia","Ascarididae","GBIF",1.25
"AN_ASCRS_SBLT","Ascaris subulata","species","synonym","Animalia","Ascarididae","GBIF",1.25
"AN_ASCRS_SUUM","Ascaris suum","species","accepted","Animalia","Ascarididae","GBIF",1.25
"AN_ASCRS_TRCH","Ascaris trichiura","species","synonym","Animalia","Ascarididae","GBIF",1.25
"AN_ASCRS_TRQT","Ascaris triquetra","species","synonym","Animalia","Ascarididae","GBIF",1.25
"AN_ASCRS_VRGT","Ascaris variegata","species","synonym","Animalia","Ascarididae","GBIF",1.25
"AN_ASCRS_VRMC","Ascaris vermicularis","species","synonym","Animalia","Ascarididae","GBIF",1.25
"AN_ASCRS_VTLR","Ascaris vitulorum","species","synonym","Animalia","Ascarididae","GBIF",1.25
"AN_ASCRS_VLPS","Ascaris vulpis","species","synonym","Animalia","Ascarididae","GBIF",1.25
"F_ASCHR_HYPC","Aschersonia hypocreoidea","species","accepted","Fungi","Clavicipitaceae","MycoBank",1.25
"F_ASCDM_OVTM","Ascidium ovatum","species","accepted","Fungi","Thelotremataceae","MycoBank",1.25
"F_ASCBL_SCTG","Ascobolus scatigenus","species","accepted","Fungi","Ascobolaceae","GBIF",1.25
"F_ACLYX_BRNC","Ascocalyx berenice","species","accepted","Fungi","Godroniaceae","MycoBank",1.25
"F_AHYTA_BEGN","Ascochyta begoniae","species","accepted","Fungi","Didymellaceae","GBIF",1.25
"F_AHYTA_BLTS","Ascochyta boltshauseri","species","accepted","Fungi","Didymellaceae","GBIF",1.25
"F_AHYTA_CRCS","Ascochyta caricis","species","accepted","Fungi","Didymellaceae","MycoBank",1.25
"F_AHYTA_CNTR","Ascochyta controversa","species","accepted","Fungi","Didymellaceae","MycoBank",1.25
"F_AHYTA_EQST","Ascochyta equiseti","species","accepted","Fungi","Didymellaceae","MycoBank",1.25
"F_AHYTA_HRBC","Ascochyta herbicola","species","accepted","Fungi","Didymellaceae","MycoBank",1.25
"F_AHYTA_HRTN","Ascochyta hortensis","species","synonym","Fungi","Didymellaceae","MycoBank",1.25
"F_AHYTA_HYCN","Ascochyta hyacinthi","species","accepted","Fungi","Didymellaceae","MycoBank",1.25
"F_AHYTA_KLNG","Ascochyta koolunga","species","accepted","Fungi","Didymellaceae","MycoBank",1.25
"F_AHYTA_LUCM","Ascochyta lucumae","species","accepted","Fungi","Didymellaceae","MycoBank",1.25
"F_AHYTA_MDCG","Ascochyta medicaginicola","species","accepted","Fungi","Didymellaceae","MycoBank",1.25
"F_AHYTA_NGRP","Ascochyta nigripycnidia","species","accepted","Fungi","Didymellaceae","MycoBank",1.25
"F_AHYTA_PHYL","Ascochyta phyllostictoides","species","accepted","Fungi","Didymellaceae","GBIF",1.25
"F_AHYTA_RABI","Ascochyta rabiei","species","accepted","Fungi","Didymellaceae","MycoBank",1.25
"F_AHYTA_RHEE","Ascochyta rheea","species","accepted","Fungi","Didymellaceae","MycoBank",1.25
"F_AHYTA_TARD","Ascochyta tarda","species","accepted","Fungi","Didymellaceae","GBIF",1.25
"F_APHRA_AGRC","Ascophora agaricina","species","synonym","Fungi","Mucoraceae","MycoBank",1.25
"F_APHRA_ALPH","Ascophora alpha","species","accepted","Fungi","Mucoraceae","MycoBank",1.25
"F_APHRA_AMON","Ascophora amoena","species","synonym","Fungi","Mucoraceae","MycoBank",1.25
"F_APHRA_ARCH","Ascophora arachnoidea","species","accepted","Fungi","Mucoraceae","MycoBank",1.25
"F_APHRA_CNDL","Ascophora candelabrum","species","accepted","Fungi","Mucoraceae","MycoBank",1.25
"F_APHRA_CEST","Ascophora cesatii","species","synonym","Fungi","Mucoraceae","MycoBank",1.25
"F_APHRA_CHLY","Ascophora chalybaea","species","synonym","Fungi","Mucoraceae","GBIF",1.25
"F_APHRA_LYBA","Ascophora chalybea","species","synonym","Fungi","Mucoraceae","MycoBank",1.25
"F_APHRA_CINR","Ascophora cinerea","species","accepted","Fungi","Mucoraceae","MycoBank",1.25
"F_APHRA_CMNS","Ascophora coemansii","species","accepted","Fungi","Mucoraceae","MycoBank",1.25
"F_APHRA_CRDN","Ascophora cordana","species","accepted","Fungi","Mucoraceae","MycoBank",1.25
"F_APHRA_CYLN","Ascophora cylindrica","species","synonym","Fungi","Mucoraceae","MycoBank",1.25
"F_APHRA_DBRY","Ascophora debaryi","species","accepted","Fungi","Mucoraceae","MycoBank",1.25
"F_APHRA_DSCF","Ascophora disciflora","species","synonym","Fungi","Mucoraceae","GBIF",1.25
"F_APHRA_ELGN","Ascophora elegans","species","synonym","Fungi","Mucoraceae","MycoBank",1.25
"F_APHRA_FMTR","Ascophora fimetaria","species","synonym","Fungi","Mucoraceae","MycoBank",1.25
"F_APHRA_FLOR","Ascophora florae","species","accepted","Fungi","Mucoraceae","MycoBank",1.25
"F_APHRA_FRGL","Ascophora fragilis","species","accepted","Fungi","Mucoraceae","MycoBank",1.25
"F_APHRA_FRCT","Ascophora fructicola","species","synonym","Fungi","Mucoraceae","MycoBank",1.25
"F_APHRA_FLGN","Ascophora fuliginosa","species","accepted","Fungi","Mucoraceae","MycoBank",1.25
"F_APHRA_FNGC","Ascophora fungicola","species","accepted","Fungi","Mucoraceae","MycoBank",1.25
"F_APHRA_FUSC","Ascophora fusca","species","accepted","Fungi","Mucoraceae","MycoBank",1.25
"F_APHRA_GLAC","Ascophora glauca","species","accepted","Fungi","Mucoraceae","MycoBank",1.25
"F_APHRA_GRIS","Ascophora grisea","species","synonym","Fungi","Mucoraceae","MycoBank",1.25
"F_APHRA_LMBF","Ascophora limbiflora","species","accepted","Fungi","Mucoraceae","MycoBank",1.25
"F_APHRA_MUCD","Ascophora mucedo","species","synonym","Fungi","Mucoraceae","MycoBank",1.25
"F_APHRA_NGRS","Ascophora nigrescens","species","accepted","Fungi","Mucoraceae","MycoBank",1.25
"F_APHRA_NUCM","Ascophora nucuum","species","synonym","Fungi","Mucoraceae","MycoBank",1.25
"F_APHRA_OVLS","Ascophora ovalis","species","synonym","Fungi","Mucoraceae","MycoBank",1.25
"F_APHRA_PRNN","Ascophora perennis","species","synonym","Fungi","Mucoraceae","MycoBank",1.25
"F_APHRA_PLCH","Ascophora pulchra","species","synonym","Fungi","Mucoraceae","MycoBank",1.25
"F_APHRA_RHZP","Ascophora rhizopogonis","species","accepted","Fungi","Mucoraceae","MycoBank",1.25
"F_APHRA_HZPS","Ascophora rhizopus","species","accepted","Fungi","Mucoraceae","MycoBank",1.25
"F_APHRA_SOLD","Ascophora solida","species","synonym","Fungi","Mucoraceae","GBIF",1.25
"F_APHRA_STRC","Ascophora stercorea","species","synonym","Fungi","Mucoraceae","MycoBank",1.25
"F_APHRA_STLB","Ascophora stilbum","species","accepted","Fungi","Mucoraceae","MycoBank",1.25
"F_APHRA_SBTL","Ascophora subtilis","species","accepted","Fungi","Mucoraceae","MycoBank",1.25
"F_APHRA_TODN","Ascophora todeana","species","accepted","Fungi","Mucoraceae","MycoBank",1.25
"F_APHRA_VLGR","Ascophora vulgaris","species","synonym","Fungi","Mucoraceae","MycoBank",1.25
"F_ASCSPR_LUTE","Ascospirella lutea","species","accepted","Fungi","Trichocomaceae","MycoBank",1.25
"F_ASCTR_AMPH","Ascotricha amphitricha","species","accepted","Fungi","Xylariaceae","MycoBank",1.25
"F_ASCTR_CHRT","Ascotricha chartarum","species","accepted","Fungi","Xylariaceae","GBIF",1.25
"F_ASCTR_ELLS","Ascotricha ellisiana","species","accepted","Fungi","Xylariaceae","GBIF",1.25
"F_ASCTR_ZOPF","Ascotricha zopfii","species","accepted","Fungi","Xylariaceae","GBIF",1.25
"F_ASPRGL_CLVT","Aspergillago clavatoflava","species","accepted","Fungi","Aspergillaceae","MycoBank",1.25
"F_ASTRPH_ANGL","Asterophora angulata","species","accepted","Fungi","Lyophyllaceae","MycoBank",1.25
"F_ASTRPH_PRST","Asterophora parasitica","species","accepted","Fungi","Lyophyllaceae","MycoBank",1.25
"F_ATHEL_ARCH","Athelia arachnoidea","species","accepted","Fungi","Atheliaceae","MycoBank",1.25
"F_ATHEL_BMBC","Athelia bombacina","species","accepted","Fungi","Atheliaceae","MycoBank",1.25
"F_ATRCT_PLLD","Atractium pallidum","species","accepted","Fungi","Nectriaceae","MycoBank",1.25
"F_ATRCT_PLVN","Atractium pulvinatum","species","accepted","Fungi","Nectriaceae","MycoBank",1.25
"F_ATRCT_STLB","Atractium stilbaster","species","accepted","Fungi","Nectriaceae","MycoBank",1.25
"F_ATRCH_ALBC","Atrichophyton albiciscans","species","accepted","Fungi","Onygenaceae","GBIF",1.25
"F_ATRCH_BLNC","Atrichophyton blanchardii","species","accepted","Fungi","Onygenaceae","GBIF",1.25
"F_ARNTS_SBNT","Aurantiosporium subnitens","species","accepted","Fungi","Ustilentylomataceae","MycoBank",1.25
"F_ARBSD_ALBU","Aureobasidium albui","species","accepted","Fungi","Saccotheciaceae","MycoBank",1.25
"F_ARBSD_ABSD","Aureobasidium aubasidani","species","accepted","Fungi","Saccotheciaceae","MycoBank",1.25
"F_ARBSD_ARNT","Aureobasidium aurantiacum","species","accepted","Fungi","Saccotheciaceae","MycoBank",1.25
"F_ARBSD_CTNG","Aureobasidium caatingaense","species","accepted","Fungi","Saccotheciaceae","MycoBank",1.25
"F_ARBSD_CVLT","Aureobasidium cavalettoi","species","accepted","Fungi","Saccotheciaceae","MycoBank",1.25
"F_ARBSD_DZVL","Aureobasidium diazvalderramae","species","accepted","Fungi","Saccotheciaceae","MycoBank",1.25
"F_ARBSD_ELLN","Aureobasidium ellingtonae","species","accepted","Fungi","Saccotheciaceae","MycoBank",1.25
"F_ARBSD_EPPN","Aureobasidium epipinicola","species","accepted","Fungi","Saccotheciaceae","MycoBank",1.25
"F_ARBSD_ESSM","Aureobasidium essambei","species","accepted","Fungi","Saccotheciaceae","MycoBank",1.25
"F_ARBSD_MAHN","Aureobasidium mahoniae","species","accepted","Fungi","Saccotheciaceae","MycoBank",1.25
"F_ARBSD_MUST","Aureobasidium musti","species","accepted","Fungi","Saccotheciaceae","MycoBank",1.25
"F_ARBSD_PRVN","Aureobasidium peruvianum","species","accepted","Fungi","Saccotheciaceae","MycoBank",1.25
"F_ARBSD_RUBI","Aureobasidium rubi","species","accepted","Fungi","Saccotheciaceae","MycoBank",1.25
"F_ARBSD_SNTT","Aureobasidium santateresinhaense","species","accepted","Fungi","Saccotheciaceae","MycoBank",1.25
"F_ARBSD_TOOM","Aureobasidium toomeae","species","accepted","Fungi","Saccotheciaceae","MycoBank",1.25
"F_ARBSD_VNTN","Aureobasidium vanuatuense","species","accepted","Fungi","Saccotheciaceae","MycoBank",1.25
"F_ARCLR_AMPL","Auricularia ampla","species","accepted","Fungi","Auriculariaceae","MycoBank",1.25
"F_ARCLR_ARCL","Auricularia auricula","species","accepted","Fungi","Auriculariaceae","MycoBank",1.25
"F_ARCLR_ARCJ","Auricularia auricula-judae","species","accepted","Fungi","Auriculariaceae","GBIF",1.25
"F_ARCLR_ARFR","Auricularia auriformis","species","accepted","Fungi","Auriculariaceae","MycoBank",1.25
"F_ARCLR_CORN","Auricularia cornea","species","accepted","Fungi","Auriculariaceae","MycoBank",1.25
"F_ARCLR_FSCS","Auricularia fuscosuccinea","species","accepted","Fungi","Auriculariaceae","MycoBank",1.25
"F_ARCLR_MSNT","Auricularia mesenterica","species","accepted","Fungi","Auriculariaceae","MycoBank",1.25
"F_ARCLR_NGRC","Auricularia nigricans","species","accepted","Fungi","Auriculariaceae","MycoBank",1.25
"F_ARCLR_TENS","Auricularia tenuis","species","accepted","Fungi","Auriculariaceae","GBIF",1.25
"F_ARCLRP_AMPL","Auriculariopsis ampla","species","accepted","Fungi","Schizophyllaceae","MycoBank",1.25
"F_ASTRLZ_BMBS","Australozyma bambusicola","species","accepted","Fungi","Metschnikowiaceae","MycoBank",1.25
"F_ASTRLZ_NNGK","Australozyma nongkhaiensis","species","accepted","Fungi","Metschnikowiaceae","MycoBank",1.25
"F_ASTRLZ_PCNG","Australozyma picinguabensis","species","accepted","Fungi","Metschnikowiaceae","MycoBank",1.25
"F_ASTRLZ_RBNT","Australozyma robnettiae","species","accepted","Fungi","Metschnikowiaceae","MycoBank",1.25
"F_ASTRLZ_SPLN","Australozyma saopauloensis","species","accepted","Fungi","Metschnikowiaceae","MycoBank",1.25
"F_ASTRLZ_SCCC","Australozyma succicola","species","accepted","Fungi","Metschnikowiaceae","MycoBank",1.25
"F_ASTRLZ_TCHN","Australozyma touchengensis","species","accepted","Fungi","Metschnikowiaceae","MycoBank",1.25
"F_AXRTH_CHNN","Auxarthron chinense","species","accepted","Fungi","Onygenaceae","GBIF",1.25
"F_AXRTH_GNGX","Auxarthron guangxiense","species","accepted","Fungi","Onygenaceae","GBIF",1.25
"F_AZYGS_PRVS","Azygosporus parvus","species","accepted","Fungi","Conidiobolaceae","MycoBank",1.25
"C_BABES_CRYC","Babesia coryicola","species","accepted","Chromista","Babesiidae","GBIF",1.25
"C_BABES_DVRG","Babesia divergens","species","accepted","Chromista","Babesiidae","GBIF",1.25
"C_BABES_DNCN","Babesia duncani","species","accepted","Chromista","Babesiidae","GBIF",1.25
"C_BABES_LOHA","Babesia lohae","species","accepted","Chromista","Babesiidae","GBIF",1.25
"C_BABES_MCKR","Babesia mackerrasorum","species","accepted","Chromista","Babesiidae","GBIF",1.25
"C_BABES_MCRT","Babesia microti","species","accepted","Chromista","Babesiidae","GBIF",1.25
"C_BABES_MSHK","Babesia moshkovskii","species","accepted","Chromista","Babesiidae","GBIF",1.25
"C_BABES_NEGV","Babesia negevi","species","accepted","Chromista","Babesiidae","GBIF",1.25
"C_BABES_PISC","Babesia pisicii","species","accepted","Chromista","Babesiidae","GBIF",1.25
"C_BABES_VLPS","Babesia vulpes","species","accepted","Chromista","Babesiidae","GBIF",1.25
"F_BCHMN_PNCT","Bachmanniomyces punctum","species","accepted","Fungi","","MycoBank",1.25
"F_BCKSL_CRCN","Backusella circina","species","accepted","Fungi","Backusellaceae","MycoBank",1.25
"F_BCKSL_DSPR","Backusella dispersa","species","accepted","Fungi","Backusellaceae","MycoBank",1.25
"F_BCKSL_GRND","Backusella grandis","species","accepted","Fungi","Backusellaceae","MycoBank",1.25
"F_BCKSL_INDC","Backusella indica","species","accepted","Fungi","Backusellaceae","GBIF",1.25
"F_BCKSL_LMPR","Backusella lamprospora","species","accepted","Fungi","Backusellaceae","MycoBank",1.25
"F_BCKSL_OBLN","Backusella oblongielliptica","species","accepted","Fungi","Backusellaceae","MycoBank",1.25
"F_BCKSL_SPRA","Backusella oblongispora","species","accepted","Fungi","Backusellaceae","MycoBank",1.25
"F_BCKSL_RCRV","Backusella recurva","species","accepted","Fungi","Backusellaceae","MycoBank",1.25
"F_BCKSL_TBRC","Backusella tuberculispora","species","accepted","Fungi","Backusellaceae","MycoBank",1.25
"F_BCKSL_VRBL","Backusella variabilis","species","accepted","Fungi","Backusellaceae","MycoBank",1.25
"P_BLMTH_MNDR","Balamuthia mandrillaris","species","accepted","Protozoa","Balamuthiidae","GBIF",1.25
"F_BLLST_SSCL","Ballistosporomyces sasicola","species","accepted","Fungi","Chionosphaeraceae","MycoBank",1.25
"F_BLLST_TPNS","Ballistosporomyces taupoensis","species","accepted","Fungi","Chionosphaeraceae","MycoBank",1.25
"F_BLLST_XNTH","Ballistosporomyces xanthus","species","accepted","Fungi","Chionosphaeraceae","GBIF",1.25
"F_BMBSM_SHRN","Bambusiomyces shiraianus","species","accepted","Fungi","Ustilaginaceae","MycoBank",1.25
"F_BANDN_MARN","Bandonia marina","species","accepted","Fungi","Tetragoniomycetaceae","MycoBank",1.25
"F_BANNO_BSCH","Bannoa bischofiae","species","accepted","Fungi","Erythrobasidiaceae","MycoBank",1.25
"F_BANNO_OGSW","Bannoa ogasawarensis","species","accepted","Fungi","Erythrobasidiaceae","MycoBank",1.25
"F_BANNO_SYZY","Bannoa syzygii","species","accepted","Fungi","Erythrobasidiaceae","MycoBank",1.25
"F_BNNZY_YMTN","Bannozyma yamatoana","species","accepted","Fungi","Chrysozymaceae","MycoBank",1.25
"F_BRNTT_CLFR","Barnettozyma californica","species","accepted","Fungi","Phaffomycetaceae","MycoBank",1.25
"F_BRNTT_HWNS","Barnettozyma hawaiiensis","species","accepted","Fungi","Phaffomycetaceae","MycoBank",1.25
"F_BRNTT_POPL","Barnettozyma populi","species","accepted","Fungi","Phaffomycetaceae","MycoBank",1.25
"F_BRNTT_SLCR","Barnettozyma salicaria","species","accepted","Fungi","Phaffomycetaceae","MycoBank",1.25
"F_BRNTT_WCKR","Barnettozyma wickerhamii","species","accepted","Fungi","Phaffomycetaceae","GBIF",1.25
"B_BRTNL_RHNL","Bartonella rhinolophi","species","accepted","Bacteria","Bartonellaceae","LPSN",1.25
"F_BSPTS_VSCR","Basipetospora vesicarum","species","accepted","Fungi","Monascaceae","GBIF",1.25
"F_BATKO_APCL","Batkoa apiculata","species","accepted","Fungi","Batkoaceae","MycoBank",1.25
"F_BATKO_CRCP","Batkoa cercopidis","species","accepted","Fungi","Batkoaceae","MycoBank",1.25
"F_BATKO_GGNT","Batkoa gigantea","species","accepted","Fungi","Batkoaceae","MycoBank",1.25
"F_BATKO_MAJR","Batkoa major","species","accepted","Fungi","Batkoaceae","MycoBank",1.25
"F_BATKO_OBSCR","Batkoa obscura","species","accepted","Fungi","Batkoaceae","MycoBank",1.25
"F_BATKO_PPLL","Batkoa papillata","species","accepted","Fungi","Batkoaceae","MycoBank",1.25
"F_BATKO_PSDP","Batkoa pseudapiculata","species","accepted","Fungi","Batkoaceae","MycoBank",1.25
"F_BAURG_ABST","Bauerago abstrusa","species","accepted","Fungi","Microbotryaceae","MycoBank",1.25
"F_BAURG_CPNS","Bauerago capensis","species","accepted","Fungi","Microbotryaceae","MycoBank",1.25
"F_BAURG_CYPL","Bauerago cyperi-lucidi","species","accepted","Fungi","Microbotryaceae","GBIF",1.25
"F_BAURG_GRDN","Bauerago gardneri","species","accepted","Fungi","Microbotryaceae","MycoBank",1.25
"F_BAURG_VYCK","Bauerago vuyckii","species","accepted","Fungi","Microbotryaceae","MycoBank",1.25
"F_BEAVR_TNKN","Beauveria tiankengensis","species","accepted","Fungi","Cordycipitaceae","MycoBank",1.25
"F_BEAVR_VLLN","Beauveria valliensis","species","accepted","Fungi","Cordycipitaceae","MycoBank",1.25
"F_BJDWY_BSPR","Beejadwaya bispora","species","accepted","Fungi","","MycoBank",1.25
"F_BNWSK_SPHR","Beniowskia sphaeroidea","species","accepted","Fungi","","MycoBank",1.25
"F_BNJMN_PTRS","Benjaminiella poitrasii","species","accepted","Fungi","Mycotyphaceae","MycoBank",1.25
"F_BNSNG_NGNN","Bensingtonia naganoensis","species","accepted","Fungi","Kondoaceae","MycoBank",1.25
"F_BNSNG_PHYL","Bensingtonia phyllada","species","accepted","Fungi","Kondoaceae","MycoBank",1.25
"F_BRKLL_CLDN","Berkelella caledonica","species","accepted","Fungi","Clavicipitaceae","MycoBank",1.25
"F_BTTLM_EPPH","Bettiolomyces epiphytus","species","accepted","Fungi","Clavicipitaceae","MycoBank",1.25
"F_BETTS_ALVE","Bettsia alvei","species","accepted","Fungi","Ascosphaeraceae","GBIF",1.25
"F_BETTS_FSTD","Bettsia fastidia","species","accepted","Fungi","Ascosphaeraceae","MycoBank",1.25
"F_BPLRS_ALCR","Bipolaris alcornii","species","accepted","Fungi","Pleosporaceae","MycoBank",1.25
"F_BPLRS_AVRN","Bipolaris avrinica","species","accepted","Fungi","Pleosporaceae","MycoBank",1.25
"F_BPLRS_AZRB","Bipolaris azarbaijanica","species","accepted","Fungi","Pleosporaceae","MycoBank",1.25
"F_BPLRS_BNHS","Bipolaris banihashemii","species","accepted","Fungi","Pleosporaceae","MycoBank",1.25
"F_BPLRS_CHNG","Bipolaris chiangraiensis","species","accepted","Fungi","Pleosporaceae","MycoBank",1.25
"F_BPLRS_HDJR","Bipolaris hedjaroudei","species","accepted","Fungi","Pleosporaceae","MycoBank",1.25
"F_BPLRS_HMRC","Bipolaris hemerocallidis","species","accepted","Fungi","Pleosporaceae","MycoBank",1.25
"F_BPLRS_IRNC","Bipolaris iranica","species","accepted","Fungi","Pleosporaceae","MycoBank",1.25
"F_BPLRS_PRSC","Bipolaris persica","species","accepted","Fungi","Pleosporaceae","MycoBank",1.25
"F_BPLRS_YMDI","Bipolaris yamadai","species","synonym","Fungi","Pleosporaceae","GBIF",1.25
"F_BSFSR_BSPT","Bisifusarium biseptatum","species","accepted","Fungi","Nectriaceae","MycoBank",1.25
"F_BSFSR_DLPH","Bisifusarium delphinoides","species","accepted","Fungi","Nectriaceae","MycoBank",1.25
"F_BSFSR_DMRM","Bisifusarium dimerum","species","accepted","Fungi","Nectriaceae","MycoBank",1.25
"F_BSFSR_DMST","Bisifusarium domesticum","species","accepted","Fungi","Nectriaceae","MycoBank",1.25
"F_BSFSR_LNTM","Bisifusarium lunatum","species","accepted","Fungi","Nectriaceae","MycoBank",1.25
"F_BSFSR_NCTR","Bisifusarium nectrioides","species","accepted","Fungi","Nectriaceae","MycoBank",1.25
"F_BSFSR_PNZG","Bisifusarium penzigii","species","accepted","Fungi","Nectriaceae","MycoBank",1.25
"F_BTNCS_LNDR","Bitunicostilbe linderae","species","accepted","Fungi","","MycoBank",1.25
"F_BLSTB_GZHN","Blastobotrys guizhouensis","species","accepted","Fungi","Trichomonascaceae","MycoBank",1.25
"F_BLSTB_NGRPL","Blastobotrys nigripullensis","species","accepted","Fungi","Trichomonascaceae","MycoBank",1.25
"F_BLSTB_SSNS","Blastobotrys sasensis","species","accepted","Fungi","Trichomonascaceae","GBIF",1.25
"F_BLSTDN_ELNG","Blastodendrion elongatum","species","accepted","Fungi","","MycoBank",1.25
"F_BLSTDN_KYNG","Blastodendrion kayongosi","species","accepted","Fungi","","MycoBank",1.25
"F_BLNNR_NVSS","Blennoria novissima","species","accepted","Fungi","","MycoBank",1.25
"F_BODIN_FLGN","Bodinia fuliginea","species","accepted","Fungi","Arthrodermataceae","MycoBank",1.25
"F_BOERM_CRNC","Boeremia crinicola","species","accepted","Fungi","Didymellaceae","MycoBank",1.25
"F_BOERM_DVRS","Boeremia diversispora","species","accepted","Fungi","Didymellaceae","MycoBank",1.25
"F_BOERM_EXIG","Boeremia exigua","species","accepted","Fungi","Didymellaceae","MycoBank",1.25
"F_BOERM_FOVT","Boeremia foveata","species","accepted","Fungi","Didymellaceae","MycoBank",1.25
"F_BOERM_HDRC","Boeremia hedericola","species","accepted","Fungi","Didymellaceae","MycoBank",1.25
"F_BOERM_HTRM","Boeremia heteromorpha","species","accepted","Fungi","Didymellaceae","MycoBank",1.25
"F_BOERM_INXY","Boeremia inoxydabilis","species","accepted","Fungi","Didymellaceae","GBIF",1.25
"F_BOERM_LLCS","Boeremia lilacis","species","accepted","Fungi","Didymellaceae","GBIF",1.25
"F_BOERM_LNCL","Boeremia linicola","species","accepted","Fungi","Didymellaceae","GBIF",1.25
"F_BOERM_LYCP","Boeremia lycopersici","species","accepted","Fungi","Didymellaceae","MycoBank",1.25
"F_BOERM_NCKN","Boeremia noackiana","species","accepted","Fungi","Didymellaceae","GBIF",1.25
"F_BOERM_POPL","Boeremia populi","species","accepted","Fungi","Didymellaceae","GBIF",1.25
"F_BOERM_SMBN","Boeremia sambuci-nigrae","species","accepted","Fungi","Didymellaceae","GBIF",1.25
"F_BOERM_STRS","Boeremia strasseri","species","accepted","Fungi","Didymellaceae","MycoBank",1.25
"F_BOERM_TLPH","Boeremia telephii","species","accepted","Fungi","Didymellaceae","MycoBank",1.25
"F_BMMRL_TRGN","Bommerella trigonospora","species","accepted","Fungi","Chaetomiaceae","MycoBank",1.25
"F_BTRYB_AURM","Botryobasidium aureum","species","accepted","Fungi","Botryobasidiaceae","GBIF",1.25
"F_BTRYB_CNSP","Botryobasidium conspersum","species","accepted","Fungi","Botryobasidiaceae","GBIF",1.25
"F_BTRYB_INTR","Botryobasidium intertextum","species","accepted","Fungi","Botryobasidiaceae","MycoBank",1.25
"F_BTRYB_PLVR","Botryobasidium pulveraceum","species","accepted","Fungi","Botryobasidiaceae","MycoBank",1.25
"F_BTRYB_RBGN","Botryobasidium rubiginosum","species","accepted","Fungi","Botryobasidiaceae","MycoBank",1.25
"F_BTRYDP_CLVL","Botryodiplodia clavuligera","species","accepted","Fungi","","GBIF",1.25
"F_BTRYDP_EXCL","Botryodiplodia excelsa","species","accepted","Fungi","","MycoBank",1.25
"F_BTRYDP_MLRM","Botryodiplodia malorum","species","accepted","Fungi","","MycoBank",1.25
"F_BTRYDP_PLMR","Botryodiplodia palmarum","species","accepted","Fungi","","MycoBank",1.25
"F_BTRYDP_PNDN","Botryodiplodia pandani","species","accepted","Fungi","","GBIF",1.25
"F_BTRYDP_SLCR","Botryodiplodia salicaria","species","accepted","Fungi","","GBIF",1.25
"F_BTRYP_PPLC","Botryophoma populicola","species","accepted","Fungi","Botryosphaeriaceae","MycoBank",1.25
"F_BPHRA_DTHD","Botryosphaeria dothidea","species","accepted","Fungi","Botryosphaeriaceae","MycoBank",1.25
"F_BPHRA_STVN","Botryosphaeria stevensii","species","accepted","Fungi","Botryosphaeriaceae","GBIF",1.25
"F_BRCHM_MRRM","Botryotrichum murorum","species","accepted","Fungi","Chaetomiaceae","MycoBank",1.25
"F_BRCHM_PLLF","Botryotrichum piluliferum","species","accepted","Fungi","Chaetomiaceae","MycoBank",1.25
"F_BRCHM_RTRD","Botryotrichum retardatum","species","accepted","Fungi","Chaetomiaceae","MycoBank",1.25
"F_BRCHM_VTLL","Botryotrichum vitellinum","species","accepted","Fungi","Chaetomiaceae","MycoBank",1.25
"F_BTRYT_ALLC","Botrytis allochroa","species","accepted","Fungi","Sclerotiniaceae","MycoBank",1.25
"F_BTRYT_CNRV","Botrytis cinereovirens","species","accepted","Fungi","Sclerotiniaceae","MycoBank",1.25
"F_BTRYT_CRST","Botrytis crustosa","species","accepted","Fungi","Sclerotiniaceae","MycoBank",1.25
"F_BTRYT_HPTC","Botrytis hepatica","species","accepted","Fungi","Sclerotiniaceae","MycoBank",1.25
"F_BTRYT_OLVC","Botrytis olivacea","species","accepted","Fungi","Sclerotiniaceae","MycoBank",1.25
"F_BTRYT_PRDX","Botrytis paradoxa","species","accepted","Fungi","Sclerotiniaceae","MycoBank",1.25
"F_BTRYT_RUFA","Botrytis rufa","species","accepted","Fungi","Sclerotiniaceae","MycoBank",1.25
"F_BTRYT_TRCH","Botrytis tracheiphila","species","accepted","Fungi","Sclerotiniaceae","MycoBank",1.25
"F_BRCHYC_VRSP","Brachychaeta variospora","species","accepted","Fungi","Chaetomiaceae","MycoBank",1.25
"F_BCLDM_ARBS","Brachycladium arbusculum","species","accepted","Fungi","Pleosporaceae","MycoBank",1.25
"F_BCLDM_BTRY","Brachycladium botryoides","species","accepted","Fungi","Pleosporaceae","MycoBank",1.25
"F_BCLDM_CRTP","Brachycladium curtipes","species","synonym","Fungi","Pleosporaceae","MycoBank",1.25
"F_BCLDM_MINS","Brachycladium minus","species","accepted","Fungi","Pleosporaceae","MycoBank",1.25
"F_BCLDM_PPVR","Brachycladium papaveris","species","synonym","Fungi","Pleosporaceae","MycoBank",1.25
"F_BCLDM_PNCL","Brachycladium penicillatum","species","synonym","Fungi","Pleosporaceae","MycoBank",1.25
"F_BCLDM_RMSM","Brachycladium ramosum","species","synonym","Fungi","Pleosporaceae","MycoBank",1.25
"F_BCLDM_SPCT","Brachycladium spicatum","species","synonym","Fungi","Pleosporaceae","MycoBank",1.25
"F_BCLDM_SPCF","Brachycladium spiciferum","species","synonym","Fungi","Pleosporaceae","MycoBank",1.25
"F_BCLDM_THMS","Brachycladium thomasinum","species","accepted","Fungi","Pleosporaceae","MycoBank",1.25
"F_BCLDM_TRLD","Brachycladium toruloides","species","synonym","Fungi","Pleosporaceae","MycoBank",1.25
"F_BRCHYS_CPSC","Brachysporium capsici","species","accepted","Fungi","Trichosphaeriaceae","MycoBank",1.25
"F_BRTTN_ANML","Brettanomyces anomalus","species","accepted","Fungi","Pichiaceae","MycoBank",1.25
"F_BRVST_SBSM","Brevistachys subsimplex","species","accepted","Fungi","Stachybotryaceae","MycoBank",1.25
"F_BRNCP_CYTS","Briancoppinsia cytospora","species","accepted","Fungi","Arthoniaceae","MycoBank",1.25
"AN_BRUGI_MALY","Brugia malayi","species","accepted","Animalia","Onchocercidae","manually added",1.25
"AN_BRUGI_TIMR","Brugia timori","species","accepted","Animalia","Onchocercidae","manually added",1.25
"F_BRNNC_NPLN","Brunneochlamydosporium nepalense","species","accepted","Fungi","Trichosphaeriaceae","MycoBank",1.25
"F_BRNNMY_BRNN","Brunneomyces brunnescens","species","accepted","Fungi","Trichosphaeriaceae","MycoBank",1.25
"F_BRNNMY_PSDZ","Brunneomyces pseudozeylanicus","species","accepted","Fungi","Trichosphaeriaceae","MycoBank",1.25
"F_BRYCN_BRNG","Bryocentria brongniartii","species","accepted","Fungi","Bionectriaceae","MycoBank",1.25
"F_BRYCN_GYNP","Bryocentria gynophila","species","accepted","Fungi","Bionectriaceae","MycoBank",1.25
"F_BRYCN_PRNT","Bryocentria perianthiicola","species","accepted","Fungi","Bionectriaceae","MycoBank",1.25
"F_BRYNC_CNFR","Bryonectria cuneifera","species","accepted","Fungi","Bionectriaceae","MycoBank",1.25
"F_BRYNC_EGNS","Bryonectria egens","species","accepted","Fungi","Bionectriaceae","MycoBank",1.25
"F_BRYNC_HYLC","Bryonectria hylocomii","species","accepted","Fungi","Bionectriaceae","MycoBank",1.25
"F_BRYNC_PRTR","Bryonectria praetermissa","species","accepted","Fungi","Bionectriaceae","MycoBank",1.25
"F_BRYNC_RCMT","Bryonectria racomitrii","species","accepted","Fungi","Bionectriaceae","MycoBank",1.25
"F_BRYTR_FRTH","Bryotria foertheri","species","accepted","Fungi","Bionectriaceae","MycoBank",1.25
"F_BRYTR_LGDS","Bryotria lagodes","species","accepted","Fungi","Bionectriaceae","MycoBank",1.25
"F_BCKLY_ARMN","Buckleyzyma armeniaca","species","accepted","Fungi","Buckleyzymaceae","MycoBank",1.25
"F_BCKLY_ARNT","Buckleyzyma aurantiaca","species","accepted","Fungi","Buckleyzymaceae","GBIF",1.25
"F_BCKLY_KLYN","Buckleyzyma kluyveri-nielii","species","accepted","Fungi","Buckleyzymaceae","GBIF",1.25
"F_BCKLY_PHYL","Buckleyzyma phyllomatis","species","accepted","Fungi","Buckleyzymaceae","MycoBank",1.25
"F_BCKLY_SLCN","Buckleyzyma salicina","species","accepted","Fungi","Buckleyzymaceae","MycoBank",1.25
"F_BLBLL_FRNS","Bulbillomyces farinosus","species","accepted","Fungi","Meruliaceae","GBIF",1.25
"F_BLBTH_BRDN","Bulbithecium borodinense","species","accepted","Fungi","Bionectriaceae","MycoBank",1.25
"F_BLBTH_GLBS","Bulbithecium globosisporum","species","accepted","Fungi","Bionectriaceae","MycoBank",1.25
"F_BLBTH_PNKR","Bulbithecium pinkertoniae","species","accepted","Fungi","Bionectriaceae","MycoBank",1.25
"F_BLBTH_SPNS","Bulbithecium spinosum","species","accepted","Fungi","Bionectriaceae","MycoBank",1.25
"F_BLLRA_ALBA","Bullera alba","species","accepted","Fungi","Bulleraceae","GBIF",1.25
"F_BYSSN_CHRY","Byssonectria chrysocoma","species","accepted","Fungi","Pyronemataceae","MycoBank",1.25
"F_BTLBE_STLB","Byssostilbe stilbigera","species","accepted","Fungi","Clavicipitaceae","MycoBank",1.25
"F_CDPHR_BRNN","Cadophora brunnescens","species","accepted","Fungi","Ploettnerulaceae","GBIF",1.25
"F_CDPHR_BUBK","Cadophora bubakii","species","accepted","Fungi","Ploettnerulaceae","GBIF",1.25
"F_CDPHR_FSTG","Cadophora fastigiata","species","accepted","Fungi","Ploettnerulaceae","MycoBank",1.25
"F_CDPHR_GRGT","Cadophora gregata","species","accepted","Fungi","Ploettnerulaceae","MycoBank",1.25
"F_CDPHR_HTRD","Cadophora heteroderae","species","accepted","Fungi","Ploettnerulaceae","GBIF",1.25
"F_CDPHR_LTOL","Cadophora luteo-olivacea","species","accepted","Fungi","Ploettnerulaceae","GBIF",1.25
"F_CDPHR_MLRM","Cadophora malorum","species","accepted","Fungi","Ploettnerulaceae","MycoBank",1.25
"F_CDPHR_MELN","Cadophora melinii","species","accepted","Fungi","Ploettnerulaceae","MycoBank",1.25
"F_CDPHR_OBSC","Cadophora obscura","species","accepted","Fungi","Ploettnerulaceae","MycoBank",1.25
"F_CAEOM_TULP","Caeoma tulipae","species","accepted","Fungi","Pucciniaceae","MycoBank",1.25
"F_CRLMY_VERA","Caeruleomyces verae","species","accepted","Fungi","","GBIF",1.25
"F_CLCRS_ARBS","Calcarisporium arbusculum","species","accepted","Fungi","Calcarisporiaceae","MycoBank",1.25
"F_CLCRS_ECHN","Calcarisporium echinosporum","species","accepted","Fungi","Calcarisporiaceae","MycoBank",1.25
"F_CLCPSS_URDN","Caliciopsis uredinicola","species","accepted","Fungi","Coryneliaceae","MycoBank",1.25
"F_CALLR_TRML","Calloria tremelloides","species","accepted","Fungi","Calloriaceae","MycoBank",1.25
"F_CLNCT_CYTH","Calonectria cyathula","species","accepted","Fungi","Nectriaceae","MycoBank",1.25
"F_CLNCT_ERYT","Calonectria erythrina","species","accepted","Fungi","Nectriaceae","MycoBank",1.25
"F_CLNCT_FLVD","Calonectria fulvida","species","accepted","Fungi","Nectriaceae","MycoBank",1.25
"F_CLNCT_HPPC","Calonectria hippocastani","species","accepted","Fungi","Nectriaceae","MycoBank",1.25
"F_CLNCT_INDS","Calonectria indusiata","species","accepted","Fungi","Nectriaceae","MycoBank",1.25
"F_CLNCT_LGRH","Calonectria lagerheimiana","species","accepted","Fungi","Nectriaceae","MycoBank",1.25
"F_CLNCT_LGMN","Calonectria leguminum","species","accepted","Fungi","Nectriaceae","MycoBank",1.25
"F_CLNCT_LGHT","Calonectria leightonii","species","accepted","Fungi","Nectriaceae","MycoBank",1.25
"F_CLNCT_MNSC","Calonectria minuscula","species","accepted","Fungi","Nectriaceae","MycoBank",1.25
"F_CLNCT_ODMN","Calonectria oudemansii","species","accepted","Fungi","Nectriaceae","MycoBank",1.25
"F_CLNCT_PHYC","Calonectria phycophora","species","accepted","Fungi","Nectriaceae","MycoBank",1.25
"F_CLNCT_PYRC","Calonectria pyrochroa","species","accepted","Fungi","Nectriaceae","MycoBank",1.25
"F_CLNCT_URDN","Calonectria uredinophila","species","accepted","Fungi","Nectriaceae","MycoBank",1.25
"F_CLNCT_VRNS","Calonectria varians","species","accepted","Fungi","Nectriaceae","MycoBank",1.25
"F_CLNCT_VRRC","Calonectria verruculosa","species","accepted","Fungi","Nectriaceae","MycoBank",1.25
"F_CLNCT_XNTH","Calonectria xantholeuca","species","accepted","Fungi","Nectriaceae","MycoBank",1.25
"F_CLPHM_AQLG","Calophoma aquilegiicola","species","accepted","Fungi","Didymellaceae","GBIF",1.25
"F_CLPHM_CLMT","Calophoma clematidina","species","accepted","Fungi","Didymellaceae","GBIF",1.25
"F_CLPHM_CLMR","Calophoma clematidis-rectae","species","accepted","Fungi","Didymellaceae","GBIF",1.25
"F_CLPHM_CMPL","Calophoma complanata","species","accepted","Fungi","Didymellaceae","GBIF",1.25
"F_CLPHM_GLAC","Calophoma glaucii","species","accepted","Fungi","Didymellaceae","GBIF",1.25
"F_CLSTLB_STRS","Calostilbe striispora","species","accepted","Fungi","Nectriaceae","MycoBank",1.25
"F_CMRSP_DLMT","Camarosporium dalmaticum","species","accepted","Fungi","Camarosporiaceae","MycoBank",1.25
"F_CMRSPR_FLVG","Camarosporomyces flavigenus","species","accepted","Fungi","Camarosporiaceae","MycoBank",1.25
"F_CMPNL_AGRC","Campanella agaricina","species","accepted","Fungi","Marasmiaceae","GBIF",1.25
"F_CNDDZ_AURS","Candidozyma auris","species","accepted","Fungi","Metschnikowiaceae","MycoBank",1.25
"F_CNDDZ_CHNT","Candidozyma chanthaburiensis","species","accepted","Fungi","Metschnikowiaceae","MycoBank",1.25
"F_CNDDZ_DBSH","Candidozyma duobushaemuli","species","accepted","Fungi","Metschnikowiaceae","MycoBank",1.25
"F_CNDDZ_HAML","Candidozyma haemuli","species","accepted","Fungi","Metschnikowiaceae","MycoBank",1.25
"F_CNDDZ_HVCL","Candidozyma heveicola","species","accepted","Fungi","Metschnikowiaceae","MycoBank",1.25
"F_CNDDZ_KHNB","Candidozyma khanbhai","species","accepted","Fungi","Metschnikowiaceae","MycoBank",1.25
"F_CNDDZ_KNSN","Candidozyma konsanensis","species","accepted","Fungi","Metschnikowiaceae","MycoBank",1.25
"F_CNDDZ_MTRS","Candidozyma metrosideri","species","accepted","Fungi","Metschnikowiaceae","MycoBank",1.25
"F_CNDDZ_MLNC","Candidozyma molenica","species","accepted","Fungi","Metschnikowiaceae","MycoBank",1.25
"F_CNDDZ_OHLH","Candidozyma ohialehuae","species","accepted","Fungi","Metschnikowiaceae","MycoBank",1.25
"F_CNDDZ_PSDH","Candidozyma pseudohaemuli","species","accepted","Fungi","Metschnikowiaceae","MycoBank",1.25
"F_CNDDZ_RULL","Candidozyma ruelliae","species","accepted","Fungi","Metschnikowiaceae","MycoBank",1.25
"F_CNDDZ_VLTR","Candidozyma vulturna","species","accepted","Fungi","Metschnikowiaceae","MycoBank",1.25
"AN_CPLLR_ALCV","Capillaria alcoveri","species","accepted","Animalia","Capillariidae","GBIF",1.25
"AN_CPLLR_BMBN","Capillaria bombinatoris","species","accepted","Animalia","Capillariidae","GBIF",1.25
"AN_CPLLR_BCCL","Capillaria buccalis","species","accepted","Animalia","Capillariidae","GBIF",1.25
"AN_CPLLR_CLLP","Capillaria calliopis","species","accepted","Animalia","Capillariidae","GBIF",1.25
"AN_CPLLR_CNCL","Capillaria cincli","species","accepted","Animalia","Capillariidae","GBIF",1.25
"AN_CPLLR_CLBR","Capillaria colubra","species","accepted","Animalia","Capillariidae","GBIF",1.25
"AN_CPLLR_CONT","Capillaria conata","species","accepted","Animalia","Capillariidae","GBIF",1.25
"AN_CPLLR_CRVR","Capillaria corvorum","species","accepted","Animalia","Capillariidae","GBIF",1.25
"AN_CPLLR_CRYP","Capillaria crypturi","species","accepted","Animalia","Capillariidae","GBIF",1.25
"AN_CPLLR_DNMD","Capillaria denmeadi","species","accepted","Animalia","Capillariidae","GBIF",1.25
"AN_CPLLR_FLOD","Capillaria floodi","species","accepted","Animalia","Capillariidae","GBIF",1.25
"AN_CPLLR_MGRN","Capillaria mogurndae","species","accepted","Animalia","Capillariidae","GBIF",1.25
"AN_CPLLR_MLTC","Capillaria multicellularis","species","accepted","Animalia","Capillariidae","GBIF",1.25
"AN_CPLLR_NBTH","Capillaria nubthaiensis","species","accepted","Animalia","Capillariidae","GBIF",1.25
"AN_CPLLR_PPST","Capillaria pipistrelli","species","accepted","Animalia","Capillariidae","GBIF",1.25
"AN_CPLLR_PTRP","Capillaria pterophylli","species","accepted","Animalia","Capillariidae","GBIF",1.25
"AN_CPLLR_SMTR","Capillaria semiteres","species","synonym","Animalia","Capillariidae","GBIF",1.25
"AN_CPLLR_STRGD","Capillaria strigidis","species","accepted","Animalia","Capillariidae","GBIF",1.25
"AN_CPLLR_SUIS","Capillaria suis","species","accepted","Animalia","Capillariidae","GBIF",1.25
"AN_CPLLR_TUMD","Capillaria tumida","species","accepted","Animalia","Capillariidae","GBIF",1.25
"F_CPLLD_ADRT","Capillidium adiaeretum","species","accepted","Fungi","Capillidiaceae","MycoBank",1.25
"F_CPLLD_BNGL","Capillidium bangalorense","species","accepted","Fungi","Capillidiaceae","MycoBank",1.25
"F_CPLLD_HTRS","Capillidium heterosporum","species","accepted","Fungi","Capillidiaceae","MycoBank",1.25
"F_CPLLD_PMLM","Capillidium pumilum","species","accepted","Fungi","Capillidiaceae","MycoBank",1.25
"F_CPLLD_RGSM","Capillidium rugosum","species","accepted","Fungi","Capillidiaceae","MycoBank",1.25
"F_CAPRN_PLSL","Capronia pilosella","species","accepted","Fungi","Herpotrichiellaceae","MycoBank",1.25
"F_CAPRN_SXDC","Capronia sexdecimspora","species","accepted","Fungi","Herpotrichiellaceae","MycoBank",1.25
"F_CTNLF_RHDG","Catenulifera rhodogena","species","accepted","Fungi","Hyphodiscaceae","MycoBank",1.25
"F_CTLLR_LBRC","Catillaria lobariicola","species","accepted","Fungi","Catillariaceae","GBIF",1.25
"F_CLRRL_DURA","Celerioriella dura","species","accepted","Fungi","Celotheliaceae","MycoBank",1.25
"F_CLRRL_PRNC","Celerioriella prunicola","species","accepted","Fungi","Celotheliaceae","MycoBank",1.25
"F_CNNGM_CHLR","Cenangium chlorellum","species","accepted","Fungi","Cenangiaceae","MycoBank",1.25
"F_CPHLSP_INDC","Cephalosporium indicum","species","accepted","Fungi","Plectosphaerellaceae","MycoBank",1.25
"F_CPHLT_MCRS","Cephalotrichum microsporum","species","accepted","Fungi","Microascaceae","MycoBank",1.25
"F_CPHLT_NANM","Cephalotrichum nanum","species","accepted","Fungi","Microascaceae","MycoBank",1.25
"F_CPHLT_PRPR","Cephalotrichum purpureofuscum","species","accepted","Fungi","Microascaceae","MycoBank",1.25
"F_CPHLT_STMN","Cephalotrichum stemonitis","species","accepted","Fungi","Microascaceae","MycoBank",1.25
"F_CRTCY_CTNN","Ceratocystis catoniana","species","accepted","Fungi","Ceratocystidaceae","GBIF",1.25
"F_CRTCY_PICE","Ceratocystis piceae","species","accepted","Fungi","Ceratocystidaceae","GBIF",1.25
"F_CRCSPT_SPND","Cercoseptoria sapindophila","species","accepted","Fungi","Mycosphaerellaceae","MycoBank",1.25
"F_CRCSP_BTCL","Cercospora beticola","species","accepted","Fungi","Mycosphaerellaceae","MycoBank",1.25
"F_CRCSP_CRVT","Cercospora curvata","species","accepted","Fungi","Mycosphaerellaceae","MycoBank",1.25
"F_CRCSP_SRJN","Cercospora serjaniae","species","accepted","Fungi","Mycosphaerellaceae","MycoBank",1.25
"F_CRCSP_TBCN","Cercospora tabacina","species","accepted","Fungi","Mycosphaerellaceae","MycoBank",1.25
"F_CRCSPRL_RUBI","Cercosporella rubi","species","accepted","Fungi","Mycosphaerellaceae","MycoBank",1.25
"F_CPRDM_CHTM","Cercosporidium chaetomium","species","accepted","Fungi","Mycosphaerellaceae","MycoBank",1.25
"F_CRNST_LTLB","Cerinosterus luteoalbus","species","accepted","Fungi","Dacrymycetaceae","MycoBank",1.25
"F_CTHSP_ACNT","Ceuthospora acantholimonis","species","accepted","Fungi","Phacidiaceae","GBIF",1.25
"F_CTHSP_ASTR","Ceuthospora astragalina","species","accepted","Fungi","Phacidiaceae","MycoBank",1.25
"F_CTHSP_LRDN","Ceuthospora liriodendri","species","accepted","Fungi","Phacidiaceae","MycoBank",1.25
"F_CHNTH_FRFR","Chaenotheca furfuracea","species","accepted","Fungi","Coniocybaceae","GBIF",1.25
"F_CHTSB_EPTR","Chaetasbolisia eupatorii","species","accepted","Fungi","Didymellaceae","MycoBank",1.25
"F_CHTML_RRPL","Chaetomella raripila","species","accepted","Fungi","Chaetomellaceae","MycoBank",1.25
"F_CHTMD_FIMT","Chaetomidium fimeti","species","accepted","Fungi","Chaetomiaceae","GBIF",1.25
"F_CHTMM_GLBSP","Chaetomium globosporum","species","accepted","Fungi","Chaetomiaceae","GBIF",1.25
"F_CHTMM_HNGH","Chaetomium hongheense","species","accepted","Fungi","Chaetomiaceae","MycoBank",1.25
"F_CHTMM_RSFL","Chaetomium rosifloricola","species","accepted","Fungi","Chaetomiaceae","MycoBank",1.25
"F_CHTMM_RSRD","Chaetomium rosiradicicola","species","accepted","Fungi","Chaetomiaceae","MycoBank",1.25
"F_CHTMM_NLLI","Chaetomium semen-citrulli","species","synonym","Fungi","Chaetomiaceae","GBIF",1.25
"F_CHTMM_UDGW","Chaetomium udagawae","species","synonym","Fungi","Chaetomiaceae","GBIF",1.25
"F_CHTPS_CHTP","Chaetopsina chaetopsinae","species","accepted","Fungi","Nectriaceae","MycoBank",1.25
"F_CHTPS_MCRC","Chaetopsina macrochaetopsinae","species","accepted","Fungi","Nectriaceae","MycoBank",1.25
"F_CHTPS_PNCL","Chaetopsina penicillata","species","accepted","Fungi","Nectriaceae","MycoBank",1.25
"F_CHTPS_PLYB","Chaetopsina polyblastia","species","accepted","Fungi","Nectriaceae","MycoBank",1.25
"F_CSPHRA_VRMC","Chaetosphaeria vermicularioides","species","accepted","Fungi","Chaetosphaeriaceae","GBIF",1.25
"F_CRNMA_CONS","Chaetosphaeronema coonsii","species","accepted","Fungi","Phaeosphaeriaceae","MycoBank",1.25
"F_CHALR_MYCD","Chalara mycoderma","species","accepted","Fungi","Pezizellaceae","MycoBank",1.25
"F_CHLST_CETR","Chalastospora cetera","species","accepted","Fungi","Pleosporaceae","GBIF",1.25
"F_CHLST_GSSY","Chalastospora gossypii","species","accepted","Fungi","Pleosporaceae","GBIF",1.25
"F_CHRNC_SCPT","Charonectria sceptri","species","accepted","Fungi","Hyponectriaceae","MycoBank",1.25
"P_CHLMS_CSPD","Chilomastix cuspidata","species","accepted","Protozoa","Retortamonadidae","GBIF",1.25
"F_CHNYP_CRTR","Chionyphe carteri","species","accepted","Fungi","Mucoraceae","MycoBank",1.25
"B_CHLMY_CAVI","Chlamydia caviae","species","accepted","Bacteria","Chlamydiaceae","LPSN",1.25
"F_CHLMYDB_PADN","Chlamydoabsidia padenii","species","accepted","Fungi","Cunninghamellaceae","MycoBank",1.25
"F_CCLLM_CRVL","Chlamydocillium curvulum","species","accepted","Fungi","Sarocladiaceae","MycoBank",1.25
"F_CHLMYD_RSTR","Chlamydosporiella restricta","species","accepted","Fungi","Trichosphaeriaceae","MycoBank",1.25
"F_CHLRD_CASM","Chloridium caesium","species","accepted","Fungi","Chaetosphaeriaceae","MycoBank",1.25
"F_CHLRD_PHPH","Chloridium phaeophorum","species","accepted","Fungi","Chaetosphaeriaceae","GBIF",1.25
"F_CHLRC_GRSM","Chlorocillium griseum","species","accepted","Fungi","","MycoBank",1.25
"F_CHNPH_CCRB","Choanephora cucurbitarum","species","accepted","Fungi","Choanephoraceae","GBIF",1.25
"F_CHNPH_INFN","Choanephora infundibulifera","species","accepted","Fungi","Choanephoraceae","GBIF",1.25
"F_CHRML_CARN","Chromelosporiopsis carnea","species","accepted","Fungi","Pezizaceae","MycoBank",1.25
"F_CHRMLS_FLVM","Chromelosporium fulvum","species","accepted","Fungi","Pezizaceae","MycoBank",1.25
"F_CHRMLS_OCHR","Chromelosporium ochraceum","species","accepted","Fungi","Pezizaceae","MycoBank",1.25
"F_CHRMLS_TBRC","Chromelosporium tuberculatum","species","accepted","Fungi","Pezizaceae","GBIF",1.25
"F_CHRYSN_LNTM","Chrysanthotrichum lentum","species","accepted","Fungi","Chaetomiaceae","MycoBank",1.25
"F_CCRNA_LCKN","Chrysocorona lucknowensis","species","accepted","Fungi","Chaetomiaceae","MycoBank",1.25
"F_CGLTN_BSLT","Chrysogluten biasolettianum","species","accepted","Fungi","Nectriaceae","MycoBank",1.25
"F_CSPRM_DCLA","Chrysosporium ophiodiicola","species","synonym","Fungi","Onygenaceae","GBIF",1.25
"F_CHRYSZ_FSHN","Chrysozyma fushanensis","species","accepted","Fungi","Chrysozymaceae","MycoBank",1.25
"F_CHRYSZ_GRSF","Chrysozyma griseoflava","species","accepted","Fungi","Chrysozymaceae","MycoBank",1.25
"F_CLMYC_ORPN","Ciliomyces oropensis","species","accepted","Fungi","Paranectriaceae","MycoBank",1.25
"F_CNNMM_CNNM","Cinnamomeonectria cinnamomea","species","accepted","Fungi","Nectriaceae","MycoBank",1.25
"F_CNTRC_AXCL","Cintractia axicola","species","accepted","Fungi","Anthracoideaceae","MycoBank",1.25
"F_CNTRC_DSTC","Cintractia distichlidis","species","accepted","Fungi","Anthracoideaceae","MycoBank",1.25
"F_CNTRC_FMBM","Cintractia fimbristylidis-miliaceae","species","accepted","Fungi","Anthracoideaceae","GBIF",1.25
"F_CNTRC_JRDN","Cintractia jardineae","species","accepted","Fungi","Anthracoideaceae","MycoBank",1.25
"F_CNTRC_LDRM","Cintractia leioderma","species","accepted","Fungi","Anthracoideaceae","GBIF",1.25
"F_CNTRC_LIDI","Cintractia lidii","species","synonym","Fungi","Anthracoideaceae","MycoBank",1.25
"F_CNTRC_LMTT","Cintractia limitata","species","accepted","Fungi","Anthracoideaceae","MycoBank",1.25
"F_CNTRC_LYGE","Cintractia lygei","species","accepted","Fungi","Anthracoideaceae","MycoBank",1.25
"F_CNTRC_MLLR","Cintractia muelleriana","species","accepted","Fungi","Anthracoideaceae","GBIF",1.25
"F_CNTRC_PLVR","Cintractia pulverulenta","species","accepted","Fungi","Anthracoideaceae","MycoBank",1.25
"F_CNTRC_SOLD","Cintractia solida","species","accepted","Fungi","Anthracoideaceae","MycoBank",1.25
"F_CNTRC_STND","Cintractia standleyana","species","accepted","Fungi","Anthracoideaceae","MycoBank",1.25
"F_CNTRC_SBNC","Cintractia subinclusa","species","accepted","Fungi","Anthracoideaceae","GBIF",1.25
"F_CNTRCT_DPLS","Cintractiella diplasiae","species","accepted","Fungi","Cintractiellaceae","MycoBank",1.25
"F_CRCNL_ANGR","Circinella angarensis","species","accepted","Fungi","Lichtheimiaceae","MycoBank",1.25
"F_CRCNL_MUSC","Circinella muscae","species","accepted","Fungi","Lichtheimiaceae","MycoBank",1.25
"F_CTRMY_MTRT","Citeromyces matritensis","species","accepted","Fungi","Pichiaceae","MycoBank",1.25
"F_CVSBR_ELNG","Civisubramaniania elongata","species","accepted","Fungi","","MycoBank",1.25
"F_CLDGR_RVLR","Cladographium rivulorum","species","accepted","Fungi","","MycoBank",1.25
"F_CLDPH_BRSL","Cladophialophora brasiliensis","species","accepted","Fungi","Herpotrichiellaceae","MycoBank",1.25
"F_CLDPH_DNGR","Cladophialophora denigrans","species","accepted","Fungi","Herpotrichiellaceae","MycoBank",1.25
"F_CLDPH_DMRP","Cladophialophora dimorphospora","species","accepted","Fungi","Herpotrichiellaceae","MycoBank",1.25
"F_CLDPH_DIRN","Cladophialophora dirinae","species","accepted","Fungi","Herpotrichiellaceae","MycoBank",1.25
"F_CLDPH_DOIG","Cladophialophora doigiae","species","accepted","Fungi","Herpotrichiellaceae","MycoBank",1.25
"F_CLDPH_GLBS","Cladophialophora globosa","species","accepted","Fungi","Herpotrichiellaceae","MycoBank",1.25
"F_CLDPH_GNGX","Cladophialophora guangxiensis","species","accepted","Fungi","Herpotrichiellaceae","MycoBank",1.25
"F_CLDPH_HMTM","Cladophialophora haematommatis","species","accepted","Fungi","Herpotrichiellaceae","MycoBank",1.25
"F_CLDPH_HRRS","Cladophialophora harrisii","species","accepted","Fungi","Herpotrichiellaceae","MycoBank",1.25
"F_CLDPH_HPTC","Cladophialophora hepatica","species","accepted","Fungi","Herpotrichiellaceae","MycoBank",1.25
"F_CLDPH_INBN","Cladophialophora inabaensis","species","accepted","Fungi","Herpotrichiellaceae","GBIF",1.25
"F_CLDPH_KDNS","Cladophialophora kaiduensis","species","accepted","Fungi","Herpotrichiellaceae","MycoBank",1.25
"F_CLDPH_MINM","Cladophialophora minima","species","accepted","Fungi","Herpotrichiellaceae","MycoBank",1.25
"F_CLDPH_NVLS","Cladophialophora novalis","species","accepted","Fungi","Herpotrichiellaceae","MycoBank",1.25
"F_CLDPH_NVZH","Cladophialophora novozhilovii","species","accepted","Fungi","Herpotrichiellaceae","MycoBank",1.25
"F_CLDPH_ZMMR","Cladophialophora zimmermannii","species","accepted","Fungi","Herpotrichiellaceae","MycoBank",1.25
"F_CLDRR_OLRM","Cladorrhinum olerum","species","accepted","Fungi","Podosporaceae","GBIF",1.25
"F_CLDSP_ARAL","Cladosporium araliae","species","synonym","Fungi","Cladosporiaceae","GBIF",1.25
"F_CLDSP_ARMN","Cladosporium armandiae","species","accepted","Fungi","Cladosporiaceae","MycoBank",1.25
"F_CLDSP_DMRP","Cladosporium dimorphospora","species","accepted","Fungi","Cladosporiaceae","GBIF",1.25
"F_CLDSP_DPLS","Cladosporium diploschisticola","species","accepted","Fungi","Cladosporiaceae","MycoBank",1.25
"F_CLDSP_DRACN","Cladosporium dracaenae","species","accepted","Fungi","Cladosporiaceae","MycoBank",1.25
"F_CLDSP_ELATM","Cladosporium elatium","species","synonym","Fungi","Cladosporiaceae","GBIF",1.25
"F_CLDSP_GZSK","Cladosporium gazsikiorum","species","synonym","Fungi","Cladosporiaceae","MycoBank",1.25
"F_CLDSP_INFST","Cladosporium infestans","species","accepted","Fungi","Cladosporiaceae","GBIF",1.25
"F_CLDSP_KWNS","Cladosporium kuwanaspidis","species","accepted","Fungi","Cladosporiaceae","MycoBank",1.25
"F_CLDSP_MNGL","Cladosporium menglunense","species","accepted","Fungi","Cladosporiaceae","MycoBank",1.25
"F_CLDSP_NBLM","Cladosporium nubilum","species","accepted","Fungi","Cladosporiaceae","MycoBank",1.25
"F_CLDSP_ORYZ","Cladosporium oryzae","species","accepted","Fungi","Cladosporiaceae","GBIF",1.25
"F_CLDSP_PLTG","Cladosporium peltigerae","species","accepted","Fungi","Cladosporiaceae","MycoBank",1.25
"F_CLDSP_RUGA","Cladosporium rugae","species","accepted","Fungi","Cladosporiaceae","MycoBank",1.25
"F_CLDSP_SUBTL","Cladosporium subtile","species","accepted","Fungi","Cladosporiaceae","GBIF",1.25
"F_CLDSP_TRMN","Cladosporium terminale","species","accepted","Fungi","Cladosporiaceae","GBIF",1.25
"F_CLDSP_THRM","Cladosporium thermophilus","species","accepted","Fungi","Cladosporiaceae","GBIF",1.25
"F_CLDSP_TNGH","Cladosporium tongheensis","species","accepted","Fungi","Cladosporiaceae","MycoBank",1.25
"F_CLDSP_VICI","Cladosporium viciae","species","accepted","Fungi","Cladosporiaceae","MycoBank",1.25
"F_CLVSP_ASPR","Clavispora asparagi","species","accepted","Fungi","Metschnikowiaceae","MycoBank",1.25
"F_CLVSP_CRVJ","Clavispora carvajalis","species","accepted","Fungi","Metschnikowiaceae","MycoBank",1.25
"F_CLVSP_PHYL","Clavispora phyllophila","species","accepted","Fungi","Metschnikowiaceae","MycoBank",1.25
"F_CLVSP_SPUT","Clavispora sputi","species","accepted","Fungi","Metschnikowiaceae","MycoBank",1.25
"F_CLVSP_VTPH","Clavispora vitiphila","species","accepted","Fungi","Metschnikowiaceae","MycoBank",1.25
"F_CLSTP_DRYN","Cleistophoma dryina","species","accepted","Fungi","","MycoBank",1.25
"F_CLNCN_INOY","Clinoconidium inouyei","species","accepted","Fungi","Cryptobasidiaceae","MycoBank",1.25
"F_CLNCN_ONUM","Clinoconidium onumae","species","accepted","Fungi","Cryptobasidiaceae","MycoBank",1.25
"F_CLNTN_PLLN","Clintoniella paulliniae","species","accepted","Fungi","Hypocreaceae","MycoBank",1.25
"F_CLSSP_FSCM","Clisosporium fuscum","species","accepted","Fungi","Leptosphaeriaceae","MycoBank",1.25
"AN_CLNRC_ENDM","Clonorchis endemicus","species","synonym","Animalia","Opisthorchiidae","GBIF",1.25
"AN_CLNRC_SNNS","Clonorchis sinensis","species","accepted","Animalia","Opisthorchiidae","GBIF",1.25
"F_CLNST_AMBG","Clonostachys ambigua","species","accepted","Fungi","Bionectriaceae","MycoBank",1.25
"F_CLNST_APCY","Clonostachys apocyni","species","accepted","Fungi","Bionectriaceae","MycoBank",1.25
"F_CLNST_BLMN","Clonostachys blumenaviae","species","accepted","Fungi","Bionectriaceae","MycoBank",1.25
"F_CLNST_CMPC","Clonostachys compactiuscula","species","accepted","Fungi","Bionectriaceae","MycoBank",1.25
"F_CLNST_EPCH","Clonostachys epichloe","species","accepted","Fungi","Bionectriaceae","MycoBank",1.25
"F_CLNST_FRNS","Clonostachys farinosa","species","accepted","Fungi","Bionectriaceae","MycoBank",1.25
"F_CLNST_GRMM","Clonostachys grammicospora","species","accepted","Fungi","Bionectriaceae","MycoBank",1.25
"F_CLNST_RPSS","Clonostachys grammicosporopsis","species","accepted","Fungi","Bionectriaceae","MycoBank",1.25
"F_CLNST_IMPR","Clonostachys impariphialis","species","accepted","Fungi","Bionectriaceae","MycoBank",1.25
"F_CLNST_KOWH","Clonostachys kowhai","species","accepted","Fungi","Bionectriaceae","MycoBank",1.25
"F_CLNST_LCFR","Clonostachys lucifer","species","accepted","Fungi","Bionectriaceae","MycoBank",1.25
"F_CLNST_MNHT","Clonostachys manihotis","species","accepted","Fungi","Bionectriaceae","MycoBank",1.25
"F_CLNST_MELL","Clonostachys mellea","species","accepted","Fungi","Bionectriaceae","MycoBank",1.25
"F_CLNST_PTYR","Clonostachys pityrodes","species","accepted","Fungi","Bionectriaceae","MycoBank",1.25
"F_CLNST_PSDS","Clonostachys pseudosetosa","species","accepted","Fungi","Bionectriaceae","MycoBank",1.25
"F_CLNST_RLFS","Clonostachys ralfsii","species","accepted","Fungi","Bionectriaceae","MycoBank",1.25
"F_CLNST_SBQT","Clonostachys subquaternata","species","accepted","Fungi","Bionectriaceae","MycoBank",1.25
"F_CLNST_TNDZ","Clonostachys tonduzii","species","accepted","Fungi","Bionectriaceae","MycoBank",1.25
"F_CLYPP_LNRS","Clypeoporthe linearis","species","accepted","Fungi","Gnomoniaceae","GBIF",1.25
"F_CCHLB_AKNS","Cochliobolus akaiiensis","species","accepted","Fungi","Pleosporaceae","GBIF",1.25
"F_CCHLB_GNCL","Cochliobolus geniculatus","species","accepted","Fungi","Pleosporaceae","GBIF",1.25
"F_CCHLB_HTRS","Cochliobolus heterostrophus","species","accepted","Fungi","Pleosporaceae","GBIF",1.25
"F_CCHLB_KUSN","Cochliobolus kusanoi","species","accepted","Fungi","Pleosporaceae","MycoBank",1.25
"F_CCHLB_LTTR","Cochliobolus luttrellii","species","accepted","Fungi","Pleosporaceae","GBIF",1.25
"F_CCHLB_SETR","Cochliobolus setariae","species","accepted","Fungi","Pleosporaceae","GBIF",1.25
"F_CLCGL_CYCL","Colacogloea cycloclastica","species","accepted","Fungi","Colacogloeaceae","MycoBank",1.25
"F_CLCGL_DFFL","Colacogloea diffluens","species","accepted","Fungi","Colacogloeaceae","MycoBank",1.25
"F_CLCGL_ECLY","Colacogloea eucalyptica","species","accepted","Fungi","Colacogloeaceae","MycoBank",1.25
"F_CLCGL_FLCT","Colacogloea falcata","species","accepted","Fungi","Colacogloeaceae","MycoBank",1.25
"F_CLCGL_FLRM","Colacogloea foliorum","species","accepted","Fungi","Colacogloeaceae","MycoBank",1.25
"F_CLCGL_PHLY","Colacogloea philyla","species","accepted","Fungi","Colacogloeaceae","MycoBank",1.25
"F_CLCGL_RTNP","Colacogloea retinophila","species","accepted","Fungi","Colacogloeaceae","MycoBank",1.25
"F_CLCGL_SBRC","Colacogloea subericola","species","accepted","Fungi","Colacogloeaceae","MycoBank",1.25
"F_CLCGL_TRPN","Colacogloea terpenoidalis","species","accepted","Fungi","Colacogloeaceae","MycoBank",1.25
"F_CPHMA_CRTR","Coleophoma crateriformis","species","accepted","Fungi","Dermateaceae","MycoBank",1.25
"F_CPHMA_CYLN","Coleophoma cylindrospora","species","accepted","Fungi","Dermateaceae","MycoBank",1.25
"F_CPHMA_MCLF","Coleophoma maculiformis","species","accepted","Fungi","Dermateaceae","GBIF",1.25
"F_COLER_CHTM","Coleroa chaetomium","species","accepted","Fungi","Venturiaceae","MycoBank",1.25
"F_CLLRL_ANGP","Collariella anguipilia","species","accepted","Fungi","Chaetomiaceae","MycoBank",1.25
"F_CLLRL_BSTR","Collariella bostrychodes","species","accepted","Fungi","Chaetomiaceae","MycoBank",1.25
"F_CLLRL_CSFR","Collariella causiiformis","species","accepted","Fungi","Chaetomiaceae","MycoBank",1.25
"F_CLLRL_HXGN","Collariella hexagonospora","species","accepted","Fungi","Chaetomiaceae","MycoBank",1.25
"F_CLLRL_PCHY","Collariella pachypodioides","species","accepted","Fungi","Chaetomiaceae","MycoBank",1.25
"F_CLLRL_QDRN","Collariella quadrangulata","species","accepted","Fungi","Chaetomiaceae","MycoBank",1.25
"F_CLLRL_RBST","Collariella robusta","species","accepted","Fungi","Chaetomiaceae","MycoBank",1.25
"F_CLLRL_VRSC","Collariella virescens","species","accepted","Fungi","Chaetomiaceae","GBIF",1.25
"F_CLLTT_CHTM","Colletotrichum chaetomium","species","accepted","Fungi","Glomerellaceae","MycoBank",1.25
"F_CLLTT_CCCD","Colletotrichum coccodes","species","accepted","Fungi","Glomerellaceae","MycoBank",1.25
"F_CLLTT_CRSS","Colletotrichum crassipes","species","accepted","Fungi","Glomerellaceae","MycoBank",1.25
"F_CLLTT_DMTM","Colletotrichum dematium","species","accepted","Fungi","Glomerellaceae","MycoBank",1.25
"F_CLLTT_PHRM","Colletotrichum phormii","species","accepted","Fungi","Glomerellaceae","MycoBank",1.25
"F_CMMLN_ANLM","Commelinaceomyces aneilematis","species","accepted","Fungi","Clavicipitaceae","MycoBank",1.25
"F_CMMLN_BRKL","Commelinaceomyces burkillii","species","accepted","Fungi","Clavicipitaceae","MycoBank",1.25
"F_CMMLN_NWSC","Commelinaceomyces nawaschinii","species","accepted","Fungi","Clavicipitaceae","MycoBank",1.25
"F_CMMLN_RWND","Commelinaceomyces rwandensis","species","accepted","Fungi","Clavicipitaceae","MycoBank",1.25
"F_CMCLT_INCM","Comoclathris incompta","species","accepted","Fungi","Pleosporaceae","MycoBank",1.25
"F_CNFRV_DNDR","Conferva dendritica","species","accepted","Fungi","","MycoBank",1.25
"F_CNFRV_FNST","Conferva fenestralis","species","accepted","Fungi","","MycoBank",1.25
"F_CNDBL_JNGX","Conidiobolus jiangxiensis","species","accepted","Fungi","Conidiobolaceae","MycoBank",1.25
"F_CNDBL_MCRC","Conidiobolus macroconidius","species","accepted","Fungi","Conidiobolaceae","MycoBank",1.25
"F_CNDBL_MRCC","Conidiobolus marcoconidius","species","accepted","Fungi","Conidiobolaceae","GBIF",1.25
"F_CNDBL_SRNV","Conidiobolus srinivasanii","species","accepted","Fungi","Conidiobolaceae","MycoBank",1.25
"F_CNDSP_AYRS","Conidiosporomyces ayresii","species","accepted","Fungi","Tilletiaceae","GBIF",1.25
"F_CNDSP_VRRC","Conidiosporomyces verruculosus","species","accepted","Fungi","Tilletiaceae","MycoBank",1.25
"F_CONLL_DPLD","Coniella diplodiella","species","accepted","Fungi","Schizoparmaceae","MycoBank",1.25
"F_CONLL_GRNT","Coniella granati","species","accepted","Fungi","Schizoparmaceae","MycoBank",1.25
"F_CNCSS_NDLS","Coniocessia nodulisporioides","species","accepted","Fungi","Coniocessiaceae","MycoBank",1.25
"F_CNCHT_AFRA","Coniochaeta afra","species","accepted","Fungi","Coniochaetaceae","MycoBank",1.25
"F_CNCHT_CRTC","Coniochaeta corticalis","species","accepted","Fungi","Coniochaetaceae","MycoBank",1.25
"F_CNCHT_FRMN","Coniochaeta fermentaria","species","accepted","Fungi","Coniochaetaceae","MycoBank",1.25
"F_CNCHT_FBRC","Coniochaeta fibricola","species","accepted","Fungi","Coniochaetaceae","MycoBank",1.25
"F_CNCHT_MNST","Coniochaeta monsterae","species","accepted","Fungi","Coniochaetaceae","MycoBank",1.25
"F_CNCHT_NOTL","Coniochaeta notelaeae","species","accepted","Fungi","Coniochaetaceae","MycoBank",1.25
"F_CNCHT_RSKL","Coniochaeta riskalishoyakubovii","species","accepted","Fungi","Coniochaetaceae","MycoBank",1.25
"F_CNCHT_TTLB","Coniochaeta teitelbaumiae","species","accepted","Fungi","Coniochaetaceae","MycoBank",1.25
"F_CNCHT_WEBR","Coniochaeta weberae","species","accepted","Fungi","Coniochaetaceae","MycoBank",1.25
"F_CONCYB_FRFR","Coniocybe furfuracea","species","accepted","Fungi","Coniocybaceae","MycoBank",1.25
"F_CNLRL_ERSH","Coniolariella ershadii","species","accepted","Fungi","Xylariaceae","GBIF",1.25
"F_CNLRL_GAMS","Coniolariella gamsii","species","accepted","Fungi","Xylariaceae","MycoBank",1.25
"F_CNLRL_LMNS","Coniolariella limonispora","species","accepted","Fungi","Xylariaceae","GBIF",1.25
"F_CNSPR_SPDC","Coniosporium spadiceum","species","accepted","Fungi","Coniosporiaceae","MycoBank",1.25
"F_CNTHYR_BDDL","Coniothyrium buddlejae","species","accepted","Fungi","Coniothyriaceae","GBIF",1.25
"F_CNTHYR_CNCN","Coniothyrium concentricum","species","accepted","Fungi","Coniothyriaceae","MycoBank",1.25
"F_CNTHYR_CYTS","Coniothyrium cytisellum","species","accepted","Fungi","Coniothyriaceae","MycoBank",1.25
"F_CNTHYR_DPSC","Coniothyrium dipsacinum","species","accepted","Fungi","Coniothyriaceae","GBIF",1.25
"F_CNTHYR_DNCN","Coniothyrium donacinum","species","accepted","Fungi","Coniothyriaceae","MycoBank",1.25
"F_CNTHYR_GLYC","Coniothyrium glycines","species","accepted","Fungi","Coniothyriaceae","GBIF",1.25
"F_CNTHYR_JSMN","Coniothyrium jasmini","species","accepted","Fungi","Coniothyriaceae","MycoBank",1.25
"F_CNTHYR_LOBL","Coniothyrium lobeliae","species","accepted","Fungi","Coniothyriaceae","GBIF",1.25
"F_CNTHYR_MCRP","Coniothyrium microperoides","species","accepted","Fungi","Coniothyriaceae","MycoBank",1.25
"F_CNTHYR_MXTM","Coniothyrium mixtum","species","accepted","Fungi","Coniothyriaceae","MycoBank",1.25
"F_CNTHYR_MCFR","Coniothyrium muciferum","species","accepted","Fungi","Coniothyriaceae","MycoBank",1.25
"F_CNTHYR_SRTH","Coniothyrium sarothamni","species","accepted","Fungi","Coniothyriaceae","MycoBank",1.25
"F_CNTHYR_SPHR","Coniothyrium sphaerospermum","species","accepted","Fungi","Coniothyriaceae","MycoBank",1.25
"F_CNTHYR_TMRS","Coniothyrium tamarisci","species","accepted","Fungi","Coniothyriaceae","MycoBank",1.25
"F_CNTHYR_TLPH","Coniothyrium telephii","species","accepted","Fungi","Coniothyriaceae","MycoBank",1.25
"F_CONPL_ATRA","Conoplea atra","species","accepted","Fungi","Sarcosomataceae","MycoBank",1.25
"F_CONPL_GLBS","Conoplea globosa","species","accepted","Fungi","Sarcosomataceae","GBIF",1.25
"AN_CNTRC_ADNC","Contracaecum aduncum","species","synonym","Animalia","Anisakidae","GBIF",1.25
"AN_CNTRC_AMYN","Contracaecum amoyense","species","synonym","Animalia","Anisakidae","GBIF",1.25
"AN_CNTRC_YNSS","Contracaecum amoyensis","species","synonym","Animalia","Anisakidae","GBIF",1.25
"AN_CNTRC_ARII","Contracaecum arii","species","synonym","Animalia","Anisakidae","GBIF",1.25
"AN_CNTRC_ASSI","Contracaecum assi","species","synonym","Animalia","Anisakidae","GBIF",1.25
"AN_CNTRC_BYLS","Contracaecum baylisi","species","synonym","Animalia","Anisakidae","GBIF",1.25
"AN_CNTRC_BNMS","Contracaecum benimasu","species","synonym","Animalia","Anisakidae","GBIF",1.25
"AN_CNTRC_CLLT","Contracaecum callotariae","species","accepted","Animalia","Anisakidae","GBIF",1.25
"AN_CNTRC_CHNX","Contracaecum chaunaxi","species","synonym","Animalia","Anisakidae","GBIF",1.25
"AN_CNTRC_CHRN","Contracaecum chorinemi","species","synonym","Animalia","Anisakidae","GBIF",1.25
"AN_CNTRC_CLVT","Contracaecum clavatum","species","synonym","Animalia","Anisakidae","GBIF",1.25
"AN_CNTRC_COCO","Contracaecum cocoi","species","accepted","Animalia","Anisakidae","GBIF",1.25
"AN_CNTRC_COIL","Contracaecum coiliae","species","synonym","Animalia","Anisakidae","GBIF",1.25
"AN_CNTRC_LLRE","Contracaecum collare","species","synonym","Animalia","Anisakidae","GBIF",1.25
"AN_CNTRC_CRSS","Contracaecum crassicaudatum","species","synonym","Animalia","Anisakidae","GBIF",1.25
"AN_CNTRC_CRNL","Contracaecum crenulatum","species","accepted","Animalia","Anisakidae","GBIF",1.25
"AN_CNTRC_CYCL","Contracaecum cyclopteri","species","synonym","Animalia","Anisakidae","GBIF",1.25
"AN_CNTRC_DIMD","Contracaecum diomedeae","species","accepted","Animalia","Anisakidae","GBIF",1.25
"AN_CNTRC_ELNG","Contracaecum elongatum","species","synonym","Animalia","Anisakidae","GBIF",1.25
"AN_CNTRC_ENGR","Contracaecum engraulisi","species","synonym","Animalia","Anisakidae","GBIF",1.25
"AN_CNTRC_EPNP","Contracaecum epinepheli","species","synonym","Animalia","Anisakidae","GBIF",1.25
"AN_CNTRC_EQUL","Contracaecum equulai","species","synonym","Animalia","Anisakidae","GBIF",1.25
"AN_CNTRC_FABR","Contracaecum fabri","species","synonym","Animalia","Anisakidae","GBIF",1.25
"AN_CNTRC_FRTL","Contracaecum fortalezae","species","synonym","Animalia","Anisakidae","GBIF",1.25
"AN_CNTRC_GRCL","Contracaecum gracile","species","synonym","Animalia","Anisakidae","GBIF",1.25
"AN_CNTRC_GRNL","Contracaecum granulosum","species","accepted","Animalia","Anisakidae","GBIF",1.25
"AN_CNTRC_HPLG","Contracaecum hapalogenyos","species","synonym","Animalia","Anisakidae","GBIF",1.25
"AN_CNTRC_HPPG","Contracaecum hippoglossi","species","synonym","Animalia","Anisakidae","GBIF",1.25
"AN_CNTRC_HSTP","Contracaecum histiophori","species","synonym","Animalia","Anisakidae","GBIF",1.25
"AN_CNTRC_HYPM","Contracaecum hypomesi","species","synonym","Animalia","Anisakidae","GBIF",1.25
"AN_CNTRC_ILSH","Contracaecum ilishae","species","synonym","Animalia","Anisakidae","GBIF",1.25
"AN_CNTRC_INCR","Contracaecum incurvum","species","synonym","Animalia","Anisakidae","GBIF",1.25
"AN_CNTRC_KMJN","Contracaecum kamajensis","species","accepted","Animalia","Anisakidae","GBIF",1.25
"AN_CNTRC_LNGS","Contracaecum longispiculum","species","synonym","Animalia","Anisakidae","GBIF",1.25
"AN_CNTRC_LOPH","Contracaecum lophii","species","synonym","Animalia","Anisakidae","GBIF",1.25
"AN_CNTRC_MCQR","Contracaecum macquariae","species","synonym","Animalia","Anisakidae","GBIF",1.25
"AN_CNTRC_MCRN","Contracaecum macronectidis","species","accepted","Animalia","Anisakidae","GBIF",1.25
"AN_CNTRC_MGNM","Contracaecum magnum","species","synonym","Animalia","Anisakidae","GBIF",1.25
"AN_CNTRC_MLNG","Contracaecum melanogrammi","species","synonym","Animalia","Anisakidae","GBIF",1.25
"AN_CNTRC_MLCH","Contracaecum melichthysi","species","synonym","Animalia","Anisakidae","GBIF",1.25
"AN_CNTRC_MESP","Contracaecum mesopi","species","synonym","Animalia","Anisakidae","GBIF",1.25
"AN_CNTRC_MXCN","Contracaecum mexicanum","species","accepted","Animalia","Anisakidae","GBIF",1.25
"AN_CNTRC_NSXN","Contracaecum muraenesoxin","species","synonym","Animalia","Anisakidae","GBIF",1.25
"AN_CNTRC_MRRY","Contracaecum murrayense","species","synonym","Animalia","Anisakidae","GBIF",1.25
"AN_CNTRC_NTTH","Contracaecum nototheniae","species","synonym","Animalia","Anisakidae","GBIF",1.25
"AN_CNTRC_OCHT","Contracaecum ochotense","species","synonym","Animalia","Anisakidae","GBIF",1.25
"AN_CNTRC_OGCC","Contracaecum ogcocephali","species","synonym","Animalia","Anisakidae","GBIF",1.25
"AN_CNTRC_OKAD","Contracaecum okadai","species","synonym","Animalia","Anisakidae","GBIF",1.25
"AN_CNTRC_OSHR","Contracaecum oshoroensis","species","synonym","Animalia","Anisakidae","GBIF",1.25
"AN_CNTRC_OTLT","Contracaecum otolithii","species","synonym","Animalia","Anisakidae","GBIF",1.25
"AN_CNTRC_PGRS","Contracaecum pagrosomi","species","synonym","Animalia","Anisakidae","GBIF",1.25
"AN_CNTRC_PRLC","Contracaecum paralichthydis","species","synonym","Animalia","Anisakidae","GBIF",1.25
"AN_CNTRC_PLGT","Contracaecum plagiaticium","species","accepted","Animalia","Anisakidae","GBIF",1.25
"AN_CNTRC_PRVS","Contracaecum prevosti","species","accepted","Animalia","Anisakidae","GBIF",1.25
"AN_CNTRC_RCTM","Contracaecum rectum","species","synonym","Animalia","Anisakidae","GBIF",1.25
"AN_CNTRC_SABA","Contracaecum saba","species","synonym","Animalia","Anisakidae","GBIF",1.25
"AN_CNTRC_SLVL","Contracaecum salvelini","species","synonym","Animalia","Anisakidae","GBIF",1.25
"AN_CNTRC_SCMB","Contracaecum scomberomori","species","synonym","Animalia","Anisakidae","GBIF",1.25
"AN_CNTRC_SERL","Contracaecum seriolae","species","accepted","Animalia","Anisakidae","GBIF",1.25
"AN_CNTRC_SYNP","Contracaecum synpapillus","species","accepted","Animalia","Anisakidae","GBIF",1.25
"AN_CNTRC_TSMN","Contracaecum tasmaniense","species","synonym","Animalia","Anisakidae","GBIF",1.25
"AN_CNTRC_TRQT","Contracaecum torquatum","species","accepted","Animalia","Anisakidae","GBIF",1.25
"AN_CNTRC_TRVS","Contracaecum travassosi","species","accepted","Animalia","Anisakidae","GBIF",1.25
"AN_CNTRC_TRCH","Contracaecum trichiuri","species","synonym","Animalia","Anisakidae","GBIF",1.25
"AN_CNTRC_ZENS","Contracaecum zenis","species","synonym","Animalia","Anisakidae","GBIF",1.25
"AN_CNTRC_ZNPS","Contracaecum zenopsis","species","synonym","Animalia","Anisakidae","GBIF",1.25
"F_CRLLMY_RPNS","Corallomycetella repens","species","accepted","Fungi","Nectriaceae","MycoBank",1.25
"F_CRLLN_JTRP","Corallonectria jatrophae","species","accepted","Fungi","Nectriaceae","MycoBank",1.25
"F_CRDYC_CTNN","Cordyceps cateniannulata","species","accepted","Fungi","Cordycipitaceae","MycoBank",1.25
"F_CRDYC_CTNB","Cordyceps cateniobliqua","species","accepted","Fungi","Cordycipitaceae","MycoBank",1.25
"F_CRDYC_CLPT","Cordyceps coleopterorum","species","accepted","Fungi","Cordycipitaceae","MycoBank",1.25
"F_CRDYC_FRNS","Cordyceps farinosa","species","accepted","Fungi","Cordycipitaceae","MycoBank",1.25
"F_CRDYC_FMSR","Cordyceps fumosorosea","species","accepted","Fungi","Cordycipitaceae","MycoBank",1.25
"F_CRDYC_GHNN","Cordyceps ghanensis","species","accepted","Fungi","Cordycipitaceae","MycoBank",1.25
"F_CRDYC_JVNC","Cordyceps javanica","species","accepted","Fungi","Cordycipitaceae","MycoBank",1.25
"F_CRDYC_TNPS","Cordyceps tenuipes","species","accepted","Fungi","Cordycipitaceae","MycoBank",1.25
"AN_CRDYL_EBDN","Cordylobia ebadiana","species","accepted","Animalia","Calliphoridae","GBIF",1.25
"AN_CRDYL_RDHN","Cordylobia rodhaini","species","accepted","Animalia","Calliphoridae","GBIF",1.25
"AN_CRDYL_ROBD","Cordylobia roubaudi","species","accepted","Animalia","Calliphoridae","GBIF",1.25
"AN_CRDYL_RUND","Cordylobia ruandae","species","accepted","Animalia","Calliphoridae","GBIF",1.25
"F_CRMLL_CBSP","Coremiella cubispora","species","accepted","Fungi","","MycoBank",1.25
"F_CRNCT_FCKL","Corinectria fuckeliana","species","accepted","Fungi","Nectriaceae","MycoBank",1.25
"F_CRNCT_TSUG","Corinectria tsugae","species","accepted","Fungi","Nectriaceae","MycoBank",1.25
"F_CRNCLN_ARNR","Corniculantispora aranearum","species","accepted","Fungi","Cordycipitaceae","MycoBank",1.25
"F_CRNCLN_PSLL","Corniculantispora psalliotae","species","accepted","Fungi","Cordycipitaceae","MycoBank",1.25
"F_CORLLM_DRMT","Corollium dermatophagum","species","accepted","Fungi","Trichocomaceae","MycoBank",1.25
"F_CRTCM_VSCS","Corticium viscosum","species","accepted","Fungi","Corticiaceae","MycoBank",1.25
"F_CRYNL_CLVT","Corynelia clavata","species","accepted","Fungi","Coryneliaceae","GBIF",1.25
"F_CSMSPR_ARXI","Cosmospora arxii","species","accepted","Fungi","Nectriaceae","MycoBank",1.25
"F_CSMSPR_ARNT","Cosmospora aurantiicola","species","accepted","Fungi","Nectriaceae","MycoBank",1.25
"F_CSMSPR_BRKL","Cosmospora berkeleyana","species","accepted","Fungi","Nectriaceae","MycoBank",1.25
"F_CSMSPR_BTYR","Cosmospora butyri","species","accepted","Fungi","Nectriaceae","MycoBank",1.25
"F_CSMSPR_CCCN","Cosmospora coccinea","species","accepted","Fungi","Nectriaceae","MycoBank",1.25
"F_CSMSPR_CYMS","Cosmospora cymosa","species","accepted","Fungi","Nectriaceae","MycoBank",1.25
"F_CSMSPR_DMNT","Cosmospora diminuta","species","accepted","Fungi","Nectriaceae","MycoBank",1.25
"F_CSMSPR_FLMM","Cosmospora flammea","species","accepted","Fungi","Nectriaceae","MycoBank",1.25
"F_CSMSPR_FLVV","Cosmospora flavoviridis","species","accepted","Fungi","Nectriaceae","MycoBank",1.25
"F_CSMSPR_GSTR","Cosmospora geastroides","species","accepted","Fungi","Nectriaceae","MycoBank",1.25
"F_CSMSPR_GLBR","Cosmospora glabra","species","accepted","Fungi","Nectriaceae","MycoBank",1.25
"F_CSMSPR_JCND","Cosmospora jucundula","species","accepted","Fungi","Nectriaceae","MycoBank",1.25
"F_CSMSPR_KRDC","Cosmospora kurdica","species","accepted","Fungi","Nectriaceae","MycoBank",1.25
"F_CSMSPR_LSDP","Cosmospora lasiodiplodiae","species","accepted","Fungi","Nectriaceae","MycoBank",1.25
"F_CSMSPR_MLPS","Cosmospora meliopsicola","species","accepted","Fungi","Nectriaceae","MycoBank",1.25
"F_CSMSPR_NTHP","Cosmospora nothepisphaeria","species","accepted","Fungi","Nectriaceae","MycoBank",1.25
"F_CSMSPR_PROT","Cosmospora proteae","species","accepted","Fungi","Nectriaceae","MycoBank",1.25
"F_CSMSPR_PSDF","Cosmospora pseudoflavoviridis","species","accepted","Fungi","Nectriaceae","MycoBank",1.25
"F_CSMSPR_RICK","Cosmospora rickii","species","accepted","Fungi","Nectriaceae","MycoBank",1.25
"F_CSMSPR_RSHB","Cosmospora rishbethii","species","accepted","Fungi","Nectriaceae","MycoBank",1.25
"F_CSMSPR_STLB","Cosmospora stilbellae","species","accepted","Fungi","Nectriaceae","MycoBank",1.25
"F_CSMSPR_USTL","Cosmospora ustulinae","species","accepted","Fungi","Nectriaceae","MycoBank",1.25
"F_CSMSPR_VLSC","Cosmospora viliuscula","species","accepted","Fungi","Nectriaceae","MycoBank",1.25
"F_CSMSPR_VRDS","Cosmospora viridescens","species","accepted","Fungi","Nectriaceae","MycoBank",1.25
"F_CSTNT_TRRS","Costantinella terrestris","species","accepted","Fungi","Morchellaceae","MycoBank",1.25
"F_CCTRA_RBRS","Creonectria rubrosulphurea","species","accepted","Fungi","Nectriaceae","MycoBank",1.25
"F_CRNTM_FLVF","Crinitomyces flavificans","species","accepted","Fungi","Trichomonascaceae","MycoBank",1.25
"F_CRNTM_GHNN","Crinitomyces ghanaensis","species","accepted","Fungi","Trichomonascaceae","MycoBank",1.25
"F_CRYPH_ABSC","Cryphonectria abscondita","species","accepted","Fungi","Cryphonectriaceae","GBIF",1.25
"F_CRYPH_MRFR","Cryphonectria moriformis","species","accepted","Fungi","Cryphonectriaceae","GBIF",1.25
"F_CRYPH_VRCL","Cryphonectria variicolor","species","accepted","Fungi","Cryphonectriaceae","GBIF",1.25
"C_CSTDM_VLLT","Cryptocystidium villithecum","species","synonym","Chromista","Cryptosporidiidae","GBIF",1.25
"C_CRYPT_BLGB","Cryptosporidium blagburni","species","synonym","Chromista","Cryptosporidiidae","GBIF",1.25
"C_CRYPT_SRPH","Cryptosporidium saurophilum","species","synonym","Chromista","Cryptosporidiidae","GBIF",1.25
"C_CRYPT_TYZZ","Cryptosporidium tyzzeri","species","synonym","Chromista","Cryptosporidiidae","GBIF",1.25
"F_CTNMY_GYPS","Ctenomyces gypseus","species","accepted","Fungi","Arthrodermataceae","MycoBank",1.25
"F_CTNMY_VLLR","Ctenomyces vellereus","species","accepted","Fungi","Arthrodermataceae","MycoBank",1.25
"F_CCRBT_BRBR","Cucurbitaria berberidis","species","accepted","Fungi","Cucurbitariaceae","GBIF",1.25
"F_CCRBT_GRPN","Cucurbitaria guarapiensis","species","accepted","Fungi","Cucurbitariaceae","GBIF",1.25
"F_CMLPH_OMNV","Cumuliphoma omnivirens","species","accepted","Fungi","Didymellaceae","MycoBank",1.25
"F_CNNNG_AMPH","Cunninghamella amphispora","species","accepted","Fungi","Cunninghamellaceae","MycoBank",1.25
"F_CNNNG_CINR","Cunninghamella cinerea","species","accepted","Fungi","Cunninghamellaceae","MycoBank",1.25
"F_CNNNG_FLAV","Cunninghamella flava","species","accepted","Fungi","Cunninghamellaceae","MycoBank",1.25
"F_CNNNG_HNNN","Cunninghamella hainanensis","species","accepted","Fungi","Cunninghamellaceae","MycoBank",1.25
"F_CNNNG_NHMT","Cunninghamella neohomothallica","species","accepted","Fungi","Cunninghamellaceae","MycoBank",1.25
"F_CNNNG_RHZD","Cunninghamella rhizoidea","species","accepted","Fungi","Cunninghamellaceae","MycoBank",1.25
"F_CNNNG_SMPL","Cunninghamella simplex","species","accepted","Fungi","Cunninghamellaceae","MycoBank",1.25
"F_CNNNG_VRBL","Cunninghamella variabilis","species","accepted","Fungi","Cunninghamellaceae","MycoBank",1.25
"F_CNNNG_YNNN","Cunninghamella yunnanensis","species","accepted","Fungi","Cunninghamellaceae","MycoBank",1.25
"F_CRVBS_NTHF","Curvibasidium nothofagi","species","accepted","Fungi","","MycoBank",1.25
"F_CRVLR_ALGR","Curvularia algeriensis","species","accepted","Fungi","Pleosporaceae","GBIF",1.25
"F_CRVLR_ARZN","Curvularia arizonensis","species","accepted","Fungi","Pleosporaceae","MycoBank",1.25
"F_CRVLR_BDNS","Curvularia boudouaouensis","species","accepted","Fungi","Pleosporaceae","GBIF",1.25
"F_CRVLR_CSPC","Curvularia caspica","species","accepted","Fungi","Pleosporaceae","MycoBank",1.25
"F_CRVLR_SPTM","Curvularia crassiseptum","species","accepted","Fungi","Pleosporaceae","GBIF",1.25
"F_CRVLR_CYND","Curvularia cynodontis","species","accepted","Fungi","Pleosporaceae","MycoBank",1.25
"F_CRVLR_CYPR","Curvularia cyperi","species","accepted","Fungi","Pleosporaceae","MycoBank",1.25
"F_CRVLR_DSRT","Curvularia deserticola","species","accepted","Fungi","Pleosporaceae","MycoBank",1.25
"F_CRVLR_GBBB","Curvularia gobabebensis","species","accepted","Fungi","Pleosporaceae","MycoBank",1.25
"F_CRVLR_HRBC","Curvularia herbicola","species","accepted","Fungi","Pleosporaceae","MycoBank",1.25
"F_CRVLR_LNGS","Curvularia lingshanensis","species","accepted","Fungi","Pleosporaceae","MycoBank",1.25
"F_CRVLR_LLCL","Curvularia loliicola","species","accepted","Fungi","Pleosporaceae","MycoBank",1.25
"F_CRVLR_MANN","Curvularia manniae","species","accepted","Fungi","Pleosporaceae","MycoBank",1.25
"F_CRVLR_MARS","Curvularia maraisii","species","accepted","Fungi","Pleosporaceae","MycoBank",1.25
"F_CRVLR_NMBN","Curvularia namibensis","species","accepted","Fungi","Pleosporaceae","MycoBank",1.25
"F_CRVLR_NNJN","Curvularia nanjingensis","species","accepted","Fungi","Pleosporaceae","MycoBank",1.25
"F_CRVLR_NLMB","Curvularia nelumbonicola","species","accepted","Fungi","Pleosporaceae","MycoBank",1.25
"F_CRVLR_NCFR","Curvularia nuciferae","species","accepted","Fungi","Pleosporaceae","MycoBank",1.25
"F_CRVLR_STPG","Curvularia stipagrostidicola","species","accepted","Fungi","Pleosporaceae","MycoBank",1.25
"F_CRVLR_TABC","Curvularia tabaci","species","accepted","Fungi","Pleosporaceae","MycoBank",1.25
"F_CRVLR_XNWN","Curvularia xuanwuensis","species","accepted","Fungi","Pleosporaceae","MycoBank",1.25
"F_CTNTR_AGGT","Cutaneotrichosporon aggtelekiense","species","accepted","Fungi","Trichosporonaceae","MycoBank",1.25
"F_CTNTR_ARBR","Cutaneotrichosporon arboriforme","species","accepted","Fungi","Trichosporonaceae","MycoBank",1.25
"F_CTNTR_CVRN","Cutaneotrichosporon cavernicola","species","accepted","Fungi","Trichosporonaceae","MycoBank",1.25
"F_CTNTR_CRVT","Cutaneotrichosporon curvatum","species","accepted","Fungi","Trichosporonaceae","MycoBank",1.25
"F_CTNTR_CTNM","Cutaneotrichosporon cutaneum","species","accepted","Fungi","Trichosporonaceae","MycoBank",1.25
"F_CTNTR_CYNV","Cutaneotrichosporon cyanovorans","species","accepted","Fungi","Trichosporonaceae","MycoBank",1.25
"F_CTNTR_DSZW","Cutaneotrichosporon daszewskae","species","accepted","Fungi","Trichosporonaceae","MycoBank",1.25
"F_CTNTR_DBRM","Cutaneotrichosporon debeurmannianum","species","accepted","Fungi","Trichosporonaceae","MycoBank",1.25
"F_CTNTR_DRMT","Cutaneotrichosporon dermatis","species","accepted","Fungi","Trichosporonaceae","MycoBank",1.25
"F_CTNTR_GUEH","Cutaneotrichosporon guehoae","species","synonym","Fungi","Trichosporonaceae","MycoBank",1.25
"F_CTNTR_HGLR","Cutaneotrichosporon haglerorum","species","accepted","Fungi","Trichosporonaceae","MycoBank",1.25
"F_CTNTR_JRVC","Cutaneotrichosporon jirovecii","species","accepted","Fungi","Trichosporonaceae","MycoBank",1.25
"F_CTNTR_MDDL","Cutaneotrichosporon middelhovenii","species","accepted","Fungi","Trichosporonaceae","MycoBank",1.25
"F_CTNTR_MNLF","Cutaneotrichosporon moniliiforme","species","accepted","Fungi","Trichosporonaceae","MycoBank",1.25
"F_CTNTR_MCDS","Cutaneotrichosporon mucoides","species","accepted","Fungi","Trichosporonaceae","MycoBank",1.25
"F_CTNTR_OLGN","Cutaneotrichosporon oleaginosum","species","accepted","Fungi","Trichosporonaceae","MycoBank",1.25
"F_CTNTR_SMTH","Cutaneotrichosporon smithiae","species","accepted","Fungi","Trichosporonaceae","MycoBank",1.25
"F_CTNTR_SPLN","Cutaneotrichosporon spelunceum","species","accepted","Fungi","Trichosporonaceae","MycoBank",1.25
"F_CTNTR_SUIS","Cutaneotrichosporon suis","species","accepted","Fungi","Trichosporonaceae","MycoBank",1.25
"F_CTNTR_TRRC","Cutaneotrichosporon terricola","species","accepted","Fungi","Trichosporonaceae","MycoBank",1.25
"F_CYNNC_BUXI","Cyanonectria buxi","species","accepted","Fungi","Nectriaceae","MycoBank",1.25
"F_CYNNC_CYNS","Cyanonectria cyanostoma","species","accepted","Fungi","Nectriaceae","MycoBank",1.25
"F_CYBRL_ADRT","Cyberlindnera adriatica","species","accepted","Fungi","Phaffomycetaceae","MycoBank",1.25
"F_CYBRL_BSMT","Cyberlindnera basumtsoensis","species","accepted","Fungi","Phaffomycetaceae","GBIF",1.25
"F_CYBRL_ESNN","Cyberlindnera easanensis","species","accepted","Fungi","Phaffomycetaceae","MycoBank",1.25
"F_CYBRL_HBNS","Cyberlindnera hubeiensis","species","accepted","Fungi","Phaffomycetaceae","MycoBank",1.25
"F_CYBRL_HNGC","Cyberlindnera hungchunana","species","accepted","Fungi","Phaffomycetaceae","MycoBank",1.25
"F_CYBRL_JGLN","Cyberlindnera juglandicorticola","species","accepted","Fungi","Phaffomycetaceae","MycoBank",1.25
"F_CYBRL_PTTN","Cyberlindnera pattaniensis","species","accepted","Fungi","Phaffomycetaceae","MycoBank",1.25
"F_CYBRL_SHNN","Cyberlindnera shennongjiaensis","species","accepted","Fungi","Phaffomycetaceae","MycoBank",1.25
"F_CYBRL_STNT","Cyberlindnera stauntonica","species","accepted","Fungi","Phaffomycetaceae","MycoBank",1.25
"F_CYBRL_TAKT","Cyberlindnera takata","species","accepted","Fungi","Phaffomycetaceae","MycoBank",1.25
"F_CYBRL_TYNC","Cyberlindnera taoyuanica","species","accepted","Fungi","Phaffomycetaceae","MycoBank",1.25
"F_CYBRL_VRTV","Cyberlindnera vartiovaarae","species","accepted","Fungi","Phaffomycetaceae","MycoBank",1.25
"C_CYCLS_CYTN","Cyclospora cayetanensis","species","accepted","Chromista","Eimeriidae","GBIF",1.25
"F_CYLNDRC_BCLL","Cylindricascospora bacillispora","species","accepted","Fungi","Saccharomycetaceae","MycoBank",1.25
"F_CCRPN_DDYM","Cylindrocarpon didymum","species","accepted","Fungi","Nectriaceae","MycoBank",1.25
"F_CDNDRM_ORTH","Cylindrodendrum orthosporum","species","accepted","Fungi","Nectriaceae","MycoBank",1.25
"F_CYLNDRS_DCTM","Cylindrosporium dictamni","species","accepted","Fungi","Ploettnerulaceae","GBIF",1.25
"F_CYNCL_GTTL","Cyniclomyces guttulatus","species","accepted","Fungi","Saccharomycetaceae","MycoBank",1.25
"F_CLPHRA_AMBG","Cyphellophora ambigua","species","accepted","Fungi","Cyphellophoraceae","MycoBank",1.25
"F_CLPHRA_ATTN","Cyphellophora attinorum","species","accepted","Fungi","Cyphellophoraceae","MycoBank",1.25
"F_CLPHRA_CPGR","Cyphellophora capiguarae","species","accepted","Fungi","Cyphellophoraceae","MycoBank",1.25
"F_CLPHRA_EURP","Cyphellophora europaea","species","accepted","Fungi","Cyphellophoraceae","MycoBank",1.25
"F_CLPHRA_LVST","Cyphellophora livistonae","species","accepted","Fungi","Cyphellophoraceae","MycoBank",1.25
"F_CLPHRA_OLVC","Cyphellophora olivacea","species","accepted","Fungi","Cyphellophoraceae","MycoBank",1.25
"F_CLPHRA_OXYS","Cyphellophora oxyspora","species","accepted","Fungi","Cyphellophoraceae","MycoBank",1.25
"F_CLPHRA_RPTN","Cyphellophora reptans","species","accepted","Fungi","Cyphellophoraceae","MycoBank",1.25
"F_CLPHRA_SSSL","Cyphellophora sessilis","species","accepted","Fungi","Cyphellophoraceae","MycoBank",1.25
"F_CYSTB_LCTP","Cystobasidiopsis lactophila","species","accepted","Fungi","Chionosphaeraceae","MycoBank",1.25
"F_CYSTBS_BNTH","Cystobasidium benthicum","species","accepted","Fungi","Cystobasidiaceae","GBIF",1.25
"F_CYSTBS_CLYP","Cystobasidium calyptogenae","species","accepted","Fungi","Cystobasidiaceae","MycoBank",1.25
"F_CYSTBS_LRYN","Cystobasidium laryngis","species","accepted","Fungi","Cystobasidiaceae","MycoBank",1.25
"F_CYSTBS_LYSN","Cystobasidium lysinophilum","species","accepted","Fungi","Cystobasidiaceae","MycoBank",1.25
"F_CYSTBS_MNTM","Cystobasidium minutum","species","accepted","Fungi","Cystobasidiaceae","MycoBank",1.25
"F_CYSTBS_OLGP","Cystobasidium oligophagum","species","accepted","Fungi","Cystobasidiaceae","MycoBank",1.25
"F_CYSTBS_PLLD","Cystobasidium pallidum","species","accepted","Fungi","Cystobasidiaceae","MycoBank",1.25
"F_CYSTBS_PNCL","Cystobasidium pinicola","species","accepted","Fungi","Cystobasidiaceae","MycoBank",1.25
"F_CYSTBS_PRTL","Cystobasidium portillonense","species","accepted","Fungi","Cystobasidiaceae","GBIF",1.25
"F_CYSTBS_SLFF","Cystobasidium slooffiae","species","accepted","Fungi","Cystobasidiaceae","MycoBank",1.25
"F_CYSTF_INFR","Cystofilobasidium infirmominiatum","species","accepted","Fungi","Cystofilobasidiaceae","GBIF",1.25
"F_CYSTF_MCRN","Cystofilobasidium macerans","species","accepted","Fungi","Cystofilobasidiaceae","MycoBank",1.25
"F_CYTSP_ABNR","Cytospora abnormis","species","accepted","Fungi","Cytosporaceae","MycoBank",1.25
"F_DCTYL_ACNT","Dactylaria acanthacearum","species","accepted","Fungi","","MycoBank",1.25
"F_DCTYL_CRVS","Dactylaria curvispora","species","accepted","Fungi","","GBIF",1.25
"F_DCTYL_OBVT","Dactylaria obovata","species","accepted","Fungi","","GBIF",1.25
"F_DCTYL_PSLL","Dactylaria pusilla","species","accepted","Fungi","","GBIF",1.25
"F_DCTYL_RGDP","Dactylaria rigidiphora","species","accepted","Fungi","","MycoBank",1.25
"F_DANIL_ORGN","Danielia oregonensis","species","accepted","Fungi","Metschnikowiaceae","MycoBank",1.25
"F_DANIL_RSHT","Danielia reshetovae","species","accepted","Fungi","Metschnikowiaceae","MycoBank",1.25
"F_DARKR_PARC","Darkera parca","species","accepted","Fungi","Phacidiaceae","MycoBank",1.25
"F_DBRYM_ARTG","Debaryomyces artagaveytiae","species","accepted","Fungi","Debaryomycetaceae","MycoBank",1.25
"F_DBRYM_BSPR","Debaryomyces bisporus","species","accepted","Fungi","Debaryomycetaceae","MycoBank",1.25
"F_DBRYM_BRNR","Debaryomyces burnieri","species","accepted","Fungi","Debaryomycetaceae","MycoBank",1.25
"F_DBRYM_CNTR","Debaryomyces cantarellii","species","synonym","Fungi","Debaryomycetaceae","MycoBank",1.25
"F_DBRYM_CRSN","Debaryomyces carsonii","species","synonym","Fungi","Debaryomycetaceae","MycoBank",1.25
"F_DBRYM_CSTL","Debaryomyces castellii","species","synonym","Fungi","Debaryomycetaceae","MycoBank",1.25
"F_DBRYM_CDRT","Debaryomyces coudertii","species","accepted","Fungi","Debaryomycetaceae","MycoBank",1.25
"F_DBRYM_DKKR","Debaryomyces dekkeri","species","synonym","Fungi","Debaryomycetaceae","MycoBank",1.25
"F_DBRYM_DLBR","Debaryomyces delbrueckii","species","synonym","Fungi","Debaryomycetaceae","MycoBank",1.25
"F_DBRYM_DSPR","Debaryomyces disporus","species","synonym","Fungi","Debaryomycetaceae","MycoBank",1.25
"F_DBRYM_EMPH","Debaryomyces emphysematosus","species","synonym","Fungi","Debaryomycetaceae","MycoBank",1.25
"F_DBRYM_ETCH","Debaryomyces etchellsii","species","synonym","Fungi","Debaryomycetaceae","MycoBank",1.25
"F_DBRYM_FBRY","Debaryomyces fabryi","species","accepted","Fungi","Debaryomycetaceae","MycoBank",1.25
"F_DBRYM_FLXR","Debaryomyces fluxorum","species","synonym","Fungi","Debaryomycetaceae","GBIF",1.25
"F_DBRYM_FLXM","Debaryomyces fluxuum","species","synonym","Fungi","Debaryomycetaceae","MycoBank",1.25
"F_DBRYM_FRMC","Debaryomyces formicarius","species","accepted","Fungi","Debaryomycetaceae","MycoBank",1.25
"F_DBRYM_FRNC","Debaryomyces franciscae","species","synonym","Fungi","Debaryomycetaceae","GBIF",1.25
"F_DBRYM_FKYM","Debaryomyces fukuyamaensis","species","synonym","Fungi","Debaryomycetaceae","GBIF",1.25
"F_DBRYM_GNVN","Debaryomyces genevensis","species","accepted","Fungi","Debaryomycetaceae","MycoBank",1.25
"F_DBRYM_GLBS","Debaryomyces globosus","species","synonym","Fungi","Debaryomycetaceae","MycoBank",1.25
"F_DBRYM_GLBL","Debaryomyces globularis","species","accepted","Fungi","Debaryomycetaceae","MycoBank",1.25
"F_DBRYM_GRTZ","Debaryomyces gruetzii","species","synonym","Fungi","Debaryomycetaceae","MycoBank",1.25
"F_DBRYM_GLLR","Debaryomyces guilliermondii","species","accepted","Fungi","Debaryomycetaceae","MycoBank",1.25
"F_DBRYM_HNSN","Debaryomyces hansenii","species","accepted","Fungi","Debaryomycetaceae","MycoBank",1.25
"F_DBRYM_HLDG","Debaryomyces hildegaardii","species","synonym","Fungi","Debaryomycetaceae","MycoBank",1.25
"F_DBRYM_HMNS","Debaryomyces hominis","species","synonym","Fungi","Debaryomycetaceae","GBIF",1.25
"F_DBRYM_HUDL","Debaryomyces hudeloi","species","synonym","Fungi","Debaryomycetaceae","MycoBank",1.25
"F_DBRYM_KLCK","Debaryomyces kloeckeri","species","synonym","Fungi","Debaryomycetaceae","MycoBank",1.25
"F_DBRYM_KNKT","Debaryomyces konokotinae","species","accepted","Fungi","Debaryomycetaceae","MycoBank",1.25
"F_DBRYM_KRSN","Debaryomyces kursanovii","species","accepted","Fungi","Debaryomycetaceae","MycoBank",1.25
"F_DBRYM_LDGR","Debaryomyces laedegaardii","species","synonym","Fungi","Debaryomycetaceae","MycoBank",1.25
"F_DBRYM_LPRD","Debaryomyces leopardi","species","synonym","Fungi","Debaryomycetaceae","MycoBank",1.25
"F_DBRYM_LPLD","Debaryomyces leopoldii","species","synonym","Fungi","Debaryomycetaceae","MycoBank",1.25
"F_DBRYM_LNDS","Debaryomyces lundsgaardii","species","synonym","Fungi","Debaryomycetaceae","MycoBank",1.25
"F_DBRYM_MCQR","Debaryomyces macquariensis","species","accepted","Fungi","Debaryomycetaceae","MycoBank",1.25
"F_DBRYM_MNCH","Debaryomyces manchuricus","species","synonym","Fungi","Debaryomycetaceae","MycoBank",1.25
"F_DBRYM_MARM","Debaryomyces marama","species","accepted","Fungi","Debaryomycetaceae","MycoBank",1.25
"F_DBRYM_MRMS","Debaryomyces maramus","species","accepted","Fungi","Debaryomycetaceae","GBIF",1.25
"F_DBRYM_MRYL","Debaryomyces marylandii","species","synonym","Fungi","Debaryomycetaceae","GBIF",1.25
"F_DBRYM_MTRC","Debaryomyces matruchotii","species","accepted","Fungi","Debaryomycetaceae","MycoBank",1.25
"F_DBRYM_MLSS","Debaryomyces melissophilus","species","synonym","Fungi","Debaryomycetaceae","MycoBank",1.25
"F_DBRYM_MMBR","Debaryomyces membranifaciens","species","synonym","Fungi","Debaryomycetaceae","MycoBank",1.25
"F_DBRYM_MISO","Debaryomyces miso","species","synonym","Fungi","Debaryomycetaceae","MycoBank",1.25
"F_DBRYM_MRAK","Debaryomyces mrakii","species","synonym","Fungi","Debaryomycetaceae","MycoBank",1.25
"F_DBRYM_MCSS","Debaryomyces mucosus","species","synonym","Fungi","Debaryomycetaceae","MycoBank",1.25
"F_DBRYM_MYCP","Debaryomyces mycophilus","species","accepted","Fungi","Debaryomycetaceae","MycoBank",1.25
"F_DBRYM_NDSN","Debaryomyces nadsonii","species","accepted","Fungi","Debaryomycetaceae","MycoBank",1.25
"F_DBRYM_NFRM","Debaryomyces neoformans","species","synonym","Fungi","Debaryomycetaceae","MycoBank",1.25
"F_DBRYM_NPLN","Debaryomyces nepalensis","species","accepted","Fungi","Debaryomycetaceae","MycoBank",1.25
"F_DBRYM_NCTN","Debaryomyces nicotianae","species","synonym","Fungi","Debaryomycetaceae","GBIF",1.25
"F_DBRYM_NLSS","Debaryomyces nilssonii","species","synonym","Fungi","Debaryomycetaceae","MycoBank",1.25
"F_DBRYM_OCCD","Debaryomyces occidentalis","species","accepted","Fungi","Debaryomycetaceae","MycoBank",1.25
"F_DBRYM_ORNT","Debaryomyces orientalis","species","synonym","Fungi","Debaryomycetaceae","GBIF",1.25
"F_DBRYM_OVFR","Debaryomyces oviformis","species","accepted","Fungi","Debaryomycetaceae","MycoBank",1.25
"F_DBRYM_PHFF","Debaryomyces phaffii","species","synonym","Fungi","Debaryomycetaceae","MycoBank",1.25
"F_DBRYM_PLYM","Debaryomyces polymorphus","species","synonym","Fungi","Debaryomycetaceae","MycoBank",1.25
"F_DBRYM_PRSP","Debaryomyces prosopidis","species","accepted","Fungi","Debaryomycetaceae","MycoBank",1.25
"F_DBRYM_PSDP","Debaryomyces pseudopolymorphus","species","synonym","Fungi","Debaryomycetaceae","MycoBank",1.25
"F_DBRYM_PSYC","Debaryomyces psychrosporus","species","accepted","Fungi","Debaryomycetaceae","MycoBank",1.25
"F_DBRYM_RENA","Debaryomyces renaii","species","accepted","Fungi","Debaryomycetaceae","GBIF",1.25
"F_DBRYM_RBRT","Debaryomyces robertsiae","species","accepted","Fungi","Debaryomycetaceae","MycoBank",1.25
"F_DBRYM_ROSE","Debaryomyces rosei","species","synonym","Fungi","Debaryomycetaceae","MycoBank",1.25
"F_DBRYM_SAKE","Debaryomyces sake","species","synonym","Fungi","Debaryomycetaceae","MycoBank",1.25
"F_DBRYM_SNGR","Debaryomyces singareniensis","species","accepted","Fungi","Debaryomycetaceae","MycoBank",1.25
"F_DBRYM_SBGL","Debaryomyces subglobosus","species","accepted","Fungi","Debaryomycetaceae","MycoBank",1.25
"F_DBRYM_TAMR","Debaryomyces tamarii","species","accepted","Fungi","Debaryomycetaceae","MycoBank",1.25
"F_DBRYM_TLTN","Debaryomyces toletanus","species","synonym","Fungi","Debaryomycetaceae","MycoBank",1.25
"F_DBRYM_TRMN","Debaryomyces tremoniensis","species","accepted","Fungi","Debaryomycetaceae","MycoBank",1.25
"F_DBRYM_RCLS","Debaryomyces tyrocolus","species","synonym","Fungi","Debaryomycetaceae","GBIF",1.25
"F_DBRYM_UDEN","Debaryomyces udenii","species","accepted","Fungi","Debaryomycetaceae","MycoBank",1.25
"F_DBRYM_VNRJ","Debaryomyces vanrijiae","species","accepted","Fungi","Debaryomycetaceae","MycoBank",1.25
"F_DBRYM_VTNM","Debaryomyces vietnamensis","species","accepted","Fungi","Debaryomycetaceae","MycoBank",1.25
"F_DBRYM_VINI","Debaryomyces vini","species","synonym","Fungi","Debaryomycetaceae","MycoBank",1.25
"F_DBRYM_YAMD","Debaryomyces yamadae","species","synonym","Fungi","Debaryomycetaceae","MycoBank",1.25
"F_DBRYM_YRRW","Debaryomyces yarrowii","species","accepted","Fungi","Debaryomycetaceae","MycoBank",1.25
"F_DEKKR_ANML","Dekkera anomala","species","accepted","Fungi","Pichiaceae","GBIF",1.25
"F_DEKKR_BRXL","Dekkera bruxellensis","species","accepted","Fungi","Pichiaceae","MycoBank",1.25
"F_DKKRM_WCKR","Dekkeromyces wickerhamii","species","accepted","Fungi","Saccharomycetaceae","GBIF",1.25
"F_DEMTM_CASE","Dematium casei","species","accepted","Fungi","","MycoBank",1.25
"F_DEMTM_GRMS","Dematium grumosum","species","accepted","Fungi","","MycoBank",1.25
"F_DEMTM_SMLC","Dematium smilacis","species","accepted","Fungi","","MycoBank",1.25
"F_DEMTM_VNSM","Dematium vinosum","species","accepted","Fungi","","MycoBank",1.25
"AN_DEMDX_MDCR","Demodex mediocris","species","accepted","Animalia","Demodecidae","GBIF",1.25
"AN_DEMDX_TENS","Demodex tenuis","species","accepted","Animalia","Demodecidae","GBIF",1.25
"F_DDCHM_CNSP","Dendrodochium coniosporiicola","species","accepted","Fungi","Bionectriaceae","MycoBank",1.25
"F_DNDRG_LTBR","Dendrographa latebrarum","species","accepted","Fungi","Roccellaceae","MycoBank",1.25
"F_DNDRPH_CYTS","Dendrophoma cytisporoides","species","accepted","Fungi","Chaetosphaeriaceae","MycoBank",1.25
"F_DNDRPH_MCRS","Dendrophoma microsperma","species","accepted","Fungi","Chaetosphaeriaceae","MycoBank",1.25
"F_DNDRPH_RHDD","Dendrophoma rhododendri","species","accepted","Fungi","Chaetosphaeriaceae","MycoBank",1.25
"F_DNDRST_SMRG","Dendrostilbella smaragdina","species","accepted","Fungi","Tympanidaceae","MycoBank",1.25
"F_DNDRY_INFS","Dendryphiella infuscans","species","accepted","Fungi","Dictyosporiaceae","MycoBank",1.25
"F_DNDRY_VINS","Dendryphiella vinosa","species","accepted","Fungi","Dictyosporiaceae","MycoBank",1.25
"F_DYPHN_BTRY","Dendryphion botryoides","species","accepted","Fungi","Torulaceae","GBIF",1.25
"F_DYPHN_TRLD","Dendryphion toruloides","species","accepted","Fungi","Torulaceae","GBIF",1.25
"F_DYPHN_VNSM","Dendryphion vinosum","species","accepted","Fungi","Torulaceae","GBIF",1.25
"F_DNTCL_MDST","Denticularia modesta","species","accepted","Fungi","","MycoBank",1.25
"AN_DRMTB_HYDR","Dermatobia hydropica","species","accepted","Animalia","Oestridae","GBIF",1.25
"F_DEVRS_CHLM","Devriesia chlamydospora","species","accepted","Fungi","Teratosphaeriaceae","MycoBank",1.25
"F_DEVRS_STRP","Devriesia staurophora","species","accepted","Fungi","Teratosphaeriaceae","MycoBank",1.25
"F_DLNCT_EPSP","Dialonectria episphaeria","species","accepted","Fungi","Nectriaceae","MycoBank",1.25
"F_DLNCT_FLMM","Dialonectria flammeola","species","accepted","Fungi","Nectriaceae","MycoBank",1.25
"F_DLNCT_GBBR","Dialonectria gibberelloides","species","accepted","Fungi","Nectriaceae","MycoBank",1.25
"F_DLNCT_GLVN","Dialonectria golovinii","species","accepted","Fungi","Nectriaceae","MycoBank",1.25
"F_DLNCT_MGNS","Dialonectria magnusiana","species","accepted","Fungi","Nectriaceae","MycoBank",1.25
"F_DLNCT_SNGN","Dialonectria sanguinea","species","accepted","Fungi","Nectriaceae","MycoBank",1.25
"F_DLNCT_SLFR","Dialonectria sulfurea","species","accepted","Fungi","Nectriaceae","MycoBank",1.25
"F_DLNCT_SLPH","Dialonectria sulphurea","species","accepted","Fungi","Nectriaceae","MycoBank",1.25
"F_DLNCT_VLTL","Dialonectria volutella","species","accepted","Fungi","Nectriaceae","MycoBank",1.25
"F_DPRTH_ABDT","Diaporthe abdita","species","accepted","Fungi","Diaporthaceae","GBIF",1.25
"F_DPRTH_ALNE","Diaporthe alnea","species","accepted","Fungi","Diaporthaceae","GBIF",1.25
"F_DPRTH_AMBG","Diaporthe ambigua","species","accepted","Fungi","Diaporthaceae","MycoBank",1.25
"F_DPRTH_AMPL","Diaporthe ampelina","species","accepted","Fungi","Diaporthaceae","MycoBank",1.25
"F_DPRTH_ARCT","Diaporthe arctii","species","accepted","Fungi","Diaporthaceae","MycoBank",1.25
"F_DPRTH_AUCB","Diaporthe aucubae","species","accepted","Fungi","Diaporthaceae","GBIF",1.25
"F_DPRTH_BTTS","Diaporthe batatas","species","accepted","Fungi","Diaporthaceae","MycoBank",1.25
"F_DPRTH_CPSC","Diaporthe capsici","species","accepted","Fungi","Diaporthaceae","GBIF",1.25
"F_DPRTH_CRPN","Diaporthe carpini","species","accepted","Fungi","Diaporthaceae","GBIF",1.25
"F_DPRTH_CHMR","Diaporthe chamaeropis","species","accepted","Fungi","Diaporthaceae","MycoBank",1.25
"F_DPRTH_CNRS","Diaporthe cinerascens","species","accepted","Fungi","Diaporthaceae","MycoBank",1.25
"F_DPRTH_CRCM","Diaporthe circumscripta","species","accepted","Fungi","Diaporthaceae","GBIF",1.25
"F_DPRTH_CITR","Diaporthe citri","species","accepted","Fungi","Diaporthaceae","GBIF",1.25
"F_DPRTH_COCN","Diaporthe cocoina","species","accepted","Fungi","Diaporthaceae","MycoBank",1.25
"F_DPRTH_CNGL","Diaporthe coneglanensis","species","accepted","Fungi","Diaporthaceae","GBIF",1.25
"F_DPRTH_CRST","Diaporthe crustosa","species","accepted","Fungi","Diaporthaceae","GBIF",1.25
"F_DPRTH_CRYP","Diaporthe cryptica","species","accepted","Fungi","Diaporthaceae","GBIF",1.25
"F_DPRTH_CYTS","Diaporthe cytosporella","species","accepted","Fungi","Diaporthaceae","MycoBank",1.25
"F_DPRTH_DMSS","Diaporthe demissa","species","accepted","Fungi","Diaporthaceae","GBIF",1.25
"F_DPRTH_DSMZ","Diaporthe desmazieri","species","accepted","Fungi","Diaporthaceae","GBIF",1.25
"F_DPRTH_DTRS","Diaporthe detrusa","species","accepted","Fungi","Diaporthaceae","MycoBank",1.25
"F_DPRTH_DLCM","Diaporthe dulcamarae","species","accepted","Fungi","Diaporthaceae","GBIF",1.25
"F_DPRTH_ERES","Diaporthe eres","species","accepted","Fungi","Diaporthaceae","MycoBank",1.25
"F_DPRTH_FNCL","Diaporthe foeniculina","species","accepted","Fungi","Diaporthaceae","MycoBank",1.25
"F_DPRTH_GLRS","Diaporthe gloriosa","species","accepted","Fungi","Diaporthaceae","GBIF",1.25
"F_DPRTH_HPPP","Diaporthe hippophaes","species","accepted","Fungi","Diaporthaceae","GBIF",1.25
"F_DPRTH_IMPR","Diaporthe importata","species","accepted","Fungi","Diaporthaceae","MycoBank",1.25
"F_DPRTH_INCR","Diaporthe incarcerata","species","accepted","Fungi","Diaporthaceae","GBIF",1.25
"F_DPRTH_INTR","Diaporthe intermedia","species","accepted","Fungi","Diaporthaceae","GBIF",1.25
"F_DPRTH_JPNC","Diaporthe japonica","species","accepted","Fungi","Diaporthaceae","GBIF",1.25
"F_DPRTH_JGLN","Diaporthe juglandina","species","accepted","Fungi","Diaporthaceae","MycoBank",1.25
"F_DPRTH_LNDG","Diaporthe landeghemiae","species","accepted","Fungi","Diaporthaceae","GBIF",1.25
"F_DPRTH_MNHT","Diaporthe manihotis","species","accepted","Fungi","Diaporthaceae","GBIF",1.25
"F_DPRTH_MNDX","Diaporthe mendax","species","accepted","Fungi","Diaporthaceae","GBIF",1.25
"F_DPRTH_MORI","Diaporthe mori","species","accepted","Fungi","Diaporthaceae","GBIF",1.25
"F_DPRTH_NVTC","Diaporthe neoviticola","species","accepted","Fungi","Diaporthaceae","GBIF",1.25
"F_DPRTH_NSSL","Diaporthe niessliana","species","accepted","Fungi","Diaporthaceae","GBIF",1.25
"F_DPRTH_NBLS","Diaporthe nobilis","species","accepted","Fungi","Diaporthaceae","GBIF",1.25
"F_DPRTH_NODS","Diaporthe nodosa","species","accepted","Fungi","Diaporthaceae","GBIF",1.25
"F_DPRTH_OCCD","Diaporthe occidentalis","species","accepted","Fungi","Diaporthaceae","GBIF",1.25
"F_DPRTH_ORTH","Diaporthe orthoceras","species","accepted","Fungi","Diaporthaceae","GBIF",1.25
"F_DPRTH_PLMC","Diaporthe palmicola","species","accepted","Fungi","Diaporthaceae","MycoBank",1.25
"F_DPRTH_PRDL","Diaporthe pardalota","species","accepted","Fungi","Diaporthaceae","GBIF",1.25
"F_DPRTH_PHSL","Diaporthe phaseolorum","species","accepted","Fungi","Diaporthaceae","GBIF",1.25
"F_DPRTH_PICE","Diaporthe picea","species","accepted","Fungi","Diaporthaceae","MycoBank",1.25
"F_DPRTH_PULL","Diaporthe pulla","species","accepted","Fungi","Diaporthaceae","GBIF",1.25
"F_DPRTH_PNGN","Diaporthe pungens","species","accepted","Fungi","Diaporthaceae","GBIF",1.25
"F_DPRTH_PTTR","Diaporthe putator","species","accepted","Fungi","Diaporthaceae","GBIF",1.25
"F_DPRTH_RVLL","Diaporthe revellens","species","accepted","Fungi","Diaporthaceae","GBIF",1.25
"F_DPRTH_RHOS","Diaporthe rhois","species","accepted","Fungi","Diaporthaceae","GBIF",1.25
"F_DPRTH_RUBI","Diaporthe rubiae","species","accepted","Fungi","Diaporthaceae","GBIF",1.25
"F_DPRTH_RUDS","Diaporthe rudis","species","accepted","Fungi","Diaporthaceae","MycoBank",1.25
"F_DPRTH_RYCK","Diaporthe ryckholtii","species","accepted","Fungi","Diaporthaceae","GBIF",1.25
"F_DPRTH_SMRC","Diaporthe samaricola","species","accepted","Fungi","Diaporthaceae","MycoBank",1.25
"F_DPRTH_SRMN","Diaporthe sarmenticia","species","accepted","Fungi","Diaporthaceae","GBIF",1.25
"F_DPRTH_SRTH","Diaporthe sarothamni","species","accepted","Fungi","Diaporthaceae","GBIF",1.25
"F_DPRTH_SCBR","Diaporthe scabra","species","accepted","Fungi","Diaporthaceae","GBIF",1.25
"F_DPRTH_SCND","Diaporthe scandens","species","accepted","Fungi","Diaporthaceae","GBIF",1.25
"F_DPRTH_SMMM","Diaporthe semiimmersa","species","accepted","Fungi","Diaporthaceae","GBIF",1.25
"F_DPRTH_SPST","Diaporthe seposita","species","accepted","Fungi","Diaporthaceae","GBIF",1.25
"F_DPRTH_SPHR","Diaporthe sophorae","species","accepted","Fungi","Diaporthaceae","GBIF",1.25
"F_DPRTH_SPCL","Diaporthe spiculosa","species","accepted","Fungi","Diaporthaceae","GBIF",1.25
"F_DPRTH_STCT","Diaporthe stictica","species","accepted","Fungi","Diaporthaceae","MycoBank",1.25
"F_DPRTH_STRM","Diaporthe strumella","species","accepted","Fungi","Diaporthaceae","GBIF",1.25
"F_DPRTH_SBRD","Diaporthe subordinaria","species","accepted","Fungi","Diaporthaceae","MycoBank",1.25
"F_DPRTH_TERS","Diaporthe tersa","species","accepted","Fungi","Diaporthaceae","MycoBank",1.25
"F_DPRTH_TBRC","Diaporthe tuberculosa","species","accepted","Fungi","Diaporthaceae","GBIF",1.25
"F_DPRTH_VXNS","Diaporthe vexans","species","accepted","Fungi","Diaporthaceae","MycoBank",1.25
"F_DPRTH_WOOD","Diaporthe woodii","species","accepted","Fungi","Diaporthaceae","GBIF",1.25
"F_DHPSS_NGRL","Diaporthopsis nigrella","species","accepted","Fungi","Diaporthaceae","GBIF",1.25
"F_DCHTM_HSSL","Dichotomocladium hesseltinei","species","accepted","Fungi","Lichtheimiaceae","GBIF",1.25
"F_DMPLS_DLCH","Dichotomopilus dolichotrichus","species","accepted","Fungi","Chaetomiaceae","MycoBank",1.25
"F_DMPLS_ERCT","Dichotomopilus erectus","species","accepted","Fungi","Chaetomiaceae","MycoBank",1.25
"F_DMPLS_FNCL","Dichotomopilus funicola","species","accepted","Fungi","Chaetomiaceae","MycoBank",1.25
"F_DMPLS_FUSS","Dichotomopilus fusus","species","accepted","Fungi","Chaetomiaceae","MycoBank",1.25
"F_DMPLS_INDC","Dichotomopilus indicus","species","accepted","Fungi","Chaetomiaceae","MycoBank",1.25
"F_DMPLS_PRTN","Dichotomopilus pratensis","species","accepted","Fungi","Chaetomiaceae","MycoBank",1.25
"F_DMPLS_RMSS","Dichotomopilus ramosissimus","species","accepted","Fungi","Chaetomiaceae","MycoBank",1.25
"F_DMPLS_RFLX","Dichotomopilus reflexus","species","accepted","Fungi","Chaetomiaceae","MycoBank",1.25
"F_DMPLS_SBFN","Dichotomopilus subfunicola","species","accepted","Fungi","Chaetomiaceae","MycoBank",1.25
"F_DMPLS_VRST","Dichotomopilus variostiolatus","species","accepted","Fungi","Chaetomiaceae","MycoBank",1.25
"F_DCCCM_CUPN","Dicoccum cupaniae","species","accepted","Fungi","","MycoBank",1.25
"F_DICYM_PRVN","Dicyma peruviana","species","accepted","Fungi","Xylariaceae","MycoBank",1.25
"F_DDDNS_SNTJ","Diddensiella santjacobensis","species","accepted","Fungi","Trichomonascaceae","MycoBank",1.25
"F_DDDNS_TRNS","Diddensiella transvaalensis","species","accepted","Fungi","Trichomonascaceae","MycoBank",1.25
"F_DDYML_ACTS","Didymella acetosellae","species","accepted","Fungi","Didymellaceae","MycoBank",1.25
"F_DDYML_ALIN","Didymella aliena","species","accepted","Fungi","Didymellaceae","MycoBank",1.25
"F_DDYML_AMRC","Didymella americana","species","accepted","Fungi","Didymellaceae","MycoBank",1.25
"F_DDYML_ANSR","Didymella anserina","species","accepted","Fungi","Didymellaceae","MycoBank",1.25
"F_DDYML_ARCH","Didymella arachidicola","species","accepted","Fungi","Didymellaceae","MycoBank",1.25
"F_DDYML_AURE","Didymella aurea","species","accepted","Fungi","Didymellaceae","MycoBank",1.25
"F_DDYML_BLLD","Didymella bellidis","species","accepted","Fungi","Didymellaceae","MycoBank",1.25
"F_DDYML_BORM","Didymella boeremae","species","accepted","Fungi","Didymellaceae","MycoBank",1.25
"F_DDYML_CLDP","Didymella calidophila","species","accepted","Fungi","Didymellaceae","MycoBank",1.25
"F_DDYML_CHNP","Didymella chenopodii","species","accepted","Fungi","Didymellaceae","MycoBank",1.25
"F_DDYML_CFFA","Didymella coffeae-arabicae","species","accepted","Fungi","Didymellaceae","GBIF",1.25
"F_DDYML_CRTS","Didymella curtisii","species","accepted","Fungi","Didymellaceae","MycoBank",1.25
"F_DDYML_DCTY","Didymella dactylidis","species","accepted","Fungi","Didymellaceae","MycoBank",1.25
"F_DDYML_DMRP","Didymella dimorpha","species","accepted","Fungi","Didymellaceae","MycoBank",1.25
"F_DDYML_EPLB","Didymella epilobii","species","accepted","Fungi","Didymellaceae","GBIF",1.25
"F_DDYML_ECLY","Didymella eucalyptica","species","accepted","Fungi","Didymellaceae","MycoBank",1.25
"F_DDYML_GRDN","Didymella gardeniae","species","accepted","Fungi","Didymellaceae","MycoBank",1.25
"F_DDYML_GLMR","Didymella glomerata","species","accepted","Fungi","Didymellaceae","MycoBank",1.25
"F_DDYML_HTRD","Didymella heteroderae","species","accepted","Fungi","Didymellaceae","MycoBank",1.25
"F_DDYML_HOLC","Didymella holci","species","accepted","Fungi","Didymellaceae","GBIF",1.25
"F_DDYML_LNGC","Didymella longicolla","species","accepted","Fungi","Didymellaceae","MycoBank",1.25
"F_DDYML_MCRS","Didymella macrostoma","species","accepted","Fungi","Didymellaceae","MycoBank",1.25
"F_DDYML_MYDS","Didymella maydis","species","accepted","Fungi","Didymellaceae","MycoBank",1.25
"F_DDYML_MCRC","Didymella microchlamydospora","species","accepted","Fungi","Didymellaceae","MycoBank",1.25
"F_DDYML_MLLR","Didymella molleriana","species","accepted","Fungi","Didymellaceae","MycoBank",1.25
"F_DDYML_MUSA","Didymella musae","species","accepted","Fungi","Didymellaceae","MycoBank",1.25
"F_DDYML_NGRN","Didymella negriana","species","accepted","Fungi","Didymellaceae","MycoBank",1.25
"F_DDYML_NGRC","Didymella nigricans","species","accepted","Fungi","Didymellaceae","MycoBank",1.25
"F_DDYML_PEDE","Didymella pedeiae","species","accepted","Fungi","Didymellaceae","MycoBank",1.25
"F_DDYML_PNDL","Didymella pinodella","species","accepted","Fungi","Didymellaceae","MycoBank",1.25
"F_DDYML_PMRM","Didymella pomorum","species","accepted","Fungi","Didymellaceae","MycoBank",1.25
"F_DDYML_PRTB","Didymella protuberans","species","accepted","Fungi","Didymellaceae","MycoBank",1.25
"F_DDYML_RHEI","Didymella rhei","species","accepted","Fungi","Didymellaceae","MycoBank",1.25
"F_DDYML_RMCC","Didymella rumicicola","species","accepted","Fungi","Didymellaceae","MycoBank",1.25
"F_DDYML_SNCT","Didymella sancta","species","accepted","Fungi","Didymellaceae","MycoBank",1.25
"F_DDYML_SGTC","Didymella segeticola","species","accepted","Fungi","Didymellaceae","MycoBank",1.25
"F_DDYML_SNCN","Didymella senecionicola","species","accepted","Fungi","Didymellaceae","MycoBank",1.25
"F_DDYML_SBHR","Didymella subherbarum","species","accepted","Fungi","Didymellaceae","MycoBank",1.25
"F_DDYML_URTC","Didymella urticicola","species","accepted","Fungi","Didymellaceae","GBIF",1.25
"F_DDYML_VBRN","Didymella viburnicola","species","accepted","Fungi","Didymellaceae","MycoBank",1.25
"F_DDYMC_CLDN","Didymocyrtis cladoniicola","species","accepted","Fungi","Phaeosphaeriaceae","MycoBank",1.25
"F_DDYMC_CNSM","Didymocyrtis consimilis","species","accepted","Fungi","Phaeosphaeriaceae","MycoBank",1.25
"F_DDYMC_EPPH","Didymocyrtis epiphyscia","species","accepted","Fungi","Phaeosphaeriaceae","MycoBank",1.25
"F_DDYMC_FLCP","Didymocyrtis foliaceiphila","species","accepted","Fungi","Phaeosphaeriaceae","MycoBank",1.25
"F_DDYMC_GRMN","Didymocyrtis grumantiana","species","accepted","Fungi","Phaeosphaeriaceae","MycoBank",1.25
"F_DDYMC_MLNL","Didymocyrtis melanelixiae","species","accepted","Fungi","Phaeosphaeriaceae","MycoBank",1.25
"F_DDYMC_RMLN","Didymocyrtis ramalinae","species","accepted","Fungi","Phaeosphaeriaceae","MycoBank",1.25
"F_DDYMC_XNTH","Didymocyrtis xanthomendozae","species","accepted","Fungi","Phaeosphaeriaceae","MycoBank",1.25
"F_DDRCH_CLPL","Diederichomyces caloplacae","species","accepted","Fungi","Phaeosphaeriaceae","GBIF",1.25
"F_DGTPD_HEML","Digitopodium hemileiae","species","accepted","Fungi","Herpotrichiellaceae","MycoBank",1.25
"F_DMNNZ_CSTA","Dimennazyma cisti-albidi","species","accepted","Fungi","Naemateliaceae","GBIF",1.25
"F_DMRSPR_LCRR","Dimerosporiella leucorrhodina","species","accepted","Fungi","Bionectriaceae","MycoBank",1.25
"F_DMRSPR_ODDS","Dimerosporiella oidioides","species","accepted","Fungi","Bionectriaceae","MycoBank",1.25
"F_DMRSPR_PPRC","Dimerosporiella pipericola","species","accepted","Fungi","Bionectriaceae","MycoBank",1.25
"F_DMRSPR_SNST","Dimerosporiella sensitiva","species","accepted","Fungi","Bionectriaceae","MycoBank",1.25
"F_DMRPH_SAXE","Dimorphoma saxea","species","accepted","Fungi","Didymellaceae","MycoBank",1.25
"F_DNMSP_PLRS","Dinemasporium pleurospora","species","accepted","Fungi","Chaetosphaeriaceae","GBIF",1.25
"F_DISZG_HNGR","Dioszegia hungarica","species","accepted","Fungi","Bulleribasidiaceae","MycoBank",1.25
"F_DISZG_STTZ","Dioszegia statzelliae","species","accepted","Fungi","Bulleribasidiaceae","MycoBank",1.25
"AN_DPHYL_BRSS","Diphyllobothrium bresslaui","species","synonym","Animalia","Diphyllobothriidae","GBIF",1.25
"AN_DPHYL_CLYM","Diphyllobothrium colymbi","species","accepted","Animalia","Diphyllobothriidae","GBIF",1.25
"AN_DPHYL_CRPI","Diphyllobothrium erinaceieuropaei","species","synonym","Animalia","Diphyllobothriidae","GBIF",1.25
"AN_DPHYL_FAST","Diphyllobothrium fausti","species","synonym","Animalia","Diphyllobothriidae","GBIF",1.25
"AN_DPHYL_GRCL","Diphyllobothrium gracile","species","synonym","Animalia","Diphyllobothriidae","GBIF",1.25
"AN_DPHYL_HGHT","Diphyllobothrium houghtoni","species","synonym","Animalia","Diphyllobothriidae","GBIF",1.25
"AN_DPHYL_MNSN","Diphyllobothrium mansonoides","species","accepted","Animalia","Diphyllobothriidae","GBIF",1.25
"AN_DPHYL_OBLN","Diphyllobothrium oblongatum","species","accepted","Animalia","Diphyllobothriidae","GBIF",1.25
"AN_DPHYL_OKMR","Diphyllobothrium okumurai","species","synonym","Animalia","Diphyllobothriidae","GBIF",1.25
"AN_DPHYL_THLR","Diphyllobothrium theileri","species","synonym","Animalia","Diphyllobothriidae","GBIF",1.25
"F_DIPLD_INSC","Diplodia insculpta","species","accepted","Fungi","Botryosphaeriaceae","MycoBank",1.25
"F_DIPLD_PRSC","Diplodia persicina","species","accepted","Fungi","Botryosphaeriaceae","GBIF",1.25
"F_DIPLD_TMRC","Diplodia tamaricina","species","accepted","Fungi","Botryosphaeriaceae","MycoBank",1.25
"F_DIPLD_TAXI","Diplodia taxi","species","accepted","Fungi","Botryosphaeriaceae","GBIF",1.25
"F_DPLPL_BCLL","Diploplenodomopsis bacillaris","species","accepted","Fungi","Gnomoniaceae","GBIF",1.25
"F_DNDMS_PSKR","Diploplenodomus piskorzii","species","accepted","Fungi","","MycoBank",1.25
"F_DPHMA_SLCS","Diplosclerophoma salicis","species","accepted","Fungi","Gnomoniaceae","MycoBank",1.25
"F_DDSCS_AGGR","Dipodascus aggregatus","species","synonym","Fungi","Dipodascaceae","MycoBank",1.25
"F_DDSCS_ALBD","Dipodascus albidus","species","synonym","Fungi","Dipodascaceae","MycoBank",1.25
"F_DDSCS_ARML","Dipodascus armillariae","species","synonym","Fungi","Dipodascaceae","MycoBank",1.25
"F_DDSCS_CPTT","Dipodascus capitatus","species","synonym","Fungi","Dipodascaceae","MycoBank",1.25
"F_DDSCS_CRBD","Dipodascus carabidarus","species","synonym","Fungi","Dipodascaceae","MycoBank",1.25
"F_DDSCS_CCJD","Dipodascus cucujoidarus","species","synonym","Fungi","Dipodascaceae","MycoBank",1.25
"F_DDSCS_ERNS","Dipodascus eriensis","species","accepted","Fungi","Dipodascaceae","MycoBank",1.25
"F_DDSCS_FRMN","Dipodascus fermentans","species","synonym","Fungi","Dipodascaceae","MycoBank",1.25
"F_DDSCS_HSTR","Dipodascus histeridarus","species","synonym","Fungi","Dipodascaceae","MycoBank",1.25
"F_DDSCS_INGN","Dipodascus ingens","species","synonym","Fungi","Dipodascaceae","MycoBank",1.25
"F_DDSCS_KLBH","Dipodascus klebahnii","species","synonym","Fungi","Dipodascaceae","MycoBank",1.25
"F_DDSCS_MGNS","Dipodascus magnusii","species","synonym","Fungi","Dipodascaceae","MycoBank",1.25
"F_DDSCS_OVTN","Dipodascus ovetensis","species","synonym","Fungi","Dipodascaceae","MycoBank",1.25
"F_DDSCS_PSYC","Dipodascus psychrophilus","species","synonym","Fungi","Dipodascaceae","MycoBank",1.25
"F_DDSCS_RSTR","Dipodascus restrictus","species","synonym","Fungi","Dipodascaceae","MycoBank",1.25
"F_DDSCS_SPCF","Dipodascus spicifer","species","synonym","Fungi","Dipodascaceae","MycoBank",1.25
"F_DDSCS_STRM","Dipodascus starmeri","species","synonym","Fungi","Dipodascaceae","MycoBank",1.25
"F_DDSCS_TTRS","Dipodascus tetraspermus","species","synonym","Fungi","Dipodascaceae","MycoBank",1.25
"AN_DRFLR_ACTS","Dirofilaria acutiuscula","species","accepted","Animalia","Onchocercidae","GBIF",1.25
"AN_DRFLR_INCR","Dirofilaria incrassata","species","accepted","Animalia","Onchocercidae","GBIF",1.25
"F_DSCHL_GLSP","Dischloridium gloeosporioides","species","accepted","Fungi","Chaetosphaeriaceae","MycoBank",1.25
"F_DSCNL_PRPR","Discinella purpurascens","species","accepted","Fungi","Discinellaceae","MycoBank",1.25
"F_DSCMY_ALGR","Discomyces algiris","species","accepted","Fungi","","MycoBank",1.25
"F_DSCSPR_PPLM","Discosporium populeum","species","accepted","Fungi","Gnomoniaceae","GBIF",1.25
"F_DSPRT_DMRP","Disporotrichum dimorphosporum","species","accepted","Fungi","","MycoBank",1.25
"F_DSSPH_GLBL","Dissophora globulifera","species","accepted","Fungi","Mortierellaceae","MycoBank",1.25
"F_DSSPH_ORNT","Dissophora ornata","species","accepted","Fungi","Mortierellaceae","MycoBank",1.25
"F_DSTMY_BRCH","Distomycovellosiella brachycarpa","species","accepted","Fungi","Mycosphaerellaceae","MycoBank",1.25
"F_DTNGM_CERS","Ditangium cerasi","species","accepted","Fungi","Sebacinaceae","MycoBank",1.25
"F_DTNGM_INSG","Ditangium insigne","species","accepted","Fungi","Sebacinaceae","GBIF",1.25
"F_DITIL_PZZF","Ditiola peziziformis","species","accepted","Fungi","Dacrymycetaceae","GBIF",1.25
"F_DTPLL_HSCK","Ditopella hosackiae","species","accepted","Fungi","Gnomoniaceae","GBIF",1.25
"F_DIUTN_BRNL","Diutina bernalii","species","accepted","Fungi","Debaryomycetaceae","MycoBank",1.25
"F_DIUTN_CTNL","Diutina catenulata","species","accepted","Fungi","Debaryomycetaceae","MycoBank",1.25
"F_DIUTN_MSRG","Diutina mesorugosa","species","accepted","Fungi","Debaryomycetaceae","MycoBank",1.25
"F_DIUTN_NRGS","Diutina neorugosa","species","accepted","Fungi","Debaryomycetaceae","MycoBank",1.25
"F_DIUTN_PSDR","Diutina pseudorugosa","species","accepted","Fungi","Debaryomycetaceae","MycoBank",1.25
"F_DIUTN_RNNG","Diutina ranongensis","species","accepted","Fungi","Debaryomycetaceae","GBIF",1.25
"F_DIUTN_RUGS","Diutina rugosa","species","accepted","Fungi","Debaryomycetaceae","MycoBank",1.25
"F_DIUTN_SCRZ","Diutina scorzettiae","species","accepted","Fungi","Debaryomycetaceae","MycoBank",1.25
"F_DIUTN_SMNS","Diutina siamensis","species","accepted","Fungi","Debaryomycetaceae","MycoBank",1.25
"F_DIUTN_SPCZ","Diutina sipiczkii","species","accepted","Fungi","Debaryomycetaceae","GBIF",1.25
"F_DRTMY_ALBS","Doratomyces albus","species","accepted","Fungi","Microascaceae","GBIF",1.25
"F_DTHCH_FVLR","Dothichiza foveolaris","species","accepted","Fungi","Dothioraceae","GBIF",1.25
"F_DTHDL_CNFL","Dothidella confluens","species","accepted","Fungi","Polystomellaceae","MycoBank",1.25
"F_DOTHR_OLEA","Dothiora oleae","species","accepted","Fungi","Dothioraceae","MycoBank",1.25
"F_DOTHR_PRNR","Dothiora prunorum","species","accepted","Fungi","Dothioraceae","MycoBank",1.25
"F_DTHRL_BRRN","Dothiorella barringtoniae","species","accepted","Fungi","Botryosphaeriaceae","GBIF",1.25
"F_DTHRL_BHMC","Dothiorella bohemica","species","accepted","Fungi","Botryosphaeriaceae","GBIF",1.25
"F_DTHRL_BRVP","Dothiorella brevipes","species","accepted","Fungi","Botryosphaeriaceae","GBIF",1.25
"F_DTHRL_CNDL","Dothiorella candollei","species","accepted","Fungi","Botryosphaeriaceae","MycoBank",1.25
"F_DTHRL_CRPN","Dothiorella crepinii","species","accepted","Fungi","Botryosphaeriaceae","GBIF",1.25
"F_DTHRL_DTRY","Dothiorella diatrypea","species","accepted","Fungi","Botryosphaeriaceae","GBIF",1.25
"F_DTHRL_GLDT","Dothiorella gleditsiae","species","accepted","Fungi","Botryosphaeriaceae","GBIF",1.25
"F_DTHRL_LGNR","Dothiorella lagenariae","species","accepted","Fungi","Botryosphaeriaceae","GBIF",1.25
"F_DTHRL_MGNF","Dothiorella magnifructa","species","accepted","Fungi","Botryosphaeriaceae","GBIF",1.25
"F_DTHRL_RNFR","Dothiorella reniformis","species","accepted","Fungi","Botryosphaeriaceae","MycoBank",1.25
"F_DTHRL_RICN","Dothiorella ricini","species","accepted","Fungi","Botryosphaeriaceae","GBIF",1.25
"F_DTHRL_SMLC","Dothiorella smilacina","species","accepted","Fungi","Botryosphaeriaceae","MycoBank",1.25
"F_DRCHM_BCTR","Drechmeria bactrospora","species","accepted","Fungi","Ophiocordycipitaceae","MycoBank",1.25
"F_DRCHM_BLND","Drechmeria balanoides","species","accepted","Fungi","Ophiocordycipitaceae","MycoBank",1.25
"F_DRCHM_CMPN","Drechmeria campanulata","species","accepted","Fungi","Ophiocordycipitaceae","MycoBank",1.25
"F_DRCHM_OBVT","Drechmeria obovata","species","accepted","Fungi","Ophiocordycipitaceae","MycoBank",1.25
"F_DRCHM_SNNS","Drechmeria sinensis","species","accepted","Fungi","Ophiocordycipitaceae","MycoBank",1.25
"F_DRCHM_SPHR","Drechmeria sphaerospora","species","accepted","Fungi","Ophiocordycipitaceae","MycoBank",1.25
"F_DRCHM_ZSPR","Drechmeria zeospora","species","accepted","Fungi","Ophiocordycipitaceae","MycoBank",1.25
"F_DRCHS_ARZN","Drechslera arizonica","species","accepted","Fungi","Pleosporaceae","GBIF",1.25
"F_DRCHS_ELLS","Drechslera ellisii","species","accepted","Fungi","Pleosporaceae","MycoBank",1.25
"F_DRCHS_ERGR","Drechslera eragrostidis","species","accepted","Fungi","Pleosporaceae","GBIF",1.25
"F_DRCHS_EPHR","Drechslera euphorbiae","species","accepted","Fungi","Pleosporaceae","GBIF",1.25
"F_DRCHS_KUSN","Drechslera kusanoi","species","accepted","Fungi","Pleosporaceae","MycoBank",1.25
"F_DRCHS_LCST","Drechslera leucostyla","species","accepted","Fungi","Pleosporaceae","MycoBank",1.25
"F_DRCHS_MDCR","Drechslera mediocris","species","accepted","Fungi","Pleosporaceae","GBIF",1.25
"F_DRCHS_MSSP","Drechslera musae-sapientium","species","accepted","Fungi","Pleosporaceae","GBIF",1.25
"F_DRCHS_NDLS","Drechslera nodulosa","species","accepted","Fungi","Pleosporaceae","MycoBank",1.25
"F_DRCHS_OCLL","Drechslera ocella","species","accepted","Fungi","Pleosporaceae","MycoBank",1.25
"F_DRCHS_SLVN","Drechslera salviniae","species","accepted","Fungi","Pleosporaceae","GBIF",1.25
"F_DRCHS_SLCL","Drechslera siliculosa","species","accepted","Fungi","Pleosporaceae","GBIF",1.25
"F_DRCHS_YAMD","Drechslera yamadae","species","accepted","Fungi","Pleosporaceae","MycoBank",1.25
"F_DRCHS_ZIZN","Drechslera zizaniae","species","accepted","Fungi","Pleosporaceae","MycoBank",1.25
"F_DCTFR_PLLH","Ductifera pululahuana","species","accepted","Fungi","","GBIF",1.25
"F_DCTFR_SUCN","Ductifera sucina","species","accepted","Fungi","","GBIF",1.25
"F_EBLLS_LINT","Eballistra lineata","species","accepted","Fungi","Eballistraceae","MycoBank",1.25
"AN_ECHNC_CMRN","Echinococcus cameroni","species","synonym","Animalia","Taeniidae","GBIF",1.25
"AN_ECHNC_CNDN","Echinococcus canadensis","species","accepted","Animalia","Taeniidae","GBIF",1.25
"AN_ECHNC_CPNZ","Echinococcus cepanzoi","species","synonym","Animalia","Taeniidae","GBIF",1.25
"AN_ECHNC_CRUZ","Echinococcus cruzi","species","synonym","Animalia","Taeniidae","GBIF",1.25
"AN_ECHNC_EQNS","Echinococcus equinus","species","accepted","Animalia","Taeniidae","GBIF",1.25
"AN_ECHNC_FLDS","Echinococcus felidis","species","accepted","Animalia","Taeniidae","GBIF",1.25
"AN_ECHNC_GRNL","Echinococcus granulosus","species","accepted","Animalia","Taeniidae","GBIF",1.25
"AN_ECHNC_INTR","Echinococcus intermedius","species","synonym","Animalia","Taeniidae","GBIF",1.25
"AN_ECHNC_IRAQ","Echinococcus iraqii","species","synonym","Animalia","Taeniidae","GBIF",1.25
"AN_ECHNC_LNGM","Echinococcus longimanubrius","species","synonym","Animalia","Taeniidae","GBIF",1.25
"AN_ECHNC_LYCN","Echinococcus lycaontis","species","synonym","Animalia","Taeniidae","GBIF",1.25
"AN_ECHNC_MNMS","Echinococcus minimus","species","synonym","Animalia","Taeniidae","GBIF",1.25
"AN_ECHNC_MLTL","Echinococcus multilocularis","species","accepted","Animalia","Taeniidae","GBIF",1.25
"AN_ECHNC_OLGR","Echinococcus oligarthra","species","accepted","Animalia","Taeniidae","GBIF",1.25
"AN_ECHNC_THRS","Echinococcus oligarthrus","species","synonym","Animalia","Taeniidae","GBIF",1.25
"AN_ECHNC_ORTL","Echinococcus ortleppi","species","accepted","Animalia","Taeniidae","GBIF",1.25
"AN_ECHNC_PMPN","Echinococcus pampeanus","species","synonym","Animalia","Taeniidae","GBIF",1.25
"AN_ECHNC_PTGN","Echinococcus patagonicus","species","synonym","Animalia","Taeniidae","GBIF",1.25
"AN_ECHNC_RSSC","Echinococcus russicensis","species","synonym","Animalia","Taeniidae","GBIF",1.25
"AN_ECHNC_SHQC","Echinococcus shiquicus","species","accepted","Animalia","Taeniidae","GBIF",1.25
"AN_ECHNC_SBRC","Echinococcus sibiricensis","species","synonym","Animalia","Taeniidae","GBIF",1.25
"AN_ECHNC_VOGL","Echinococcus vogeli","species","accepted","Animalia","Taeniidae","GBIF",1.25
"AN_ECHNS_BLVE","Echinostoma columbaeliviae","species","synonym","Animalia","Echinostomatidae","GBIF",1.25
"AN_ECHNS_NVTM","Echinostoma magniovatum","species","synonym","Animalia","Echinostomatidae","GBIF",1.25
"AN_ECHNS_MGNV","Echinostoma magniovatus","species","accepted","Animalia","Echinostomatidae","GBIF",1.25
"AN_ECHNS_PNSM","Echinostoma multispinosum","species","synonym","Animalia","Echinostomatidae","GBIF",1.25
"AN_ECHNS_OCHT","Echinostoma ochoterenai","species","synonym","Animalia","Echinostomatidae","GBIF",1.25
"AN_ECHNS_SCND","Echinostoma secundum","species","accepted","Animalia","Echinostomatidae","GBIF",1.25
"AN_ECHNS_SPNF","Echinostoma spiniferum","species","accepted","Animalia","Echinostomatidae","GBIF",1.25
"F_ECTDD_NGRF","Ectodidymella nigrificans","species","accepted","Fungi","Didymellaceae","MycoBank",1.25
"F_ECTPH_INSL","Ectophoma insulana","species","accepted","Fungi","Didymellaceae","MycoBank",1.25
"F_ECTPH_MLTR","Ectophoma multirostrata","species","accepted","Fungi","Didymellaceae","MycoBank",1.25
"F_ECTPH_POMI","Ectophoma pomi","species","accepted","Fungi","Didymellaceae","MycoBank",1.25
"F_EFFST_VNDR","Effuseotrichosporon vanderwaltii","species","accepted","Fungi","Trichosporonaceae","MycoBank",1.25
"F_EFBLB_RLLY","Efibulobasidium rolleyi","species","accepted","Fungi","Sebacinaceae","MycoBank",1.25
"F_ELSIN_FWCT","Elsinoe fawcettii","species","accepted","Fungi","Elsinoaceae","GBIF",1.25
"F_EMBLL_ASTR","Embellisia astragali","species","accepted","Fungi","Pleosporaceae","MycoBank",1.25
"F_EMBLL_OXYT","Embellisia oxytropis","species","accepted","Fungi","Pleosporaceae","MycoBank",1.25
"F_EMBLL_THLS","Embellisia thlaspis","species","accepted","Fungi","Pleosporaceae","MycoBank",1.25
"F_EMRGM_AFRC","Emergomyces africanus","species","accepted","Fungi","Ajellomycetaceae","MycoBank",1.25
"F_EMRGM_CNDN","Emergomyces canadensis","species","accepted","Fungi","Ajellomycetaceae","MycoBank",1.25
"F_EMRGM_ERPS","Emergomyces europaeus","species","accepted","Fungi","Ajellomycetaceae","MycoBank",1.25
"F_EMRGM_ORNT","Emergomyces orientalis","species","accepted","Fungi","Ajellomycetaceae","MycoBank",1.25
"F_EMRGM_PSTR","Emergomyces pasteurianus","species","accepted","Fungi","Ajellomycetaceae","MycoBank",1.25
"F_EMRCL_SYDW","Emericella sydowii","species","accepted","Fungi","Trichocomaceae","GBIF",1.25
"F_EMRCL_VRSC","Emericella versicolor","species","accepted","Fungi","Trichocomaceae","GBIF",1.25
"F_ELPSS_EXVR","Emericellopsis exuviara","species","accepted","Fungi","Bionectriaceae","MycoBank",1.25
"F_ELPSS_FMTR","Emericellopsis fimetaria","species","accepted","Fungi","Bionectriaceae","MycoBank",1.25
"F_ELPSS_FUCI","Emericellopsis fuci","species","accepted","Fungi","Bionectriaceae","MycoBank",1.25
"F_ELPSS_MNLF","Emericellopsis moniliformis","species","accepted","Fungi","Bionectriaceae","MycoBank",1.25
"F_ELPSS_SLMN","Emericellopsis salmonea","species","accepted","Fungi","Bionectriaceae","MycoBank",1.25
"F_ELPSS_TUBK","Emericellopsis tubakii","species","accepted","Fungi","Bionectriaceae","MycoBank",1.25
"F_EMMNS_BRSL","Emmonsia brasiliensis","species","synonym","Fungi","Ajellomycetaceae","MycoBank",1.25
"F_EMMNS_CFRR","Emmonsia ciferrina","species","synonym","Fungi","Ajellomycetaceae","MycoBank",1.25
"F_EMMNS_CRSC","Emmonsia crescens","species","accepted","Fungi","Ajellomycetaceae","MycoBank",1.25
"F_EMMNS_HELC","Emmonsia helica","species","synonym","Fungi","Ajellomycetaceae","MycoBank",1.25
"F_EMMNS_PARV","Emmonsia parva","species","synonym","Fungi","Ajellomycetaceae","MycoBank",1.25
"F_EMMNS_PSTR","Emmonsia pasteuriana","species","synonym","Fungi","Ajellomycetaceae","MycoBank",1.25
"F_EMMNS_SOLI","Emmonsia soli","species","accepted","Fungi","Ajellomycetaceae","MycoBank",1.25
"P_ENCPH_CNCL","Encephalitozoon cuniculi","species","synonym","Protozoa","Encephalitozoonidae","GBIF",1.25
"P_ENCPH_IXDS","Encephalitozoon ixodis","species","synonym","Protozoa","Encephalitozoonidae","GBIF",1.25
"F_ENDOGN_PSFR","Endogone pisiformis","species","accepted","Fungi","Endogonaceae","GBIF",1.25
"F_ENDMY_CRTR","Endomyces crateriformis","species","accepted","Fungi","Dipodascaceae","MycoBank",1.25
"F_ENDMY_NTDS","Endomyces nitidus","species","accepted","Fungi","Dipodascaceae","MycoBank",1.25
"F_ENDMY_RHOI","Endomyces rhoi","species","accepted","Fungi","Dipodascaceae","MycoBank",1.25
"F_ENDMY_RTND","Endomyces rotundatus","species","accepted","Fungi","Dipodascaceae","MycoBank",1.25
"F_ENDPHR_CEST","Endophragmiella cesatii","species","accepted","Fungi","Helminthosphaeriaceae","MycoBank",1.25
"F_ENDTH_HYPC","Endothia hypocreoides","species","accepted","Fungi","Melogrammataceae","GBIF",1.25
"F_ENDTH_PRGY","Endothia paraguayensis","species","accepted","Fungi","Melogrammataceae","GBIF",1.25
"F_ENDTH_PSSR","Endothia passeriniana","species","accepted","Fungi","Melogrammataceae","GBIF",1.25
"F_ENDTH_TPHR","Endothia tephrothele","species","accepted","Fungi","Melogrammataceae","GBIF",1.25
"F_ELSPS_MELC","Endothlaspis melicae","species","accepted","Fungi","Ustilaginaceae","MycoBank",1.25
"F_ENGYD_RCTD","Engyodontium rectidentatum","species","accepted","Fungi","Cordycipitaceae","MycoBank",1.25
"P_ENTMB_BNGL","Entamoeba bangladeshi","species","accepted","Protozoa","Entamoebidae","GBIF",1.25
"P_ENTMB_BTSC","Entamoeba buetschlii","species","synonym","Protozoa","Entamoebidae","GBIF",1.25
"P_ENTMB_CHLI","Entamoeba butschlii","species","synonym","Protozoa","Entamoebidae","GBIF",1.25
"P_ENTMB_CHTT","Entamoeba chattoni","species","accepted","Protozoa","Entamoebidae","GBIF",1.25
"P_ENTMB_ECDR","Entamoeba ecuadoriensis","species","accepted","Protozoa","Entamoebidae","GBIF",1.25
"P_ENTMB_EQUI","Entamoeba equi","species","accepted","Protozoa","Entamoebidae","GBIF",1.25
"P_ENTMB_INSL","Entamoeba insolita","species","accepted","Protozoa","Entamoebidae","GBIF",1.25
"P_ENTMB_MURS","Entamoeba muris","species","accepted","Protozoa","Entamoebidae","GBIF",1.25
"P_ENTMB_NANA","Entamoeba nana","species","synonym","Protozoa","Entamoebidae","GBIF",1.25
"P_ENTMB_NTTL","Entamoeba nuttalli","species","accepted","Protozoa","Entamoebidae","GBIF",1.25
"P_ENTMB_RNRM","Entamoeba ranarum","species","accepted","Protozoa","Entamoebidae","GBIF",1.25
"P_ENTMB_STRT","Entamoeba struthionis","species","accepted","Protozoa","Entamoebidae","GBIF",1.25
"P_ENTMB_SUIS","Entamoeba suis","species","accepted","Protozoa","Entamoebidae","GBIF",1.25
"P_EYTZN_BINS","Enterocytozoon bieneusi","species","synonym","Protozoa","Enterocytozoonidae","GBIF",1.25
"P_EYTZN_SLMN","Enterocytozoon salmonis","species","synonym","Protozoa","Enterocytozoonidae","GBIF",1.25
"F_ENTMM_HYLN","Entimomentora hyalina","species","accepted","Fungi","Pleuroascaceae","MycoBank",1.25
"F_ENTMP_BATK","Entomophaga batkoi","species","accepted","Fungi","Entomophthoraceae","MycoBank",1.25
"F_ENTMP_CNGL","Entomophaga conglomerata","species","accepted","Fungi","Entomophthoraceae","MycoBank",1.25
"F_ENTMP_GRYL","Entomophaga grylli","species","accepted","Fungi","Entomophthoraceae","MycoBank",1.25
"F_ENTMP_TNTH","Entomophaga tenthredinis","species","accepted","Fungi","Entomophthoraceae","MycoBank",1.25
"F_ENTMP_TIPL","Entomophaga tipulae","species","accepted","Fungi","Entomophthoraceae","MycoBank",1.25
"F_ETHRA_CRPN","Entomophthora carpentieri","species","accepted","Fungi","Entomophthoraceae","MycoBank",1.25
"F_ETHRA_DSTR","Entomophthora destruens","species","accepted","Fungi","Entomophthoraceae","MycoBank",1.25
"F_ETHRA_PSDC","Entomophthora pseudococci","species","accepted","Fungi","Entomophthoraceae","MycoBank",1.25
"F_ENTMR_BLJK","Entomortierella beljakovae","species","accepted","Fungi","Mortierellaceae","MycoBank",1.25
"F_ENTMR_CHLM","Entomortierella chlamydospora","species","accepted","Fungi","Mortierellaceae","MycoBank",1.25
"F_ENTMR_ECHN","Entomortierella echinosphaera","species","accepted","Fungi","Mortierellaceae","MycoBank",1.25
"F_ENTMR_JNKN","Entomortierella jenkinii","species","accepted","Fungi","Mortierellaceae","MycoBank",1.25
"F_ENTMR_LGNC","Entomortierella lignicola","species","accepted","Fungi","Mortierellaceae","MycoBank",1.25
"F_ENTMR_PRVS","Entomortierella parvispora","species","accepted","Fungi","Mortierellaceae","MycoBank",1.25
"F_ENTMR_SGDR","Entomortierella sugadairana","species","accepted","Fungi","Mortierellaceae","MycoBank",1.25
"F_ENTRRH_ISTS","Entorrhiza isoetis","species","accepted","Fungi","Entorrhizaceae","GBIF",1.25
"F_ENTYL_MGNS","Entyloma magnusii","species","accepted","Fungi","Entylomataceae","MycoBank",1.25
"F_ENTYL_PHLR","Entyloma phalaridis","species","accepted","Fungi","Entylomataceae","MycoBank",1.25
"F_ENTYL_SMNV","Entyloma semenoviana","species","accepted","Fungi","Entylomataceae","GBIF",1.25
"F_EPBRY_BRNN","Epibryon brunneolum","species","accepted","Fungi","Epibryaceae","MycoBank",1.25
"F_EPBRY_BRYP","Epibryon bryophilum","species","accepted","Fungi","Epibryaceae","MycoBank",1.25
"F_EPBRY_HMCL","Epibryon humicola","species","accepted","Fungi","Epibryaceae","MycoBank",1.25
"F_EPBRY_MNTS","Epibryon minutissimum","species","accepted","Fungi","Epibryaceae","MycoBank",1.25
"F_EPBRY_SYLV","Epibryon sylvestris","species","accepted","Fungi","Epibryaceae","MycoBank",1.25
"F_EPCHL_CHSS","Epichloe chisosa","species","accepted","Fungi","Clavicipitaceae","MycoBank",1.25
"F_EPCHL_CNPH","Epichloe coenophiala","species","accepted","Fungi","Clavicipitaceae","MycoBank",1.25
"F_EPCHL_MLLS","Epichloe mollis","species","accepted","Fungi","Clavicipitaceae","MycoBank",1.25
"F_EPCHL_UNCN","Epichloe uncinata","species","accepted","Fungi","Clavicipitaceae","MycoBank",1.25
"F_EPCCC_BRSL","Epicoccum brasiliense","species","accepted","Fungi","Didymellaceae","MycoBank",1.25
"F_EPCCC_DRCN","Epicoccum draconis","species","accepted","Fungi","Didymellaceae","MycoBank",1.25
"F_EPCCC_NGSI","Epicoccum henningsii","species","accepted","Fungi","Didymellaceae","MycoBank",1.25
"F_EPCCC_HNCY","Epicoccum huancayense","species","accepted","Fungi","Didymellaceae","MycoBank",1.25
"F_EPCCC_NGRM","Epicoccum nigrum","species","accepted","Fungi","Didymellaceae","MycoBank",1.25
"F_EPCCC_PRML","Epicoccum parmeliarum","species","accepted","Fungi","Didymellaceae","MycoBank",1.25
"F_EPCCC_PMPR","Epicoccum pimprinum","species","accepted","Fungi","Didymellaceae","MycoBank",1.25
"F_EPCCC_PLRV","Epicoccum plurivorum","species","accepted","Fungi","Didymellaceae","MycoBank",1.25
"F_EPCCC_PROT","Epicoccum proteae","species","accepted","Fungi","Didymellaceae","MycoBank",1.25
"F_EPCCC_GHNM","Epicoccum sorghinum","species","accepted","Fungi","Didymellaceae","MycoBank",1.25
"F_ERCLG_ERCL","Eriocaulago eriocauli","species","accepted","Fungi","Ustilaginaceae","MycoBank",1.25
"F_ERCLG_JGDS","Eriocaulago jagdishwari","species","accepted","Fungi","Ustilaginaceae","GBIF",1.25
"F_ERMSZ_ERCL","Eriomoeszia eriocauli","species","accepted","Fungi","Ustilaginaceae","GBIF",1.25
"F_ERSTR_MLTF","Erostrotheca multiformis","species","accepted","Fungi","Ceratostomataceae","GBIF",1.25
"F_ERYTHR_ELNG","Erythrobasidium elongatum","species","accepted","Fungi","Erythrobasidiaceae","MycoBank",1.25
"F_ERYTHR_HSGW","Erythrobasidium hasegawae","species","accepted","Fungi","Erythrobasidiaceae","GBIF",1.25
"F_ERYTHR_GWNM","Erythrobasidium hasegawianum","species","accepted","Fungi","Erythrobasidiaceae","MycoBank",1.25
"F_ERYTHR_YNNN","Erythrobasidium yunnanense","species","accepted","Fungi","Erythrobasidiaceae","MycoBank",1.25
"F_EDRLC_CRCS","Eudarluca caricis","species","accepted","Fungi","Phaeosphaeriaceae","MycoBank",1.25
"F_EPNCL_BRNN","Eupenicillium baarnense","species","accepted","Fungi","Trichocomaceae","MycoBank",1.25
"F_EURTM_ATHC","Eurotium athecium","species","accepted","Fungi","Aspergillaceae","MycoBank",1.25
"F_EURTM_ECHN","Eurotium echinulatum","species","accepted","Fungi","Aspergillaceae","MycoBank",1.25
"F_EURTM_NVGL","Eurotium niveoglaucum","species","accepted","Fungi","Aspergillaceae","MycoBank",1.25
"F_EURTM_RBRM","Eurotium rubrum","species","accepted","Fungi","Aspergillaceae","MycoBank",1.25
"F_EURTM_UMBR","Eurotium umbrosum","species","accepted","Fungi","Aspergillaceae","MycoBank",1.25
"F_EUTRL_IRRT","Eutorula irritans","species","accepted","Fungi","","MycoBank",1.25
"F_EVNSS_LYCT","Evansstolkia leycettana","species","accepted","Fungi","Trichocomaceae","MycoBank",1.25
"F_EXCPL_SRRT","Excipula serratulae","species","accepted","Fungi","Ploettnerulaceae","GBIF",1.25
"F_EXIDI_ARCL","Exidia auricula","species","synonym","Fungi","Exidiaceae","GBIF",1.25
"F_EXIDI_CALC","Exidia calcea","species","synonym","Fungi","Exidiaceae","GBIF",1.25
"F_EXIDI_HSPD","Exidia hispidula","species","synonym","Fungi","Exidiaceae","GBIF",1.25
"F_EXIDI_INFL","Exidia inflata","species","accepted","Fungi","Exidiaceae","MycoBank",1.25
"F_EXIDI_INRN","Exidia inornata","species","accepted","Fungi","Exidiaceae","MycoBank",1.25
"F_EXIDI_NGRS","Exidia nigrescens","species","synonym","Fungi","Exidiaceae","GBIF",1.25
"F_EXIDI_PZZFR","Exidia pezizaeformis","species","synonym","Fungi","Exidiaceae","GBIF",1.25
"F_EXIDI_PNCT","Exidia punctata","species","accepted","Fungi","Exidiaceae","MycoBank",1.25
"F_EXIDI_SBRP","Exidia subrepanda","species","synonym","Fungi","Exidiaceae","GBIF",1.25
"F_EXPHL_AERS","Exophiala aeris","species","accepted","Fungi","Herpotrichiellaceae","MycoBank",1.25
"F_EXPHL_AMPH","Exophiala amphawaensis","species","accepted","Fungi","Herpotrichiellaceae","MycoBank",1.25
"F_EXPHL_CHPP","Exophiala chapopotensis","species","accepted","Fungi","Herpotrichiellaceae","MycoBank",1.25
"F_EXPHL_DORA","Exophiala dorae","species","accepted","Fungi","Herpotrichiellaceae","MycoBank",1.25
"F_EXPHL_EXSD","Exophiala exsudans","species","accepted","Fungi","Herpotrichiellaceae","MycoBank",1.25
"F_EXPHL_HLBR","Exophiala holbertoniae","species","accepted","Fungi","Herpotrichiellaceae","MycoBank",1.25
"F_EXPHL_HNGH","Exophiala hongheensis","species","accepted","Fungi","Herpotrichiellaceae","MycoBank",1.25
"F_EXPHL_LTTR","Exophiala littoralis","species","accepted","Fungi","Herpotrichiellaceae","MycoBank",1.25
"F_EXPHL_SCHS","Exophiala schisandrae","species","accepted","Fungi","Herpotrichiellaceae","MycoBank",1.25
"F_EXPHL_ZNGB","Exophiala zingiberis","species","accepted","Fungi","Herpotrichiellaceae","MycoBank",1.25
"F_ESPRM_PSMM","Exosporium psammicola","species","accepted","Fungi","Mycosphaerellaceae","MycoBank",1.25
"F_ESPRM_SCTM","Exosporium sociatum","species","accepted","Fungi","Mycosphaerellaceae","MycoBank",1.25
"F_EXTLS_OSMN","Exoteliospora osmundae","species","accepted","Fungi","Melanotaeniaceae","MycoBank",1.25
"F_EXSRH_ANNS","Exserohilum ananas","species","accepted","Fungi","Pleosporaceae","GBIF",1.25
"F_EXSRH_ANANS","Exserohilum ananasi","species","accepted","Fungi","Pleosporaceae","MycoBank",1.25
"F_FARMN_SNGL","Fairmania singularis","species","accepted","Fungi","Microascaceae","MycoBank",1.25
"F_FARNR_CRBN","Farinaria carbonaria","species","accepted","Fungi","Ustilaginaceae","MycoBank",1.25
"F_FARYS_ACHN","Farysia acheniorum","species","accepted","Fungi","Anthracoideaceae","MycoBank",1.25
"F_FARYS_BTLR","Farysia butleri","species","accepted","Fungi","Anthracoideaceae","GBIF",1.25
"F_FARYS_CRCP","Farysia cariciphila","species","accepted","Fungi","Anthracoideaceae","GBIF",1.25
"F_FARYS_CTNT","Farysia catenata","species","accepted","Fungi","Anthracoideaceae","GBIF",1.25
"F_FARYS_NKNS","Farysia nakanishikii","species","accepted","Fungi","Anthracoideaceae","GBIF",1.25
"F_FARYS_THMN","Farysia thuemenii","species","accepted","Fungi","Anthracoideaceae","MycoBank",1.25
"F_FARYS_TRCH","Farysia trichopterygis","species","accepted","Fungi","Anthracoideaceae","GBIF",1.25
"F_FRYSP_ENDT","Farysporium endotrichum","species","accepted","Fungi","Anthracoideaceae","MycoBank",1.25
"AN_FASCL_CLFR","Fasciola californica","species","accepted","Animalia","Fasciolidae","GBIF",1.25
"AN_FASCL_HALL","Fasciola halli","species","accepted","Animalia","Fasciolidae","GBIF",1.25
"AN_FASCL_INDC","Fasciola indica","species","accepted","Animalia","Fasciolidae","GBIF",1.25
"AN_FASCL_RVLT","Fasciola revoluta","species","synonym","Animalia","Fasciolidae","GBIF",1.25
"AN_FASCL_CBRA","Fasciola scabra","species","synonym","Animalia","Fasciolidae","GBIF",1.25
"AN_FASCL_SCBR","Fasciola scabrum","species","accepted","Animalia","Fasciolidae","GBIF",1.25
"AN_FASCL_TRCH","Fasciola trachea","species","synonym","Animalia","Fasciolidae","GBIF",1.25
"AN_FSCLP_BUSK","Fasciolopsis buskii","species","accepted","Animalia","Fasciolidae","GBIF",1.25
"AN_FSCLP_FLLB","Fasciolopsis fuelleborni","species","synonym","Animalia","Fasciolidae","GBIF",1.25
"AN_FSCLP_GDDR","Fasciolopsis goddardi","species","synonym","Animalia","Fasciolidae","GBIF",1.25
"AN_FSCLP_SPNF","Fasciolopsis spinifera","species","synonym","Animalia","Fasciolidae","GBIF",1.25
"F_FVTRC_ANGL","Favotrichophyton angolense","species","accepted","Fungi","Arthrodermataceae","MycoBank",1.25
"F_FVTRC_GRVL","Favotrichophyton gourvilii","species","accepted","Fungi","Arthrodermataceae","MycoBank",1.25
"F_FLLZY_INST","Fellozyma inositophila","species","accepted","Fungi","Chrysozymaceae","MycoBank",1.25
"F_FLLZY_PNLS","Fellozyma pinalis","species","accepted","Fungi","Chrysozymaceae","MycoBank",1.25
"F_FMSJN_PZZF","Femsjonia peziziformis","species","accepted","Fungi","Dacrymycetaceae","MycoBank",1.25
"F_FLBSD_CHRN","Filobasidium chernovii","species","accepted","Fungi","Filobasidiaceae","MycoBank",1.25
"F_FLBSD_MGNM","Filobasidium magnum","species","accepted","Fungi","Filobasidiaceae","MycoBank",1.25
"F_FLBSD_ORNS","Filobasidium oeirense","species","accepted","Fungi","Filobasidiaceae","MycoBank",1.25
"F_FLBSD_STPP","Filobasidium stepposum","species","accepted","Fungi","Filobasidiaceae","MycoBank",1.25
"F_FLBSD_WRNG","Filobasidium wieringae","species","accepted","Fungi","Filobasidiaceae","MycoBank",1.25
"F_FLMMC_DECR","Flammocladiella decora","species","accepted","Fungi","Flammocladiellaceae","MycoBank",1.25
"F_FLRPL_CHVR","Floropilus chiversii","species","accepted","Fungi","Chaetomiaceae","MycoBank",1.25
"F_FLPHM_FLLN","Foliophoma fallens","species","accepted","Fungi","Coniothyriaceae","MycoBank",1.25
"F_FOMES_FMNT","Fomes fomentarius","species","accepted","Fungi","Polyporaceae","GBIF",1.25
"F_FMTPS_PNCL","Fomitopsis pinicola","species","accepted","Fungi","Fomitopsidaceae","GBIF",1.25
"F_FNSCZ_MJNS","Fonsecazyma mujuensis","species","accepted","Fungi","Bulleraceae","MycoBank",1.25
"F_FVSTR_DRPC","Foveostroma drupacearum","species","accepted","Fungi","","MycoBank",1.25
"F_FRNZP_OKDR","Franzpetrakia okudairae","species","accepted","Fungi","Ustilaginaceae","MycoBank",1.25
"F_FULVI_FULV","Fulvia fulva","species","accepted","Fungi","Mycosphaerellaceae","MycoBank",1.25
"F_FUMAG_SLCN","Fumago salicina","species","accepted","Fungi","","MycoBank",1.25
"F_FRCST_FRCT","Furcasterigmium furcatum","species","accepted","Fungi","Trichosphaeriaceae","MycoBank",1.25
"F_FSRLL_ARNL","Fusariella arenula","species","accepted","Fungi","Bionectriaceae","MycoBank",1.25
"F_FSCLD_ARTM","Fusicladium artemisiae","species","accepted","Fungi","Venturiaceae","GBIF",1.25
"F_FSCLD_ASTR","Fusicladium astericola","species","accepted","Fungi","Venturiaceae","GBIF",1.25
"F_FSCLD_TRMA","Fusicladium asteroma","species","accepted","Fungi","Venturiaceae","GBIF",1.25
"F_FSCLD_BPTS","Fusicladium baptisiae","species","accepted","Fungi","Venturiaceae","GBIF",1.25
"F_FSCLD_BRTN","Fusicladium britannicum","species","accepted","Fungi","Venturiaceae","GBIF",1.25
"F_FSCLD_CDCM","Fusicladium caducum","species","accepted","Fungi","Venturiaceae","GBIF",1.25
"F_FSCLD_CRPS","Fusicladium coreopsidis","species","accepted","Fungi","Venturiaceae","GBIF",1.25
"F_FSCLD_JCRN","Fusicladium jacarandae","species","accepted","Fungi","Venturiaceae","GBIF",1.25
"F_FSCLD_LEVR","Fusicladium levieri","species","accepted","Fungi","Venturiaceae","MycoBank",1.25
"F_FSCLD_LYSM","Fusicladium lysimachiae","species","accepted","Fungi","Venturiaceae","MycoBank",1.25
"F_FSCLD_MNRD","Fusicladium monardae","species","accepted","Fungi","Venturiaceae","GBIF",1.25
"F_FSCLD_ORCH","Fusicladium orchidis","species","accepted","Fungi","Venturiaceae","GBIF",1.25
"F_FSCLD_PRST","Fusicladium parasiticum","species","accepted","Fungi","Venturiaceae","GBIF",1.25
"F_FSCLD_PSMM","Fusicladium psammicola","species","accepted","Fungi","Venturiaceae","GBIF",1.25
"F_FSCLD_SLCS","Fusicladium salicis","species","accepted","Fungi","Venturiaceae","MycoBank",1.25
"F_FSCLD_SCRB","Fusicladium scribnerianum","species","accepted","Fungi","Venturiaceae","MycoBank",1.25
"F_FSCLD_SBSS","Fusicladium subsessile","species","accepted","Fungi","Venturiaceae","MycoBank",1.25
"F_FSCLD_TCTN","Fusicladium tectonicola","species","accepted","Fungi","Venturiaceae","GBIF",1.25
"F_FSCLD_TRST","Fusicladium triostei","species","accepted","Fungi","Venturiaceae","MycoBank",1.25
"F_FSCCC_DPRS","Fusicoccum depressum","species","accepted","Fungi","Botryosphaeriaceae","MycoBank",1.25
"F_FSCCC_FRXN","Fusicoccum fraxini","species","accepted","Fungi","Botryosphaeriaceae","GBIF",1.25
"F_FSCCC_ILCL","Fusicoccum ilicellum","species","accepted","Fungi","Botryosphaeriaceae","MycoBank",1.25
"F_FSCCC_LNCL","Fusicoccum lanceolatum","species","accepted","Fungi","Botryosphaeriaceae","MycoBank",1.25
"F_FSCCC_OBTS","Fusicoccum obtusulum","species","accepted","Fungi","Botryosphaeriaceae","MycoBank",1.25
"F_FSCLL_AQDC","Fusicolla aquaeductuum","species","accepted","Fungi","Nectriaceae","MycoBank",1.25
"F_FSCLL_EPST","Fusicolla epistroma","species","accepted","Fungi","Nectriaceae","MycoBank",1.25
"F_FSCLL_MATU","Fusicolla matuoi","species","accepted","Fungi","Nectriaceae","MycoBank",1.25
"F_FSCLL_MRSM","Fusicolla merismoides","species","accepted","Fungi","Nectriaceae","MycoBank",1.25
"F_FSCLL_RYSN","Fusicolla reyesiana","species","accepted","Fungi","Nectriaceae","MycoBank",1.25
"F_FSSPR_OCHR","Fusisporium ochraceum","species","accepted","Fungi","Nectriaceae","MycoBank",1.25
"F_FSSPR_PHYL","Fusisporium phyllogenum","species","accepted","Fungi","Nectriaceae","MycoBank",1.25
"F_FSDLL_ANTH","Fusoidiella anethi","species","accepted","Fungi","Mycosphaerellaceae","MycoBank",1.25
"F_FSDLL_DPRS","Fusoidiella depressa","species","accepted","Fungi","Mycosphaerellaceae","MycoBank",1.25
"F_GBLDN_EPPN","Gabaldonia eppingiae","species","accepted","Fungi","Metschnikowiaceae","MycoBank",1.25
"F_GMNNM_RDCC","Gaeumannomyces radicicola","species","accepted","Fungi","Magnaporthaceae","MycoBank",1.25
"F_GLLRD_ENTM","Gaillardinia entomophila","species","accepted","Fungi","Metschnikowiaceae","MycoBank",1.25
"F_GLCTM_PSDC","Galactomyces pseudocandidus","species","accepted","Fungi","Dipodascaceae","MycoBank",1.25
"F_GMSLL_MLTD","Gamsiella multidivaricata","species","accepted","Fungi","Mortierellaceae","MycoBank",1.25
"F_GMSLL_STYL","Gamsiella stylospora","species","accepted","Fungi","Mortierellaceae","MycoBank",1.25
"F_GMSZR_INDN","Gamszarea indonesiaca","species","accepted","Fungi","Cordycipitaceae","MycoBank",1.25
"F_GNDRM_LCDM","Ganoderma lucidum","species","accepted","Fungi","Polyporaceae","GBIF",1.25
"F_GJYSS_ATRF","Geejayessia atrofusca","species","accepted","Fungi","Nectriaceae","MycoBank",1.25
"F_GJYSS_CLTD","Geejayessia celtidicola","species","accepted","Fungi","Nectriaceae","MycoBank",1.25
"F_GJYSS_CCTR","Geejayessia cicatricum","species","accepted","Fungi","Nectriaceae","MycoBank",1.25
"F_GJYSS_CLVT","Geejayessia clavata","species","accepted","Fungi","Nectriaceae","MycoBank",1.25
"F_GJYSS_DSMZ","Geejayessia desmazieri","species","accepted","Fungi","Nectriaceae","MycoBank",1.25
"F_GJYSS_HSPN","Geejayessia hispanica","species","accepted","Fungi","Nectriaceae","MycoBank",1.25
"F_GJYSS_MNTN","Geejayessia montana","species","accepted","Fungi","Nectriaceae","MycoBank",1.25
"F_GJYSS_RSCC","Geejayessia ruscicola","species","accepted","Fungi","Nectriaceae","MycoBank",1.25
"F_GJYSS_SINC","Geejayessia sinica","species","accepted","Fungi","Nectriaceae","MycoBank",1.25
"F_GJYSS_ZLND","Geejayessia zealandica","species","accepted","Fungi","Nectriaceae","MycoBank",1.25
"F_GLTNP_GGLS","Gelatinopsis geoglossi","species","accepted","Fungi","Helicogoniaceae","MycoBank",1.25
"F_GLDTR_SPNC","Gelidatrema spencermartinsiae","species","accepted","Fungi","Phaeotremellaceae","MycoBank",1.25
"F_GNCLS_DNSS","Geniculosporium densissimum","species","accepted","Fungi","Xylariaceae","MycoBank",1.25
"F_GNLVR_AMYL","Genolevuria amylolytica","species","accepted","Fungi","Bulleraceae","MycoBank",1.25
"F_GNLVR_ARMN","Genolevuria armeniaca","species","accepted","Fungi","Bulleraceae","MycoBank",1.25
"F_GNLVR_TBTN","Genolevuria tibetensis","species","accepted","Fungi","Bulleraceae","MycoBank",1.25
"F_GHYPH_TRRS","Geohypha terrestris","species","accepted","Fungi","","MycoBank",1.25
"F_GSMTH_LVND","Geosmithia lavendula","species","accepted","Fungi","Bionectriaceae","MycoBank",1.25
"F_GSMTH_PLLD","Geosmithia pallida","species","accepted","Fungi","Bionectriaceae","MycoBank",1.25
"F_GSMTH_PTTR","Geosmithia putterillii","species","accepted","Fungi","Bionectriaceae","MycoBank",1.25
"F_GTRCH_DLCT","Geotrichum dulcitum","species","synonym","Fungi","Dipodascaceae","GBIF",1.25
"F_GTRCH_ENHD","Geotrichum enheduannae","species","accepted","Fungi","Dipodascaceae","MycoBank",1.25
"F_GTRCH_HBNS","Geotrichum hubeiense","species","accepted","Fungi","Dipodascaceae","MycoBank",1.25
"F_GTRCH_NNSS","Geotrichum sinensis","species","accepted","Fungi","Dipodascaceae","GBIF",1.25
"F_GTRCH_XSHN","Geotrichum xishuangbannaense","species","accepted","Fungi","Dipodascaceae","MycoBank",1.25
"F_GRLJC_RADT","Gerulajacta radiata","species","accepted","Fungi","","MycoBank",1.25
"F_GRLJC_STRB","Gerulajacta strobilina","species","accepted","Fungi","","MycoBank",1.25
"P_GIARD_LUPS","Giardia lupus","species","accepted","Protozoa","Hexamitidae","GBIF",1.25
"F_GBBRD_HLPS","Gibberidea heliopsidis","species","accepted","Fungi","Botryosphaeriaceae","GBIF",1.25
"F_GBLLL_NGRS","Gibellulopsis nigrescens","species","accepted","Fungi","Trichosphaeriaceae","MycoBank",1.25
"F_GBLLL_PSCS","Gibellulopsis piscis","species","accepted","Fungi","Trichosphaeriaceae","GBIF",1.25
"F_GBLLL_SERR","Gibellulopsis serrae","species","accepted","Fungi","Trichosphaeriaceae","MycoBank",1.25
"F_GLNSP_GRPH","Glenospora graphii","species","accepted","Fungi","Septobasidiaceae","GBIF",1.25
"F_GLNSP_KHRT","Glenospora khartoumense","species","accepted","Fungi","Septobasidiaceae","MycoBank",1.25
"F_GLNSP_MNSS","Glenospora khartoumensis","species","accepted","Fungi","Septobasidiaceae","GBIF",1.25
"F_GLCLD_ALBM","Gliocladium album","species","accepted","Fungi","Hypocreaceae","MycoBank",1.25
"F_GLCLD_ASPR","Gliocladium aspergillus","species","accepted","Fungi","Hypocreaceae","MycoBank",1.25
"F_GLMST_ELAT","Gliomastix elata","species","accepted","Fungi","Bionectriaceae","MycoBank",1.25
"F_GLMST_MASS","Gliomastix masseei","species","accepted","Fungi","Bionectriaceae","MycoBank",1.25
"F_GLMST_MRFR","Gliomastix moriformis","species","accepted","Fungi","Bionectriaceae","MycoBank",1.25
"F_GLMST_MRRM","Gliomastix murorum","species","accepted","Fungi","Bionectriaceae","MycoBank",1.25
"F_GLMST_NGRC","Gliomastix nigricans","species","accepted","Fungi","Bionectriaceae","MycoBank",1.25
"F_GLMST_PHNC","Gliomastix phoenicis","species","accepted","Fungi","Bionectriaceae","MycoBank",1.25
"F_GLMST_RSGR","Gliomastix roseogrisea","species","accepted","Fungi","Bionectriaceae","MycoBank",1.25
"F_GLMST_TMLC","Gliomastix tumulicola","species","accepted","Fungi","Bionectriaceae","MycoBank",1.25
"F_GLBBT_SNSV","Globobotrys sansevieriicola","species","accepted","Fungi","Stachybotryaceae","MycoBank",1.25
"F_GLBLS_FULV","Globulisebacina fulva","species","accepted","Fungi","Sebacinaceae","MycoBank",1.25
"F_GLBLS_RLLY","Globulisebacina rolleyi","species","accepted","Fungi","Sebacinaceae","GBIF",1.25
"F_GLOSM_VTLL","Gloeosoma vitellinum","species","accepted","Fungi","Stereaceae","MycoBank",1.25
"F_GLSPRM_ALLS","Gloeosporium allescherianum","species","accepted","Fungi","Dermateaceae","GBIF",1.25
"F_GLSPRM_CMRN","Gloeosporium camerunense","species","accepted","Fungi","Dermateaceae","MycoBank",1.25
"F_GLSPRM_CHLN","Gloeosporium chilense","species","accepted","Fungi","Dermateaceae","MycoBank",1.25
"F_GLSPRM_DFRM","Gloeosporium deformans","species","accepted","Fungi","Dermateaceae","MycoBank",1.25
"F_GLSPRM_GLDT","Gloeosporium gleditsiae","species","accepted","Fungi","Dermateaceae","GBIF",1.25
"F_GLSPRM_HAKE","Gloeosporium hakeae","species","accepted","Fungi","Dermateaceae","MycoBank",1.25
"F_GLSPRM_MCRS","Gloeosporium microstromoides","species","accepted","Fungi","Dermateaceae","MycoBank",1.25
"F_GLSPRM_OCLL","Gloeosporium ocellatum","species","accepted","Fungi","Dermateaceae","GBIF",1.25
"F_GLSPRM_ORBC","Gloeosporium orbiculare","species","accepted","Fungi","Dermateaceae","MycoBank",1.25
"F_GLSPRM_PHRM","Gloeosporium phormii","species","accepted","Fungi","Dermateaceae","GBIF",1.25
"F_GLSPRM_PHYS","Gloeosporium physalosporae","species","accepted","Fungi","Dermateaceae","MycoBank",1.25
"F_GLSPRM_SPRN","Gloeosporium speiranthis","species","accepted","Fungi","Dermateaceae","GBIF",1.25
"F_GLSPRM_VRTR","Gloeosporium veratri","species","accepted","Fungi","Dermateaceae","MycoBank",1.25
"F_GNOMN_FMBR","Gnomonia fimbriata","species","accepted","Fungi","Gnomoniaceae","MycoBank",1.25
"F_GNMNP_COMR","Gnomoniopsis comari","species","accepted","Fungi","Gnomoniaceae","GBIF",1.25
"F_GFFZY_ACDT","Goffeauzyma aciditolerans","species","accepted","Fungi","Filobasidiaceae","MycoBank",1.25
"F_GFFZY_AGRN","Goffeauzyma agrionensis","species","accepted","Fungi","Filobasidiaceae","MycoBank",1.25
"F_GFFZY_GSTR","Goffeauzyma gastrica","species","accepted","Fungi","Filobasidiaceae","MycoBank",1.25
"F_GFFZY_GLVS","Goffeauzyma gilvescens","species","accepted","Fungi","Filobasidiaceae","MycoBank",1.25
"F_GFFZY_IBRC","Goffeauzyma iberica","species","accepted","Fungi","Filobasidiaceae","MycoBank",1.25
"F_GFFZY_MTLL","Goffeauzyma metallitolerans","species","accepted","Fungi","Filobasidiaceae","MycoBank",1.25
"F_GNGRM_PYGM","Gongromeriza pygmaea","species","accepted","Fungi","Chaetosphaeriaceae","MycoBank",1.25
"F_GNGRN_BTLR","Gongronella butleri","species","accepted","Fungi","Cunninghamellaceae","MycoBank",1.25
"F_GRCLS_CLVL","Gracilistilbella clavulata","species","accepted","Fungi","Bionectriaceae","MycoBank",1.25
"F_GRMNP_GRMN","Graminopassalora graminis","species","accepted","Fungi","Mycosphaerellaceae","MycoBank",1.25
"F_GRPHL_FRGR","Graphilbum fragrans","species","accepted","Fungi","Ophiostomataceae","GBIF",1.25
"F_GRPHP_CHLR","Graphiopsis chlorocephala","species","accepted","Fungi","Cladosporiaceae","MycoBank",1.25
"F_GRPHT_PHYL","Graphiothecium phyllogenum","species","accepted","Fungi","","MycoBank",1.25
"F_GRPHM_AQTC","Graphium aquaticum","species","accepted","Fungi","Graphiaceae","MycoBank",1.25
"F_GRPHM_KURSH","Graphium kuroshio","species","accepted","Fungi","Graphiaceae","MycoBank",1.25
"F_GRPHM_SGMT","Graphium sagmatosporae","species","synonym","Fungi","Graphiaceae","GBIF",1.25
"F_GRPHM_UMBL","Graphium umbellatarum","species","synonym","Fungi","Graphiaceae","GBIF",1.25
"F_GRPHM_VLGR","Graphium vulgare","species","synonym","Fungi","Graphiaceae","GBIF",1.25
"F_GRENR_UVCL","Greeneria uvicola","species","accepted","Fungi","Melanconiellaceae","MycoBank",1.25
"F_GRGRV_HMTC","Grigorovia humatica","species","accepted","Fungi","Saccharomycetaceae","MycoBank",1.25
"F_GRGRV_MNGL","Grigorovia menglunensis","species","accepted","Fungi","Saccharomycetaceae","MycoBank",1.25
"F_GRGRV_TRNS","Grigorovia transvaalensis","species","accepted","Fungi","Saccharomycetaceae","MycoBank",1.25
"F_GRGRV_YKSH","Grigorovia yakushimaensis","species","accepted","Fungi","Saccharomycetaceae","MycoBank",1.25
"F_GRNWL_ARNG","Groenewaldozyma auringiensis","species","accepted","Fungi","Trichomonascaceae","MycoBank",1.25
"F_GRNWL_SLMN","Groenewaldozyma salmanticensis","species","accepted","Fungi","Trichomonascaceae","MycoBank",1.25
"F_GRNWL_TRTR","Groenewaldozyma tartarivorans","species","accepted","Fungi","Trichomonascaceae","MycoBank",1.25
"F_GRSMN_SGMT","Grosmannia sagmatospora","species","accepted","Fungi","Ceratocystidaceae","GBIF",1.25
"F_GRBYL_CMRN","Grubyella camerounensis","species","accepted","Fungi","Arthrodermataceae","MycoBank",1.25
"F_GRBYL_CSTN","Grubyella castanea","species","accepted","Fungi","Arthrodermataceae","MycoBank",1.25
"F_GRBYL_OCHT","Grubyella ochoterenai","species","accepted","Fungi","Arthrodermataceae","MycoBank",1.25
"F_GRYGN_CYST","Gryganskiella cystojenkinii","species","accepted","Fungi","Mortierellaceae","MycoBank",1.25
"F_GRYGN_FMBR","Gryganskiella fimbricystis","species","accepted","Fungi","Mortierellaceae","MycoBank",1.25
"F_GGNRD_MRBL","Guignardia miribelii","species","accepted","Fungi","Phyllostictaceae","MycoBank",1.25
"F_GYMNSC_DNKL","Gymnascella dankaliensis","species","accepted","Fungi","Gymnoascaceae","MycoBank",1.25
"F_HGLRZ_CHRL","Haglerozyma chiarellii","species","accepted","Fungi","Trichosporonaceae","MycoBank",1.25
"A_HLRCL_BRVS","Haloarcula brevis","species","accepted","Archaea","Haloarculaceae","LPSN",1.25
"A_HLRCL_MNTN","Haloarcula montana","species","accepted","Archaea","Haloarculaceae","LPSN",1.25
"A_HLRCL_ONBN","Haloarcula onubensis","species","accepted","Archaea","Haloarculaceae","LPSN",1.25
"A_HLRCL_RGLR","Haloarcula regularis","species","accepted","Archaea","Haloarculaceae","LPSN",1.25
"A_HLRCL_SLTR","Haloarcula saliterrae","species","accepted","Archaea","Haloarculaceae","LPSN",1.25
"A_HLRCL_SDMN","Haloarcula sediminis","species","accepted","Archaea","Haloarculaceae","LPSN",1.25
"A_HLBCT_YNCH","Halobacterium yunchengense","species","accepted","Archaea","Halobacteriaceae","LPSN",1.25
"F_HAMMT_LGNP","Hamamotoa lignophila","species","accepted","Fungi","Chrysozymaceae","MycoBank",1.25
"F_HAMMT_SNGL","Hamamotoa singularis","species","accepted","Fungi","Chrysozymaceae","MycoBank",1.25
"F_HAMGR_AVLL","Hamigera avellanea","species","accepted","Fungi","Aspergillaceae","MycoBank",1.25
"F_HAMGR_BRVC","Hamigera brevicompacta","species","accepted","Fungi","Aspergillaceae","MycoBank",1.25
"F_HAMGR_INGL","Hamigera ingelheimensis","species","accepted","Fungi","Aspergillaceae","MycoBank",1.25
"F_HNNLL_LUTL","Hannaella luteola","species","accepted","Fungi","Bulleribasidiaceae","MycoBank",1.25
"F_HNNLL_SRGN","Hannaella surugaensis","species","accepted","Fungi","Bulleribasidiaceae","MycoBank",1.25
"F_HNNLL_TWNN","Hannaella taiwanensis","species","accepted","Fungi","Bulleribasidiaceae","MycoBank",1.25
"F_HNNLL_ZEAE","Hannaella zeae","species","accepted","Fungi","Bulleribasidiaceae","MycoBank",1.25
"F_HNSNS_GLLR","Hanseniaspora guilliermondii","species","accepted","Fungi","Saccharomycodaceae","GBIF",1.25
"F_HNSNS_LNDN","Hanseniaspora lindneri","species","accepted","Fungi","Saccharomycodaceae","GBIF",1.25
"F_HNSNS_OCCD","Hanseniaspora occidentalis","species","accepted","Fungi","Saccharomycodaceae","GBIF",1.25
"F_HNSNS_OSMP","Hanseniaspora osmophila","species","accepted","Fungi","Saccharomycodaceae","GBIF",1.25
"F_HNSNS_UVRM","Hanseniaspora uvarum","species","accepted","Fungi","Saccharomycodaceae","GBIF",1.25
"F_HNSNS_VLBY","Hanseniaspora valbyensis","species","accepted","Fungi","Saccharomycodaceae","GBIF",1.25
"F_HNSNS_VINE","Hanseniaspora vineae","species","accepted","Fungi","Saccharomycodaceae","GBIF",1.25
"F_HNSNL_ALCL","Hansenula alcolica","species","synonym","Fungi","Saccharomycetaceae","GBIF",1.25
"F_HNSNL_OCTS","Hansenula octospora","species","synonym","Fungi","Saccharomycetaceae","GBIF",1.25
"F_HNSFRD_CNSC","Hansfordia canescens","species","accepted","Fungi","Xylariaceae","GBIF",1.25
"F_HNSFRD_TRMF","Hansfordia triumfettae","species","accepted","Fungi","Xylariaceae","MycoBank",1.25
"F_HPLGR_CHRT","Haplographium chartarum","species","accepted","Fungi","Hyaloscyphaceae","MycoBank",1.25
"F_HPLGR_FNTM","Haplographium finitimum","species","accepted","Fungi","Hyaloscyphaceae","GBIF",1.25
"F_HPLGR_FSCP","Haplographium fuscipes","species","accepted","Fungi","Hyaloscyphaceae","GBIF",1.25
"F_HPLGR_TNSS","Haplographium tenuissimum","species","accepted","Fungi","Hyaloscyphaceae","MycoBank",1.25
"F_HPLTR_ALBD","Haplotrichum albidum","species","accepted","Fungi","Botryobasidiaceae","MycoBank",1.25
"F_HPLTR_CNSP","Haplotrichum conspersum","species","accepted","Fungi","Botryobasidiaceae","MycoBank",1.25
"F_HPLTR_CRCM","Haplotrichum croceum","species","accepted","Fungi","Botryobasidiaceae","MycoBank",1.25
"F_HPSDS_CHRY","Hapsidospora chrysogena","species","accepted","Fungi","Cephalothecaceae","MycoBank",1.25
"F_HPSDS_CURV","Hapsidospora curva","species","accepted","Fungi","Cephalothecaceae","MycoBank",1.25
"F_HPSDS_FLAV","Hapsidospora flava","species","accepted","Fungi","Cephalothecaceae","MycoBank",1.25
"F_HPTSP_ENDP","Haptospora endoparasitica","species","accepted","Fungi","","MycoBank",1.25
"F_HPTSP_TRBR","Haptospora tribrachispora","species","accepted","Fungi","","MycoBank",1.25
"F_HASGW_JPNC","Hasegawaea japonica","species","accepted","Fungi","Schizosaccharomycetaceae","GBIF",1.25
"F_HSGWZ_LCTS","Hasegawazyma lactosa","species","accepted","Fungi","","MycoBank",1.25
"F_HWKSWR_LGNV","Hawksworthiomyces lignivorus","species","accepted","Fungi","Ophiostomataceae","MycoBank",1.25
"F_HLNZY_MLBS","Helenozyma melibiosica","species","accepted","Fungi","Metschnikowiaceae","MycoBank",1.25
"F_HLNZY_RHZP","Helenozyma rhizophorensis","species","accepted","Fungi","Metschnikowiaceae","MycoBank",1.25
"F_HELHN_RHMN","Helhonia rhamnigena","species","accepted","Fungi","","MycoBank",1.25
"F_HLCST_ELGN","Helicostylum elegans","species","accepted","Fungi","Thamnidiaceae","GBIF",1.25
"F_HLCST_PLCH","Helicostylum pulchrum","species","accepted","Fungi","Thamnidiaceae","MycoBank",1.25
"F_HLCST_SCCR","Helicostylum saccardoi","species","accepted","Fungi","Thamnidiaceae","MycoBank",1.25
"F_HLMNT_SNGN","Helminthosphaeria sanguinolenta","species","accepted","Fungi","Helminthosphaeriaceae","GBIF",1.25
"F_HLMNTH_ERGR","Helminthosporium eragrostidis","species","accepted","Fungi","Massarinaceae","MycoBank",1.25
"F_HLMNTH_GSSY","Helminthosporium gossypii","species","accepted","Fungi","Massarinaceae","MycoBank",1.25
"F_HLMNTH_MDCR","Helminthosporium mediocre","species","accepted","Fungi","Massarinaceae","MycoBank",1.25
"F_HLMNTH_OLYR","Helminthosporium olyrae","species","accepted","Fungi","Massarinaceae","MycoBank",1.25
"F_HLMNTH_SLCL","Helminthosporium siliculosum","species","accepted","Fungi","Massarinaceae","MycoBank",1.25
"F_HLMNTH_SOLN","Helminthosporium solani","species","accepted","Fungi","Massarinaceae","GBIF",1.25
"F_HLMNTH_SBLT","Helminthosporium subulatum","species","accepted","Fungi","Massarinaceae","MycoBank",1.25
"F_HLMNTH_TOMT","Helminthosporium tomato","species","accepted","Fungi","Massarinaceae","MycoBank",1.25
"F_HLSTR_BCRM","Helostroma bacarum","species","accepted","Fungi","Microstromataceae","MycoBank",1.25
"F_HELTM_BMBS","Helotium bambusae","species","accepted","Fungi","Helotiaceae","MycoBank",1.25
"F_HMCYP_TRGM","Hemicyphe trigemina","species","accepted","Fungi","","MycoBank",1.25
"F_HEMSPR_CRMF","Hemispora coremiiformis","species","synonym","Fungi","Wallemiaceae","MycoBank",1.25
"F_HEMSPR_PRRG","Hemispora pararugosa","species","accepted","Fungi","Wallemiaceae","MycoBank",1.25
"F_HEMSPR_RUGS","Hemispora rugosa","species","synonym","Fungi","Wallemiaceae","MycoBank",1.25
"F_HEMSPR_STLL","Hemispora stellata","species","synonym","Fungi","Wallemiaceae","MycoBank",1.25
"F_HNDRSN_CRTG","Hendersonia crataegi","species","accepted","Fungi","Phaeosphaeriaceae","MycoBank",1.25
"F_HNDRSN_FRCT","Hendersonia fructigena","species","accepted","Fungi","Phaeosphaeriaceae","MycoBank",1.25
"F_HNDRSN_SYMP","Hendersonia symploci","species","accepted","Fungi","Phaeosphaeriaceae","MycoBank",1.25
"F_HNDRSN_TREV","Hendersonia trevoae","species","accepted","Fungi","Phaeosphaeriaceae","MycoBank",1.25
"F_HSNPSS_THLB","Hendersoniopsis thelebola","species","accepted","Fungi","","MycoBank",1.25
"F_HNNNG_BLTT","Henningerozyma blattae","species","accepted","Fungi","Saccharomycetaceae","MycoBank",1.25
"F_HRMNZ_UBTB","Hermanozyma ubatubensis","species","accepted","Fungi","Metschnikowiaceae","MycoBank",1.25
"F_HTRBS_ANNS","Heterobasidion annosum","species","accepted","Fungi","Bondarzewiaceae","MycoBank",1.25
"F_HTRCP_ARRB","Heterocephalacria arrabidensis","species","accepted","Fungi","Filobasidiaceae","MycoBank",1.25
"F_HTRPH_PNFL","Heterophaeomoniella pinifoliorum","species","accepted","Fungi","","MycoBank",1.25
"F_HPHMA_ADND","Heterophoma adonidis","species","accepted","Fungi","Didymellaceae","GBIF",1.25
"F_HPHMA_NBLS","Heterophoma nobilis","species","accepted","Fungi","Didymellaceae","MycoBank",1.25
"F_HPHMA_PLNS","Heterophoma poolensis","species","accepted","Fungi","Didymellaceae","MycoBank",1.25
"F_HPHMA_SYLV","Heterophoma sylvatica","species","accepted","Fungi","Didymellaceae","MycoBank",1.25
"F_HPHMA_VRBD","Heterophoma verbasci-densiflori","species","accepted","Fungi","Didymellaceae","GBIF",1.25
"AN_HTRPH_YKGW","Heterophyes yokogawai","species","synonym","Animalia","Heterophyidae","GBIF",1.25
"F_HRCLA_CHNP","Heterosporicola chenopodii","species","accepted","Fungi","Leptosphaeriaceae","GBIF",1.25
"F_HRCLA_DMRP","Heterosporicola dimorphospora","species","accepted","Fungi","Leptosphaeriaceae","MycoBank",1.25
"F_HRSPRM_ARCL","Heterosporium auriculae","species","accepted","Fungi","Davidiellaceae","MycoBank",1.25
"F_HRSPRM_PHLE","Heterosporium phlei","species","accepted","Fungi","Davidiellaceae","MycoBank",1.25
"F_HRSPRM_TRPL","Heterosporium tropaeoli","species","accepted","Fungi","Davidiellaceae","MycoBank",1.25
"F_HTRTL_PLLF","Heterotolyposporium piluliforme","species","accepted","Fungi","Anthracoideaceae","MycoBank",1.25
"F_HIMNT_NTNS","Himantia nitens","species","accepted","Fungi","Physalacriaceae","MycoBank",1.25
"F_HIRNL_NBLS","Hirneola nobilis","species","accepted","Fungi","Auriculariaceae","MycoBank",1.25
"F_HIRNL_PLLC","Hirneola pellucida","species","accepted","Fungi","Auriculariaceae","MycoBank",1.25
"F_HRSTL_KRCH","Hirsutella kirchneri","species","accepted","Fungi","Ophiocordycipitaceae","MycoBank",1.25
"F_HOLWY_MUCD","Holwaya mucida","species","accepted","Fungi","Holwayaceae","MycoBank",1.25
"F_HRMDN_CHLR","Hormodendrum chlorinum","species","accepted","Fungi","Davidiellaceae","MycoBank",1.25
"F_HRMDN_OLVC","Hormodendrum olivaceum","species","accepted","Fungi","Davidiellaceae","MycoBank",1.25
"F_HRMDN_VIRD","Hormodendrum viride","species","accepted","Fungi","Davidiellaceae","MycoBank",1.25
"F_HUZYM_NGNS","Huiozyma naganishii","species","accepted","Fungi","Saccharomycetaceae","MycoBank",1.25
"F_HUZYM_SNNS","Huiozyma sinensis","species","accepted","Fungi","Saccharomycetaceae","MycoBank",1.25
"F_HUMCL_AMPL","Humicola ampulliella","species","accepted","Fungi","Chaetomiaceae","MycoBank",1.25
"F_HUMCL_CYBN","Humicola cuyabenoensis","species","accepted","Fungi","Chaetomiaceae","MycoBank",1.25
"F_HUMCL_DSTR","Humicola distorta","species","accepted","Fungi","Chaetomiaceae","MycoBank",1.25
"F_HUMCL_FLRF","Humicola floriformis","species","accepted","Fungi","Chaetomiaceae","MycoBank",1.25
"F_HUMCL_HMPL","Humicola homopilata","species","accepted","Fungi","Chaetomiaceae","MycoBank",1.25
"F_HUMCL_MLYS","Humicola malaysiensis","species","accepted","Fungi","Chaetomiaceae","MycoBank",1.25
"F_HUMCL_PNNT","Humicola pinnata","species","accepted","Fungi","Chaetomiaceae","MycoBank",1.25
"F_HUMCL_SMND","Humicola seminuda","species","accepted","Fungi","Chaetomiaceae","MycoBank",1.25
"F_HUMCL_SPHR","Humicola sphaeralis","species","accepted","Fungi","Chaetomiaceae","MycoBank",1.25
"F_HUMCL_UDGW","Humicola udagawae","species","accepted","Fungi","Chaetomiaceae","GBIF",1.25
"F_HUMCL_WLLF","Humicola wallefii","species","accepted","Fungi","Chaetomiaceae","MycoBank",1.25
"F_HYLCY_ROSE","Hyalocylindrophora rosea","species","accepted","Fungi","Chaetosphaeriaceae","MycoBank",1.25
"F_HYLSC_FNLN","Hyaloscypha finlandica","species","accepted","Fungi","Hyaloscyphaceae","MycoBank",1.25
"F_HYLSC_HPTC","Hyaloscypha hepaticicola","species","accepted","Fungi","Hyaloscyphaceae","MycoBank",1.25
"F_HYDRPH_ALBA","Hydrophora alba","species","accepted","Fungi","Mucoraceae","MycoBank",1.25
"F_HYDRPH_BRSA","Hydrophora brassicae-acidae","species","accepted","Fungi","Mucoraceae","MycoBank",1.25
"F_HYDRPH_CHLR","Hydrophora chlorospora","species","accepted","Fungi","Mucoraceae","MycoBank",1.25
"F_HYDRPH_EQUN","Hydrophora equina","species","synonym","Fungi","Mucoraceae","MycoBank",1.25
"F_HYDRPH_FMBR","Hydrophora fimbria","species","synonym","Fungi","Mucoraceae","MycoBank",1.25
"F_HYDRPH_FMTR","Hydrophora fimetaria","species","synonym","Fungi","Mucoraceae","MycoBank",1.25
"F_HYDRPH_FSCH","Hydrophora fischeri","species","accepted","Fungi","Mucoraceae","MycoBank",1.25
"F_HYDRPH_FNGC","Hydrophora fungicola","species","synonym","Fungi","Mucoraceae","MycoBank",1.25
"F_HYDRPH_HYLN","Hydrophora hyalina","species","synonym","Fungi","Mucoraceae","MycoBank",1.25
"F_HYDRPH_JGLN","Hydrophora juglandis","species","accepted","Fungi","Mucoraceae","MycoBank",1.25
"F_HYDRPH_MINM","Hydrophora minima","species","accepted","Fungi","Mucoraceae","MycoBank",1.25
"F_HYDRPH_MCRD","Hydrophora mucerdae","species","synonym","Fungi","Mucoraceae","MycoBank",1.25
"F_HYDRPH_MURN","Hydrophora murina","species","synonym","Fungi","Mucoraceae","MycoBank",1.25
"F_HYDRPH_SPTT","Hydrophora septata","species","accepted","Fungi","Mucoraceae","MycoBank",1.25
"F_HYDRPH_STRC","Hydrophora stercorea","species","synonym","Fungi","Mucoraceae","MycoBank",1.25
"F_HYDRPH_TNLL","Hydrophora tenella","species","accepted","Fungi","Mucoraceae","MycoBank",1.25
"F_HYDRPH_TNRR","Hydrophora tenerrima","species","accepted","Fungi","Mucoraceae","MycoBank",1.25
"F_HYDRPH_UMBL","Hydrophora umbellata","species","accepted","Fungi","Mucoraceae","MycoBank",1.25
"F_HYDRPH_VXNS","Hydrophora vexans","species","accepted","Fungi","Mucoraceae","MycoBank",1.25
"F_HPHRA_CYTH","Hydropisphaera cyatheae","species","accepted","Fungi","Bionectriaceae","MycoBank",1.25
"F_HPHRA_DLCH","Hydropisphaera dolichospora","species","accepted","Fungi","Bionectriaceae","MycoBank",1.25
"F_HPHRA_ERBS","Hydropisphaera erubescens","species","accepted","Fungi","Bionectriaceae","MycoBank",1.25
"F_HPHRA_GGNT","Hydropisphaera gigantea","species","accepted","Fungi","Bionectriaceae","MycoBank",1.25
"F_HPHRA_HMTT","Hydropisphaera haematites","species","accepted","Fungi","Bionectriaceae","MycoBank",1.25
"F_HPHRA_HYPX","Hydropisphaera hypoxantha","species","accepted","Fungi","Bionectriaceae","MycoBank",1.25
"F_HPHRA_LCTR","Hydropisphaera leucotricha","species","accepted","Fungi","Bionectriaceae","MycoBank",1.25
"F_HPHRA_MCRR","Hydropisphaera macrarenula","species","accepted","Fungi","Bionectriaceae","MycoBank",1.25
"F_HPHRA_NYMN","Hydropisphaera nymaniana","species","accepted","Fungi","Bionectriaceae","MycoBank",1.25
"F_HPHRA_PCHY","Hydropisphaera pachyderma","species","accepted","Fungi","Bionectriaceae","MycoBank",1.25
"F_HPHRA_PEZZ","Hydropisphaera peziza","species","accepted","Fungi","Bionectriaceae","MycoBank",1.25
"F_HPHRA_RFFS","Hydropisphaera rufofusca","species","accepted","Fungi","Bionectriaceae","MycoBank",1.25
"F_HPHRA_SFFL","Hydropisphaera suffulta","species","accepted","Fungi","Bionectriaceae","MycoBank",1.25
"F_HYMNL_AURE","Hymenella aurea","species","accepted","Fungi","","MycoBank",1.25
"F_HYMNL_SPRM","Hymenella spermogoniopsis","species","accepted","Fungi","","MycoBank",1.25
"F_HYMNB_APOR","Hymenobia aporea","species","accepted","Fungi","","GBIF",1.25
"F_HYMNB_INSD","Hymenobia insidiosa","species","accepted","Fungi","","MycoBank",1.25
"AN_HYMNL_ACKR","Hymenolepis ackerti","species","accepted","Animalia","Hymenolepididae","GBIF",1.25
"AN_HYMNL_ANTN","Hymenolepis anatina","species","accepted","Animalia","Hymenolepididae","GBIF",1.25
"AN_HYMNL_CMRN","Hymenolepis cameroni","species","accepted","Animalia","Hymenolepididae","GBIF",1.25
"AN_HYMNL_CRCC","Hymenolepis crecca","species","accepted","Animalia","Hymenolepididae","GBIF",1.25
"AN_HYMNL_CRPL","Hymenolepis creplini","species","accepted","Animalia","Hymenolepididae","GBIF",1.25
"AN_HYMNL_FONA","Hymenolepis fona","species","accepted","Animalia","Hymenolepididae","GBIF",1.25
"AN_HYMNL_FOVT","Hymenolepis foveata","species","accepted","Animalia","Hymenolepididae","GBIF",1.25
"AN_HYMNL_FUSA","Hymenolepis fusa","species","synonym","Animalia","Hymenolepididae","GBIF",1.25
"AN_HYMNL_FUSS","Hymenolepis fusus","species","accepted","Animalia","Hymenolepididae","GBIF",1.25
"AN_HYMNL_GDLP","Hymenolepis guadeloupensis","species","accepted","Animalia","Hymenolepididae","GBIF",1.25
"AN_HYMNL_HMSG","Hymenolepis hamasigi","species","accepted","Animalia","Hymenolepididae","GBIF",1.25
"AN_HYMNL_JPNC","Hymenolepis japonica","species","accepted","Animalia","Hymenolepididae","GBIF",1.25
"AN_HYMNL_KEMP","Hymenolepis kempi","species","accepted","Animalia","Hymenolepididae","GBIF",1.25
"AN_HYMNL_LALI","Hymenolepis lali","species","accepted","Animalia","Hymenolepididae","GBIF",1.25
"AN_HYMNL_LNCL","Hymenolepis lanceolata","species","accepted","Animalia","Hymenolepididae","GBIF",1.25
"AN_HYMNL_LARI","Hymenolepis lari","species","accepted","Animalia","Hymenolepididae","GBIF",1.25
"AN_HYMNL_LNGC","Hymenolepis longocylindrocirrus","species","accepted","Animalia","Hymenolepididae","GBIF",1.25
"AN_HYMNL_PHLA","Hymenolepis macrocephala","species","accepted","Animalia","Hymenolepididae","GBIF",1.25
"AN_HYMNL_MERG","Hymenolepis mergi","species","accepted","Animalia","Hymenolepididae","GBIF",1.25
"AN_HYMNL_MINT","Hymenolepis minuta","species","accepted","Animalia","Hymenolepididae","GBIF",1.25
"AN_HYMNL_MYOX","Hymenolepis myoxi","species","accepted","Animalia","Hymenolepididae","GBIF",1.25
"AN_HYMNL_NANA","Hymenolepis nana","species","accepted","Animalia","Hymenolepididae","GBIF",1.25
"AN_HYMNL_PHLC","Hymenolepis phalacrocorax","species","accepted","Animalia","Hymenolepididae","GBIF",1.25
"AN_HYMNL_PRZN","Hymenolepis porzana","species","accepted","Animalia","Hymenolepididae","GBIF",1.25
"AN_HYMNL_PSDF","Hymenolepis pseudofusa","species","synonym","Animalia","Hymenolepididae","GBIF",1.25
"AN_HYMNL_SMYT","Hymenolepis smythi","species","accepted","Animalia","Hymenolepididae","GBIF",1.25
"AN_HYMNL_TNRS","Hymenolepis tenuirostris","species","accepted","Animalia","Hymenolepididae","GBIF",1.25
"AN_HYMNL_TRCH","Hymenolepis trichorhynchus","species","accepted","Animalia","Hymenolepididae","GBIF",1.25
"AN_HYMNL_VLLS","Hymenolepis villosa","species","accepted","Animalia","Hymenolepididae","GBIF",1.25
"F_HMNLA_RBLL","Hymenula rubella","species","accepted","Fungi","","MycoBank",1.25
"F_HYPHEL_BMBY","Hyphelia bombycina","species","accepted","Fungi","","MycoBank",1.25
"F_HDSCS_BRCH","Hyphodiscus brachyconius","species","accepted","Fungi","Hyphodiscaceae","MycoBank",1.25
"F_HDSCS_BRVC","Hyphodiscus brevicollaris","species","accepted","Fungi","Hyphodiscaceae","MycoBank",1.25
"F_HYPHM_ASSM","Hyphomucor assamensis","species","accepted","Fungi","Mucoraceae","MycoBank",1.25
"F_HYPOCN_ALBF","Hypocenia albifructa","species","accepted","Fungi","Godroniaceae","GBIF",1.25
"F_HYPCP_CPLL","Hypocopra capillifera","species","accepted","Fungi","Xylariaceae","MycoBank",1.25
"F_HYPCR_APCL","Hypocrea apiculata","species","accepted","Fungi","Hypocreaceae","MycoBank",1.25
"F_HYPCR_CRRG","Hypocrea corrugata","species","accepted","Fungi","Hypocreaceae","MycoBank",1.25
"F_HYPCR_CRSS","Hypocrea crassa","species","accepted","Fungi","Hypocreaceae","MycoBank",1.25
"F_HYPCR_DANC","Hypocrea danica","species","accepted","Fungi","Hypocreaceae","MycoBank",1.25
"F_HYPCR_HSPN","Hypocrea hispanica","species","accepted","Fungi","Hypocreaceae","MycoBank",1.25
"F_HYPCR_LTZN","Hypocrea latizonata","species","accepted","Fungi","Hypocreaceae","MycoBank",1.25
"F_HYPCR_MGLC","Hypocrea megalocitrina","species","accepted","Fungi","Hypocreaceae","MycoBank",1.25
"F_HYPCR_MCRC","Hypocrea microcitrina","species","accepted","Fungi","Hypocreaceae","MycoBank",1.25
"F_HYPCR_NERF","Hypocrea neorufa","species","accepted","Fungi","Hypocreaceae","MycoBank",1.25
"F_HYPCR_NYBR","Hypocrea nybergiana","species","accepted","Fungi","Hypocreaceae","MycoBank",1.25
"F_HYPCR_OCHR","Hypocrea ochroleuca","species","accepted","Fungi","Hypocreaceae","MycoBank",1.25
"F_HYPCR_ORNT","Hypocrea orientalis","species","accepted","Fungi","Hypocreaceae","MycoBank",1.25
"F_HYPCR_PTLL","Hypocrea patella","species","accepted","Fungi","Hypocreaceae","MycoBank",1.25
"F_HYPCR_PLTT","Hypocrea peltata","species","accepted","Fungi","Hypocreaceae","MycoBank",1.25
"F_HYPCR_PRTP","Hypocrea protopulvinata","species","accepted","Fungi","Hypocreaceae","MycoBank",1.25
"F_HYPCR_RHDD","Hypocrea rhododendri","species","accepted","Fungi","Hypocreaceae","MycoBank",1.25
"F_HYPCR_RDMN","Hypocrea rodmanii","species","accepted","Fungi","Hypocreaceae","MycoBank",1.25
"F_HYPCR_SMBC","Hypocrea sambuci","species","accepted","Fungi","Hypocreaceae","MycoBank",1.25
"F_HYPCR_SMRB","Hypocrea semiorbis","species","accepted","Fungi","Hypocreaceae","MycoBank",1.25
"F_HYPCR_SPNL","Hypocrea spinulosa","species","accepted","Fungi","Hypocreaceae","MycoBank",1.25
"F_HYPCR_SLWS","Hypocrea sulawesensis","species","accepted","Fungi","Hypocreaceae","MycoBank",1.25
"F_HYPCR_SLPH","Hypocrea sulphurea","species","accepted","Fungi","Hypocreaceae","MycoBank",1.25
"F_HYPCR_TMNT","Hypocrea tomentosa","species","accepted","Fungi","Hypocreaceae","MycoBank",1.25
"F_HYPCR_VRSC","Hypocrea virescentiflava","species","accepted","Fungi","Hypocreaceae","MycoBank",1.25
"F_HRLLA_VILS","Hypocrella vilis","species","accepted","Fungi","Clavicipitaceae","MycoBank",1.25
"F_HYPCRP_MRFR","Hypocreopsis moriformis","species","accepted","Fungi","Hypocreaceae","MycoBank",1.25
"F_HYPDR_HEDR","Hypoderma hederae","species","accepted","Fungi","Rhytismataceae","GBIF",1.25
"F_HYPMY_LBDS","Hypomyces australbidus","species","accepted","Fungi","Hypocreaceae","GBIF",1.25
"F_HYPMY_CHNG","Hypomyces chiangraiensis","species","accepted","Fungi","Hypocreaceae","MycoBank",1.25
"F_HYPMY_MLTS","Hypomyces multiseptatus","species","accepted","Fungi","Hypocreaceae","MycoBank",1.25
"F_HYPMY_NVVR","Hypomyces novovarius","species","accepted","Fungi","Hypocreaceae","MycoBank",1.25
"F_HYPMY_PRVR","Hypomyces paravirescens","species","accepted","Fungi","Hypocreaceae","MycoBank",1.25
"F_HYPMY_PHYS","Hypomyces physisporicola","species","accepted","Fungi","Hypocreaceae","GBIF",1.25
"F_HYPMY_PRTRS","Hypomyces protrusus","species","accepted","Fungi","Hypocreaceae","MycoBank",1.25
"F_HYPMY_VRTC","Hypomyces verticillatus","species","accepted","Fungi","Hypocreaceae","MycoBank",1.25
"F_HYPNC_BUXI","Hyponectria buxi","species","accepted","Fungi","Hyponectriaceae","GBIF",1.25
"F_HYPNC_JCND","Hyponectria jucunda","species","accepted","Fungi","Hyponectriaceae","GBIF",1.25
"F_HYPSP_BRNL","Hypospila brunellae","species","accepted","Fungi","","MycoBank",1.25
"F_HPLNA_PSTL","Hypospilina pustula","species","accepted","Fungi","Valsaceae","MycoBank",1.25
"F_HYPXY_FRGF","Hypoxylon fragiforme","species","accepted","Fungi","Hypoxylaceae","MycoBank",1.25
"F_HYPXY_TRMN","Hypoxylon terminale","species","accepted","Fungi","Hypoxylaceae","MycoBank",1.25
"AN_HYSTR_ANGL","Hysterothylacium anguillae","species","accepted","Animalia","Raphidascarididae","GBIF",1.25
"AN_HYSTR_GNSH","Hysterothylacium ganeshi","species","accepted","Animalia","Raphidascarididae","GBIF",1.25
"AN_HYSTR_HNNN","Hysterothylacium hainanense","species","accepted","Animalia","Raphidascarididae","GBIF",1.25
"AN_HYSTR_JAPNC","Hysterothylacium japonica","species","accepted","Animalia","Raphidascarididae","GBIF",1.25
"AN_HYSTR_KRNN","Hysterothylacium karanensis","species","accepted","Animalia","Raphidascarididae","GBIF",1.25
"AN_HYSTR_MLLC","Hysterothylacium malleocaudatum","species","accepted","Animalia","Raphidascarididae","GBIF",1.25
"AN_HYSTR_MRNM","Hysterothylacium marinum","species","synonym","Animalia","Raphidascarididae","GBIF",1.25
"AN_HYSTR_MRNS","Hysterothylacium muraenesoxin","species","synonym","Animalia","Raphidascarididae","GBIF",1.25
"AN_HYSTR_NCRN","Hysterothylacium neocornuta","species","accepted","Animalia","Raphidascarididae","GBIF",1.25
"AN_HYSTR_RNTM","Hysterothylacium neocornutum","species","synonym","Animalia","Raphidascarididae","GBIF",1.25
"AN_HYSTR_SRRN","Hysterothylacium serrani","species","accepted","Animalia","Raphidascarididae","GBIF",1.25
"AN_HYSTR_SHMM","Hysterothylacium shamimi","species","accepted","Animalia","Raphidascarididae","GBIF",1.25
"AN_HYSTR_VIND","Hysterothylacium vinodae","species","accepted","Animalia","Raphidascarididae","GBIF",1.25
"F_IDRILL_BRMP","Idriella brumptii","species","accepted","Fungi","Microdochiaceae","MycoBank",1.25
"F_IJUHY_CHLN","Ijuhya chilensis","species","accepted","Fungi","Ijuhyaceae","MycoBank",1.25
"F_IJUHY_CRYN","Ijuhya corynospora","species","accepted","Fungi","Ijuhyaceae","MycoBank",1.25
"F_IJUHY_DCTY","Ijuhya dictyospora","species","accepted","Fungi","Ijuhyaceae","MycoBank",1.25
"F_IJUHY_PRLS","Ijuhya parilis","species","accepted","Fungi","Ijuhyaceae","MycoBank",1.25
"F_IJUHY_PRST","Ijuhya peristomialis","species","accepted","Fungi","Ijuhyaceae","MycoBank",1.25
"F_ILYNC_CPRS","Ilyonectria coprosmae","species","accepted","Fungi","Nectriaceae","MycoBank",1.25
"F_ILYNC_DSTR","Ilyonectria destructans","species","accepted","Fungi","Nectriaceae","MycoBank",1.25
"F_INPRT_DCCN","Inapertisporites deccanii","species","accepted","Fungi","","MycoBank",1.25
"F_INDLL_MNSN","Indiella mansoni","species","accepted","Fungi","","MycoBank",1.25
"F_INDLL_RYNR","Indiella reynieri","species","accepted","Fungi","","MycoBank",1.25
"F_INFRF_MCRP","Infrafungus micropus","species","accepted","Fungi","","MycoBank",1.25
"F_INPNT_LCTS","Inopinatum lactosum","species","accepted","Fungi","Thelebolaceae","MycoBank",1.25
"F_ISBLZ_GOTO","Isabelozyma gotoi","species","accepted","Fungi","Metschnikowiaceae","MycoBank",1.25
"F_ISBLZ_HEIM","Isabelozyma heimii","species","accepted","Fungi","Metschnikowiaceae","MycoBank",1.25
"F_ISBLZ_PSDR","Isabelozyma pseudorhagii","species","accepted","Fungi","Metschnikowiaceae","MycoBank",1.25
"F_ISARI_ALBZ","Isaria albiziae","species","accepted","Fungi","Cordycipitaceae","MycoBank",1.25
"F_ISARI_CICD","Isaria cicadae","species","accepted","Fungi","Cordycipitaceae","MycoBank",1.25
"F_ISARI_OCHR","Isaria ochracea","species","accepted","Fungi","Cordycipitaceae","MycoBank",1.25
"F_ISARI_STNB","Isaria stenobothri","species","accepted","Fungi","Cordycipitaceae","MycoBank",1.25
"F_ISARI_TKMZ","Isaria takamizusanensis","species","accepted","Fungi","Cordycipitaceae","MycoBank",1.25
"F_ISARI_XYLR","Isaria xylariiformis","species","accepted","Fungi","Cordycipitaceae","MycoBank",1.25
"F_ISSTC_ORNT","Issatchenkia orientalis","species","synonym","Fungi","Saccharomycetaceae","MycoBank",1.25
"F_JMSDC_BRNK","Jamesdicksonia brunkii","species","accepted","Fungi","Georgefischeriaceae","MycoBank",1.25
"F_JMSDC_ELCH","Jamesdicksonia eleocharidis","species","accepted","Fungi","Georgefischeriaceae","GBIF",1.25
"F_JMSDC_LNRS","Jamesdicksonia linearis","species","accepted","Fungi","Georgefischeriaceae","MycoBank",1.25
"F_JMSZY_GMSP","Jamesozyma gamospora","species","accepted","Fungi","Saccharomycetaceae","MycoBank",1.25
"F_JMSZY_HLLN","Jamesozyma hellenica","species","accepted","Fungi","Saccharomycetaceae","MycoBank",1.25
"F_JMSZY_JNGH","Jamesozyma jinghongensis","species","accepted","Fungi","Saccharomycetaceae","MycoBank",1.25
"F_JMSZY_LDDR","Jamesozyma lodderae","species","accepted","Fungi","Saccharomycetaceae","MycoBank",1.25
"F_JMSZY_PICE","Jamesozyma piceae","species","accepted","Fungi","Saccharomycetaceae","MycoBank",1.25
"F_JMSZY_ZONT","Jamesozyma zonata","species","accepted","Fungi","Saccharomycetaceae","MycoBank",1.25
"F_JHNLC_ABRR","Johnalcornia aberrans","species","accepted","Fungi","Pleosporaceae","MycoBank",1.25
"F_JXTPH_EPYR","Juxtiphoma eupyrena","species","accepted","Fungi","Didymellaceae","MycoBank",1.25
"F_KBTLL_CLVR","Kabatiella caulivora","species","accepted","Fungi","Saccotheciaceae","GBIF",1.25
"F_KBTLL_LINI","Kabatiella lini","species","accepted","Fungi","Saccotheciaceae","MycoBank",1.25
"F_KBTLL_MCRS","Kabatiella microsticta","species","accepted","Fungi","Saccotheciaceae","MycoBank",1.25
"F_KBTLL_RMDS","Kabatiella microstromoides","species","accepted","Fungi","Saccotheciaceae","GBIF",1.25
"F_KBTLL_NGRC","Kabatiella nigricans","species","accepted","Fungi","Saccotheciaceae","MycoBank",1.25
"F_KBTLL_ZEAE","Kabatiella zeae","species","accepted","Fungi","Saccotheciaceae","GBIF",1.25
"F_KLMNG_CMBN","Kalmanago combensis","species","accepted","Fungi","Microbotryaceae","MycoBank",1.25
"F_KLMNG_CMML","Kalmanago commelinae","species","accepted","Fungi","Microbotryaceae","MycoBank",1.25
"F_KLMNG_TNNT","Kalmanago tinantiae","species","accepted","Fungi","Microbotryaceae","MycoBank",1.25
"F_KLMNZ_FSFR","Kalmanozyma fusiformata","species","accepted","Fungi","Ustilaginaceae","MycoBank",1.25
"F_KZCHS_AERB","Kazachstania aerobia","species","synonym","Fungi","Saccharomycetaceae","MycoBank",1.25
"F_KZCHS_AFRC","Kazachstania africana","species","accepted","Fungi","Saccharomycetaceae","MycoBank",1.25
"F_KZCHS_AQTC","Kazachstania aquatica","species","synonym","Fungi","Saccharomycetaceae","MycoBank",1.25
"F_KZCHS_BRNT","Kazachstania barnettii","species","synonym","Fungi","Saccharomycetaceae","GBIF",1.25
"F_KZCHS_BOVN","Kazachstania bovina","species","synonym","Fungi","Saccharomycetaceae","MycoBank",1.25
"F_KZCHS_BOZA","Kazachstania bozae","species","synonym","Fungi","Saccharomycetaceae","MycoBank",1.25
"F_KZCHS_BRML","Kazachstania bromeliacearum","species","accepted","Fungi","Saccharomycetaceae","MycoBank",1.25
"F_KZCHS_BLDR","Kazachstania bulderi","species","synonym","Fungi","Saccharomycetaceae","MycoBank",1.25
"F_KZCHS_CHRY","Kazachstania chrysolinae","species","synonym","Fungi","Saccharomycetaceae","MycoBank",1.25
"F_KZCHS_EXIG","Kazachstania exigua","species","synonym","Fungi","Saccharomycetaceae","MycoBank",1.25
"F_KZCHS_GMSP","Kazachstania gamospora","species","synonym","Fungi","Saccharomycetaceae","MycoBank",1.25
"F_KZCHS_HLLN","Kazachstania hellenica","species","synonym","Fungi","Saccharomycetaceae","MycoBank",1.25
"F_KZCHS_HTRG","Kazachstania heterogenica","species","synonym","Fungi","Saccharomycetaceae","MycoBank",1.25
"F_KZCHS_HMTC","Kazachstania humatica","species","synonym","Fungi","Saccharomycetaceae","MycoBank",1.25
"F_KZCHS_HMLS","Kazachstania humilis","species","synonym","Fungi","Saccharomycetaceae","MycoBank",1.25
"F_KZCHS_ICHN","Kazachstania ichnusensis","species","synonym","Fungi","Saccharomycetaceae","MycoBank",1.25
"F_KZCHS_INTS","Kazachstania intestinalis","species","synonym","Fungi","Saccharomycetaceae","MycoBank",1.25
"F_KZCHS_JNCS","Kazachstania jiainicus","species","accepted","Fungi","Saccharomycetaceae","GBIF",1.25
"F_KZCHS_JNGH","Kazachstania jinghongensis","species","synonym","Fungi","Saccharomycetaceae","MycoBank",1.25
"F_KZCHS_KNSH","Kazachstania kunashirensis","species","accepted","Fungi","Saccharomycetaceae","MycoBank",1.25
"F_KZCHS_LDDR","Kazachstania lodderae","species","synonym","Fungi","Saccharomycetaceae","MycoBank",1.25
"F_KZCHS_MRTN","Kazachstania martiniae","species","accepted","Fungi","Saccharomycetaceae","MycoBank",1.25
"F_KZCHS_MNGL","Kazachstania menglunensis","species","synonym","Fungi","Saccharomycetaceae","MycoBank",1.25
"F_KZCHS_MLPS","Kazachstania molopis","species","accepted","Fungi","Saccharomycetaceae","MycoBank",1.25
"F_KZCHS_NGNS","Kazachstania naganishii","species","synonym","Fungi","Saccharomycetaceae","MycoBank",1.25
"F_KZCHS_PRGM","Kazachstania paragamospora","species","accepted","Fungi","Saccharomycetaceae","MycoBank",1.25
"F_KZCHS_PICE","Kazachstania piceae","species","synonym","Fungi","Saccharomycetaceae","MycoBank",1.25
"F_KZCHS_PNTL","Kazachstania pintolopesii","species","synonym","Fungi","Saccharomycetaceae","MycoBank",1.25
"F_KZCHS_PSDH","Kazachstania pseudohumilis","species","synonym","Fungi","Saccharomycetaceae","MycoBank",1.25
"F_KZCHS_PSYC","Kazachstania psychrophila","species","accepted","Fungi","Saccharomycetaceae","GBIF",1.25
"F_KZCHS_ROSN","Kazachstania rosinii","species","accepted","Fungi","Saccharomycetaceae","GBIF",1.25
"F_KZCHS_RPCL","Kazachstania rupicola","species","accepted","Fungi","Saccharomycetaceae","GBIF",1.25
"F_KZCHS_SLGN","Kazachstania saulgeensis","species","accepted","Fungi","Saccharomycetaceae","GBIF",1.25
"F_KZCHS_SRVZ","Kazachstania servazzii","species","synonym","Fungi","Saccharomycetaceae","MycoBank",1.25
"F_KZCHS_SMNS","Kazachstania siamensis","species","accepted","Fungi","Saccharomycetaceae","GBIF",1.25
"F_KZCHS_SNNS","Kazachstania sinensis","species","synonym","Fungi","Saccharomycetaceae","MycoBank",1.25
"F_KZCHS_SLFF","Kazachstania slooffiae","species","synonym","Fungi","Saccharomycetaceae","MycoBank",1.25
"F_KZCHS_SLCL","Kazachstania solicola","species","synonym","Fungi","Saccharomycetaceae","MycoBank",1.25
"F_KZCHS_SPNC","Kazachstania spencerorum","species","accepted","Fungi","Saccharomycetaceae","GBIF",1.25
"F_KZCHS_SRNN","Kazachstania surinensis","species","synonym","Fungi","Saccharomycetaceae","MycoBank",1.25
"F_KZCHS_TNNS","Kazachstania taianensis","species","accepted","Fungi","Saccharomycetaceae","MycoBank",1.25
"F_KZCHS_TLLR","Kazachstania telluris","species","synonym","Fungi","Saccharomycetaceae","MycoBank",1.25
"F_KZCHS_TRNS","Kazachstania transvaalensis","species","synonym","Fungi","Saccharomycetaceae","MycoBank",1.25
"F_KZCHS_TRCN","Kazachstania turicensis","species","synonym","Fungi","Saccharomycetaceae","MycoBank",1.25
"F_KZCHS_UNSP","Kazachstania unispora","species","synonym","Fungi","Saccharomycetaceae","MycoBank",1.25
"F_KZCHS_VTCL","Kazachstania viticola","species","accepted","Fungi","Saccharomycetaceae","MycoBank",1.25
"F_KZCHS_WFNG","Kazachstania wufongensis","species","accepted","Fungi","Saccharomycetaceae","GBIF",1.25
"F_KZCHS_YKSH","Kazachstania yakushimaensis","species","synonym","Fungi","Saccharomycetaceae","MycoBank",1.25
"F_KZCHS_YSNN","Kazachstania yasuniensis","species","synonym","Fungi","Saccharomycetaceae","MycoBank",1.25
"F_KZCHS_ZONT","Kazachstania zonata","species","synonym","Fungi","Saccharomycetaceae","MycoBank",1.25
"F_KTHMY_CRNS","Keithomyces carneus","species","accepted","Fungi","Clavicipitaceae","MycoBank",1.25
"F_KTHMY_ECHN","Keithomyces echinosporus","species","accepted","Fungi","Clavicipitaceae","MycoBank",1.25
"F_KNDRC_PHYC","Kendrickiella phycomyces","species","synonym","Fungi","","MycoBank",1.25
"F_KRTNP_ALVR","Keratinophyton alvearium","species","accepted","Fungi","Onygenaceae","GBIF",1.25
"F_KRTNP_CLVS","Keratinophyton clavisporum","species","accepted","Fungi","Onygenaceae","MycoBank",1.25
"F_KRTNP_ECHN","Keratinophyton echinulatum","species","accepted","Fungi","Onygenaceae","MycoBank",1.25
"F_KRTNP_EVLC","Keratinophyton evolceanui","species","accepted","Fungi","Onygenaceae","MycoBank",1.25
"F_KRTNP_FLVL","Keratinophyton fluviale","species","accepted","Fungi","Onygenaceae","MycoBank",1.25
"F_KRTNP_HBNS","Keratinophyton hubeiense","species","accepted","Fungi","Onygenaceae","MycoBank",1.25
"F_KRTNP_INDC","Keratinophyton indicum","species","accepted","Fungi","Onygenaceae","MycoBank",1.25
"F_KRTNP_LNFN","Keratinophyton linfenense","species","accepted","Fungi","Onygenaceae","MycoBank",1.25
"F_KRTNP_MNTS","Keratinophyton minutisporosum","species","accepted","Fungi","Onygenaceae","MycoBank",1.25
"F_KRTNP_QNGH","Keratinophyton qinghaiense","species","accepted","Fungi","Onygenaceae","MycoBank",1.25
"F_KRTNP_SGLR","Keratinophyton siglerae","species","accepted","Fungi","Onygenaceae","MycoBank",1.25
"F_KRTNP_SBMR","Keratinophyton submersum","species","accepted","Fungi","Onygenaceae","MycoBank",1.25
"F_KLCKR_BODN","Kloeckera boidinii","species","synonym","Fungi","Saccharomycodaceae","GBIF",1.25
"F_KLYVR_CLLB","Kluyveromyces cellobiovorus","species","synonym","Fungi","Saccharomycetaceae","GBIF",1.25
"F_KLYVR_PEND","Kluyveromyces penaeid","species","accepted","Fungi","Saccharomycetaceae","GBIF",1.25
"F_KLYVR_SHNN","Kluyveromyces shennongjiaensis","species","accepted","Fungi","Saccharomycetaceae","MycoBank",1.25
"F_KODAM_SCHN","Kodamaea schenbergiae","species","accepted","Fungi","Debaryomycetaceae","MycoBank",1.25
"F_KMGTL_PSTR","Komagataella pastoris","species","accepted","Fungi","Pichiaceae","MycoBank",1.25
"F_KMGTL_PSDP","Komagataella pseudopastoris","species","accepted","Fungi","Pichiaceae","MycoBank",1.25
"F_KONDO_MSCN","Kondoa miscanthi","species","accepted","Fungi","Kondoaceae","MycoBank",1.25
"F_KONDO_PHYL","Kondoa phyllada","species","accepted","Fungi","Kondoaceae","GBIF",1.25
"F_KONDO_SBRS","Kondoa subrosea","species","accepted","Fungi","Kondoaceae","MycoBank",1.25
"F_KONDO_YCCC","Kondoa yuccicola","species","accepted","Fungi","Kondoaceae","MycoBank",1.25
"F_KRSLN_HUMP","Krasilnikovozyma huempii","species","accepted","Fungi","Mrakiaceae","MycoBank",1.25
"F_KRGRV_DLFT","Kregervanrija delftensis","species","accepted","Fungi","Pichiaceae","MycoBank",1.25
"F_KRGRV_FLXM","Kregervanrija fluxuum","species","accepted","Fungi","Pichiaceae","MycoBank",1.25
"F_KURSH_CPSL","Kuraishia capsulata","species","accepted","Fungi","Pichiaceae","MycoBank",1.25
"F_KURSH_CIDR","Kuraishia cidri","species","accepted","Fungi","Pichiaceae","MycoBank",1.25
"F_KURSH_FLCC","Kuraishia floccosa","species","accepted","Fungi","Pichiaceae","MycoBank",1.25
"F_KURSH_HNGR","Kuraishia hungarica","species","accepted","Fungi","Pichiaceae","MycoBank",1.25
"F_KURSH_MLSC","Kuraishia molischiana","species","accepted","Fungi","Pichiaceae","GBIF",1.25
"F_KURSH_OGAT","Kuraishia ogatae","species","accepted","Fungi","Pichiaceae","MycoBank",1.25
"F_KRTZM_CLRD","Kurtzmaniella cleridarum","species","accepted","Fungi","Debaryomycetaceae","MycoBank",1.25
"F_KRTZM_FRAG","Kurtzmaniella fragi","species","accepted","Fungi","Debaryomycetaceae","MycoBank",1.25
"F_KRTZM_NTLN","Kurtzmaniella natalensis","species","accepted","Fungi","Debaryomycetaceae","MycoBank",1.25
"F_KRTZM_QRCT","Kurtzmaniella quercitrusa","species","accepted","Fungi","Debaryomycetaceae","MycoBank",1.25
"F_KWNLL_BSTL","Kwoniella bestiolae","species","accepted","Fungi","Cryptococcaceae","MycoBank",1.25
"F_KWNLL_DJCT","Kwoniella dejecticola","species","accepted","Fungi","Cryptococcaceae","MycoBank",1.25
"F_KWNLL_PINI","Kwoniella pini","species","accepted","Fungi","Cryptococcaceae","MycoBank",1.25
"F_KWNLL_SHVJ","Kwoniella shivajii","species","accepted","Fungi","Cryptococcaceae","MycoBank",1.25
"F_LCHNC_CIDR","Lachancea cidri","species","accepted","Fungi","Saccharomycetaceae","MycoBank",1.25
"F_LCHNC_FRMN","Lachancea fermentati","species","accepted","Fungi","Saccharomycetaceae","MycoBank",1.25
"F_LCHNC_KLYV","Lachancea kluyveri","species","accepted","Fungi","Saccharomycetaceae","MycoBank",1.25
"F_LCHNC_THRM","Lachancea thermotolerans","species","accepted","Fungi","Saccharomycetaceae","MycoBank",1.25
"F_LCHNC_WALT","Lachancea waltii","species","accepted","Fungi","Saccharomycetaceae","MycoBank",1.25
"F_LTPRS_SLPH","Laetiporus sulphureus","species","accepted","Fungi","Laetiporaceae","GBIF",1.25
"F_LTPRS_VRSS","Laetiporus versisporus","species","accepted","Fungi","Laetiporaceae","MycoBank",1.25
"F_LNGDN_ARST","Langdonia aristidae","species","accepted","Fungi","Ustilaginaceae","MycoBank",1.25
"F_LNGDN_TDRA","Langdonia aristidaria","species","accepted","Fungi","Ustilaginaceae","MycoBank",1.25
"F_LNGDN_GNSP","Langdonia goniospora","species","accepted","Fungi","Ustilaginaceae","MycoBank",1.25
"F_LSDLP_LSSP","Lasiadelphia lasiosphaeriae","species","accepted","Fungi","","MycoBank",1.25
"F_LSNCTR_ALBF","Lasionectria albofimbriata","species","accepted","Fungi","Bionectriaceae","MycoBank",1.25
"F_LSNCTR_BSPT","Lasionectria bisepta","species","accepted","Fungi","Bionectriaceae","MycoBank",1.25
"F_LSNCTR_BOTH","Lasionectria boothii","species","accepted","Fungi","Bionectriaceae","MycoBank",1.25
"F_LSNCTR_CARN","Lasionectria carnea","species","accepted","Fungi","Bionectriaceae","MycoBank",1.25
"F_LSNCTR_CRLS","Lasionectria cerealis","species","accepted","Fungi","Bionectriaceae","MycoBank",1.25
"F_LSNCTR_MNTN","Lasionectria mantuana","species","accepted","Fungi","Bionectriaceae","MycoBank",1.25
"F_LSNCTR_OLID","Lasionectria olida","species","accepted","Fungi","Bionectriaceae","MycoBank",1.25
"F_LSNCTR_SYLV","Lasionectria sylvana","species","accepted","Fungi","Bionectriaceae","MycoBank",1.25
"F_LTRLLA_ARNL","Lasionectriella arenuloides","species","accepted","Fungi","Bionectriaceae","MycoBank",1.25
"F_LSNCT_DNTF","Lasionectriopsis dentifera","species","accepted","Fungi","Bionectriaceae","MycoBank",1.25
"F_LSNCT_PTRD","Lasionectriopsis pteridii","species","accepted","Fungi","Bionectriaceae","MycoBank",1.25
"F_LSSPH_CALV","Lasiosphaeria calva","species","accepted","Fungi","Lasiosphaeriaceae","MycoBank",1.25
"F_LPHRS_HSPD","Lasiosphaeris hispida","species","accepted","Fungi","Lasiosphaeridaceae","GBIF",1.25
"F_LCNCT_ABTN","Lecanactis abietina","species","accepted","Fungi","Roccellaceae","GBIF",1.25
"F_LCNCL_FSSP","Lecanicillium fusisporum","species","accepted","Fungi","Cordycipitaceae","MycoBank",1.25
"F_LCNCL_LECN","Lecanicillium lecanii","species","accepted","Fungi","Cordycipitaceae","MycoBank",1.25
"F_LCNCL_LNGS","Lecanicillium longisporum","species","accepted","Fungi","Cordycipitaceae","MycoBank",1.25
"F_LCNCL_MSCR","Lecanicillium muscarium","species","accepted","Fungi","Cordycipitaceae","MycoBank",1.25
"F_LCNCL_SKSN","Lecanicillium saksenae","species","accepted","Fungi","Cordycipitaceae","MycoBank",1.25
"F_LCNCL_TNPS","Lecanicillium tenuipes","species","accepted","Fungi","Cordycipitaceae","MycoBank",1.25
"F_LSPHR_SCCN","Leiosphaerella succinea","species","accepted","Fungi","Pseudomassariaceae","MycoBank",1.25
"P_LSHMN_AETH","Leishmania aethiopica","species","accepted","Protozoa","Trypanosomatidae","manually added",1.25
"P_LSHMN_DNVN","Leishmania donovani","species","accepted","Protozoa","Trypanosomatidae","GBIF",1.25
"P_LSHMN_ELLS","Leishmania ellisi","species","accepted","Protozoa","Trypanosomatidae","GBIF",1.25
"P_LSHMN_MAJR","Leishmania major","species","accepted","Protozoa","Trypanosomatidae","manually added",1.25
"P_LSHMN_PRVN","Leishmania peruviana","species","accepted","Protozoa","Trypanosomatidae","manually added",1.25
"P_LSHMN_SHAW","Leishmania shawi","species","accepted","Protozoa","Trypanosomatidae","manually added",1.25
"P_LSHMN_VNZL","Leishmania venezuelensis","species","accepted","Protozoa","Trypanosomatidae","manually added",1.25
"F_LNTMY_PRRC","Lentamyces parricidus","species","accepted","Fungi","Lentamycetaceae","GBIF",1.25
"F_LNTMY_ZYCH","Lentamyces zychae","species","accepted","Fungi","Lentamycetaceae","GBIF",1.25
"F_LPTBC_LPTB","Leptobacillium leptobactrum","species","accepted","Fungi","Cordycipitaceae","MycoBank",1.25
"F_LPTDNT_TRBN","Leptodontidium trabinellum","species","accepted","Fungi","Leptodontidiaceae","GBIF",1.25
"F_LPTGR_CLPH","Leptographium calophylli","species","accepted","Fungi","Ophiostomataceae","MycoBank",1.25
"F_LPTGR_ERBS","Leptographium erubescens","species","accepted","Fungi","Ophiostomataceae","MycoBank",1.25
"F_LPTSP_ACUT","Leptosphaeria acuta","species","accepted","Fungi","Leptosphaeriaceae","GBIF",1.25
"F_LPTSP_DLLM","Leptosphaeria doliolum","species","accepted","Fungi","Leptosphaeriaceae","GBIF",1.25
"F_LPTSP_ERRB","Leptosphaeria errabunda","species","accepted","Fungi","Leptosphaeriaceae","MycoBank",1.25
"F_LPTSP_MCRC","Leptosphaeria macrocapsa","species","accepted","Fungi","Leptosphaeriaceae","MycoBank",1.25
"F_LPTSP_MCLN","Leptosphaeria maculans","species","accepted","Fungi","Leptosphaeriaceae","GBIF",1.25
"F_LPTSP_PDCL","Leptosphaeria pedicularis","species","accepted","Fungi","Leptosphaeriaceae","GBIF",1.25
"F_LPTSP_PRTN","Leptosphaeria pratensis","species","accepted","Fungi","Leptosphaeriaceae","GBIF",1.25
"F_LPTSP_SCLR","Leptosphaeria sclerotioides","species","accepted","Fungi","Leptosphaeriaceae","MycoBank",1.25
"F_LPTSP_SLVC","Leptosphaeria slovacica","species","accepted","Fungi","Leptosphaeriaceae","MycoBank",1.25
"F_LPTSP_SYDW","Leptosphaeria sydowii","species","accepted","Fungi","Leptosphaeriaceae","MycoBank",1.25
"F_LPTSP_VRNC","Leptosphaeria veronicae","species","accepted","Fungi","Leptosphaeriaceae","MycoBank",1.25
"F_LPTTH_DSCS","Leptothyrium discosioides","species","accepted","Fungi","","GBIF",1.25
"F_LPTXY_FUMG","Leptoxyphium fumago","species","accepted","Fungi","Capnodiaceae","GBIF",1.25
"F_LETNDR_FSCS","Letendraea fuscospora","species","accepted","Fungi","Tubeufiaceae","MycoBank",1.25
"F_LETNDR_HLMN","Letendraea helminthicola","species","accepted","Fungi","Tubeufiaceae","MycoBank",1.25
"F_LCCNT_LCDR","Leucocintractia leucoderma","species","accepted","Fungi","Anthracoideaceae","MycoBank",1.25
"F_LCCNT_SCLR","Leucocintractia scleriae","species","accepted","Fungi","Anthracoideaceae","MycoBank",1.25
"F_LCNRS_CPSC","Leuconeurospora capsici","species","accepted","Fungi","Pseudeurotiaceae","MycoBank",1.25
"F_LPRDM_CRTN","Leucosporidium creatinivorum","species","accepted","Fungi","Leucosporidiaceae","GBIF",1.25
"F_LPRDM_FRGR","Leucosporidium fragarium","species","accepted","Fungi","Leucosporidiaceae","GBIF",1.25
"F_LPRDM_INTR","Leucosporidium intermedium","species","accepted","Fungi","Leucosporidiaceae","GBIF",1.25
"F_LPRDM_MSCR","Leucosporidium muscorum","species","accepted","Fungi","Leucosporidiaceae","GBIF",1.25
"F_LPRDM_YKTC","Leucosporidium yakuticum","species","accepted","Fungi","Leucosporidiaceae","GBIF",1.25
"F_LBRTL_CYPR","Libertella cypericola","species","accepted","Fungi","Diatrypaceae","MycoBank",1.25
"F_LMTNGZ_CYLN","Limtongozyma cylindracea","species","accepted","Fungi","","GBIF",1.25
"F_LNNMN_ACRT","Linnemannia acrotona","species","accepted","Fungi","Mortierellaceae","MycoBank",1.25
"F_LNNMN_AMBD","Linnemannia amoeboidea","species","accepted","Fungi","Mortierellaceae","MycoBank",1.25
"F_LNNMN_BRMS","Linnemannia biramosa","species","accepted","Fungi","Mortierellaceae","MycoBank",1.25
"F_LNNMN_CMRG","Linnemannia camargensis","species","accepted","Fungi","Mortierellaceae","MycoBank",1.25
"F_LNNMN_CGTN","Linnemannia cogitans","species","accepted","Fungi","Mortierellaceae","MycoBank",1.25
"F_LNNMN_ELNG","Linnemannia elongata","species","accepted","Fungi","Mortierellaceae","MycoBank",1.25
"F_LNNMN_EXIG","Linnemannia exigua","species","accepted","Fungi","Mortierellaceae","MycoBank",1.25
"F_LNNMN_FTSH","Linnemannia fatshederae","species","accepted","Fungi","Mortierellaceae","MycoBank",1.25
"F_LNNMN_FLUV","Linnemannia fluviae","species","accepted","Fungi","Mortierellaceae","MycoBank",1.25
"F_LNNMN_LNGG","Linnemannia longigemmata","species","accepted","Fungi","Mortierellaceae","MycoBank",1.25
"F_LNNMN_NNTH","Linnemannia nantahalensis","species","accepted","Fungi","Mortierellaceae","MycoBank",1.25
"F_LNNMN_SCHM","Linnemannia schmuckeri","species","accepted","Fungi","Mortierellaceae","MycoBank",1.25
"F_LNNMN_SCLR","Linnemannia sclerotiella","species","accepted","Fungi","Mortierellaceae","MycoBank",1.25
"F_LNNMN_SLTR","Linnemannia solitaria","species","accepted","Fungi","Mortierellaceae","MycoBank",1.25
"F_LNNMN_ZYCH","Linnemannia zychae","species","accepted","Fungi","Mortierellaceae","MycoBank",1.25
"F_LNSPR_CAPR","Linospora capreae","species","accepted","Fungi","Valsaceae","MycoBank",1.25
"F_LNSPR_SLGN","Linospora saligna","species","accepted","Fungi","Valsaceae","GBIF",1.25
"AN_LOA_LOA","Loa loa","species","accepted","Animalia","Onchocercidae","GBIF",1.25
"F_LDDRM_OPNT","Lodderomyces opuntiae","species","synonym","Fungi","Debaryomycetaceae","GBIF",1.25
"F_LNGSP_MLLT","Longiseptatispora meliloti","species","accepted","Fungi","Leptosphaeriaceae","MycoBank",1.25
"F_LPHPH_GLLN","Lophophyton gallinae","species","accepted","Fungi","Arthrodermataceae","MycoBank",1.25
"F_LSPRA_CHIN","Lunasporangiospora chienii","species","accepted","Fungi","Mortierellaceae","MycoBank",1.25
"F_LSPRA_SLNS","Lunasporangiospora selenospora","species","accepted","Fungi","Mortierellaceae","MycoBank",1.25
"F_LTNCT_ALBD","Luteonectria albida","species","accepted","Fungi","Nectriaceae","MycoBank",1.25
"F_LTNCT_NMTP","Luteonectria nematophila","species","accepted","Fungi","Nectriaceae","MycoBank",1.25
"F_MCLPN_ARSC","Macalpinomyces aristidae-cyananthae","species","accepted","Fungi","Ustilaginaceae","GBIF",1.25
"F_MCLPN_CHLR","Macalpinomyces chloridii","species","accepted","Fungi","Ustilaginaceae","MycoBank",1.25
"F_MCLPN_CHRY","Macalpinomyces chrysopogonis","species","accepted","Fungi","Ustilaginaceae","MycoBank",1.25
"F_MCLPN_EFFS","Macalpinomyces effusus","species","accepted","Fungi","Ustilaginaceae","MycoBank",1.25
"F_MCLPN_NGLC","Macalpinomyces neglectus","species","accepted","Fungi","Ustilaginaceae","MycoBank",1.25
"F_MCLPN_PRTR","Macalpinomyces pretoriensis","species","accepted","Fungi","Ustilaginaceae","MycoBank",1.25
"F_MCLPN_SPRM","Macalpinomyces spermophorus","species","accepted","Fungi","Ustilaginaceae","MycoBank",1.25
"F_MCLPN_SPNL","Macalpinomyces spinulosus","species","accepted","Fungi","Ustilaginaceae","MycoBank",1.25
"F_MCLPN_SPRB","Macalpinomyces sporoboli","species","accepted","Fungi","Ustilaginaceae","MycoBank",1.25
"F_MCLPN_TANK","Macalpinomyces tanakae","species","accepted","Fungi","Ustilaginaceae","MycoBank",1.25
"F_MCBRD_CHTS","Macbridella chaetostroma","species","accepted","Fungi","Melanommataceae","GBIF",1.25
"F_MCBRD_SNSV","Macbridella sansevieriae","species","accepted","Fungi","Melanommataceae","MycoBank",1.25
"F_MCRCN_LPTS","Macroconia leptosphaeriae","species","accepted","Fungi","Nectriaceae","MycoBank",1.25
"F_MCRCN_PPLN","Macroconia papilionacearum","species","accepted","Fungi","Nectriaceae","MycoBank",1.25
"F_MCRCN_SPHR","Macroconia sphaeriae","species","accepted","Fungi","Nectriaceae","MycoBank",1.25
"F_MCRDPR_OCCL","Macrodiaporthe occulta","species","accepted","Fungi","Melanconidaceae","GBIF",1.25
"F_MCRNC_JNGN","Macronectria jungneri","species","accepted","Fungi","Nectriaceae","MycoBank",1.25
"F_MCRPH_ABSC","Macrophoma abscondita","species","accepted","Fungi","Botryosphaeriaceae","GBIF",1.25
"F_MCRPH_ACNC","Macrophoma acinicola","species","accepted","Fungi","Botryosphaeriaceae","GBIF",1.25
"F_MCRPH_ACUR","Macrophoma acuaria","species","accepted","Fungi","Botryosphaeriaceae","MycoBank",1.25
"F_MCRPH_ALCR","Macrophoma alcearum","species","accepted","Fungi","Botryosphaeriaceae","GBIF",1.25
"F_MCRPH_ASTR","Macrophoma astericola","species","accepted","Fungi","Botryosphaeriaceae","MycoBank",1.25
"F_MCRPH_BRNF","Macrophoma brunneo-fincta","species","accepted","Fungi","Botryosphaeriaceae","GBIF",1.25
"F_MCRPH_CLLB","Macrophoma collabens","species","accepted","Fungi","Botryosphaeriaceae","GBIF",1.25
"F_MCRPH_CRYL","Macrophoma corylina","species","accepted","Fungi","Botryosphaeriaceae","MycoBank",1.25
"F_MCRPH_DCRT","Macrophoma decorticans","species","accepted","Fungi","Botryosphaeriaceae","GBIF",1.25
"F_MCRPH_DPRS","Macrophoma depressula","species","accepted","Fungi","Botryosphaeriaceae","GBIF",1.25
"F_MCRPH_DRYD","Macrophoma dryadis","species","accepted","Fungi","Botryosphaeriaceae","GBIF",1.25
"F_MCRPH_FLCC","Macrophoma flaccida","species","accepted","Fungi","Botryosphaeriaceae","GBIF",1.25
"F_MCRPH_FRGL","Macrophoma fragilis","species","accepted","Fungi","Botryosphaeriaceae","MycoBank",1.25
"F_MCRPH_HLSC","Macrophoma holoschoeni","species","accepted","Fungi","Botryosphaeriaceae","GBIF",1.25
"F_MCRPH_JODN","Macrophoma jodinae","species","accepted","Fungi","Botryosphaeriaceae","GBIF",1.25
"F_MCRPH_MCRS","Macrophoma macrosperma","species","accepted","Fungi","Botryosphaeriaceae","GBIF",1.25
"F_MCRPH_MMLL","Macrophoma mamillaris","species","accepted","Fungi","Botryosphaeriaceae","GBIF",1.25
"F_MCRPH_MGSP","Macrophoma megasperma","species","accepted","Fungi","Botryosphaeriaceae","MycoBank",1.25
"F_MCRPH_ORCH","Macrophoma orchidicola","species","accepted","Fungi","Botryosphaeriaceae","GBIF",1.25
"F_MCRPH_PSSF","Macrophoma passiflorae","species","accepted","Fungi","Botryosphaeriaceae","GBIF",1.25
"F_MCRPH_PTLT","Macrophoma petiolata","species","accepted","Fungi","Botryosphaeriaceae","MycoBank",1.25
"F_MCRPH_PHLS","Macrophoma philesiae","species","accepted","Fungi","Botryosphaeriaceae","GBIF",1.25
"F_MCRPH_PRJC","Macrophoma projecta","species","accepted","Fungi","Botryosphaeriaceae","GBIF",1.25
"F_MCRPH_SAGN","Macrophoma saginae","species","accepted","Fungi","Botryosphaeriaceae","GBIF",1.25
"F_MCRPH_SMRC","Macrophoma samaricola","species","accepted","Fungi","Botryosphaeriaceae","MycoBank",1.25
"F_MCRPH_SCHF","Macrophoma schefflerae","species","accepted","Fungi","Botryosphaeriaceae","MycoBank",1.25
"F_MCRPH_SMNL","Macrophoma seminalis","species","accepted","Fungi","Botryosphaeriaceae","MycoBank",1.25
"F_MCRPH_STRB","Macrophoma strobi","species","accepted","Fungi","Botryosphaeriaceae","MycoBank",1.25
"F_MCRPH_SYCP","Macrophoma sycophila","species","accepted","Fungi","Botryosphaeriaceae","GBIF",1.25
"F_MCRPH_VTCL","Macrophoma viticola","species","accepted","Fungi","Botryosphaeriaceae","GBIF",1.25
"F_MACRSPRM_AZUK","Macrosporium azukiae","species","accepted","Fungi","Pleosporaceae","MycoBank",1.25
"F_MACRSPRM_CLYC","Macrosporium calycanthi","species","accepted","Fungi","Pleosporaceae","MycoBank",1.25
"F_MACRSPRM_CTLP","Macrosporium catalpae","species","accepted","Fungi","Pleosporaceae","MycoBank",1.25
"F_MACRSPRM_CMPC","Macrosporium compactum","species","accepted","Fungi","Pleosporaceae","MycoBank",1.25
"F_MACRSPRM_CNCN","Macrosporium concentricum","species","accepted","Fungi","Pleosporaceae","MycoBank",1.25
"F_MACRSPRM_CNGS","Macrosporium congestum","species","accepted","Fungi","Pleosporaceae","MycoBank",1.25
"F_MACRSPRM_CLMR","Macrosporium culmorum","species","accepted","Fungi","Pleosporaceae","MycoBank",1.25
"F_MACRSPRM_ECLY","Macrosporium eucalypti","species","accepted","Fungi","Pleosporaceae","MycoBank",1.25
"F_MACRSPRM_FGRC","Macrosporium fagaricola","species","accepted","Fungi","Pleosporaceae","MycoBank",1.25
"F_MACRSPRM_FLRG","Macrosporium florigenum","species","accepted","Fungi","Pleosporaceae","MycoBank",1.25
"F_MACRSPRM_GRMN","Macrosporium graminum","species","accepted","Fungi","Pleosporaceae","MycoBank",1.25
"F_MACRSPRM_GRNL","Macrosporium granulosum","species","accepted","Fungi","Pleosporaceae","MycoBank",1.25
"F_MACRSPRM_HEDR","Macrosporium hederae","species","accepted","Fungi","Pleosporaceae","MycoBank",1.25
"F_MACRSPRM_HTRN","Macrosporium heteronemum","species","accepted","Fungi","Pleosporaceae","MycoBank",1.25
"F_MACRSPRM_NGND","Macrosporium negundinicola","species","accepted","Fungi","Pleosporaceae","MycoBank",1.25
"F_MACRSPRM_OLVC","Macrosporium olivaceum","species","accepted","Fungi","Pleosporaceae","MycoBank",1.25
"F_MACRSPRM_REDR","Macrosporium readeri","species","accepted","Fungi","Pleosporaceae","MycoBank",1.25
"F_MDRLL_CTMI","Madurella mycetomi","species","synonym","Fungi","Chaetomiaceae","GBIF",1.25
"F_MGNSM_CPTT","Magnusiomyces capitatus","species","accepted","Fungi","Dipodascaceae","MycoBank",1.25
"F_MGNSM_CHLN","Magnusiomyces chiloensis","species","accepted","Fungi","Dipodascaceae","MycoBank",1.25
"F_MGNSM_CLVT","Magnusiomyces clavatus","species","accepted","Fungi","Dipodascaceae","MycoBank",1.25
"F_MGNSM_FVLT","Magnusiomyces foveilutophilus","species","accepted","Fungi","Dipodascaceae","MycoBank",1.25
"F_MGNSM_FNGC","Magnusiomyces fungicola","species","accepted","Fungi","Dipodascaceae","MycoBank",1.25
"F_MGNSM_GIGS","Magnusiomyces gigas","species","accepted","Fungi","Dipodascaceae","MycoBank",1.25
"F_MGNSM_INGN","Magnusiomyces ingens","species","accepted","Fungi","Dipodascaceae","MycoBank",1.25
"F_MGNSM_JPNC","Magnusiomyces japonicus","species","accepted","Fungi","Dipodascaceae","MycoBank",1.25
"F_MGNSM_LDWG","Magnusiomyces ludwigii","species","synonym","Fungi","Dipodascaceae","GBIF",1.25
"F_MGNSM_MGNS","Magnusiomyces magnusii","species","accepted","Fungi","Dipodascaceae","MycoBank",1.25
"F_MGNSM_OVTN","Magnusiomyces ovetensis","species","accepted","Fungi","Dipodascaceae","MycoBank",1.25
"F_MGNSM_PRNG","Magnusiomyces paraingens","species","accepted","Fungi","Dipodascaceae","MycoBank",1.25
"F_MGNSM_PTMD","Magnusiomyces pitmudophilus","species","accepted","Fungi","Dipodascaceae","GBIF",1.25
"F_MGNSM_QRCS","Magnusiomyces quercus","species","accepted","Fungi","Dipodascaceae","MycoBank",1.25
"F_MGNSM_SCCH","Magnusiomyces saccharophilus","species","accepted","Fungi","Dipodascaceae","MycoBank",1.25
"F_MGNSM_SMNS","Magnusiomyces siamensis","species","accepted","Fungi","Dipodascaceae","MycoBank",1.25
"F_MGNSM_SPCF","Magnusiomyces spicifer","species","accepted","Fungi","Dipodascaceae","MycoBank",1.25
"F_MGNSM_STRM","Magnusiomyces starmeri","species","accepted","Fungi","Dipodascaceae","MycoBank",1.25
"F_MGNSM_SVLN","Magnusiomyces suaveolens","species","accepted","Fungi","Dipodascaceae","MycoBank",1.25
"F_MGNSM_TTRS","Magnusiomyces tetraspermus","species","accepted","Fungi","Dipodascaceae","MycoBank",1.25
"F_MLSSZ_GLLN","Malassezia gallinae","species","accepted","Fungi","Malasseziaceae","MycoBank",1.25
"F_MLBRN_PRFL","Malbranchea parafilamentosa","species","accepted","Fungi","Malbrancheaceae","MycoBank",1.25
"F_MLBRN_PHPH","Malbranchea phuphaphetensis","species","accepted","Fungi","Malbrancheaceae","MycoBank",1.25
"F_MLBRN_SDMN","Malbranchea sedimenticola","species","accepted","Fungi","Malbrancheaceae","MycoBank",1.25
"F_MLBRN_SMND","Malbranchea seminuda","species","accepted","Fungi","Malbrancheaceae","MycoBank",1.25
"F_MLBRN_SXLS","Malbranchea sexualis","species","accepted","Fungi","Malbrancheaceae","MycoBank",1.25
"AN_MNSNL_AKTN","Mansonella akitensis","species","accepted","Animalia","Onchocercidae","GBIF",1.25
"AN_MNSNL_MARI","Mansonella mariae","species","accepted","Animalia","Onchocercidae","GBIF",1.25
"AN_MNSNL_MUSB","Mansonella musabi","species","accepted","Animalia","Onchocercidae","GBIF",1.25
"AN_MNSNL_OZZR","Mansonella ozzardi","species","accepted","Animalia","Onchocercidae","GBIF",1.25
"AN_MNSNL_ZAKI","Mansonella zakii","species","accepted","Animalia","Onchocercidae","GBIF",1.25
"F_MARNN_CTNL","Mariannaea catenulata","species","accepted","Fungi","Nectriaceae","MycoBank",1.25
"F_MARNN_ELGN","Mariannaea elegans","species","accepted","Fungi","Nectriaceae","MycoBank",1.25
"F_MARNN_PNCL","Mariannaea pinicola","species","accepted","Fungi","Nectriaceae","MycoBank",1.25
"F_MRQND_MRQN","Marquandomyces marquandii","species","accepted","Fungi","Clavicipitaceae","MycoBank",1.25
"F_MRSSN_ARNT","Marssonina aurantiaca","species","accepted","Fungi","Dermateaceae","MycoBank",1.25
"F_MRTNZ_ABTP","Martiniozyma abietophila","species","accepted","Fungi","Pichiaceae","MycoBank",1.25
"F_MSTGC_BLCH","Mastigocladium blochii","species","accepted","Fungi","Bionectriaceae","MycoBank",1.25
"F_MSTGC_CPSC","Mastigocladium capsici","species","accepted","Fungi","Bionectriaceae","MycoBank",1.25
"F_MDZYM_BOZA","Maudiozyma bozae","species","accepted","Fungi","Saccharomycetaceae","MycoBank",1.25
"F_MDZYM_BLDR","Maudiozyma bulderi","species","accepted","Fungi","Saccharomycetaceae","MycoBank",1.25
"F_MDZYM_EXIG","Maudiozyma exigua","species","accepted","Fungi","Saccharomycetaceae","MycoBank",1.25
"F_MDZYM_HMLS","Maudiozyma humilis","species","accepted","Fungi","Saccharomycetaceae","MycoBank",1.25
"F_MDZYM_PSDH","Maudiozyma pseudohumilis","species","accepted","Fungi","Saccharomycetaceae","MycoBank",1.25
"F_MDZYM_SRNN","Maudiozyma surinensis","species","accepted","Fungi","Saccharomycetaceae","MycoBank",1.25
"F_MDZYM_TRCN","Maudiozyma turicensis","species","accepted","Fungi","Saccharomycetaceae","MycoBank",1.25
"F_MGNLL_SCTT","Mauginiella scaettae","species","accepted","Fungi","Phaeosphaeriaceae","MycoBank",1.25
"B_MGSPH_GMNT","Megasphaera geminata","species","accepted","Bacteria","Veillonellaceae","LPSN",1.25
"F_MLNMM_PLVP","Melanomma pulvis-pyrius","species","accepted","Fungi","Melanommataceae","GBIF",1.25
"F_MSMMA_PMFR","Melanopsamma pomiformis","species","accepted","Fungi","Chaetosphaeriaceae","MycoBank",1.25
"F_MSCHM_ASTR","Melanopsichium austroamericanum","species","accepted","Fungi","Ustilaginaceae","GBIF",1.25
"F_MSCHM_ELSN","Melanopsichium eleusines","species","accepted","Fungi","Ustilaginaceae","GBIF",1.25
"F_MLNSP_KRSS","Melanospora kurssanoviana","species","accepted","Fungi","Ceratostomataceae","MycoBank",1.25
"F_MLNTN_ADOX","Melanotaenium adoxae","species","accepted","Fungi","Melanotaeniaceae","MycoBank",1.25
"F_MLNTN_CNGN","Melanotaenium cingens","species","accepted","Fungi","Melanotaeniaceae","GBIF",1.25
"F_MLNTN_HYPG","Melanotaenium hypogaeum","species","accepted","Fungi","Melanotaeniaceae","MycoBank",1.25
"F_MLNST_ARI","Melanustilospora ari","species","accepted","Fungi","Urocystidaceae","GBIF",1.25
"F_MLLPH_VLTL","Melioliphila volutella","species","accepted","Fungi","Tubeufiaceae","MycoBank",1.25
"F_MMNNL_DCHR","Memnoniella dichroa","species","accepted","Fungi","Stachybotryaceae","MycoBank",1.25
"F_MMNNL_ECHN","Memnoniella echinata","species","accepted","Fungi","Stachybotryaceae","MycoBank",1.25
"F_MMNNL_LPRS","Memnoniella leprosa","species","accepted","Fungi","Stachybotryaceae","MycoBank",1.25
"F_MMNNL_LVSP","Memnoniella levispora","species","accepted","Fungi","Stachybotryaceae","MycoBank",1.25
"F_MMNNL_LNGS","Memnoniella longistipitata","species","accepted","Fungi","Stachybotryaceae","MycoBank",1.25
"F_MMNNL_MHNR","Memnoniella mohanramii","species","accepted","Fungi","Stachybotryaceae","MycoBank",1.25
"F_MMNNL_NLGR","Memnoniella nilagirica","species","accepted","Fungi","Stachybotryaceae","MycoBank",1.25
"F_MMNNL_ONNT","Memnoniella oenanthes","species","accepted","Fungi","Stachybotryaceae","MycoBank",1.25
"F_MMNNL_STLB","Memnoniella stilboidea","species","accepted","Fungi","Stachybotryaceae","MycoBank",1.25
"F_MTCPN_ERCP","Metacapnodium ericophilum","species","accepted","Fungi","Metacapnodiaceae","GBIF",1.25
"F_MTCRD_CHLM","Metacordyceps chlamydosporia","species","accepted","Fungi","Clavicipitaceae","MycoBank",1.25
"F_MTPCH_BLBL","Metapochonia bulbillosa","species","accepted","Fungi","Clavicipitaceae","MycoBank",1.25
"F_MTPCH_GNDS","Metapochonia goniodes","species","accepted","Fungi","Clavicipitaceae","MycoBank",1.25
"F_MTPCH_PRST","Metapochonia parasitica","species","accepted","Fungi","Clavicipitaceae","MycoBank",1.25
"F_MTPCH_SCHL","Metapochonia suchlasporia","species","accepted","Fungi","Clavicipitaceae","MycoBank",1.25
"F_MTRHZ_ANSP","Metarhizium anisopliae","species","accepted","Fungi","Clavicipitaceae","MycoBank",1.25
"F_MTRHZ_RILY","Metarhizium rileyi","species","accepted","Fungi","Clavicipitaceae","MycoBank",1.25
"F_MTRHZ_VIRD","Metarhizium viride","species","accepted","Fungi","Clavicipitaceae","MycoBank",1.25
"F_MTSPH_HEDR","Metasphaeria hederae","species","accepted","Fungi","Saccotheciaceae","GBIF",1.25
"F_MTLCL_MUSA","Metulocladosporiella musae","species","accepted","Fungi","Herpotrichiellaceae","MycoBank",1.25
"F_MINMYCS_FLLX","Miainomyces fallax","species","synonym","Fungi","Fomitopsidaceae","MycoBank",1.25
"F_MINMYCS_FNGC","Miainomyces fungicola","species","accepted","Fungi","Fomitopsidaceae","MycoBank",1.25
"F_MCRSC_ACLT","Microascus aculeatus","species","accepted","Fungi","Microascaceae","MycoBank",1.25
"F_MCRSC_ALBN","Microascus albonigrescens","species","synonym","Fungi","Microascaceae","MycoBank",1.25
"F_MCRSC_ALGC","Microascus algicola","species","accepted","Fungi","Microascaceae","MycoBank",1.25
"F_MCRSC_ALVL","Microascus alveolaris","species","accepted","Fungi","Microascaceae","MycoBank",1.25
"F_MCRSC_AMRC","Microascus americanus","species","accepted","Fungi","Microascaceae","MycoBank",1.25
"F_MCRSC_AMPL","Microascus ampulliformis","species","accepted","Fungi","Microascaceae","MycoBank",1.25
"F_MCRSC_ANFR","Microascus anfractus","species","accepted","Fungi","Microascaceae","MycoBank",1.25
"F_MCRSC_APPN","Microascus appendiculatus","species","accepted","Fungi","Microascaceae","MycoBank",1.25
"F_MCRSC_ATRG","Microascus atrogriseus","species","accepted","Fungi","Microascaceae","MycoBank",1.25
"F_MCRSC_BLNG","Microascus boulangeri","species","synonym","Fungi","Microascaceae","MycoBank",1.25
"F_MCRSC_BRVC","Microascus brevicaulis","species","synonym","Fungi","Microascaceae","MycoBank",1.25
"F_MCRSC_BRNN","Microascus brunneosporus","species","accepted","Fungi","Microascaceae","MycoBank",1.25
"F_MCRSC_CMPN","Microascus campaniformis","species","accepted","Fungi","Microascaceae","MycoBank",1.25
"F_MCRSC_CVRF","Microascus caviariformis","species","synonym","Fungi","Microascaceae","MycoBank",1.25
"F_MCRSC_CHRT","Microascus chartarum","species","accepted","Fungi","Microascaceae","MycoBank",1.25
"F_MCRSC_CHNN","Microascus chinensis","species","accepted","Fungi","Microascaceae","MycoBank",1.25
"F_MCRSC_CNRS","Microascus cinereus","species","accepted","Fungi","Microascaceae","MycoBank",1.25
"F_MCRSC_CRRS","Microascus cirrosus","species","accepted","Fungi","Microascaceae","MycoBank",1.25
"F_MCRSC_CLST","Microascus cleistocarpus","species","accepted","Fungi","Microascaceae","MycoBank",1.25
"F_MCRSC_CLLR","Microascus collaris","species","accepted","Fungi","Microascaceae","MycoBank",1.25
"F_MCRSC_CROC","Microascus croci","species","accepted","Fungi","Microascaceae","MycoBank",1.25
"F_MCRSC_DCRT","Microascus decorticatus","species","accepted","Fungi","Microascaceae","MycoBank",1.25
"F_MCRSC_DSMS","Microascus desmosporus","species","accepted","Fungi","Microascaceae","MycoBank",1.25
"F_MCRSC_DOGT","Microascus doguetii","species","synonym","Fungi","Microascaceae","MycoBank",1.25
"F_MCRSC_ECHN","Microascus echinulatus","species","accepted","Fungi","Microascaceae","MycoBank",1.25
"F_MCRSC_ENNT","Microascus ennothomasiorum","species","accepted","Fungi","Microascaceae","MycoBank",1.25
"F_MCRSC_EXPN","Microascus expansus","species","accepted","Fungi","Microascaceae","MycoBank",1.25
"F_MCRSC_EXSR","Microascus exsertus","species","synonym","Fungi","Microascaceae","MycoBank",1.25
"F_MCRSC_FSSP","Microascus fusisporus","species","accepted","Fungi","Microascaceae","MycoBank",1.25
"F_MCRSC_GNND","Microascus gennadii","species","accepted","Fungi","Microascaceae","MycoBank",1.25
"F_MCRSC_GGNT","Microascus giganteus","species","synonym","Fungi","Microascaceae","MycoBank",1.25
"F_MCRSC_GLBL","Microascus globulosus","species","accepted","Fungi","Microascaceae","MycoBank",1.25
"F_MCRSC_GRCL","Microascus gracilis","species","accepted","Fungi","Microascaceae","MycoBank",1.25
"F_MCRSC_GRSS","Microascus griseus","species","synonym","Fungi","Microascaceae","MycoBank",1.25
"F_MCRSC_GTTL","Microascus guttulatus","species","synonym","Fungi","Microascaceae","MycoBank",1.25
"F_MCRSC_HLLN","Microascus hollandicus","species","accepted","Fungi","Microascaceae","MycoBank",1.25
"F_MCRSC_HYLN","Microascus hyalinus","species","accepted","Fungi","Microascaceae","MycoBank",1.25
"F_MCRSC_INPN","Microascus inopinatus","species","accepted","Fungi","Microascaceae","MycoBank",1.25
"F_MCRSC_RMDS","Microascus intermedius","species","synonym","Fungi","Microascaceae","MycoBank",1.25
"F_MCRSC_INTR","Microascus intricatus","species","accepted","Fungi","Microascaceae","MycoBank",1.25
"F_MCRSC_LSTN","Microascus lausatensis","species","accepted","Fungi","Microascaceae","MycoBank",1.25
"F_MCRSC_LEVS","Microascus levis","species","accepted","Fungi","Microascaceae","MycoBank",1.25
"F_MCRSC_LNDF","Microascus lindforsii","species","synonym","Fungi","Microascaceae","MycoBank",1.25
"F_MCRSC_LNGC","Microascus longicollis","species","accepted","Fungi","Microascaceae","MycoBank",1.25
"F_MCRSC_LNGR","Microascus longirostris","species","accepted","Fungi","Microascaceae","MycoBank",1.25
"F_MCRSC_LNSP","Microascus lunasporus","species","synonym","Fungi","Microascaceae","MycoBank",1.25
"F_MCRSC_MCRS","Microascus macrosporus","species","accepted","Fungi","Microascaceae","MycoBank",1.25
"F_MCRSC_MNGN","Microascus manginii","species","accepted","Fungi","Microascaceae","MycoBank",1.25
"F_MCRSC_MLNS","Microascus melanosporus","species","accepted","Fungi","Microascaceae","MycoBank",1.25
"F_MCRSC_MCRC","Microascus microcordiformis","species","accepted","Fungi","Microascaceae","MycoBank",1.25
"F_MCRSC_MCRN","Microascus micronesiensis","species","accepted","Fungi","Microascaceae","MycoBank",1.25
"F_MCRSC_MCRSP","Microascus microsporus","species","accepted","Fungi","Microascaceae","MycoBank",1.25
"F_MCRSC_MRNS","Microascus murinus","species","accepted","Fungi","Microascaceae","MycoBank",1.25
"F_MCRSC_NDCL","Microascus nidicola","species","synonym","Fungi","Microascaceae","MycoBank",1.25
"F_MCRSC_NIGR","Microascus niger","species","synonym","Fungi","Microascaceae","MycoBank",1.25
"F_MCRSC_ONYC","Microascus onychoides","species","accepted","Fungi","Microascaceae","MycoBank",1.25
"F_MCRSC_PAIS","Microascus paisii","species","accepted","Fungi","Microascaceae","MycoBank",1.25
"F_MCRSC_PDRS","Microascus pedrosoi","species","synonym","Fungi","Microascaceae","MycoBank",1.25
"F_MCRSC_PLSS","Microascus pilosus","species","accepted","Fungi","Microascaceae","MycoBank",1.25
"F_MCRSC_PSDL","Microascus pseudolongirostris","species","accepted","Fungi","Microascaceae","MycoBank",1.25
"F_MCRSC_PSDP","Microascus pseudopaisii","species","accepted","Fungi","Microascaceae","MycoBank",1.25
"F_MCRSC_PYRM","Microascus pyramidus","species","accepted","Fungi","Microascaceae","MycoBank",1.25
"F_MCRSC_QNGH","Microascus qinghaiensis","species","accepted","Fungi","Microascaceae","MycoBank",1.25
"F_MCRSC_RNFR","Microascus reniformis","species","synonym","Fungi","Microascaceae","MycoBank",1.25
"F_MCRSC_RSTR","Microascus restrictus","species","accepted","Fungi","Microascaceae","MycoBank",1.25
"F_MCRSC_RTHB","Microascus rothbergiorum","species","accepted","Fungi","Microascaceae","MycoBank",1.25
"F_MCRSC_SCHM","Microascus schumacheri","species","synonym","Fungi","Microascaceae","MycoBank",1.25
"F_MCRSC_SNGL","Microascus senegalensis","species","accepted","Fungi","Microascaceae","MycoBank",1.25
"F_MCRSC_STFR","Microascus setifer","species","synonym","Fungi","Microascaceae","MycoBank",1.25
"F_MCRSC_GLRS","Microascus singularis","species","synonym","Fungi","Microascaceae","MycoBank",1.25
"F_MCRSC_SOPP","Microascus soppii","species","accepted","Fungi","Microascaceae","MycoBank",1.25
"F_MCRSC_SRDD","Microascus sordidus","species","synonym","Fungi","Microascaceae","MycoBank",1.25
"F_MCRSC_SPRSM","Microascus sparsimycelialis","species","accepted","Fungi","Microascaceae","MycoBank",1.25
"F_MCRSC_SPNS","Microascus spinosporus","species","accepted","Fungi","Microascaceae","MycoBank",1.25
"F_MCRSC_STVR","Microascus stoveri","species","synonym","Fungi","Microascaceae","MycoBank",1.25
"F_MCRSC_STYS","Microascus stysanophorus","species","synonym","Fungi","Microascaceae","MycoBank",1.25
"F_MCRSC_SPRF","Microascus superficialis","species","accepted","Fungi","Microascaceae","MycoBank",1.25
"F_MCRSC_TRDF","Microascus tardifaciens","species","accepted","Fungi","Microascaceae","MycoBank",1.25
"F_MCRSC_TRRS","Microascus terreus","species","accepted","Fungi","Microascaceae","MycoBank",1.25
"F_MCRSC_TRTM","Microascus trautmannii","species","accepted","Fungi","Microascaceae","MycoBank",1.25
"F_MCRSC_TRGN","Microascus trigonosporus","species","accepted","Fungi","Microascaceae","MycoBank",1.25
"F_MCRSC_RGNS","Microascus trigonus","species","accepted","Fungi","Microascaceae","MycoBank",1.25
"F_MCRSC_TRNC","Microascus truncatus","species","accepted","Fungi","Microascaceae","MycoBank",1.25
"F_MCRSC_VRBL","Microascus variabilis","species","synonym","Fungi","Microascaceae","MycoBank",1.25
"F_MCRSC_VRRC","Microascus verrucosus","species","accepted","Fungi","Microascaceae","MycoBank",1.25
"F_MCRBT_AHMD","Microbotryum ahmadianum","species","accepted","Fungi","Microbotryaceae","MycoBank",1.25
"F_MCRBT_ALSN","Microbotryum alsines","species","accepted","Fungi","Microbotryaceae","MycoBank",1.25
"F_MCRBT_ANML","Microbotryum anomalum","species","accepted","Fungi","Microbotryaceae","MycoBank",1.25
"F_MCRBT_ARNB","Microbotryum arenariae-bryophyllae","species","accepted","Fungi","Microbotryaceae","GBIF",1.25
"F_MCRBT_AVCL","Microbotryum aviculare","species","accepted","Fungi","Microbotryaceae","MycoBank",1.25
"F_MCRBT_BTNC","Microbotryum betonicae","species","accepted","Fungi","Microbotryaceae","MycoBank",1.25
"F_MCRBT_BSTR","Microbotryum bistortarum","species","accepted","Fungi","Microbotryaceae","MycoBank",1.25
"F_MCRBT_BSNC","Microbotryum bosniacum","species","accepted","Fungi","Microbotryaceae","MycoBank",1.25
"F_MCRBT_CLND","Microbotryum calandriniae","species","accepted","Fungi","Microbotryaceae","MycoBank",1.25
"F_MCRBT_NCLA","Microbotryum calandriniicola","species","accepted","Fungi","Microbotryaceae","MycoBank",1.25
"F_MCRBT_CARD","Microbotryum cardui","species","accepted","Fungi","Microbotryaceae","MycoBank",1.25
"F_MCRBT_CPHL","Microbotryum cephalariae","species","accepted","Fungi","Microbotryaceae","MycoBank",1.25
"F_MCRBT_CCHR","Microbotryum cichorii","species","accepted","Fungi","Microbotryaceae","MycoBank",1.25
"F_MCRBT_LNDE","Microbotryum cilinode","species","accepted","Fungi","Microbotryaceae","MycoBank",1.25
"F_MCRBT_CLYT","Microbotryum claytoniae","species","accepted","Fungi","Microbotryaceae","MycoBank",1.25
"F_MCRBT_CORD","Microbotryum cordae","species","accepted","Fungi","Microbotryaceae","MycoBank",1.25
"F_MCRBT_CRNR","Microbotryum coronariae","species","accepted","Fungi","Microbotryaceae","MycoBank",1.25
"F_MCRBT_CRNT","Microbotryum coronatum","species","accepted","Fungi","Microbotryaceae","MycoBank",1.25
"F_MCRBT_DHSC","Microbotryum dehiscens","species","accepted","Fungi","Microbotryaceae","MycoBank",1.25
"F_MCRBT_DNTH","Microbotryum dianthorum","species","accepted","Fungi","Microbotryaceae","MycoBank",1.25
"F_MCRBT_DCLL","Microbotryum ducellieri","species","accepted","Fungi","Microbotryaceae","MycoBank",1.25
"F_MCRBT_DMSM","Microbotryum dumosum","species","accepted","Fungi","Microbotryaceae","MycoBank",1.25
"F_MCRBT_DRNM","Microbotryum duriaeanum","species","accepted","Fungi","Microbotryaceae","MycoBank",1.25
"F_MCRBT_EMDN","Microbotryum emodense","species","accepted","Fungi","Microbotryaceae","MycoBank",1.25
"F_MCRBT_FLMN","Microbotryum filamenticola","species","accepted","Fungi","Microbotryaceae","MycoBank",1.25
"F_MCRBT_FLSC","Microbotryum flosculorum","species","accepted","Fungi","Microbotryaceae","MycoBank",1.25
"F_MCRBT_GSSN","Microbotryum gaussenii","species","accepted","Fungi","Microbotryaceae","MycoBank",1.25
"F_MCRBT_GYPH","Microbotryum gayophyti","species","accepted","Fungi","Microbotryaceae","MycoBank",1.25
"F_MCRBT_GPPR","Microbotryum goeppertianum","species","accepted","Fungi","Microbotryaceae","MycoBank",1.25
"F_MCRBT_HMLN","Microbotryum himalense","species","accepted","Fungi","Microbotryaceae","MycoBank",1.25
"F_MCRBT_HLST","Microbotryum holostei","species","accepted","Fungi","Microbotryaceae","MycoBank",1.25
"F_MCRBT_INTR","Microbotryum intermedium","species","accepted","Fungi","Microbotryaceae","MycoBank",1.25
"F_MCRBT_JHDN","Microbotryum jehudanum","species","accepted","Fungi","Microbotryaceae","MycoBank",1.25
"F_MCRBT_KONG","Microbotryum koenigiae","species","accepted","Fungi","Microbotryaceae","MycoBank",1.25
"F_MCRBT_KHNN","Microbotryum kuehneanum","species","accepted","Fungi","Microbotryaceae","MycoBank",1.25
"F_MCRBT_LGRH","Microbotryum lagerheimii","species","accepted","Fungi","Microbotryaceae","GBIF",1.25
"F_MCRBT_LNGS","Microbotryum longisetum","species","accepted","Fungi","Microbotryaceae","MycoBank",1.25
"F_MCRBT_LYCD","Microbotryum lychnidis-dioicae","species","accepted","Fungi","Microbotryaceae","GBIF",1.25
"F_MCRBT_MAJR","Microbotryum major","species","accepted","Fungi","Microbotryaceae","MycoBank",1.25
"F_MCRBT_MAJS","Microbotryum majus","species","accepted","Fungi","Microbotryaceae","GBIF",1.25
"F_MCRBT_MRGN","Microbotryum marginale","species","accepted","Fungi","Microbotryaceae","MycoBank",1.25
"F_MCRBT_MHRN","Microbotryum moehringiae","species","accepted","Fungi","Microbotryaceae","MycoBank",1.25
"F_MCRBT_MLLR","Microbotryum moelleri","species","accepted","Fungi","Microbotryaceae","MycoBank",1.25
"F_MCRBT_MNCM","Microbotryum moenchiae-manticae","species","accepted","Fungi","Microbotryaceae","GBIF",1.25
"F_MCRBT_MORN","Microbotryum morinae","species","accepted","Fungi","Microbotryaceae","MycoBank",1.25
"F_MCRBT_NNNF","Microbotryum nannfeldtii","species","accepted","Fungi","Microbotryaceae","MycoBank",1.25
"F_MCRBT_NLSN","Microbotryum nelsonianum","species","accepted","Fungi","Microbotryaceae","MycoBank",1.25
"F_MCRBT_NPLN","Microbotryum nepalense","species","accepted","Fungi","Microbotryaceae","MycoBank",1.25
"F_MCRBT_NIVL","Microbotryum nivale","species","accepted","Fungi","Microbotryaceae","MycoBank",1.25
"F_MCRBT_OCRR","Microbotryum ocrearum","species","accepted","Fungi","Microbotryaceae","MycoBank",1.25
"F_MCRBT_ONPR","Microbotryum onopordi","species","accepted","Fungi","Microbotryaceae","MycoBank",1.25
"F_MCRBT_PRLT","Microbotryum parlatorei","species","accepted","Fungi","Microbotryaceae","MycoBank",1.25
"F_MCRBT_PCCM","Microbotryum picaceum","species","accepted","Fungi","Microbotryaceae","MycoBank",1.25
"F_MCRBT_PNGC","Microbotryum pinguiculae","species","accepted","Fungi","Microbotryaceae","MycoBank",1.25
"F_MCRBT_PIPR","Microbotryum piperi","species","accepted","Fungi","Microbotryaceae","MycoBank",1.25
"F_MCRBT_PLYA","Microbotryum polygoni-alati","species","accepted","Fungi","Microbotryaceae","GBIF",1.25
"F_MCRBT_PRML","Microbotryum primulae","species","accepted","Fungi","Microbotryaceae","MycoBank",1.25
"F_MCRBT_PRST","Microbotryum prostratum","species","accepted","Fungi","Microbotryaceae","MycoBank",1.25
"F_MCRBT_PSTL","Microbotryum pustulatum","species","accepted","Fungi","Microbotryaceae","MycoBank",1.25
"F_MCRBT_RDNS","Microbotryum radians","species","accepted","Fungi","Microbotryaceae","MycoBank",1.25
"F_MCRBT_RTCL","Microbotryum reticulatum","species","accepted","Fungi","Microbotryaceae","MycoBank",1.25
"F_MCRBT_RHEI","Microbotryum rhei","species","accepted","Fungi","Microbotryaceae","MycoBank",1.25
"F_MCRBT_SALV","Microbotryum salviae","species","accepted","Fungi","Microbotryaceae","MycoBank",1.25
"F_MCRBT_SPNR","Microbotryum saponariae","species","accepted","Fungi","Microbotryaceae","GBIF",1.25
"F_MCRBT_SCBS","Microbotryum scabiosae","species","accepted","Fungi","Microbotryaceae","MycoBank",1.25
"F_MCRBT_SCLY","Microbotryum scolymi","species","accepted","Fungi","Microbotryaceae","MycoBank",1.25
"F_MCRBT_SCRZ","Microbotryum scorzonerae","species","accepted","Fungi","Microbotryaceae","MycoBank",1.25
"F_MCRBT_SHST","Microbotryum shastense","species","accepted","Fungi","Microbotryaceae","MycoBank",1.25
"F_MCRBT_SLNI","Microbotryum silenes-inflatae","species","accepted","Fungi","Microbotryaceae","GBIF",1.25
"F_MCRBT_STLL","Microbotryum stellariae","species","accepted","Fungi","Microbotryaceae","MycoBank",1.25
"F_MCRBT_STWR","Microbotryum stewartii","species","accepted","Fungi","Microbotryaceae","MycoBank",1.25
"F_MCRBT_STYG","Microbotryum stygium","species","accepted","Fungi","Microbotryaceae","MycoBank",1.25
"F_MCRBT_SCCS","Microbotryum succisae","species","accepted","Fungi","Microbotryaceae","MycoBank",1.25
"F_MCRBT_SPRB","Microbotryum superbum","species","accepted","Fungi","Microbotryaceae","MycoBank",1.25
"F_MCRBT_TNSP","Microbotryum tenuisporum","species","accepted","Fungi","Microbotryaceae","MycoBank",1.25
"F_MCRBT_TOVR","Microbotryum tovarae","species","accepted","Fungi","Microbotryaceae","MycoBank",1.25
"F_MCRBT_TRGP","Microbotryum tragopogonis-pratensis","species","accepted","Fungi","Microbotryaceae","MycoBank",1.25
"F_MCRBT_TBRC","Microbotryum tuberculiforme","species","accepted","Fungi","Microbotryaceae","MycoBank",1.25
"F_MCRBT_TMFR","Microbotryum tumeforme","species","accepted","Fungi","Microbotryaceae","MycoBank",1.25
"F_MCRBT_VNSM","Microbotryum vinosum","species","accepted","Fungi","Microbotryaceae","GBIF",1.25
"F_MCRBT_VLCR","Microbotryum violaceoirregulare","species","accepted","Fungi","Microbotryaceae","MycoBank",1.25
"F_MCRBT_VLCV","Microbotryum violaceoverrucosum","species","accepted","Fungi","Microbotryaceae","MycoBank",1.25
"F_MCRBT_VLCM","Microbotryum violaceum","species","accepted","Fungi","Microbotryaceae","MycoBank",1.25
"F_MCRBT_WRMN","Microbotryum warmingii","species","accepted","Fungi","Microbotryaceae","MycoBank",1.25
"F_MCRCR_CCCP","Microcera coccophila","species","accepted","Fungi","Nectriaceae","MycoBank",1.25
"F_MCRCR_DIPL","Microcera diploa","species","accepted","Fungi","Nectriaceae","MycoBank",1.25
"F_MCRCR_LRVR","Microcera larvarum","species","accepted","Fungi","Nectriaceae","MycoBank",1.25
"F_MCRCR_TSMN","Microcera tasmaniensis","species","accepted","Fungi","Nectriaceae","MycoBank",1.25
"F_MDBLS_NDSS","Microconidiobolus nodosus","species","accepted","Fungi","Microconidiobolaceae","MycoBank",1.25
"F_MDBLS_PALS","Microconidiobolus paulus","species","accepted","Fungi","Microconidiobolaceae","MycoBank",1.25
"F_MDBLS_TRRS","Microconidiobolus terrestris","species","accepted","Fungi","Microconidiobolaceae","MycoBank",1.25
"F_MCRDP_HSCK","Microdiplodia hosackiae","species","accepted","Fungi","Botryosphaeriaceae","MycoBank",1.25
"F_MCRDS_AMRC","Microdiscus americanus","species","accepted","Fungi","","GBIF",1.25
"F_MCRDC_BLLY","Microdochium bolleyi","species","accepted","Fungi","Microdochiaceae","MycoBank",1.25
"F_MCRDC_INTR","Microdochium intermedium","species","accepted","Fungi","Microdochiaceae","MycoBank",1.25
"F_MCRDC_MAJS","Microdochium majus","species","accepted","Fungi","Microdochiaceae","GBIF",1.25
"F_MCRDC_NIVL","Microdochium nivale","species","accepted","Fungi","Microdochiaceae","MycoBank",1.25
"F_MCRDC_STVR","Microdochium stoveri","species","accepted","Fungi","Microdochiaceae","MycoBank",1.25
"F_MCRSPH_GLMR","Microsphaeropsis glumarum","species","accepted","Fungi","Microsphaeropsidaceae","MycoBank",1.25
"F_MRMYCS_BLMF","Microsporomyces bloemfonteinensis","species","accepted","Fungi","Microsporomycetaceae","MycoBank",1.25
"F_MRMYCS_MGNS","Microsporomyces magnisporus","species","accepted","Fungi","Microsporomycetaceae","MycoBank",1.25
"F_MRMYCS_ORNT","Microsporomyces orientalis","species","accepted","Fungi","Microsporomycetaceae","MycoBank",1.25
"F_MRMYCS_PINI","Microsporomyces pini","species","accepted","Fungi","Microsporomycetaceae","MycoBank",1.25
"F_MCRSP_HDLG","Microsporum hidalgoense","species","accepted","Fungi","Arthrodermataceae","MycoBank",1.25
"F_MTRMA_BCRM","Microstroma bacarum","species","accepted","Fungi","Microstromataceae","GBIF",1.25
"F_MTRMA_PHYL","Microstroma phylloplanum","species","accepted","Fungi","Microstromataceae","MycoBank",1.25
"F_MTHCM_MRCH","Microthecium marchicum","species","accepted","Fungi","Ceratostomataceae","MycoBank",1.25
"F_MDDLH_PTRH","Middelhovenomyces petrohuensis","species","accepted","Fungi","Dipodascaceae","MycoBank",1.25
"F_MDDLH_TEPA","Middelhovenomyces tepae","species","accepted","Fungi","Dipodascaceae","MycoBank",1.25
"F_MNTLL_TRDC","Minutiella tardicola","species","accepted","Fungi","Celotheliaceae","MycoBank",1.25
"F_MIURA_PRSC","Miuraea persicae","species","accepted","Fungi","Mycosphaerellaceae","MycoBank",1.25
"F_MSZMY_ANTR","Moesziomyces antarcticus","species","accepted","Fungi","Ustilaginaceae","MycoBank",1.25
"F_MSZMY_BLLT","Moesziomyces bullatus","species","accepted","Fungi","Ustilaginaceae","MycoBank",1.25
"F_MSZMY_RGLS","Moesziomyces rugulosus","species","accepted","Fungi","Ustilaginaceae","GBIF",1.25
"F_MSZMY_VRRC","Moesziomyces verrucosus","species","accepted","Fungi","Ustilaginaceae","MycoBank",1.25
"F_MNSCS_ERMP","Monascus eremophilus","species","accepted","Fungi","Aspergillaceae","GBIF",1.25
"F_MNSCS_RUBR","Monascus ruber","species","accepted","Fungi","Aspergillaceae","MycoBank",1.25
"F_MONIL_ACCR","Monilia accraensis","species","accepted","Fungi","Sclerotiniaceae","MycoBank",1.25
"F_MONIL_CAOI","Monilia caoi","species","synonym","Fungi","Sclerotiniaceae","MycoBank",1.25
"F_MONIL_CHLM","Monilia chalmersii","species","accepted","Fungi","Sclerotiniaceae","MycoBank",1.25
"F_MONIL_CRNL","Monilia cornealis","species","synonym","Fungi","Sclerotiniaceae","MycoBank",1.25
"F_MONIL_ELLP","Monilia ellipsoidea","species","accepted","Fungi","Sclerotiniaceae","MycoBank",1.25
"F_MONIL_ELNG","Monilia elongata","species","synonym","Fungi","Sclerotiniaceae","MycoBank",1.25
"F_MONIL_LNDN","Monilia londinensis","species","accepted","Fungi","Sclerotiniaceae","MycoBank",1.25
"F_MONIL_MUIS","Monilia muisa","species","synonym","Fungi","Sclerotiniaceae","MycoBank",1.25
"F_MONIL_NITD","Monilia nitida","species","synonym","Fungi","Sclerotiniaceae","MycoBank",1.25
"F_MONIL_PERR","Monilia perieri","species","synonym","Fungi","Sclerotiniaceae","MycoBank",1.25
"F_MONIL_LMNA","Monilia pulmonea","species","synonym","Fungi","Sclerotiniaceae","MycoBank",1.25
"F_MONIL_RHOI","Monilia rhoi","species","synonym","Fungi","Sclerotiniaceae","MycoBank",1.25
"F_MONIL_SKRN","Monilia sakuranei","species","synonym","Fungi","Sclerotiniaceae","MycoBank",1.25
"F_MONIL_SPTC","Monilia sputicola","species","accepted","Fungi","Sclerotiniaceae","MycoBank",1.25
"F_MONIL_ZYLN","Monilia zeylanica","species","accepted","Fungi","Sclerotiniaceae","MycoBank",1.25
"F_MNHYD_FSGR","Monohydropisphaera fusigera","species","accepted","Fungi","Bionectriaceae","MycoBank",1.25
"F_MNSPRM_SPDN","Monosporium sepedonioides","species","accepted","Fungi","","MycoBank",1.25
"F_MZYMA_AERB","Monosporozyma aerobia","species","accepted","Fungi","Saccharomycetaceae","MycoBank",1.25
"F_MZYMA_AQTC","Monosporozyma aquatica","species","accepted","Fungi","Saccharomycetaceae","MycoBank",1.25
"F_MZYMA_CHRY","Monosporozyma chrysolinae","species","accepted","Fungi","Saccharomycetaceae","MycoBank",1.25
"F_MZYMA_SRVZ","Monosporozyma servazzii","species","accepted","Fungi","Saccharomycetaceae","MycoBank",1.25
"F_MZYMA_SLCL","Monosporozyma solicola","species","accepted","Fungi","Saccharomycetaceae","MycoBank",1.25
"F_MZYMA_UNSP","Monosporozyma unispora","species","accepted","Fungi","Saccharomycetaceae","MycoBank",1.25
"F_MZYMA_YSNN","Monosporozyma yasuniensis","species","accepted","Fungi","Saccharomycetaceae","MycoBank",1.25
"F_MRTRL_IRRG","Mortierella irregularispora","species","accepted","Fungi","Mortierellaceae","GBIF",1.25
"F_MRAKI_AQTC","Mrakia aquatica","species","accepted","Fungi","Mrakiaceae","GBIF",1.25
"F_MRAKI_FRGD","Mrakia frigida","species","accepted","Fungi","Mrakiaceae","GBIF",1.25
"F_MRKLL_AQTC","Mrakiella aquatica","species","accepted","Fungi","","MycoBank",1.25
"F_MUCOR_ALBC","Mucor albicolonius","species","accepted","Fungi","Mucoraceae","MycoBank",1.25
"F_MUCOR_ANGL","Mucor angulisporus","species","synonym","Fungi","Mucoraceae","GBIF",1.25
"F_MUCOR_ARNT","Mucor aurantiacus","species","accepted","Fungi","Mucoraceae","MycoBank",1.25
"F_MUCOR_RNTS","Mucor aurantius","species","synonym","Fungi","Mucoraceae","GBIF",1.25
"F_MUCOR_CRRD","Mucor cerradoensis","species","accepted","Fungi","Mucoraceae","MycoBank",1.25
"F_MUCOR_PTSS","Mucor cespitosus","species","synonym","Fungi","Mucoraceae","GBIF",1.25
"F_MUCOR_CRYP","Mucor cryophilus","species","accepted","Fungi","Mucoraceae","MycoBank",1.25
"F_MUCOR_DLMR","Mucor delemar","species","synonym","Fungi","Mucoraceae","GBIF",1.25
"F_MUCOR_FNCL","Mucor foenicola","species","accepted","Fungi","Mucoraceae","GBIF",1.25
"F_MUCOR_FULVS","Mucor fulvus","species","synonym","Fungi","Mucoraceae","GBIF",1.25
"F_MUCOR_GRMN","Mucor germinans","species","accepted","Fungi","Mucoraceae","MycoBank",1.25
"F_MUCOR_HMSP","Mucor hemisphaericus","species","accepted","Fungi","Mucoraceae","GBIF",1.25
"F_MUCOR_INDS","Mucor indicae-seudaticae","species","synonym","Fungi","Mucoraceae","GBIF",1.25
"F_MUCOR_SSNI","Mucor jansseni","species","synonym","Fungi","Mucoraceae","GBIF",1.25
"F_MUCOR_MYCN","Mucor mycenae","species","synonym","Fungi","Mucoraceae","GBIF",1.25
"F_MUCOR_OVALS","Mucor ovalis","species","accepted","Fungi","Mucoraceae","GBIF",1.25
"F_MUCOR_PRRN","Mucor paraorantomantidis","species","accepted","Fungi","Mucoraceae","MycoBank",1.25
"F_MUCOR_PHYC","Mucor phycomyces","species","synonym","Fungi","Mucoraceae","GBIF",1.25
"F_MUCOR_RHMB","Mucor rhombosporus","species","synonym","Fungi","Mucoraceae","GBIF",1.25
"F_MUCOR_SHRM","Mucor shermaniae","species","accepted","Fungi","Mucoraceae","MycoBank",1.25
"F_MUCOR_SOLI","Mucor soli","species","accepted","Fungi","Mucoraceae","MycoBank",1.25
"F_MUCOR_HZDS","Mucor thermorhizoides","species","accepted","Fungi","Mucoraceae","MycoBank",1.25
"F_MUCOR_TMMN","Mucor timomeni","species","accepted","Fungi","Mucoraceae","MycoBank",1.25
"F_MUCOR_VRSPR","Mucor variisporus","species","synonym","Fungi","Mucoraceae","GBIF",1.25
"F_MCRTS_CMBR","Mucorites combrensis","species","accepted","Fungi","","MycoBank",1.25
"F_MSNNS_TCTN","Musananaesporium tectonae","species","accepted","Fungi","Bionectriaceae","MycoBank",1.25
"F_MSCLL_THBR","Musicillium theobromae","species","accepted","Fungi","Trichosphaeriaceae","MycoBank",1.25
"F_MUSDM_STRM","Musidium stromaticum","species","accepted","Fungi","Trichosphaeriaceae","MycoBank",1.25
"F_MYCLPH_FRGS","Myceliophthora fergusii","species","accepted","Fungi","Chaetomiaceae","GBIF",1.25
"F_MYCLPH_LUTE","Myceliophthora lutea","species","accepted","Fungi","Chaetomiaceae","MycoBank",1.25
"F_MYCOC_LIVD","Mycoacia livida","species","accepted","Fungi","Meruliaceae","GBIF",1.25
"F_MYCCT_CCCC","Mycocitrus coccicola","species","accepted","Fungi","Bionectriaceae","MycoBank",1.25
"F_MYCCT_ZNTS","Mycocitrus zonatus","species","accepted","Fungi","Bionectriaceae","MycoBank",1.25
"F_MCLDS_VRTC","Mycocladus verticillatus","species","accepted","Fungi","Mycocladaceae","MycoBank",1.25
"F_MYCDR_BRCN","Mycoderma brocianum","species","accepted","Fungi","","MycoBank",1.25
"F_MYCDR_CAOI","Mycoderma caoi","species","accepted","Fungi","","MycoBank",1.25
"F_MYCDR_DMBR","Mycoderma dombrayi","species","accepted","Fungi","","MycoBank",1.25
"F_MYCDR_MLTF","Mycoderma multifermentans","species","accepted","Fungi","","MycoBank",1.25
"F_MYCDR_NOBL","Mycoderma nobile","species","accepted","Fungi","","MycoBank",1.25
"F_MYCDR_SKRN","Mycoderma sakuranei","species","accepted","Fungi","","MycoBank",1.25
"F_MCGLA_MCRS","Mycogloea macrospora","species","accepted","Fungi","Spiculogloeaceae","MycoBank",1.25
"F_MCGLA_ORTH","Mycogloea orthospora","species","accepted","Fungi","Spiculogloeaceae","MycoBank",1.25
"F_MYCSR_BRQT","Mycosarcoma bouriquetii","species","accepted","Fungi","Ustilaginaceae","GBIF",1.25
"F_MYCSR_MYDS","Mycosarcoma maydis","species","accepted","Fungi","Ustilaginaceae","GBIF",1.25
"F_MYCSP_BRKL","Mycosphaerella berkeleyi","species","accepted","Fungi","Mycosphaerellaceae","GBIF",1.25
"F_MYCSP_CHMP","Mycosphaerella chimaphilae","species","accepted","Fungi","Mycosphaerellaceae","GBIF",1.25
"F_MYCSP_DNTH","Mycosphaerella dianthi","species","accepted","Fungi","Mycosphaerellaceae","GBIF",1.25
"F_MYCSP_MCLF","Mycosphaerella maculiformis","species","accepted","Fungi","Mycosphaerellaceae","GBIF",1.25
"F_MYCSP_PLYG","Mycosphaerella polygramma","species","accepted","Fungi","Mycosphaerellaceae","MycoBank",1.25
"F_MYCSP_POMI","Mycosphaerella pomi","species","accepted","Fungi","Mycosphaerellaceae","GBIF",1.25
"F_MYCSP_PRNP","Mycosphaerella pruni-persicae","species","accepted","Fungi","Mycosphaerellaceae","GBIF",1.25
"F_MYCSP_TSSN","Mycosphaerella tassiana","species","accepted","Fungi","Mycosphaerellaceae","GBIF",1.25
"F_MYCSY_CISS","Mycosyrinx cissi","species","accepted","Fungi","Mycosyringaceae","MycoBank",1.25
"F_MYCTH_THRM","Mycothermus thermophilus","species","accepted","Fungi","Chaetomiaceae","GBIF",1.25
"F_MYCTR_RBSC","Mycotorula rubescens","species","accepted","Fungi","","MycoBank",1.25
"F_MYCVL_BLLY","Mycovellosiella bellynckii","species","accepted","Fungi","Mycosphaerellaceae","GBIF",1.25
"F_MYDNS_OLVC","Mydonosporium olivaceum","species","accepted","Fungi","Davidiellaceae","MycoBank",1.25
"F_MYRMC_SCHL","Myrmecridium schulzeri","species","accepted","Fungi","Myrmecridiaceae","MycoBank",1.25
"F_MYSTR_HSPD","Mystrosporium hispidum","species","accepted","Fungi","","MycoBank",1.25
"F_MYXRM_CNNM","Myxarium cinnamomescens","species","accepted","Fungi","Exidiaceae","GBIF",1.25
"F_MYXRM_GRLL","Myxarium grilletii","species","accepted","Fungi","Exidiaceae","MycoBank",1.25
"F_MYXRM_HYLN","Myxarium hyalinum","species","accepted","Fungi","Exidiaceae","MycoBank",1.25
"F_MYXRM_MNTS","Myxarium minutissimum","species","accepted","Fungi","Exidiaceae","GBIF",1.25
"F_MYXRM_NCLT","Myxarium nucleatum","species","accepted","Fungi","Exidiaceae","GBIF",1.25
"F_MYXRM_PPLN","Myxarium populinum","species","accepted","Fungi","Exidiaceae","GBIF",1.25
"F_MYXSP_CSTG","Myxosporium castagnei","species","accepted","Fungi","Diatrypaceae","MycoBank",1.25
"F_MYXSP_STLL","Myxosporium stillatum","species","accepted","Fungi","Diatrypaceae","MycoBank",1.25
"F_MYXTR_CRCN","Myxotrichum circinatum","species","accepted","Fungi","Myxotrichaceae","MycoBank",1.25
"F_MYXTR_FLVR","Myxotrichum flavoroseum","species","accepted","Fungi","Myxotrichaceae","MycoBank",1.25
"F_MYXZY_MLBS","Myxozyma melibiosi","species","accepted","Fungi","Lipomycetaceae","MycoBank",1.25
"F_MYXZY_MCLG","Myxozyma mucilagina","species","accepted","Fungi","Lipomycetaceae","MycoBank",1.25
"F_NDSNL_NIGR","Nadsoniella nigra","species","accepted","Fungi","Herpotrichiellaceae","GBIF",1.25
"F_NAMSPR_TLRS","Naemaspora tularostoma","species","accepted","Fungi","Lasiosphaeriaceae","MycoBank",1.25
"F_NGNSH_ADLN","Naganishia adeliensis","species","accepted","Fungi","Filobasidiaceae","MycoBank",1.25
"F_NGNSH_ALBD","Naganishia albida","species","accepted","Fungi","Filobasidiaceae","MycoBank",1.25
"F_NGNSH_SMLS","Naganishia albidosimilis","species","accepted","Fungi","Filobasidiaceae","MycoBank",1.25
"F_NGNSH_ANTR","Naganishia antarctica","species","accepted","Fungi","Filobasidiaceae","MycoBank",1.25
"F_NGNSH_BHTN","Naganishia bhutanensis","species","accepted","Fungi","Filobasidiaceae","MycoBank",1.25
"F_NGNSH_CRLS","Naganishia cerealis","species","accepted","Fungi","Filobasidiaceae","MycoBank",1.25
"F_NGNSH_FRDM","Naganishia friedmannii","species","accepted","Fungi","Filobasidiaceae","MycoBank",1.25
"F_NGNSH_GLBS","Naganishia globosa","species","accepted","Fungi","Filobasidiaceae","MycoBank",1.25
"F_NGNSH_LQFC","Naganishia liquefaciens","species","accepted","Fungi","Filobasidiaceae","MycoBank",1.25
"F_NGNSH_RNDH","Naganishia randhawae","species","accepted","Fungi","Filobasidiaceae","MycoBank",1.25
"F_NGNSH_UZBK","Naganishia uzbekistanensis","species","accepted","Fungi","Filobasidiaceae","MycoBank",1.25
"F_NGNSH_VSHN","Naganishia vishniacii","species","accepted","Fungi","Filobasidiaceae","MycoBank",1.25
"F_NKSMY_BCLL","Nakaseomyces bacillisporus","species","synonym","Fungi","Saccharomycetaceae","MycoBank",1.25
"F_NKSMY_BRCR","Nakaseomyces bracarensis","species","accepted","Fungi","Saccharomycetaceae","MycoBank",1.25
"F_NKSMY_CSTL","Nakaseomyces castellii","species","synonym","Fungi","Saccharomycetaceae","MycoBank",1.25
"F_NKSMY_DLPH","Nakaseomyces delphensis","species","accepted","Fungi","Saccharomycetaceae","MycoBank",1.25
"F_NKSMY_KNGK","Nakaseomyces kungkrabaensis","species","accepted","Fungi","Saccharomycetaceae","MycoBank",1.25
"F_NKSMY_NVRN","Nakaseomyces nivariensis","species","accepted","Fungi","Saccharomycetaceae","MycoBank",1.25
"F_NKSMY_UTHT","Nakaseomyces uthaithaninus","species","accepted","Fungi","Saccharomycetaceae","MycoBank",1.25
"F_NAKAT_ORYZ","Nakataea oryzae","species","accepted","Fungi","Magnaporthaceae","MycoBank",1.25
"F_NLNTH_DSPY","Nalanthamala diospyri","species","accepted","Fungi","Nectriaceae","MycoBank",1.25
"F_NLNTH_OLVC","Nalanthamala olivacea","species","accepted","Fungi","Nectriaceae","MycoBank",1.25
"F_NLNTH_VRMS","Nalanthamala vermoesenii","species","accepted","Fungi","Nectriaceae","MycoBank",1.25
"F_NZPSS_GURR","Nannizziopsis guarroi","species","accepted","Fungi","Nannizziopsidaceae","MycoBank",1.25
"F_NAUMV_CSTL","Naumovia castellii","species","accepted","Fungi","","MycoBank",1.25
"F_NAUMV_DRNN","Naumovia dairenensis","species","accepted","Fungi","","MycoBank",1.25
"F_NMVZY_CSTL","Naumovozyma castellii","species","accepted","Fungi","Saccharomycetaceae","GBIF",1.25
"F_NMVZY_DRNN","Naumovozyma dairenensis","species","accepted","Fungi","Saccharomycetaceae","GBIF",1.25
"F_NCRMR_DCHT","Necromortierella dichotoma","species","accepted","Fungi","Mortierellaceae","MycoBank",1.25
"F_NECTR_ALBR","Nectria albertinii","species","synonym","Fungi","Nectriaceae","GBIF",1.25
"F_NECTR_ALRTD","Nectria aleuritidia","species","accepted","Fungi","Nectriaceae","GBIF",1.25
"F_NECTR_DSMZR","Nectria desmazieresii","species","synonym","Fungi","Nectriaceae","GBIF",1.25
"F_NECTR_TGMA","Nectria erythrostigma","species","synonym","Fungi","Nectriaceae","GBIF",1.25
"F_NECTR_FSFR","Nectria fusiformispora","species","accepted","Fungi","Nectriaceae","MycoBank",1.25
"F_NECTR_HYPCR","Nectria hypocreaeformis","species","accepted","Fungi","Nectriaceae","MycoBank",1.25
"F_NECTR_IGNI","Nectria ignia","species","synonym","Fungi","Nectriaceae","GBIF",1.25
"F_NECTR_KIXI","Nectria kixiae","species","accepted","Fungi","Nectriaceae","GBIF",1.25
"F_NECTR_PSDG","Nectria pseudograminicola","species","synonym","Fungi","Nectriaceae","GBIF",1.25
"F_NECTR_TNSP","Nectria tenuispora","species","synonym","Fungi","Nectriaceae","GBIF",1.25
"F_NCTRC_VTCL","Nectricladiella viticola","species","accepted","Fungi","Nectriaceae","MycoBank",1.25
"F_NCTRL_BLXM","Nectriella bloxamii","species","accepted","Fungi","Bionectriaceae","MycoBank",1.25
"F_NCTRL_CHRY","Nectriella chrysites","species","accepted","Fungi","Bionectriaceae","MycoBank",1.25
"F_NCTRL_DCRY","Nectriella dacrymycella","species","accepted","Fungi","Bionectriaceae","MycoBank",1.25
"F_NCTRL_GALI","Nectriella galii","species","accepted","Fungi","Bionectriaceae","MycoBank",1.25
"F_NCTRL_LUTL","Nectriella luteola","species","accepted","Fungi","Bionectriaceae","MycoBank",1.25
"F_NCTRL_MCRS","Nectriella microspora","species","accepted","Fungi","Bionectriaceae","MycoBank",1.25
"F_NCTRL_PLDS","Nectriella paludosa","species","accepted","Fungi","Bionectriaceae","MycoBank",1.25
"F_NCTRL_THJN","Nectriella thujana","species","accepted","Fungi","Bionectriaceae","MycoBank",1.25
"F_NCTRP_CNDC","Nectriopsis candicans","species","accepted","Fungi","Bionectriaceae","MycoBank",1.25
"F_NCTRP_DSCC","Nectriopsis discicola","species","accepted","Fungi","Bionectriaceae","MycoBank",1.25
"F_NCTRP_DSCP","Nectriopsis discophila","species","accepted","Fungi","Bionectriaceae","MycoBank",1.25
"F_NCTRP_INDG","Nectriopsis indigens","species","accepted","Fungi","Bionectriaceae","MycoBank",1.25
"F_NCTRP_LNDN","Nectriopsis lindauiana","species","accepted","Fungi","Bionectriaceae","MycoBank",1.25
"F_NCTRP_MCRS","Nectriopsis microspora","species","accepted","Fungi","Bionectriaceae","MycoBank",1.25
"F_NCTRP_ORPN","Nectriopsis oropensoides","species","accepted","Fungi","Bionectriaceae","MycoBank",1.25
"F_NCTRP_PRPS","Nectriopsis perpusilla","species","accepted","Fungi","Bionectriaceae","MycoBank",1.25
"F_NCTRP_REXN","Nectriopsis rexiana","species","accepted","Fungi","Bionectriaceae","MycoBank",1.25
"F_NCTRP_SPRN","Nectriopsis sporangiicola","species","accepted","Fungi","Bionectriaceae","MycoBank",1.25
"F_NCTRP_SQML","Nectriopsis squamulosa","species","accepted","Fungi","Bionectriaceae","MycoBank",1.25
"F_NCTRP_VILC","Nectriopsis violacea","species","accepted","Fungi","Bionectriaceae","MycoBank",1.25
"F_NMTGN_FRRG","Nematogonum ferrugineum","species","accepted","Fungi","","MycoBank",1.25
"F_NMTGR_HPPT","Nematographium hippotrichoides","species","accepted","Fungi","","MycoBank",1.25
"F_NMTGR_LCPH","Nematographium leucophlaeum","species","accepted","Fungi","","MycoBank",1.25
"F_NMTGR_SCCR","Nematographium saccardoi","species","accepted","Fungi","","MycoBank",1.25
"F_NMTGR_STLB","Nematographium stilboideum","species","accepted","Fungi","","MycoBank",1.25
"F_NMTGR_STRC","Nematographium strictum","species","accepted","Fungi","","MycoBank",1.25
"F_NCRMN_MNTS","Neoacremonium minutisporum","species","accepted","Fungi","Neoacremoniaceae","MycoBank",1.25
"F_NCRMN_VTLL","Neoacremonium vitellinum","species","accepted","Fungi","Neoacremoniaceae","MycoBank",1.25
"F_NCRDN_HYDN","Neoacrodontium hydnicola","species","accepted","Fungi","Amplistromataceae","MycoBank",1.25
"F_NSCCH_PSPL","Neoascochyta paspali","species","accepted","Fungi","Didymellaceae","MycoBank",1.25
"F_NEBRY_AGRC","Neobarya agaricicola","species","accepted","Fungi","Clavicipitaceae","MycoBank",1.25
"F_NBLGR_KNNG","Neobulgaria koningiana","species","accepted","Fungi","Gelatinodiscaceae","MycoBank",1.25
"F_NCMRS_BETA","Neocamarosporium betae","species","accepted","Fungi","Neocamarosporiaceae","MycoBank",1.25
"F_NCRPN_ACNT","Neocarpenteles acanthosporum","species","accepted","Fungi","Aspergillaceae","GBIF",1.25
"F_NCLYP_CLTR","Neoclypeosphaerella calotropidis","species","accepted","Fungi","Mycosphaerellaceae","MycoBank",1.25
"F_NCNDB_COCH","Neoconidiobolus couchii","species","accepted","Fungi","Neoconidiobolaceae","MycoBank",1.25
"F_NCNDB_LCHN","Neoconidiobolus lachnodes","species","accepted","Fungi","Neoconidiobolaceae","MycoBank",1.25
"F_NCNDB_LMPR","Neoconidiobolus lamprauges","species","accepted","Fungi","Neoconidiobolaceae","MycoBank",1.25
"F_NCNDB_MRBL","Neoconidiobolus mirabilis","species","accepted","Fungi","Neoconidiobolaceae","MycoBank",1.25
"F_NCNDB_NNDS","Neoconidiobolus nanodes","species","accepted","Fungi","Neoconidiobolaceae","MycoBank",1.25
"F_NCNDB_OSMD","Neoconidiobolus osmodes","species","accepted","Fungi","Neoconidiobolaceae","MycoBank",1.25
"F_NCNDB_PCHY","Neoconidiobolus pachyzygosporus","species","accepted","Fungi","Neoconidiobolaceae","MycoBank",1.25
"F_NCNDB_SNNS","Neoconidiobolus sinensis","species","accepted","Fungi","Neoconidiobolaceae","MycoBank",1.25
"F_NCNDB_STLB","Neoconidiobolus stilbeus","species","accepted","Fungi","Neoconidiobolaceae","MycoBank",1.25
"F_NCNDB_STRM","Neoconidiobolus stromoideus","species","accepted","Fungi","Neoconidiobolaceae","MycoBank",1.25
"F_NCNDB_THRM","Neoconidiobolus thromboides","species","accepted","Fungi","Neoconidiobolaceae","MycoBank",1.25
"F_NCNTHY_MLTP","Neoconiothyrium multiporum","species","accepted","Fungi","Coniothyriaceae","MycoBank",1.25
"F_NCSMS_ACTS","Neocosmospora acutispora","species","accepted","Fungi","Nectriaceae","MycoBank",1.25
"F_NCSMS_ADDN","Neocosmospora addoensis","species","accepted","Fungi","Nectriaceae","MycoBank",1.25
"F_NCSMS_AFRC","Neocosmospora africana","species","synonym","Fungi","Nectriaceae","MycoBank",1.25
"F_NCSMS_AKAS","Neocosmospora akasia","species","accepted","Fungi","Nectriaceae","MycoBank",1.25
"F_NCSMS_ALBF","Neocosmospora alboflava","species","accepted","Fungi","Nectriaceae","MycoBank",1.25
"F_NCSMS_AMBR","Neocosmospora ambrosia","species","accepted","Fungi","Nectriaceae","MycoBank",1.25
"F_NCSMS_AMPL","Neocosmospora ampla","species","accepted","Fungi","Nectriaceae","MycoBank",1.25
"F_NCSMS_ANHN","Neocosmospora anhuiensis","species","accepted","Fungi","Nectriaceae","MycoBank",1.25
"F_NCSMS_AQTC","Neocosmospora aquatica","species","accepted","Fungi","Nectriaceae","MycoBank",1.25
"F_NCSMS_ARXI","Neocosmospora arxii","species","synonym","Fungi","Nectriaceae","MycoBank",1.25
"F_NCSMS_ARNT","Neocosmospora aurantia","species","accepted","Fungi","Nectriaceae","MycoBank",1.25
"F_NCSMS_ASTR","Neocosmospora australiana","species","accepted","Fungi","Nectriaceae","MycoBank",1.25
"F_NCSMS_CFCA","Neocosmospora australpacifica","species","accepted","Fungi","Nectriaceae","MycoBank",1.25
"F_NCSMS_AWAN","Neocosmospora awan","species","accepted","Fungi","Nectriaceae","MycoBank",1.25
"F_NCSMS_BTTC","Neocosmospora bataticola","species","accepted","Fungi","Nectriaceae","MycoBank",1.25
"F_NCSMS_BMNS","Neocosmospora bomiensis","species","synonym","Fungi","Nectriaceae","MycoBank",1.25
"F_NCSMS_BNNN","Neocosmospora boninensis","species","synonym","Fungi","Nectriaceae","MycoBank",1.25
"F_NCSMS_BOTH","Neocosmospora boothiae","species","accepted","Fungi","Nectriaceae","MycoBank",1.25
"F_NCSMS_BRNN","Neocosmospora borneensis","species","accepted","Fungi","Nectriaceae","MycoBank",1.25
"F_NCSMS_BSTR","Neocosmospora bostrycoides","species","accepted","Fungi","Nectriaceae","MycoBank",1.25
"F_NCSMS_BRVC","Neocosmospora brevicona","species","accepted","Fungi","Nectriaceae","MycoBank",1.25
"F_NCSMS_BRVS","Neocosmospora brevis","species","accepted","Fungi","Nectriaceae","MycoBank",1.25
"F_NCSMS_CARC","Neocosmospora caricae","species","accepted","Fungi","Nectriaceae","MycoBank",1.25
"F_NCSMS_CTNT","Neocosmospora catenata","species","accepted","Fungi","Nectriaceae","MycoBank",1.25
"F_NCSMS_CTRC","Neocosmospora citricola","species","accepted","Fungi","Nectriaceae","MycoBank",1.25
"F_NCSMS_CRSS","Neocosmospora crassa","species","accepted","Fungi","Nectriaceae","MycoBank",1.25
"F_NCSMS_CROC","Neocosmospora croci","species","synonym","Fungi","Nectriaceae","MycoBank",1.25
"F_NCSMS_CRYP","Neocosmospora cryptoseptata","species","accepted","Fungi","Nectriaceae","MycoBank",1.25
"F_NCSMS_CCRB","Neocosmospora cucurbitae","species","accepted","Fungi","Nectriaceae","MycoBank",1.25
"F_NCSMS_CYNS","Neocosmospora cyanescens","species","accepted","Fungi","Nectriaceae","MycoBank",1.25
"F_NCSMS_DMNT","Neocosmospora diminuta","species","accepted","Fungi","Nectriaceae","MycoBank",1.25
"F_NCSMS_DMRP","Neocosmospora dimorpha","species","accepted","Fungi","Nectriaceae","MycoBank",1.25
"F_NCSMS_DPRT","Neocosmospora diparietispora","species","synonym","Fungi","Nectriaceae","MycoBank",1.25
"F_NCSMS_DRPN","Neocosmospora drepaniformis","species","accepted","Fungi","Nectriaceae","MycoBank",1.25
"F_NCSMS_DPLS","Neocosmospora duplosperma","species","accepted","Fungi","Nectriaceae","MycoBank",1.25
"F_NCSMS_ESLY","Neocosmospora easleyae","species","accepted","Fungi","Nectriaceae","MycoBank",1.25
"F_NCSMS_ELGN","Neocosmospora elegans","species","accepted","Fungi","Nectriaceae","MycoBank",1.25
"F_NCSMS_ENDP","Neocosmospora endophytica","species","synonym","Fungi","Nectriaceae","MycoBank",1.25
"F_NCSMS_EPPD","Neocosmospora epipeda","species","accepted","Fungi","Nectriaceae","MycoBank",1.25
"F_NCSMS_EWLL","Neocosmospora euwallaceae","species","accepted","Fungi","Nectriaceae","MycoBank",1.25
"F_NCSMS_FLCF","Neocosmospora falciformis","species","accepted","Fungi","Nectriaceae","MycoBank",1.25
"F_NCSMS_FNGF","Neocosmospora fangfangiae","species","accepted","Fungi","Nectriaceae","MycoBank",1.25
"F_NCSMS_FRRG","Neocosmospora ferruginea","species","accepted","Fungi","Nectriaceae","MycoBank",1.25
"F_NCSMS_FLRD","Neocosmospora floridana","species","accepted","Fungi","Nectriaceae","MycoBank",1.25
"F_NCSMS_FNGC","Neocosmospora fungicola","species","accepted","Fungi","Nectriaceae","MycoBank",1.25
"F_NCSMS_GLBN","Neocosmospora galbana","species","accepted","Fungi","Nectriaceae","MycoBank",1.25
"F_NCSMS_GAMS","Neocosmospora gamsii","species","accepted","Fungi","Nectriaceae","MycoBank",1.25
"F_NCSMS_GMTS","Neocosmospora gamtoosensis","species","accepted","Fungi","Nectriaceae","MycoBank",1.25
"F_NCSMS_GNNN","Neocosmospora gannanensis","species","accepted","Fungi","Nectriaceae","MycoBank",1.25
"F_NCSMS_GSPR","Neocosmospora geoasparagicola","species","accepted","Fungi","Nectriaceae","MycoBank",1.25
"F_NCSMS_GRRY","Neocosmospora gerryae","species","accepted","Fungi","Nectriaceae","MycoBank",1.25
"F_NCSMS_GNGD","Neocosmospora guangdongensis","species","accepted","Fungi","Nectriaceae","MycoBank",1.25
"F_NCSMS_GRPN","Neocosmospora guarapiensis","species","accepted","Fungi","Nectriaceae","MycoBank",1.25
"F_NCSMS_HMTC","Neocosmospora haematococca","species","accepted","Fungi","Nectriaceae","MycoBank",1.25
"F_NCSMS_HMLN","Neocosmospora hamliniae","species","accepted","Fungi","Nectriaceae","MycoBank",1.25
"F_NCSMS_HNGY","Neocosmospora hengyangensis","species","accepted","Fungi","Nectriaceae","MycoBank",1.25
"F_NCSMS_HYPR","Neocosmospora hypertrophia","species","accepted","Fungi","Nectriaceae","MycoBank",1.25
"F_NCSMS_HYPT","Neocosmospora hypothenemi","species","accepted","Fungi","Nectriaceae","MycoBank",1.25
"F_NCSMS_ILLD","Neocosmospora illudens","species","accepted","Fungi","Nectriaceae","MycoBank",1.25
"F_NCSMS_INDC","Neocosmospora indica","species","accepted","Fungi","Nectriaceae","MycoBank",1.25
"F_NCSMS_INRD","Neocosmospora inordinata","species","accepted","Fungi","Nectriaceae","MycoBank",1.25
"F_NCSMS_IPOM","Neocosmospora ipomoeae","species","accepted","Fungi","Nectriaceae","MycoBank",1.25
"F_NCSMS_KLRJ","Neocosmospora keleraja","species","accepted","Fungi","Nectriaceae","MycoBank",1.25
"F_NCSMS_KRTP","Neocosmospora keratoplastica","species","accepted","Fungi","Nectriaceae","MycoBank",1.25
"F_NCSMS_KNMN","Neocosmospora kunmingensis","species","accepted","Fungi","Nectriaceae","MycoBank",1.25
"F_NCSMS_KRSH","Neocosmospora kuroshio","species","accepted","Fungi","Nectriaceae","MycoBank",1.25
"F_NCSMS_KRNG","Neocosmospora kurunegalensis","species","accepted","Fungi","Nectriaceae","MycoBank",1.25
"F_NCSMS_LCHT","Neocosmospora lechatii","species","accepted","Fungi","Nectriaceae","MycoBank",1.25
"F_NCSMS_LERX","Neocosmospora lerouxii","species","accepted","Fungi","Nectriaceae","MycoBank",1.25
"F_NCSMS_LECN","Neocosmospora leucaenae","species","accepted","Fungi","Nectriaceae","MycoBank",1.25
"F_NCSMS_LCHN","Neocosmospora lichenicola","species","accepted","Fungi","Nectriaceae","MycoBank",1.25
"F_NCSMS_LRDN","Neocosmospora liriodendri","species","accepted","Fungi","Nectriaceae","MycoBank",1.25
"F_NCSMS_LTHC","Neocosmospora lithocarpi","species","accepted","Fungi","Nectriaceae","MycoBank",1.25
"F_NCSMS_LPNS","Neocosmospora liupanshuiense","species","accepted","Fungi","Nectriaceae","GBIF",1.25
"F_NCSMS_HNSS","Neocosmospora liupanshuiensis","species","accepted","Fungi","Nectriaceae","MycoBank",1.25
"F_NCSMS_LNGS","Neocosmospora longissima","species","accepted","Fungi","Nectriaceae","MycoBank",1.25
"F_NCSMS_LSHN","Neocosmospora lushanensis","species","accepted","Fungi","Nectriaceae","MycoBank",1.25
"F_NCSMS_MCNM","Neocosmospora macnamarae","species","accepted","Fungi","Nectriaceae","MycoBank",1.25
"F_NCSMS_MCRS","Neocosmospora macrospora","species","accepted","Fungi","Nectriaceae","MycoBank",1.25
"F_NCSMS_MGNL","Neocosmospora magnoliae","species","accepted","Fungi","Nectriaceae","MycoBank",1.25
"F_NCSMS_MHSN","Neocosmospora mahasenii","species","accepted","Fungi","Nectriaceae","MycoBank",1.25
"F_NCSMS_MNGR","Neocosmospora mangrovei","species","accepted","Fungi","Nectriaceae","MycoBank",1.25
"F_NCSMS_MRSH","Neocosmospora maoershanense","species","accepted","Fungi","Nectriaceae","GBIF",1.25
"F_NCSMS_HNCA","Neocosmospora maoershanica","species","accepted","Fungi","Nectriaceae","MycoBank",1.25
"F_NCSMS_MART","Neocosmospora martii","species","accepted","Fungi","Nectriaceae","MycoBank",1.25
"F_NCSMS_MEKN","Neocosmospora mekan","species","accepted","Fungi","Nectriaceae","MycoBank",1.25
"F_NCSMS_MRKX","Neocosmospora merkxiana","species","accepted","Fungi","Nectriaceae","MycoBank",1.25
"F_NCSMS_MTVR","Neocosmospora metavorans","species","accepted","Fungi","Nectriaceae","MycoBank",1.25
"F_NCSMS_MNLF","Neocosmospora monilifera","species","accepted","Fungi","Nectriaceae","MycoBank",1.25
"F_NCSMS_MORI","Neocosmospora mori","species","accepted","Fungi","Nectriaceae","MycoBank",1.25
"F_NCSMS_MYRT","Neocosmospora myrtaceicola","species","accepted","Fungi","Nectriaceae","MycoBank",1.25
"F_NCSMS_NRLN","Neocosmospora neerlandica","species","accepted","Fungi","Nectriaceae","MycoBank",1.25
"F_NCSMS_NLSN","Neocosmospora nelsonii","species","accepted","Fungi","Nectriaceae","MycoBank",1.25
"F_NCSMS_NRNB","Neocosmospora nirenbergiana","species","accepted","Fungi","Nectriaceae","MycoBank",1.25
"F_NCSMS_NNMR","Neocosmospora noneumartii","species","accepted","Fungi","Nectriaceae","MycoBank",1.25
"F_NCSMS_OBLQ","Neocosmospora obliquiseptata","species","accepted","Fungi","Nectriaceae","MycoBank",1.25
"F_NCSMS_OBLN","Neocosmospora oblonga","species","accepted","Fungi","Nectriaceae","MycoBank",1.25
"F_NCSMS_OLGS","Neocosmospora oligoseptata","species","accepted","Fungi","Nectriaceae","MycoBank",1.25
"F_NCSMS_ORNM","Neocosmospora ornamentata","species","synonym","Fungi","Nectriaceae","MycoBank",1.25
"F_NCSMS_PLLD","Neocosmospora pallidimors","species","accepted","Fungi","Nectriaceae","MycoBank",1.25
"F_NCSMS_PPHP","Neocosmospora paphiopedili","species","accepted","Fungi","Nectriaceae","MycoBank",1.25
"F_NCSMS_PPLL","Neocosmospora papillata","species","accepted","Fungi","Nectriaceae","MycoBank",1.25
"F_NCSMS_PRMR","Neocosmospora paraeumartii","species","accepted","Fungi","Nectriaceae","MycoBank",1.25
"F_NCSMS_PRMC","Neocosmospora paramacrospora","species","accepted","Fungi","Nectriaceae","MycoBank",1.25
"F_NCSMS_PRCR","Neocosmospora parceramosa","species","accepted","Fungi","Nectriaceae","MycoBank",1.25
"F_NCSMS_PARV","Neocosmospora parva","species","accepted","Fungi","Nectriaceae","MycoBank",1.25
"F_NCSMS_PERS","Neocosmospora perseae","species","accepted","Fungi","Nectriaceae","MycoBank",1.25
"F_NCSMS_PERT","Neocosmospora pertiae","species","accepted","Fungi","Nectriaceae","MycoBank",1.25
"F_NCSMS_PTRL","Neocosmospora petroliphila","species","accepted","Fungi","Nectriaceae","MycoBank",1.25
"F_NCSMS_PHLN","Neocosmospora phalaenopsidis","species","accepted","Fungi","Nectriaceae","MycoBank",1.25
"F_NCSMS_PHSL","Neocosmospora phaseoli","species","accepted","Fungi","Nectriaceae","MycoBank",1.25
"F_NCSMS_PPRS","Neocosmospora piperis","species","accepted","Fungi","Nectriaceae","MycoBank",1.25
"F_NCSMS_PISI","Neocosmospora pisi","species","accepted","Fungi","Nectriaceae","MycoBank",1.25
"F_NCSMS_PLGN","Neocosmospora plagianthi","species","accepted","Fungi","Nectriaceae","MycoBank",1.25
"F_NCSMS_PPLC","Neocosmospora populicola","species","accepted","Fungi","Nectriaceae","MycoBank",1.25
"F_NCSMS_PRTN","Neocosmospora protoensiformis","species","accepted","Fungi","Nectriaceae","MycoBank",1.25
"F_NCSMS_PSDN","Neocosmospora pseudensiformis","species","accepted","Fungi","Nectriaceae","MycoBank",1.25
"F_NCSMS_PSDP","Neocosmospora pseudopisi","species","accepted","Fungi","Nectriaceae","MycoBank",1.25
"F_NCSMS_PSDR","Neocosmospora pseudoradicicola","species","accepted","Fungi","Nectriaceae","MycoBank",1.25
"F_NCSMS_PSDT","Neocosmospora pseudotonkinensis","species","accepted","Fungi","Nectriaceae","MycoBank",1.25
"F_NCSMS_QNSL","Neocosmospora queenslandica","species","accepted","Fungi","Nectriaceae","MycoBank",1.25
"F_NCSMS_QRCC","Neocosmospora quercicola","species","accepted","Fungi","Nectriaceae","MycoBank",1.25
"F_NCSMS_RAMS","Neocosmospora ramosa","species","synonym","Fungi","Nectriaceae","MycoBank",1.25
"F_NCSMS_RCTP","Neocosmospora rectiphora","species","accepted","Fungi","Nectriaceae","MycoBank",1.25
"F_NCSMS_RGLR","Neocosmospora regularis","species","accepted","Fungi","Nectriaceae","MycoBank",1.25
"F_NCSMS_RHMN","Neocosmospora rehmiana","species","accepted","Fungi","Nectriaceae","MycoBank",1.25
"F_NCSMS_REKN","Neocosmospora rekana","species","accepted","Fungi","Nectriaceae","MycoBank",1.25
"F_NCSMS_RTCL","Neocosmospora reticulatae","species","accepted","Fungi","Nectriaceae","MycoBank",1.25
"F_NCSMS_RHZP","Neocosmospora rhizophorae","species","accepted","Fungi","Nectriaceae","MycoBank",1.25
"F_NCSMS_RGRN","Neocosmospora riograndensis","species","accepted","Fungi","Nectriaceae","MycoBank",1.25
"F_NCSMS_RBST","Neocosmospora robusta","species","accepted","Fungi","Nectriaceae","MycoBank",1.25
"F_NCSMS_RBCL","Neocosmospora rubicola","species","synonym","Fungi","Nectriaceae","MycoBank",1.25
"F_NCSMS_RUGS","Neocosmospora rugosa","species","accepted","Fungi","Nectriaceae","MycoBank",1.25
"F_NCSMS_SMLS","Neocosmospora samuelsii","species","accepted","Fungi","Nectriaceae","MycoBank",1.25
"F_NCSMS_SLVC","Neocosmospora silvicola","species","accepted","Fungi","Nectriaceae","MycoBank",1.25
"F_NCSMS_SOLN","Neocosmospora solani","species","accepted","Fungi","Nectriaceae","MycoBank",1.25
"F_NCSMS_SRBJ","Neocosmospora sorabjiae","species","accepted","Fungi","Nectriaceae","MycoBank",1.25
"F_NCSMS_SPTH","Neocosmospora spathulata","species","accepted","Fungi","Nectriaceae","MycoBank",1.25
"F_NCSMS_SPHR","Neocosmospora sphaerospora","species","accepted","Fungi","Nectriaceae","MycoBank",1.25
"F_NCSMS_SPNL","Neocosmospora spinulosa","species","accepted","Fungi","Nectriaceae","MycoBank",1.25
"F_NCSMS_STRC","Neocosmospora stercicola","species","accepted","Fungi","Nectriaceae","MycoBank",1.25
"F_NCSMS_STRT","Neocosmospora striata","species","accepted","Fungi","Nectriaceae","MycoBank",1.25
"F_NCSMS_SPRA","Neocosmospora striatispora","species","accepted","Fungi","Nectriaceae","MycoBank",1.25
"F_NCSMS_STTN","Neocosmospora suttoniana","species","accepted","Fungi","Nectriaceae","MycoBank",1.25
"F_NCSMS_TNCR","Neocosmospora tenuicristata","species","accepted","Fungi","Nectriaceae","MycoBank",1.25
"F_NCSMS_TRMT","Neocosmospora termitum","species","accepted","Fungi","Nectriaceae","MycoBank",1.25
"F_NCSMS_THLN","Neocosmospora thailandica","species","accepted","Fungi","Nectriaceae","MycoBank",1.25
"F_NCSMS_THBR","Neocosmospora theobromae","species","accepted","Fungi","Nectriaceae","MycoBank",1.25
"F_NCSMS_TNKN","Neocosmospora tonkinensis","species","accepted","Fungi","Nectriaceae","MycoBank",1.25
"F_NCSMS_TRNN","Neocosmospora tuaranensis","species","accepted","Fungi","Nectriaceae","MycoBank",1.25
"F_NCSMS_TBRC","Neocosmospora tuberculata","species","accepted","Fungi","Nectriaceae","MycoBank",1.25
"F_NCSMS_TCMN","Neocosmospora tucumaniae","species","synonym","Fungi","Nectriaceae","MycoBank",1.25
"F_NCSMS_TMDS","Neocosmospora tumidisperma","species","accepted","Fungi","Nectriaceae","MycoBank",1.25
"F_NCSMS_PRMM","Neocosmospora tumidispermum","species","accepted","Fungi","Nectriaceae","GBIF",1.25
"F_NCSMS_UNPH","Neocosmospora uniphialidica","species","accepted","Fungi","Nectriaceae","MycoBank",1.25
"F_NCSMS_UNSH","Neocosmospora unshiu","species","accepted","Fungi","Nectriaceae","MycoBank",1.25
"F_NCSMS_VARS","Neocosmospora variasi","species","accepted","Fungi","Nectriaceae","MycoBank",1.25
"F_NCSMS_VSNF","Neocosmospora vasinfecta","species","accepted","Fungi","Nectriaceae","MycoBank",1.25
"F_NCSMS_VRGL","Neocosmospora virguliformis","species","synonym","Fungi","Nectriaceae","MycoBank",1.25
"F_NCSMS_WNGR","Neocosmospora wangariae","species","accepted","Fungi","Nectriaceae","MycoBank",1.25
"F_NCSMS_WARN","Neocosmospora warna","species","accepted","Fungi","Nectriaceae","MycoBank",1.25
"F_NCSMS_XZNG","Neocosmospora xizangensis","species","accepted","Fungi","Nectriaceae","MycoBank",1.25
"F_NCCRB_CAVA","Neocucurbitaria cava","species","accepted","Fungi","Cucurbitariaceae","MycoBank",1.25
"F_NDVRS_INFS","Neodevriesia infestans","species","accepted","Fungi","Neodevriesiaceae","MycoBank",1.25
"F_NDDYM_CNNB","Neodidymelliopsis cannabis","species","accepted","Fungi","Didymellaceae","MycoBank",1.25
"F_NDDYM_PLMN","Neodidymelliopsis polemonii","species","accepted","Fungi","Didymellaceae","GBIF",1.25
"F_NDDYM_XNTH","Neodidymelliopsis xanthina","species","accepted","Fungi","Didymellaceae","MycoBank",1.25
"F_NEFBR_VGBN","Neofabraea vagabunda","species","accepted","Fungi","Dermateaceae","GBIF",1.25
"F_NFSCC_ECLY","Neofusicoccum eucalyptorum","species","accepted","Fungi","Botryosphaeriaceae","MycoBank",1.25
"F_NFSCC_MNGF","Neofusicoccum mangiferae","species","accepted","Fungi","Botryosphaeriaceae","MycoBank",1.25
"F_NGMSZ_ANTL","Neogamszarella antillana","species","accepted","Fungi","Cordycipitaceae","MycoBank",1.25
"F_NEHRT_ACDP","Neohortaea acidophila","species","accepted","Fungi","Teratosphaeriaceae","MycoBank",1.25
"F_NLPTS_RBFC","Neoleptosphaeria rubefaciens","species","accepted","Fungi","Leptosphaeriaceae","MycoBank",1.25
"F_NMCRS_TMRC","Neomicrosphaeropsis tamaricicola","species","accepted","Fungi","Didymellaceae","MycoBank",1.25
"F_NNCTR_CNDD","Neonectria candida","species","accepted","Fungi","Nectriaceae","MycoBank",1.25
"F_NNCTR_CCCN","Neonectria coccinea","species","accepted","Fungi","Nectriaceae","MycoBank",1.25
"F_NNCTR_DTSS","Neonectria ditissima","species","accepted","Fungi","Nectriaceae","MycoBank",1.25
"F_NNCTR_HEDR","Neonectria hederae","species","accepted","Fungi","Nectriaceae","MycoBank",1.25
"F_NNCTR_MGNL","Neonectria magnoliae","species","accepted","Fungi","Nectriaceae","MycoBank",1.25
"F_NNCTR_MAJR","Neonectria major","species","accepted","Fungi","Nectriaceae","MycoBank",1.25
"F_NNCTR_NMCR","Neonectria neomacrospora","species","accepted","Fungi","Nectriaceae","MycoBank",1.25
"F_NNCTR_OBTS","Neonectria obtusispora","species","accepted","Fungi","Nectriaceae","MycoBank",1.25
"F_NNCTR_PUNC","Neonectria punicea","species","accepted","Fungi","Nectriaceae","MycoBank",1.25
"F_NPNDL_NCTN","Neopenidiella nectandrae","species","accepted","Fungi","Mycosphaerellaceae","GBIF",1.25
"F_NPHCC_PLCT","Neophaeococcomyces placitae","species","accepted","Fungi","Pyrenotrichaceae","MycoBank",1.25
"F_NPHMN_NIVN","Neophaeomoniella niveniae","species","accepted","Fungi","Celotheliaceae","MycoBank",1.25
"F_NPHMN_ZYMD","Neophaeomoniella zymoides","species","accepted","Fungi","Celotheliaceae","MycoBank",1.25
"F_NPHLS_MCLN","Neophloeospora maculans","species","accepted","Fungi","Mycosphaerellaceae","MycoBank",1.25
"F_NEPHM_GRMN","Neophoma graminella","species","accepted","Fungi","","MycoBank",1.25
"F_NSRTR_FRNC","Neosartorya ferenczii","species","accepted","Fungi","Trichocomaceae","MycoBank",1.25
"F_NSRTR_GLPG","Neosartorya galapagensis","species","accepted","Fungi","Trichocomaceae","MycoBank",1.25
"F_NSRTR_PPNS","Neosartorya papuensis","species","accepted","Fungi","Trichocomaceae","MycoBank",1.25
"F_NSRTR_QDRC","Neosartorya quadricincta","species","accepted","Fungi","Trichocomaceae","MycoBank",1.25
"F_NSRTR_SHND","Neosartorya shendaweii","species","accepted","Fungi","Trichocomaceae","MycoBank",1.25
"F_NSRTR_STRM","Neosartorya stramenia","species","accepted","Fungi","Trichocomaceae","MycoBank",1.25
"F_NSRTR_TSND","Neosartorya tsunodae","species","accepted","Fungi","Trichocomaceae","MycoBank",1.25
"F_NSRTR_WRCP","Neosartorya warcupii","species","accepted","Fungi","Trichocomaceae","MycoBank",1.25
"F_NSCRR_MTTC","Neoscirrhia matteucciicola","species","accepted","Fungi","Didymellaceae","MycoBank",1.25
"F_NSCYT_DMDT","Neoscytalidium dimidiatum","species","accepted","Fungi","Botryosphaeriaceae","MycoBank",1.25
"F_NSTPH_SMRR","Neosetophoma samarorum","species","accepted","Fungi","Phaeosphaeriaceae","MycoBank",1.25
"F_NETA_SLMN","Neta salmonicolor","species","accepted","Fungi","","MycoBank",1.25
"F_NRSPR_STPH","Neurospora sitophila","species","accepted","Fungi","Sordariaceae","GBIF",1.25
"F_NRSPR_TTRS","Neurospora tetrasperma","species","accepted","Fungi","Sordariaceae","MycoBank",1.25
"F_NGRCP_CLLR","Nigrocephalum collariferum","species","accepted","Fungi","Trichosphaeriaceae","MycoBank",1.25
"F_NGRGR_FSCD","Nigrograna fuscidula","species","accepted","Fungi","Nigrogranaceae","GBIF",1.25
"F_NGRSP_MYDS","Nigrospora maydis","species","accepted","Fungi","Apiosporaceae","GBIF",1.25
"F_NIMBY_PMPR","Nimbya pimpriana","species","accepted","Fungi","Pleosporaceae","MycoBank",1.25
"F_NTSCH_CPLR","Nitschkia cupularis","species","accepted","Fungi","Nitschkiaceae","MycoBank",1.25
"F_NDLSPR_GCHR","Nodulisporium geochroum","species","accepted","Fungi","Xylariaceae","MycoBank",1.25
"F_NDLSPR_HPTC","Nodulisporium hepaticum","species","accepted","Fungi","Xylariaceae","GBIF",1.25
"F_NDLSPR_PNCM","Nodulisporium puniceum","species","accepted","Fungi","Xylariaceae","GBIF",1.25
"F_NTHCR_EXGM","Nothoacremonium exiguum","species","accepted","Fungi","Nothoacremoniaceae","MycoBank",1.25
"F_NTHFS_DVNN","Nothofusarium devonianum","species","accepted","Fungi","Nectriaceae","MycoBank",1.25
"F_NTHPS_PRSN","Nothopassalora personata","species","accepted","Fungi","Mycosphaerellaceae","MycoBank",1.25
"F_NPHMA_ANGZ","Nothophoma anigozanthi","species","accepted","Fungi","Didymellaceae","MycoBank",1.25
"F_NPHMA_ARCH","Nothophoma arachidis-hypogaeae","species","accepted","Fungi","Didymellaceae","GBIF",1.25
"F_NPHMA_GSSY","Nothophoma gossypiicola","species","accepted","Fungi","Didymellaceae","MycoBank",1.25
"F_NPHMA_INFS","Nothophoma infossa","species","accepted","Fungi","Didymellaceae","MycoBank",1.25
"F_NPHMA_QRCN","Nothophoma quercina","species","accepted","Fungi","Didymellaceae","MycoBank",1.25
"F_NCFRM_ARNR","Nuciformispora aranearum","species","accepted","Fungi","Cordycipitaceae","MycoBank",1.25
"F_OBRWN_YRRW","Oberwinklerozyma yarrowii","species","accepted","Fungi","","MycoBank",1.25
"F_OCHRCL_ELTM","Ochrocladosporium elatum","species","accepted","Fungi","Coniothyriaceae","MycoBank",1.25
"F_OCHRN_CALM","Ochronectria calami","species","accepted","Fungi","Bionectriaceae","MycoBank",1.25
"F_ORLLA_ERYT","Octosporella erythrostigma","species","accepted","Fungi","Pyronemataceae","GBIF",1.25
"F_ORLLA_JNGR","Octosporella jungermanniarum","species","accepted","Fungi","Pyronemataceae","MycoBank",1.25
"F_OMYCS_CRYP","Octosporomyces cryophilus","species","accepted","Fungi","Schizosaccharomycetaceae","MycoBank",1.25
"F_OMYCS_JPNC","Octosporomyces japonicus","species","synonym","Fungi","Schizosaccharomycetaceae","MycoBank",1.25
"F_OMYCS_LNDN","Octosporomyces lindneri","species","accepted","Fungi","Schizosaccharomycetaceae","MycoBank",1.25
"F_OMYCS_OCTS","Octosporomyces octosporus","species","accepted","Fungi","Schizosaccharomycetaceae","MycoBank",1.25
"F_OMYCS_OSMP","Octosporomyces osmophilus","species","accepted","Fungi","Schizosaccharomycetaceae","MycoBank",1.25
"F_ODCPH_GLMR","Oedocephalum glomerulosum","species","accepted","Fungi","Pezizaceae","MycoBank",1.25
"AN_OSPHG_PCHY","Oesophagostomum pachycephalum","species","accepted","Animalia","Strongylidae","GBIF",1.25
"AN_OSPHG_WTNB","Oesophagostomum watanabei","species","accepted","Animalia","Strongylidae","GBIF",1.25
"F_OGATA_ANGS","Ogataea angusta","species","accepted","Fungi","Pichiaceae","MycoBank",1.25
"F_OGATA_DRGN","Ogataea dorogensis","species","accepted","Fungi","Pichiaceae","MycoBank",1.25
"F_OGATA_GLCZ","Ogataea glucozyma","species","accepted","Fungi","Pichiaceae","MycoBank",1.25
"F_OGATA_HNRC","Ogataea henricii","species","accepted","Fungi","Pichiaceae","MycoBank",1.25
"F_OGATA_KODM","Ogataea kodamae","species","accepted","Fungi","Pichiaceae","MycoBank",1.25
"F_OGATA_MTHN","Ogataea methanolica","species","accepted","Fungi","Pichiaceae","MycoBank",1.25
"F_OGATA_MTHY","Ogataea methylovora","species","accepted","Fungi","Pichiaceae","MycoBank",1.25
"F_OGATA_MINT","Ogataea minuta","species","accepted","Fungi","Pichiaceae","MycoBank",1.25
"F_OGATA_NGNS","Ogataea naganishii","species","accepted","Fungi","Pichiaceae","MycoBank",1.25
"F_OGATA_NNFR","Ogataea nonfermentans","species","accepted","Fungi","Pichiaceae","MycoBank",1.25
"F_OGATA_PHLD","Ogataea philodendri","species","accepted","Fungi","Pichiaceae","MycoBank",1.25
"F_OGATA_PLSN","Ogataea pilisensis","species","accepted","Fungi","Pichiaceae","MycoBank",1.25
"F_OGATA_PINI","Ogataea pini","species","accepted","Fungi","Pichiaceae","MycoBank",1.25
"F_OGATA_PLYM","Ogataea polymorpha","species","accepted","Fungi","Pichiaceae","MycoBank",1.25
"F_OGATA_RMNT","Ogataea ramenticola","species","accepted","Fungi","Pichiaceae","MycoBank",1.25
"F_OGATA_TRHL","Ogataea trehaloabstinens","species","accepted","Fungi","Pichiaceae","MycoBank",1.25
"F_OGATA_PHLA","Ogataea trehalophila","species","accepted","Fungi","Pichiaceae","MycoBank",1.25
"F_OGATA_WCKR","Ogataea wickerhamii","species","accepted","Fungi","Pichiaceae","MycoBank",1.25
"F_OGATA_ZSLT","Ogataea zsoltii","species","accepted","Fungi","Pichiaceae","MycoBank",1.25
"F_ODDND_ATRV","Oidiodendron atrovirens","species","accepted","Fungi","Myxotrichaceae","MycoBank",1.25
"F_OIDIM_BRSL","Oidium brasiliense","species","accepted","Fungi","Erysiphaceae","MycoBank",1.25
"F_OIDIM_ROSM","Oidium roseum","species","accepted","Fungi","Erysiphaceae","MycoBank",1.25
"F_OIDIM_SBTL","Oidium subtile","species","accepted","Fungi","Erysiphaceae","MycoBank",1.25
"F_OLGPH_CSTL","Oligophagozyma castellii","species","accepted","Fungi","Saccharomycetaceae","MycoBank",1.25
"F_OLGPR_RNNY","Oligoporus rennyi","species","accepted","Fungi","Dacryobolaceae","GBIF",1.25
"F_OMPHLS_MELN","Omphalospora melaena","species","accepted","Fungi","Dothideaceae","MycoBank",1.25
"AN_ONCHC_ALCS","Onchocerca alcis","species","accepted","Animalia","Onchocercidae","GBIF",1.25
"AN_ONCHC_CRVC","Onchocerca cervicalis","species","accepted","Animalia","Onchocercidae","GBIF",1.25
"AN_ONCHC_CRVP","Onchocerca cervipedis","species","accepted","Animalia","Onchocercidae","GBIF",1.25
"AN_ONCHC_FLXS","Onchocerca flexuosa","species","accepted","Animalia","Onchocercidae","GBIF",1.25
"AN_ONCHC_GRMS","Onchocerca garmsi","species","accepted","Animalia","Onchocercidae","GBIF",1.25
"AN_ONCHC_GTTR","Onchocerca gutturosa","species","accepted","Animalia","Onchocercidae","GBIF",1.25
"AN_ONCHC_LNLIS","Onchocerca lienalis","species","synonym","Animalia","Onchocercidae","GBIF",1.25
"AN_ONCHC_LINLS","Onchocerca linealis","species","accepted","Animalia","Onchocercidae","GBIF",1.25
"AN_ONCHC_LUPI","Onchocerca lupi","species","accepted","Animalia","Onchocercidae","GBIF",1.25
"AN_ONCHC_RTCL","Onchocerca reticulata","species","accepted","Animalia","Onchocercidae","GBIF",1.25
"AN_ONCHC_SKRJ","Onchocerca skrjabini","species","accepted","Animalia","Onchocercidae","GBIF",1.25
"AN_ONCHC_STLS","Onchocerca stilesi","species","accepted","Animalia","Onchocercidae","GBIF",1.25
"AN_ONCHC_TAKK","Onchocerca takaokai","species","accepted","Animalia","Onchocercidae","GBIF",1.25
"AN_ONCHC_TRSC","Onchocerca tarsicola","species","synonym","Animalia","Onchocercidae","GBIF",1.25
"AN_ONCHC_VLVL","Onchocerca volvulus","species","accepted","Animalia","Onchocercidae","GBIF",1.25
"F_ONCCL_FLVM","Oncocladium flavum","species","accepted","Fungi","Gymnoascaceae","MycoBank",1.25
"F_OOSPR_ALBC","Oospora albocinerascens","species","accepted","Fungi","Erysiphaceae","MycoBank",1.25
"F_OOSPR_PERR","Oospora perieri","species","accepted","Fungi","Erysiphaceae","MycoBank",1.25
"F_OOSPR_UVRM","Oospora uvarum","species","accepted","Fungi","Erysiphaceae","MycoBank",1.25
"F_OSPRD_MRGR","Oosporidium margaritiferum","species","accepted","Fungi","","MycoBank",1.25
"F_OPHDM_OPHD","Ophidiomyces ophidiicola","species","accepted","Fungi","Onygenaceae","MycoBank",1.25
"F_OPHBL_CMTS","Ophiobolus comatus","species","accepted","Fungi","Phaeosphaeriaceae","GBIF",1.25
"F_OPHCR_CLEN","Ophiocordyceps cleoni","species","accepted","Fungi","Ophiocordycipitaceae","MycoBank",1.25
"F_OPHCR_SBLF","Ophiocordyceps sobolifera","species","accepted","Fungi","Ophiocordycipitaceae","MycoBank",1.25
"F_OPHNC_CYLN","Ophionectria cylindrospora","species","accepted","Fungi","Nectriaceae","MycoBank",1.25
"F_OPHNC_TRCH","Ophionectria trichospora","species","accepted","Fungi","Nectriaceae","MycoBank",1.25
"F_OPHNC_VRNN","Ophionectria vernoniae","species","accepted","Fungi","Nectriaceae","MycoBank",1.25
"F_OPHST_CTNN","Ophiostoma catonianum","species","accepted","Fungi","Ophiostomataceae","MycoBank",1.25
"F_OPHST_QRCS","Ophiostoma quercus","species","accepted","Fungi","Ophiostomataceae","MycoBank",1.25
"F_OPHST_SBNN","Ophiostoma subannulatum","species","accepted","Fungi","Ophiostomataceae","MycoBank",1.25
"F_OPHST_ULMI","Ophiostoma ulmi","species","accepted","Fungi","Ophiostomataceae","MycoBank",1.25
"AN_OPSTH_ALHB","Opisthorchis aliahabadii","species","accepted","Animalia","Opisthorchiidae","GBIF",1.25
"AN_OPSTH_ANTN","Opisthorchis anatinus","species","accepted","Animalia","Opisthorchiidae","GBIF",1.25
"AN_OPSTH_ANHN","Opisthorchis anhingi","species","accepted","Animalia","Opisthorchiidae","GBIF",1.25
"AN_OPSTH_ASTC","Opisthorchis asiaticus","species","accepted","Animalia","Opisthorchiidae","GBIF",1.25
"AN_OPSTH_BLBT","Opisthorchis bilabiata","species","accepted","Animalia","Opisthorchiidae","GBIF",1.25
"AN_OPSTH_CNTN","Opisthorchis cantonensis","species","accepted","Animalia","Opisthorchiidae","GBIF",1.25
"AN_OPSTH_CHLDC","Opisthorchis choledoca","species","accepted","Animalia","Opisthorchiidae","GBIF",1.25
"AN_OPSTH_CRSS","Opisthorchis crassiuscula","species","accepted","Animalia","Opisthorchiidae","GBIF",1.25
"AN_OPSTH_LBTS","Opisthorchis lobatus","species","accepted","Animalia","Opisthorchiidae","GBIF",1.25
"AN_OPSTH_PDCL","Opisthorchis pedicellata","species","accepted","Animalia","Opisthorchiidae","GBIF",1.25
"AN_OPSTH_LCNI","Opisthorchis pelicani","species","synonym","Animalia","Opisthorchiidae","GBIF",1.25
"AN_OPSTH_SNNS","Opisthorchis sinensis","species","synonym","Animalia","Opisthorchiidae","GBIF",1.25
"F_ORBCL_PRTN","Orbicula parietina","species","accepted","Fungi","Pyronemataceae","GBIF",1.25
"F_ORPHNM_ARCT","Orphanomyces arcticus","species","accepted","Fungi","Anthracoideaceae","MycoBank",1.25
"F_OSMZY_MOGI","Osmozyma mogii","species","accepted","Fungi","Metschnikowiaceae","MycoBank",1.25
"F_OSTRC_CRNM","Ostracoderma carneum","species","accepted","Fungi","Pezizaceae","GBIF",1.25
"F_OSTRC_FSSR","Ostracoderma fossarum","species","accepted","Fungi","Pezizaceae","GBIF",1.25
"F_OSTRC_OCHR","Ostracoderma ochraceum","species","accepted","Fungi","Pezizaceae","GBIF",1.25
"F_OTTHI_LISA","Otthia lisae","species","accepted","Fungi","","MycoBank",1.25
"F_OVTSP_AMYG","Ovatospora amygdalispora","species","accepted","Fungi","Chaetomiaceae","MycoBank",1.25
"F_OVTSP_ANGL","Ovatospora angularis","species","accepted","Fungi","Chaetomiaceae","MycoBank",1.25
"F_OVTSP_BRSL","Ovatospora brasiliensis","species","accepted","Fungi","Chaetomiaceae","MycoBank",1.25
"F_OVTSP_MDSR","Ovatospora medusarum","species","accepted","Fungi","Chaetomiaceae","MycoBank",1.25
"F_OVTSP_MLLC","Ovatospora mollicella","species","accepted","Fungi","Chaetomiaceae","MycoBank",1.25
"F_OVTSP_SNGL","Ovatospora senegalensis","species","accepted","Fungi","Chaetomiaceae","MycoBank",1.25
"F_OVTSP_UNPR","Ovatospora unipora","species","accepted","Fungi","Chaetomiaceae","MycoBank",1.25
"F_OVCLL_ASPR","Ovicillium asperulatum","species","accepted","Fungi","Bionectriaceae","MycoBank",1.25
"F_OVCLL_VRCL","Ovicillium variecolor","species","accepted","Fungi","Bionectriaceae","MycoBank",1.25
"F_OVCCL_PRML","Ovicuculispora parmeliae","species","accepted","Fungi","Paranectriaceae","MycoBank",1.25
"F_PCHNC_FRRG","Pachnocybe ferruginea","species","accepted","Fungi","Pachnocybaceae","MycoBank",1.25
"F_PCHYS_TNNP","Pachysolen tannophilus","species","accepted","Fungi","Pachysolenaceae","MycoBank",1.25
"F_PCLMY_CRSS","Paecilomyces crassipes","species","accepted","Fungi","Thermoascaceae","MycoBank",1.25
"F_PCLMY_EGYP","Paecilomyces egyptiacus","species","synonym","Fungi","Thermoascaceae","GBIF",1.25
"F_PCLMY_LGNR","Paecilomyces lignorum","species","accepted","Fungi","Thermoascaceae","MycoBank",1.25
"F_PCLMY_VSPRS","Paecilomyces parvosporus","species","synonym","Fungi","Thermoascaceae","GBIF",1.25
"F_PCLMY_SLFR","Paecilomyces sulfurellus","species","synonym","Fungi","Thermoascaceae","GBIF",1.25
"F_PCLMY_ZNCN","Paecilomyces zancaniae","species","accepted","Fungi","Thermoascaceae","MycoBank",1.25
"F_PPLNS_ASPR","Papilionospora aspergilloides","species","accepted","Fungi","","MycoBank",1.25
"F_PPLTR_ANMC","Papiliotrema anemochoreia","species","accepted","Fungi","Rhynchogastremaceae","MycoBank",1.25
"F_PPLTR_ASPN","Papiliotrema aspenensis","species","accepted","Fungi","Rhynchogastremaceae","MycoBank",1.25
"F_PPLTR_AURE","Papiliotrema aurea","species","accepted","Fungi","Rhynchogastremaceae","MycoBank",1.25
"F_PPLTR_FLVS","Papiliotrema flavescens","species","accepted","Fungi","Rhynchogastremaceae","MycoBank",1.25
"F_PPLTR_FNSC","Papiliotrema fonsecae","species","accepted","Fungi","Rhynchogastremaceae","MycoBank",1.25
"F_PPLTR_LRNT","Papiliotrema laurentii","species","accepted","Fungi","Rhynchogastremaceae","MycoBank",1.25
"F_PPLTR_MNGL","Papiliotrema mangalensis","species","accepted","Fungi","Rhynchogastremaceae","MycoBank",1.25
"F_PPLTR_NMRS","Papiliotrema nemorosa","species","accepted","Fungi","Rhynchogastremaceae","MycoBank",1.25
"F_PPLTR_PRNC","Papiliotrema perniciosa","species","accepted","Fungi","Rhynchogastremaceae","MycoBank",1.25
"F_PPLTR_PSDL","Papiliotrema pseudoalba","species","accepted","Fungi","Rhynchogastremaceae","MycoBank",1.25
"F_PPLTR_RJST","Papiliotrema rajasthanensis","species","accepted","Fungi","Rhynchogastremaceae","MycoBank",1.25
"F_PPLTR_RUNN","Papiliotrema ruineniae","species","accepted","Fungi","Rhynchogastremaceae","MycoBank",1.25
"F_PPLTR_TNNS","Papiliotrema taeanensis","species","accepted","Fungi","Rhynchogastremaceae","MycoBank",1.25
"F_PRBRM_ADNT","Paraboeremia adianticola","species","accepted","Fungi","Didymellaceae","MycoBank",1.25
"F_PRBRM_PTMN","Paraboeremia putaminum","species","accepted","Fungi","Didymellaceae","MycoBank",1.25
"F_PRBRM_SLGN","Paraboeremia selaginellae","species","accepted","Fungi","Didymellaceae","MycoBank",1.25
"F_PRCHT_BPRT","Parachaetomium biporatum","species","accepted","Fungi","Chaetomiaceae","MycoBank",1.25
"F_PRCHT_CRNT","Parachaetomium carinthiacum","species","accepted","Fungi","Chaetomiaceae","MycoBank",1.25
"F_PRCHT_HSPN","Parachaetomium hispanicum","species","accepted","Fungi","Chaetomiaceae","MycoBank",1.25
"F_PRCHT_IRNN","Parachaetomium iranianum","species","accepted","Fungi","Chaetomiaceae","GBIF",1.25
"F_PRCHT_LNGC","Parachaetomium longiciliatum","species","accepted","Fungi","Chaetomiaceae","MycoBank",1.25
"F_PRCHT_MRTC","Parachaetomium mareoticum","species","accepted","Fungi","Chaetomiaceae","MycoBank",1.25
"F_PRCHT_MLLR","Parachaetomium muelleri","species","accepted","Fungi","Chaetomiaceae","MycoBank",1.25
"F_PRCHT_MLTS","Parachaetomium multispirale","species","accepted","Fungi","Chaetomiaceae","MycoBank",1.25
"F_PRCHT_PRLC","Parachaetomium perlucidum","species","accepted","Fungi","Chaetomiaceae","MycoBank",1.25
"F_PRCHT_SBSP","Parachaetomium subspirilliferum","species","accepted","Fungi","Chaetomiaceae","MycoBank",1.25
"F_PRCHT_TRNC","Parachaetomium truncatulum","species","accepted","Fungi","Chaetomiaceae","MycoBank",1.25
"F_PRCNT_FSCM","Paraconiothyrium fuscomaculans","species","accepted","Fungi","Didymosphaeriaceae","MycoBank",1.25
"F_PRCNT_LINI","Paraconiothyrium lini","species","accepted","Fungi","Didymosphaeriaceae","MycoBank",1.25
"F_PRCCR_CORN","Paracucurbitaria corni","species","accepted","Fungi","Cucurbitariaceae","MycoBank",1.25
"F_PRCYL_MLTL","Paracylindrocarpon multiloculatum","species","accepted","Fungi","Bionectriaceae","MycoBank",1.25
"F_PRCYL_MLTS","Paracylindrocarpon multiseptatum","species","accepted","Fungi","Bionectriaceae","MycoBank",1.25
"F_PRDND_ARNR","Paradendryphiella arenariae","species","accepted","Fungi","Pleosporaceae","MycoBank",1.25
"F_PRDND_SALN","Paradendryphiella salina","species","accepted","Fungi","Pleosporaceae","MycoBank",1.25
"F_PRDSC_SPUR","Paradiscula spuria","species","accepted","Fungi","","MycoBank",1.25
"F_PRGLM_CHNG","Paragliomastix chiangraiensis","species","accepted","Fungi","Bionectriaceae","MycoBank",1.25
"F_PRGLM_LUZL","Paragliomastix luzulae","species","accepted","Fungi","Bionectriaceae","MycoBank",1.25
"AN_PRGNM_AFRC","Paragonimus africanus","species","accepted","Animalia","Paragonimidae","GBIF",1.25
"AN_PRGNM_AMZN","Paragonimus amazonicus","species","accepted","Animalia","Paragonimidae","GBIF",1.25
"AN_PRGNM_ASYM","Paragonimus asymmetricus","species","synonym","Animalia","Paragonimidae","GBIF",1.25
"AN_PRGNM_BNGK","Paragonimus bangkokensis","species","accepted","Animalia","Paragonimidae","GBIF",1.25
"AN_PRGNM_CLNS","Paragonimus caliensis","species","accepted","Animalia","Paragonimidae","GBIF",1.25
"AN_PRGNM_CHEN","Paragonimus cheni","species","accepted","Animalia","Paragonimidae","GBIF",1.25
"AN_PRGNM_CMPC","Paragonimus compactus","species","accepted","Animalia","Paragonimidae","GBIF",1.25
"AN_PRGNM_DVRG","Paragonimus divergens","species","accepted","Animalia","Paragonimidae","GBIF",1.25
"AN_PRGNM_ECDR","Paragonimus ecuadoriensis","species","synonym","Animalia","Paragonimidae","GBIF",1.25
"AN_PRGNM_EDWR","Paragonimus edwardsi","species","synonym","Animalia","Paragonimidae","GBIF",1.25
"AN_PRGNM_FLPN","Paragonimus filipinus","species","synonym","Animalia","Paragonimidae","GBIF",1.25
"AN_PRGNM_FKNN","Paragonimus fukienensis","species","accepted","Animalia","Paragonimidae","GBIF",1.25
"AN_PRGNM_GNDW","Paragonimus gondwanensis","species","accepted","Animalia","Paragonimidae","GBIF",1.25
"AN_PRGNM_HRNS","Paragonimus harinasutai","species","accepted","Animalia","Paragonimidae","GBIF",1.25
"AN_PRGNM_HTRR","Paragonimus heterorchis","species","accepted","Animalia","Paragonimidae","GBIF",1.25
"AN_PRGNM_HTRT","Paragonimus heterotremus","species","accepted","Animalia","Paragonimidae","GBIF",1.25
"AN_PRGNM_HTNG","Paragonimus hueitungensis","species","synonym","Animalia","Paragonimidae","GBIF",1.25
"AN_PRGNM_ICHN","Paragonimus ichunensis","species","accepted","Animalia","Paragonimidae","GBIF",1.25
"AN_PRGNM_ILKT","Paragonimus iloktsuenensis","species","synonym","Animalia","Paragonimidae","GBIF",1.25
"AN_PRGNM_INCA","Paragonimus inca","species","accepted","Animalia","Paragonimidae","GBIF",1.25
"AN_PRGNM_JNGS","Paragonimus jiangsuensis","species","accepted","Animalia","Paragonimidae","GBIF",1.25
"AN_PRGNM_KLLC","Paragonimus kellicotti","species","accepted","Animalia","Paragonimidae","GBIF",1.25
"AN_PRGNM_KRBR","Paragonimus kerberti","species","accepted","Animalia","Paragonimidae","GBIF",1.25
"AN_PRGNM_MACC","Paragonimus macacae","species","synonym","Animalia","Paragonimidae","GBIF",1.25
"AN_PRGNM_MCRR","Paragonimus macrorchis","species","accepted","Animalia","Paragonimidae","GBIF",1.25
"AN_PRGNM_MNGL","Paragonimus menglaensis","species","synonym","Animalia","Paragonimidae","GBIF",1.25
"AN_PRGNM_MXCN","Paragonimus mexicanus","species","accepted","Animalia","Paragonimidae","GBIF",1.25
"AN_PRGNM_RCHS","Paragonimus microrchis","species","accepted","Animalia","Paragonimidae","GBIF",1.25
"AN_PRGNM_MNQN","Paragonimus minqingensis","species","accepted","Animalia","Paragonimidae","GBIF",1.25
"AN_PRGNM_MYZK","Paragonimus miyazakii","species","accepted","Animalia","Paragonimidae","GBIF",1.25
"AN_PRGNM_NPNS","Paragonimus napensis","species","accepted","Animalia","Paragonimidae","GBIF",1.25
"AN_PRGNM_OHIR","Paragonimus ohirai","species","accepted","Animalia","Paragonimidae","GBIF",1.25
"AN_PRGNM_PSHH","Paragonimus paishuihoensis","species","accepted","Animalia","Paragonimidae","GBIF",1.25
"AN_PRGNM_PRNS","Paragonimus peruensis","species","accepted","Animalia","Paragonimidae","GBIF",1.25
"AN_PRGNM_PRVN","Paragonimus peruvianus","species","synonym","Animalia","Paragonimidae","GBIF",1.25
"AN_PRGNM_PHLP","Paragonimus philippinensis","species","synonym","Animalia","Paragonimidae","GBIF",1.25
"AN_PRGNM_PRLF","Paragonimus proliferus","species","accepted","Animalia","Paragonimidae","GBIF",1.25
"AN_PRGNM_PSDH","Paragonimus pseudoheterotremus","species","accepted","Animalia","Paragonimidae","GBIF",1.25
"AN_PRGNM_PLMN","Paragonimus pulmonalis","species","synonym","Animalia","Paragonimidae","GBIF",1.25
"AN_PRGNM_RNGR","Paragonimus ringeri","species","synonym","Animalia","Paragonimidae","GBIF",1.25
"AN_PRGNM_SDNS","Paragonimus sadoensis","species","synonym","Animalia","Paragonimidae","GBIF",1.25
"AN_PRGNM_SHEN","Paragonimus sheni","species","accepted","Animalia","Paragonimidae","GBIF",1.25
"AN_PRGNM_SMNS","Paragonimus siamensis","species","accepted","Animalia","Paragonimidae","GBIF",1.25
"AN_PRGNM_SKRJ","Paragonimus skrjabini","species","accepted","Animalia","Paragonimidae","GBIF",1.25
"AN_PRGNM_SZCH","Paragonimus szechuanensis","species","synonym","Animalia","Paragonimidae","GBIF",1.25
"AN_PRGNM_TNSH","Paragonimus tuanshanensis","species","synonym","Animalia","Paragonimidae","GBIF",1.25
"AN_PRGNM_UTRB","Paragonimus uterobilateralis","species","accepted","Animalia","Paragonimidae","GBIF",1.25
"AN_PRGNM_VCLR","Paragonimus veocularis","species","synonym","Animalia","Paragonimidae","GBIF",1.25
"AN_PRGNM_VTNM","Paragonimus vietnamensis","species","accepted","Animalia","Paragonimidae","GBIF",1.25
"AN_PRGNM_WSTR","Paragonimus westermani","species","accepted","Animalia","Paragonimidae","GBIF",1.25
"AN_PRGNM_XNGS","Paragonimus xiangshanensis","species","accepted","Animalia","Paragonimidae","GBIF",1.25
"AN_PRGNM_YNNN","Paragonimus yunnanensis","species","accepted","Animalia","Paragonimidae","GBIF",1.25
"F_PRHLC_PLDS","Parahelicomyces paludosus","species","accepted","Fungi","Tubeufiaceae","GBIF",1.25
"F_PRNNN_LNGS","Paranannizziopsis longispora","species","accepted","Fungi","Onygenaceae","MycoBank",1.25
"F_PRNCTR_AFFN","Paranectria affinis","species","accepted","Fungi","Paranectriaceae","MycoBank",1.25
"F_PRPRCN_ASTR","Parapericoniella asterinae","species","accepted","Fungi","","MycoBank",1.25
"F_PARPHM_CHRY","Paraphoma chrysanthemicola","species","accepted","Fungi","Phaeosphaeriaceae","MycoBank",1.25
"F_PARPHM_FIMT","Paraphoma fimeti","species","accepted","Fungi","Phaeosphaeriaceae","MycoBank",1.25
"F_PARPHM_RDCN","Paraphoma radicina","species","accepted","Fungi","Phaeosphaeriaceae","MycoBank",1.25
"F_PMPSS_OBSC","Paraphomopsis obscurans","species","accepted","Fungi","Melanconiellaceae","MycoBank",1.25
"F_PRPHY_COOK","Paraphyton cookei","species","accepted","Fungi","Arthrodermataceae","GBIF",1.25
"F_PRPHY_CKLL","Paraphyton cookiellum","species","accepted","Fungi","Arthrodermataceae","GBIF",1.25
"F_PRPHY_MRBL","Paraphyton mirabile","species","accepted","Fungi","Arthrodermataceae","GBIF",1.25
"F_PRPLR_INQS","Parapleurotheciopsis inaequiseptata","species","accepted","Fungi","Beltraniaceae","MycoBank",1.25
"F_PTHCM_OBVD","Parapleurothecium obovoideum","species","accepted","Fungi","Pleurotheciaceae","MycoBank",1.25
"F_PRSRC_BREV","Parasarocladium breve","species","accepted","Fungi","Sarocladiaceae","MycoBank",1.25
"F_PRSRC_GAMS","Parasarocladium gamsii","species","accepted","Fungi","Sarocladiaceae","MycoBank",1.25
"F_PRSRC_RDTM","Parasarocladium radiatum","species","accepted","Fungi","Sarocladiaceae","MycoBank",1.25
"F_PRSCD_PTRD","Parascedosporium putredinis","species","accepted","Fungi","Microascaceae","MycoBank",1.25
"F_PRSCD_SNYN","Parascedosporium sanyaense","species","accepted","Fungi","Microascaceae","GBIF",1.25
"F_PRSCD_TCTN","Parascedosporium tectonae","species","accepted","Fungi","Microascaceae","GBIF",1.25
"F_PRSCL_QRCS","Parasclerophoma quercus","species","accepted","Fungi","Dothioraceae","GBIF",1.25
"F_PRSTL_PRST","Parasitella parasitica","species","accepted","Fungi","Mucoraceae","MycoBank",1.25
"F_PRSTNL_AEQT","Parastenella aequatoriensis","species","accepted","Fungi","","MycoBank",1.25
"F_PRWRD_GGNT","Parawardomyces giganteus","species","accepted","Fungi","Microascaceae","MycoBank",1.25
"F_PRNGY_ALBM","Parengyodontium album","species","accepted","Fungi","Cordycipitaceae","MycoBank",1.25
"F_PRVLG_MARN","Parvulago marina","species","accepted","Fungi","Ustilaginaceae","MycoBank",1.25
"F_PASCU_GUEH","Pascua guehoae","species","accepted","Fungi","Trichosporonaceae","MycoBank",1.25
"F_PSSLR_BCLL","Passalora bacilligera","species","accepted","Fungi","Mycosphaerellaceae","MycoBank",1.25
"F_PSSLR_BLLY","Passalora bellynckii","species","accepted","Fungi","Mycosphaerellaceae","MycoBank",1.25
"F_PSSLR_BRKH","Passalora berkheyae","species","accepted","Fungi","Mycosphaerellaceae","MycoBank",1.25
"F_PSSLR_BRCH","Passalora brachyelytri","species","accepted","Fungi","Mycosphaerellaceae","MycoBank",1.25
"F_PSSLR_CPSC","Passalora capsicicola","species","accepted","Fungi","Mycosphaerellaceae","GBIF",1.25
"F_PSSLR_CHTM","Passalora chaetomium","species","accepted","Fungi","Mycosphaerellaceae","GBIF",1.25
"F_PSSLR_CMPC","Passalora compacta","species","accepted","Fungi","Mycosphaerellaceae","MycoBank",1.25
"F_PSSLR_DSSL","Passalora dissiliens","species","accepted","Fungi","Mycosphaerellaceae","MycoBank",1.25
"F_PSSLR_EFFS","Passalora effusa","species","accepted","Fungi","Mycosphaerellaceae","MycoBank",1.25
"F_PSSLR_FVLC","Passalora foveolicola","species","accepted","Fungi","Mycosphaerellaceae","GBIF",1.25
"F_PSSLR_GNCN","Passalora guanicensis","species","accepted","Fungi","Mycosphaerellaceae","MycoBank",1.25
"F_PSSLR_LCTC","Passalora lactucicola","species","accepted","Fungi","Mycosphaerellaceae","MycoBank",1.25
"F_PSSLR_LNTN","Passalora lantanae","species","accepted","Fungi","Mycosphaerellaceae","MycoBank",1.25
"F_PSSLR_LAXA","Passalora laxa","species","accepted","Fungi","Mycosphaerellaceae","MycoBank",1.25
"F_PSSLR_MRMR","Passalora marmorata","species","accepted","Fungi","Mycosphaerellaceae","MycoBank",1.25
"F_PSSLR_MIKN","Passalora mikaniae","species","accepted","Fungi","Mycosphaerellaceae","MycoBank",1.25
"F_PSSLR_MILI","Passalora milii","species","accepted","Fungi","Mycosphaerellaceae","MycoBank",1.25
"F_PSSLR_MNTS","Passalora minutissima","species","accepted","Fungi","Mycosphaerellaceae","MycoBank",1.25
"F_PSSLR_SWET","Passalora sweetiae","species","accepted","Fungi","Mycosphaerellaceae","MycoBank",1.25
"F_PSSLR_VNTR","Passalora venturioides","species","accepted","Fungi","Mycosphaerellaceae","MycoBank",1.25
"F_PTTRS_TLLN","Pattersoniomyces tillandsiae","species","accepted","Fungi","Ustilaginaceae","GBIF",1.25
"AN_PDCLS_ALBD","Pediculus albidior","species","synonym","Animalia","Onychiuridae","GBIF",1.25
"AN_PDCLS_AMRC","Pediculus americanus","species","synonym","Animalia","Onychiuridae","GBIF",1.25
"AN_PDCLS_ASSM","Pediculus assimilis","species","synonym","Animalia","Onychiuridae","GBIF",1.25
"AN_PDCLS_CPTS","Pediculus capitis","species","synonym","Animalia","Onychiuridae","GBIF",1.25
"AN_PDCLS_CRVC","Pediculus cervicalis","species","synonym","Animalia","Onychiuridae","GBIF",1.25
"AN_PDCLS_CNSB","Pediculus consobrinus","species","synonym","Animalia","Onychiuridae","GBIF",1.25
"AN_PDCLS_CRPR","Pediculus corporis","species","synonym","Animalia","Onychiuridae","GBIF",1.25
"AN_PDCLS_FRDN","Pediculus friedenthali","species","synonym","Animalia","Onychiuridae","GBIF",1.25
"AN_PDCLS_MERG","Pediculus mergi","species","accepted","Animalia","Onychiuridae","GBIF",1.25
"AN_PDCLS_MJBRG","Pediculus mjoebergi","species","accepted","Animalia","Onychiuridae","GBIF",1.25
"AN_PDCLS_NGRS","Pediculus nigrescens","species","synonym","Animalia","Onychiuridae","GBIF",1.25
"AN_PDCLS_NGRT","Pediculus nigritarum","species","synonym","Animalia","Onychiuridae","GBIF",1.25
"AN_PDCLS_PARI","Pediculus pari","species","accepted","Animalia","Onychiuridae","GBIF",1.25
"AN_PDCLS_PSDH","Pediculus pseudohumanus","species","accepted","Animalia","Onychiuridae","GBIF",1.25
"AN_PDCLS_PBSC","Pediculus pubescens","species","synonym","Animalia","Onychiuridae","GBIF",1.25
"AN_PDCLS_SIMI","Pediculus simiae","species","synonym","Animalia","Onychiuridae","GBIF",1.25
"AN_PDCLS_TBSC","Pediculus tabescentium","species","synonym","Animalia","Onychiuridae","GBIF",1.25
"AN_PDCLS_VSTM","Pediculus vestimenti","species","synonym","Animalia","Onychiuridae","GBIF",1.25
"F_PNCLLG_KBNC","Penicillago kabunica","species","accepted","Fungi","Penicillaginaceae","MycoBank",1.25
"F_PNCLLG_MRBL","Penicillago mirabilis","species","accepted","Fungi","Penicillaginaceae","MycoBank",1.25
"F_PNCLLG_MLDV","Penicillago moldavica","species","accepted","Fungi","Penicillaginaceae","MycoBank",1.25
"F_PNCLLG_NDST","Penicillago nodositata","species","accepted","Fungi","Penicillaginaceae","MycoBank",1.25
"F_PLLFR_BPPL","Penicillifer bipapillatus","species","accepted","Fungi","Nectriaceae","MycoBank",1.25
"F_PLLFR_DPRT","Penicillifer diparietisporus","species","accepted","Fungi","Nectriaceae","MycoBank",1.25
"F_PLLFR_FRGR","Penicillifer fragariae","species","accepted","Fungi","Nectriaceae","MycoBank",1.25
"F_PLLFR_MCRS","Penicillifer macrosporus","species","accepted","Fungi","Nectriaceae","MycoBank",1.25
"F_PNCLLP_ZONT","Penicilliopsis zonata","species","accepted","Fungi","Aspergillaceae","MycoBank",1.25
"F_PNCLL_ACDG","Penicillium acidogenicum","species","accepted","Fungi","Aspergillaceae","MycoBank",1.25
"F_PNCLL_ACRN","Penicillium acreanum","species","accepted","Fungi","Aspergillaceae","MycoBank",1.25
"F_PNCLL_ALVR","Penicillium alavariense","species","accepted","Fungi","Aspergillaceae","MycoBank",1.25
"F_PNCLL_ALBNM","Penicillium albineum","species","accepted","Fungi","Aspergillaceae","MycoBank",1.25
"F_PNCLL_ALGD","Penicillium algidum","species","accepted","Fungi","Aspergillaceae","MycoBank",1.25
"F_PNCLL_AMZN","Penicillium amazonense","species","accepted","Fungi","Aspergillaceae","MycoBank",1.25
"F_PNCLL_AMTH","Penicillium amethystinum","species","synonym","Fungi","Aspergillaceae","GBIF",1.25
"F_PNCLL_AQMR","Penicillium aquamarinum","species","accepted","Fungi","Aspergillaceae","MycoBank",1.25
"F_PNCLL_AQUR","Penicillium aquiri","species","accepted","Fungi","Aspergillaceae","MycoBank",1.25
"F_PNCLL_ARSC","Penicillium aureosclerotiorum","species","accepted","Fungi","Aspergillaceae","MycoBank",1.25
"F_PNCLL_AYRT","Penicillium ayrtoniae","species","accepted","Fungi","Aspergillaceae","MycoBank",1.25
"F_PNCLL_BALM","Penicillium baiiolum","species","synonym","Fungi","Aspergillaceae","GBIF",1.25
"F_PNCLL_BALL","Penicillium balliae","species","accepted","Fungi","Aspergillaceae","MycoBank",1.25
"F_PNCLL_BYTP","Penicillium baytopiae","species","accepted","Fungi","Aspergillaceae","MycoBank",1.25
"F_PNCLL_BMBY","Penicillium bombycis","species","accepted","Fungi","Aspergillaceae","MycoBank",1.25
"F_PNCLL_BCHN","Penicillium buchananiae","species","accepted","Fungi","Aspergillaceae","MycoBank",1.25
"F_PNCLL_BRNK","Penicillium buranakarlianum","species","accepted","Fungi","Aspergillaceae","MycoBank",1.25
"F_PNCLL_BRCI","Penicillium burcii","species","synonym","Fungi","Aspergillaceae","GBIF",1.25
"F_PNCLL_BTLR","Penicillium butlerae","species","accepted","Fungi","Aspergillaceae","MycoBank",1.25
"F_PNCLL_CMPB","Penicillium campbelliae","species","accepted","Fungi","Aspergillaceae","MycoBank",1.25
"F_PNCLL_NDDS","Penicillium candidus","species","unknown","Fungi","Aspergillaceae","manually added",1.25
"F_PNCLL_CNNN","Penicillium cannoniae","species","accepted","Fungi","Aspergillaceae","MycoBank",1.25
"F_PNCLL_CRJS","Penicillium carajasense","species","accepted","Fungi","Aspergillaceae","MycoBank",1.25
"F_PNCLL_CRTT","Penicillium carettae","species","accepted","Fungi","Aspergillaceae","MycoBank",1.25
"F_PNCLL_CRNR","Penicillium carneiroi","species","accepted","Fungi","Aspergillaceae","MycoBank",1.25
"F_PNCLL_CECV","Penicillium cecavii","species","accepted","Fungi","Aspergillaceae","MycoBank",1.25
"F_PNCLL_CDRB","Penicillium cederbergense","species","accepted","Fungi","Aspergillaceae","MycoBank",1.25
"F_PNCLL_CHNT","Penicillium chanthaburiense","species","accepted","Fungi","Aspergillaceae","MycoBank",1.25
"F_PNCLL_CHNGM","Penicillium chiangmaiense","species","accepted","Fungi","Aspergillaceae","MycoBank",1.25
"F_PNCLL_CLUN","Penicillium cluniae","species","accepted","Fungi","Aspergillaceae","GBIF",1.25
"F_PNCLL_CSHM","Penicillium cushmaniae","species","accepted","Fungi","Aspergillaceae","MycoBank",1.25
"F_PNCLL_DENN","Penicillium denooniae","species","accepted","Fungi","Aspergillaceae","MycoBank",1.25
"F_PNCLL_DSCN","Penicillium discoense","species","accepted","Fungi","Aspergillaceae","MycoBank",1.25
"F_PNCLL_DNGY","Penicillium dongyingense","species","accepted","Fungi","Aspergillaceae","MycoBank",1.25
"F_PNCLL_DRKN","Penicillium drakensteinense","species","accepted","Fungi","Aspergillaceae","MycoBank",1.25
"F_PNCLL_DRPR","Penicillium draperae","species","accepted","Fungi","Aspergillaceae","MycoBank",1.25
"F_PNCLL_ENDP","Penicillium endophyticum","species","accepted","Fungi","Aspergillaceae","MycoBank",1.25
"F_PNCLL_FLVT","Penicillium flavotestudinum","species","accepted","Fungi","Aspergillaceae","MycoBank",1.25
"F_PNCLL_FLCC","Penicillium floccosum","species","accepted","Fungi","Aspergillaceae","MycoBank",1.25
"F_PNCLL_FYNN","Penicillium fuyuanense","species","accepted","Fungi","Aspergillaceae","MycoBank",1.25
"F_PNCLL_GRTD","Penicillium geertdesnooi","species","accepted","Fungi","Aspergillaceae","MycoBank",1.25
"F_PNCLL_GRFR","Penicillium gorferi","species","accepted","Fungi","Aspergillaceae","MycoBank",1.25
"F_PNCLL_NZLA","Penicillium gorgonzola","species","synonym","Fungi","Aspergillaceae","GBIF",1.25
"F_PNCLL_HNSE","Penicillium guizhouense","species","accepted","Fungi","Aspergillaceae","MycoBank",1.25
"F_PNCLL_HSLR","Penicillium heislerae","species","accepted","Fungi","Aspergillaceae","MycoBank",1.25
"F_PNCLL_HSSL","Penicillium hesseltinei","species","accepted","Fungi","Aspergillaceae","MycoBank",1.25
"F_PNCLL_HEVE","Penicillium heveae","species","accepted","Fungi","Aspergillaceae","MycoBank",1.25
"F_PNCLL_IDWD","Penicillium idawoodsiae","species","accepted","Fungi","Aspergillaceae","MycoBank",1.25
"F_PNCLL_JNMH","Penicillium janemahoniae","species","accepted","Fungi","Aspergillaceae","MycoBank",1.25
"F_PNCLL_JNGS","Penicillium jeongsukiae","species","accepted","Fungi","Aspergillaceae","MycoBank",1.25
"F_PNCLL_SNSE","Penicillium jiangsuense","species","accepted","Fungi","Aspergillaceae","MycoBank",1.25
"F_PNCLL_JNGL","Penicillium joangloverae","species","accepted","Fungi","Aspergillaceae","MycoBank",1.25
"F_PNCLL_JGRM","Penicillium jugorum","species","accepted","Fungi","Aspergillaceae","MycoBank",1.25
"F_PNCLL_KEAY","Penicillium keayae","species","accepted","Fungi","Aspergillaceae","MycoBank",1.25
"F_PNCLL_KRST","Penicillium kirstenboschense","species","accepted","Fungi","Aspergillaceae","MycoBank",1.25
"F_PNCLL_LATR","Penicillium latouriae","species","accepted","Fungi","Aspergillaceae","MycoBank",1.25
"F_PNCLL_LBRT","Penicillium lebretii","species","accepted","Fungi","Aspergillaceae","MycoBank",1.25
"F_PNCLL_LENTM","Penicillium lentum","species","accepted","Fungi","Aspergillaceae","MycoBank",1.25
"F_PNCLL_LMPP","Penicillium limpopoense","species","accepted","Fungi","Aspergillaceae","MycoBank",1.25
"F_PNCLL_LNZH","Penicillium linzhiense","species","accepted","Fungi","Aspergillaceae","MycoBank",1.25
"F_PNCLL_LTCR","Penicillium luteocoeruleum","species","synonym","Fungi","Aspergillaceae","GBIF",1.25
"F_PNCLL_LYDN","Penicillium lydenburgense","species","accepted","Fungi","Aspergillaceae","MycoBank",1.25
"F_PNCLL_MCDNN","Penicillium macedonense","species","synonym","Fungi","Aspergillaceae","GBIF",1.25
"F_PNCLL_MANTN","Penicillium mantoniae","species","accepted","Fungi","Aspergillaceae","MycoBank",1.25
"F_PNCLL_MRTH","Penicillium marthae","species","accepted","Fungi","Aspergillaceae","MycoBank",1.25
"F_PNCLL_MRYW","Penicillium marywardiae","species","accepted","Fungi","Aspergillaceae","MycoBank",1.25
"F_PNCLL_MBMB","Penicillium mbombelaense","species","accepted","Fungi","Aspergillaceae","MycoBank",1.25
"F_PNCLL_MCKN","Penicillium mckenzieae","species","accepted","Fungi","Aspergillaceae","MycoBank",1.25
"F_PNCLL_MURL","Penicillium murieliae","species","accepted","Fungi","Aspergillaceae","MycoBank",1.25
"F_PNCLL_ORPH","Penicillium oreophilum","species","accepted","Fungi","Aspergillaceae","MycoBank",1.25
"F_PNCLL_PAOL","Penicillium paolae","species","accepted","Fungi","Aspergillaceae","MycoBank",1.25
"F_PNCLL_PRPB","Penicillium parauapebasense","species","accepted","Fungi","Aspergillaceae","MycoBank",1.25
"F_PNCLL_PSCG","Penicillium pascuigraminis","species","accepted","Fungi","Aspergillaceae","MycoBank",1.25
"F_PNCLL_PONNS","Penicillium poonense","species","synonym","Fungi","Aspergillaceae","GBIF",1.25
"F_PNCLL_PTCHF","Penicillium potchefstroomense","species","accepted","Fungi","Aspergillaceae","MycoBank",1.25
"F_PNCLL_PSDML","Penicillium pseudomellis","species","accepted","Fungi","Aspergillaceae","MycoBank",1.25
"F_PNCLL_PSYCH","Penicillium psychrofluorescens","species","accepted","Fungi","Aspergillaceae","MycoBank",1.25
"F_PNCLL_PRPRSC","Penicillium purpurascens","species","synonym","Fungi","Aspergillaceae","GBIF",1.25
"F_PNCLL_RVRS","Penicillium reversovinaceum","species","accepted","Fungi","Aspergillaceae","MycoBank",1.25
"F_PNCLL_RITA","Penicillium ritae","species","accepted","Fungi","Aspergillaceae","MycoBank",1.25
"F_PNCLL_RVLR","Penicillium rivulorum","species","accepted","Fungi","Aspergillaceae","MycoBank",1.25
"F_PNCLL_RDPL","Penicillium roodeplaatense","species","accepted","Fungi","Aspergillaceae","MycoBank",1.25
"F_PNCLL_SHNG","Penicillium shanghaiense","species","accepted","Fungi","Aspergillaceae","MycoBank",1.25
"F_PNCLL_SIDN","Penicillium sidnieae","species","accepted","Fungi","Aspergillaceae","MycoBank",1.25
"F_PNCLL_SLVR","Penicillium silvertonense","species","accepted","Fungi","Aspergillaceae","MycoBank",1.25
"F_PNCLL_SIML","Penicillium simile","species","accepted","Fungi","Aspergillaceae","MycoBank",1.25
"F_PNCLL_SNNS","Penicillium sinense","species","accepted","Fungi","Aspergillaceae","MycoBank",1.25
"F_PNCLL_BLTM","Penicillium subluteum","species","accepted","Fungi","Aspergillaceae","MycoBank",1.25
"F_PNCLL_YLVE","Penicillium sylviae","species","accepted","Fungi","Aspergillaceae","MycoBank",1.25
"F_PNCLL_TYLR","Penicillium tayloriae","species","accepted","Fungi","Aspergillaceae","MycoBank",1.25
"F_PNCLL_TERR","Penicillium terrae","species","accepted","Fungi","Aspergillaceae","MycoBank",1.25
"F_PNCLL_TBTN","Penicillium tibetense","species","accepted","Fungi","Aspergillaceae","MycoBank",1.25
"F_PNCLL_TRCSM","Penicillium turcosum","species","accepted","Fungi","Aspergillaceae","MycoBank",1.25
"F_PNCLL_ULLN","Penicillium ulleungdoense","species","accepted","Fungi","Aspergillaceae","MycoBank",1.25
"F_PNCLL_VASL","Penicillium vasile","species","synonym","Fungi","Aspergillaceae","GBIF",1.25
"F_PNCLL_VNFR","Penicillium viniferum","species","synonym","Fungi","Aspergillaceae","GBIF",1.25
"F_PNCLL_VRDP","Penicillium viridipigmentum","species","accepted","Fungi","Aspergillaceae","MycoBank",1.25
"F_PNCLL_VITL","Penicillium vitale","species","synonym","Fungi","Aspergillaceae","GBIF",1.25
"F_PNCLL_WBST","Penicillium websterae","species","accepted","Fungi","Aspergillaceae","MycoBank",1.25
"F_PNCLL_WLLMN","Penicillium williaminae","species","accepted","Fungi","Aspergillaceae","MycoBank",1.25
"F_PNCLL_WSTR","Penicillium woosterae","species","accepted","Fungi","Aspergillaceae","MycoBank",1.25
"F_PNCLL_WYCK","Penicillium wyckoffiae","species","accepted","Fungi","Aspergillaceae","MycoBank",1.25
"F_PNCLL_WYMN","Penicillium wyomingense","species","accepted","Fungi","Aspergillaceae","MycoBank",1.25
"F_PNCLL_YASU","Penicillium yasuiae","species","accepted","Fungi","Aspergillaceae","MycoBank",1.25
"F_PNDLL_CBNS","Penidiella cubensis","species","accepted","Fungi","Teratosphaeriaceae","GBIF",1.25
"F_PRCLD_GREW","Pericladium grewiae","species","accepted","Fungi","Ustilaginaceae","MycoBank",1.25
"F_PERCN_ALTR","Periconia alternata","species","accepted","Fungi","Periconiaceae","GBIF",1.25
"F_PERCN_CRCN","Periconia circinata","species","accepted","Fungi","Periconiaceae","MycoBank",1.25
"F_PERCN_FLVV","Periconia flavovirens","species","accepted","Fungi","Periconiaceae","MycoBank",1.25
"F_PERCN_GLCC","Periconia glaucocephala","species","accepted","Fungi","Periconiaceae","MycoBank",1.25
"F_PERCN_TRLD","Periconia toruloides","species","accepted","Fungi","Periconiaceae","MycoBank",1.25
"F_PRCNLL_CANN","Periconiella cannae","species","accepted","Fungi","Mycosphaerellaceae","GBIF",1.25
"F_PRCNLL_PRTR","Periconiella portoricensis","species","accepted","Fungi","Mycosphaerellaceae","MycoBank",1.25
"F_PSTMM_DSMS","Peristomium desmosporum","species","synonym","Fungi","Microascaceae","MycoBank",1.25
"F_PERRT_DSTN","Perrotia distincta","species","accepted","Fungi","Lachnaceae","GBIF",1.25
"F_PESTM_AURM","Pesotum aureum","species","accepted","Fungi","Ophiostomataceae","GBIF",1.25
"F_PESTM_PICE","Pesotum piceae","species","accepted","Fungi","Ophiostomataceae","MycoBank",1.25
"F_PESTM_PRNM","Pesotum pirinum","species","accepted","Fungi","Ophiostomataceae","GBIF",1.25
"F_PESTM_RBRS","Pesotum roboris","species","accepted","Fungi","Ophiostomataceae","GBIF",1.25
"F_PTRLL_BLNG","Petriella boulangeri","species","accepted","Fungi","Microascaceae","MycoBank",1.25
"F_PTRLL_GTTL","Petriella guttulata","species","accepted","Fungi","Microascaceae","MycoBank",1.25
"F_PTRLL_LNDF","Petriella lindforsii","species","accepted","Fungi","Microascaceae","MycoBank",1.25
"F_PTRLL_PRTP","Petriella proteophila","species","accepted","Fungi","Microascaceae","GBIF",1.25
"F_PTRLL_STFR","Petriella setifera","species","accepted","Fungi","Microascaceae","MycoBank",1.25
"F_PTRLL_SRDD","Petriella sordida","species","accepted","Fungi","Microascaceae","MycoBank",1.25
"F_PEYRNL_RUDS","Peyronelia rudis","species","accepted","Fungi","Mytilinidiaceae","MycoBank",1.25
"F_PYRNL_CLRP","Peyronellaea calorpreferens","species","accepted","Fungi","Didymellaceae","GBIF",1.25
"F_PYRNL_CNCT","Peyronellaea cincta","species","accepted","Fungi","Didymellaceae","GBIF",1.25
"F_PYRNL_CNSR","Peyronellaea consors","species","accepted","Fungi","Didymellaceae","GBIF",1.25
"F_PYRNL_ECLY","Peyronellaea eucalyptica","species","accepted","Fungi","Didymellaceae","GBIF",1.25
"F_PYRNL_FCTL","Peyronellaea fictilis","species","accepted","Fungi","Didymellaceae","GBIF",1.25
"F_PYRNL_OBTS","Peyronellaea obtusa","species","accepted","Fungi","Didymellaceae","GBIF",1.25
"F_PYRNL_PLYM","Peyronellaea polymorpha","species","accepted","Fungi","Didymellaceae","MycoBank",1.25
"F_PEZCL_CRNN","Pezicula cornina","species","accepted","Fungi","Dermateaceae","MycoBank",1.25
"F_PEZIZ_DRCS","Peziza dorcas","species","accepted","Fungi","Pezizaceae","MycoBank",1.25
"F_PEZIZ_SCTG","Peziza scatigena","species","accepted","Fungi","Pezizaceae","MycoBank",1.25
"F_PHCLL_GERN","Phacellium geranii","species","accepted","Fungi","Mycosphaerellaceae","MycoBank",1.25
"F_PHCLL_LGLR","Phacellium ligulariae","species","accepted","Fungi","Mycosphaerellaceae","MycoBank",1.25
"F_PHCLL_SORB","Phacellium sorbi","species","accepted","Fungi","Mycosphaerellaceae","MycoBank",1.25
"F_PHCLL_TRFL","Phacellium trifolii","species","accepted","Fungi","Mycosphaerellaceae","MycoBank",1.25
"F_PHCDM_MLLR","Phacidium mollerianum","species","accepted","Fungi","Phacidiaceae","MycoBank",1.25
"F_PHCRM_CHNG","Phaeoacremonium chiangmaiense","species","accepted","Fungi","Togniniaceae","MycoBank",1.25
"F_PHCRM_CHNNS","Phaeoacremonium chinense","species","accepted","Fungi","Togniniaceae","MycoBank",1.25
"F_PHCRM_INDC","Phaeoacremonium indicum","species","accepted","Fungi","Togniniaceae","MycoBank",1.25
"F_PHCRM_PHLP","Phaeoacremonium philippinense","species","accepted","Fungi","Togniniaceae","MycoBank",1.25
"F_PHCRM_SCHS","Phaeoacremonium schisandrae","species","accepted","Fungi","Togniniaceae","MycoBank",1.25
"F_PHCHL_GNCL","Phaeochloridium geniculatum","species","accepted","Fungi","Plectosphaerellaceae","MycoBank",1.25
"F_PHCHL_TWNN","Phaeochloridium taiwanense","species","accepted","Fungi","Plectosphaerellaceae","MycoBank",1.25
"F_PHCCC_NGRC","Phaeococcomyces nigricans","species","accepted","Fungi","Phaeococcomycetaceae","MycoBank",1.25
"F_PHASR_BMBS","Phaeoisaria bambusae","species","accepted","Fungi","Pleurotheciaceae","GBIF",1.25
"F_PHASR_CLVL","Phaeoisaria clavulata","species","accepted","Fungi","Pleurotheciaceae","MycoBank",1.25
"F_PHSRP_PBSC","Phaeoisariopsis pubescens","species","accepted","Fungi","Mycosphaerellaceae","MycoBank",1.25
"F_PHMYC_CNTR","Phaeomycocentrospora cantuariensis","species","accepted","Fungi","Didymellaceae","MycoBank",1.25
"F_PHRML_CPSC","Phaeoramularia capsicicola","species","accepted","Fungi","Mycosphaerellaceae","MycoBank",1.25
"F_PHRML_LEVR","Phaeoramularia levieri","species","accepted","Fungi","Mycosphaerellaceae","GBIF",1.25
"F_PHSTL_CYCL","Phaeostalagmus cyclosporus","species","accepted","Fungi","Chaetosphaeriaceae","MycoBank",1.25
"F_PHSTL_TNSS","Phaeostalagmus tenuissimus","species","accepted","Fungi","Chaetosphaeriaceae","MycoBank",1.25
"F_PBLLA_ATRA","Phaeostilbella atra","species","accepted","Fungi","","MycoBank",1.25
"F_PBLLA_NIGR","Phaeostilbella nigra","species","accepted","Fungi","","MycoBank",1.25
"F_PHTRML_FAGI","Phaeotremella fagi","species","accepted","Fungi","Phaeotremellaceae","MycoBank",1.25
"F_PHTRML_FOLC","Phaeotremella foliacea","species","accepted","Fungi","Phaeotremellaceae","MycoBank",1.25
"F_PHTRML_SKNN","Phaeotremella skinneri","species","accepted","Fungi","Phaeotremellaceae","GBIF",1.25
"F_PHAFF_RHDZ","Phaffia rhodozyma","species","accepted","Fungi","Cystofilobasidiaceae","MycoBank",1.25
"F_PHFFM_ANTL","Phaffomyces antillensis","species","accepted","Fungi","Phaffomycetaceae","MycoBank",1.25
"F_PHFFM_OPNT","Phaffomyces opuntiae","species","accepted","Fungi","Phaffomycetaceae","MycoBank",1.25
"F_PHFFM_THRM","Phaffomyces thermotolerans","species","accepted","Fungi","Phaffomycetaceae","MycoBank",1.25
"F_PHNRD_CHRY","Phanerodontia chrysosporium","species","accepted","Fungi","Phanerochaetaceae","GBIF",1.25
"F_PHNLF_GLCL","Phenoliferia glacialis","species","accepted","Fungi","Kriegeriaceae","MycoBank",1.25
"F_PHNLF_HMLY","Phenoliferia himalayensis","species","accepted","Fungi","Kriegeriaceae","MycoBank",1.25
"F_PHNLF_PSYC","Phenoliferia psychrophenolica","species","accepted","Fungi","Kriegeriaceae","MycoBank",1.25
"F_PHNLF_PHLA","Phenoliferia psychrophila","species","accepted","Fungi","Kriegeriaceae","MycoBank",1.25
"F_PHLMNM_ATRG","Phialemonium atrogriseum","species","accepted","Fungi","Cephalothecaceae","MycoBank",1.25
"F_PHLMNM_INFL","Phialemonium inflatum","species","accepted","Fungi","Cephalothecaceae","MycoBank",1.25
"F_PHLMNM_THRM","Phialemonium thermophilum","species","accepted","Fungi","Cephalothecaceae","MycoBank",1.25
"F_PHLCP_BTLS","Phialocephala botulispora","species","accepted","Fungi","Mollisiaceae","GBIF",1.25
"F_PHLCP_LGRB","Phialocephala lagerbergii","species","accepted","Fungi","Mollisiaceae","GBIF",1.25
"F_PHLGR_ERBS","Phialographium erubescens","species","accepted","Fungi","Ophiostomataceae","GBIF",1.25
"F_PHLMY_ARNC","Phialomyces arenicola","species","accepted","Fungi","Aspergillaceae","MycoBank",1.25
"F_PHLMY_HMCL","Phialomyces humicoloides","species","accepted","Fungi","Aspergillaceae","MycoBank",1.25
"F_PHLPH_CMPC","Phialophora compacta","species","synonym","Fungi","Herpotrichiellaceae","GBIF",1.25
"F_PHLPH_FNLND","Phialophora finlandia","species","synonym","Fungi","Herpotrichiellaceae","GBIF",1.25
"AN_PHLBT_AJTH","Phlebotomus ajithii","species","accepted","Animalia","Psychodidae","GBIF",1.25
"AN_PHLBT_ASFR","Phlebotomus asfordi","species","accepted","Animalia","Psychodidae","GBIF",1.25
"AN_PHLBT_BREY","Phlebotomus breyi","species","accepted","Animalia","Psychodidae","GBIF",1.25
"AN_PHLBT_GRCV","Phlebotomus graecovi","species","accepted","Animalia","Psychodidae","GBIF",1.25
"AN_PHLBT_JVNS","Phlebotomus javaensis","species","accepted","Animalia","Psychodidae","GBIF",1.25
"AN_PHLBT_MARI","Phlebotomus mariae","species","accepted","Animalia","Psychodidae","GBIF",1.25
"AN_PHLBT_PLMN","Phlebotomus palamauensis","species","accepted","Animalia","Psychodidae","GBIF",1.25
"AN_PHLBT_MNSS","Phlebotomus palaumensis","species","accepted","Animalia","Psychodidae","GBIF",1.25
"AN_PHLBT_PPTC","Phlebotomus papataci","species","synonym","Animalia","Psychodidae","GBIF",1.25
"AN_PHLBT_PAPNSS","Phlebotomus papauensis","species","accepted","Animalia","Psychodidae","GBIF",1.25
"AN_PHLBT_SHDN","Phlebotomus shadenae","species","accepted","Animalia","Psychodidae","GBIF",1.25
"AN_PHLBT_SNXY","Phlebotomus sinxayarami","species","accepted","Animalia","Psychodidae","GBIF",1.25
"AN_PHLBT_ZLFG","Phlebotomus zulfagarensis","species","synonym","Animalia","Psychodidae","GBIF",1.25
"F_PHLYCT_VGBN","Phlyctema vagabunda","species","accepted","Fungi","Dermateaceae","MycoBank",1.25
"F_PHOMA_ANCP","Phoma anceps","species","synonym","Fungi","Didymellaceae","GBIF",1.25
"F_PHOMA_SCRE","Phoma canscorae","species","accepted","Fungi","Didymellaceae","MycoBank",1.25
"F_PHOMA_CNRSC","Phoma cinerescens","species","synonym","Fungi","Didymellaceae","GBIF",1.25
"F_PHOMA_CYTISPRDS","Phoma cytisporoides","species","synonym","Fungi","Didymellaceae","GBIF",1.25
"F_PHOMA_ELLPT","Phoma elliptica","species","synonym","Fungi","Didymellaceae","GBIF",1.25
"F_PHOMA_NGCLA","Phoma eryngiicola","species","synonym","Fungi","Didymellaceae","GBIF",1.25
"F_PHOMA_GLYCN","Phoma glycinicola","species","synonym","Fungi","Didymellaceae","GBIF",1.25
"F_PHOMA_RPSS","Phoma hysteropsis","species","synonym","Fungi","Didymellaceae","GBIF",1.25
"F_PHOMA_LFRMS","Phoma maculiformis","species","synonym","Fungi","Didymellaceae","GBIF",1.25
"F_PHOMA_MARIN","Phoma marina","species","accepted","Fungi","Didymellaceae","GBIF",1.25
"F_PHOMA_MIRBL","Phoma mirbelii","species","synonym","Fungi","Didymellaceae","GBIF",1.25
"F_PHOMA_CTRX","Phoma necatrix","species","synonym","Fungi","Didymellaceae","GBIF",1.25
"F_PHOMA_NXVM","Phoma nux-vomica","species","accepted","Fungi","Didymellaceae","GBIF",1.25
"F_PHOMA_PADI","Phoma padi","species","accepted","Fungi","Didymellaceae","MycoBank",1.25
"F_PHOMA_PCAE","Phoma piceae","species","synonym","Fungi","Didymellaceae","GBIF",1.25
"F_PHOMA_LTNDS","Phoma platanoidis","species","synonym","Fungi","Didymellaceae","GBIF",1.25
"F_PHOMA_PSDCC","Phoma pseudoacaciae","species","accepted","Fungi","Didymellaceae","MycoBank",1.25
"F_PHOMA_QRCL","Phoma quercella","species","synonym","Fungi","Didymellaceae","GBIF",1.25
"F_PHOMA_SORB","Phoma sorbi","species","synonym","Fungi","Didymellaceae","GBIF",1.25
"F_PHOMA_VITE","Phoma vitea","species","synonym","Fungi","Didymellaceae","GBIF",1.25
"F_PHMTD_ABRT","Phomatodes aubrietiae","species","accepted","Fungi","Didymellaceae","MycoBank",1.25
"F_PHMTD_NBLS","Phomatodes nebulosa","species","accepted","Fungi","Didymellaceae","MycoBank",1.25
"F_PHMTS_BRKL","Phomatospora berkeleyi","species","accepted","Fungi","Phomatosporaceae","GBIF",1.25
"F_PHMPS_ABDT","Phomopsis abdita","species","accepted","Fungi","Diaporthaceae","MycoBank",1.25
"F_PHMPS_ABTN","Phomopsis abietina","species","accepted","Fungi","Diaporthaceae","GBIF",1.25
"F_PHMPS_ABRT","Phomopsis abrotani","species","accepted","Fungi","Diaporthaceae","GBIF",1.25
"F_PHMPS_ACCC","Phomopsis acaciicola","species","accepted","Fungi","Diaporthaceae","MycoBank",1.25
"F_PHMPS_ACNT","Phomopsis acanthi","species","accepted","Fungi","Diaporthaceae","GBIF",1.25
"F_PHMPS_ACML","Phomopsis acmella","species","accepted","Fungi","Diaporthaceae","GBIF",1.25
"F_PHMPS_AESC","Phomopsis aesculana","species","accepted","Fungi","Diaporthaceae","GBIF",1.25
"F_PHMPS_AGPN","Phomopsis agapanthi","species","accepted","Fungi","Diaporthaceae","GBIF",1.25
"F_PHMPS_ALLS","Phomopsis allescheriana","species","accepted","Fungi","Diaporthaceae","GBIF",1.25
"F_PHMPS_AMLN","Phomopsis amelanchieris","species","accepted","Fungi","Diaporthaceae","GBIF",1.25
"F_PHMPS_ANTH","Phomopsis anthyllidicola","species","accepted","Fungi","Diaporthaceae","MycoBank",1.25
"F_PHMPS_AQFL","Phomopsis aquifolii","species","accepted","Fungi","Diaporthaceae","GBIF",1.25
"F_PHMPS_ASCL","Phomopsis asclepiadea","species","accepted","Fungi","Diaporthaceae","GBIF",1.25
"F_PHMPS_ASPR","Phomopsis asparagi","species","accepted","Fungi","Diaporthaceae","MycoBank",1.25
"F_PHMPS_ASPH","Phomopsis asphodelina","species","accepted","Fungi","Diaporthaceae","MycoBank",1.25
"F_PHMPS_ASTR","Phomopsis asteriscus","species","accepted","Fungi","Diaporthaceae","GBIF",1.25
"F_PHMPS_ACBC","Phomopsis aucubicola","species","accepted","Fungi","Diaporthaceae","GBIF",1.25
"F_PHMPS_BRBR","Phomopsis barbari","species","accepted","Fungi","Diaporthaceae","GBIF",1.25
"F_PHMPS_BTTS","Phomopsis batatas","species","accepted","Fungi","Diaporthaceae","GBIF",1.25
"F_PHMPS_BCKH","Phomopsis beckhausii","species","accepted","Fungi","Diaporthaceae","MycoBank",1.25
"F_PHMPS_BRNA","Phomopsis berberina","species","accepted","Fungi","Diaporthaceae","GBIF",1.25
"F_PHMPS_BGNN","Phomopsis bignoniae","species","accepted","Fungi","Diaporthaceae","GBIF",1.25
"F_PHMPS_BOSS","Phomopsis bossiaeae","species","accepted","Fungi","Diaporthaceae","MycoBank",1.25
"F_PHMPS_BRCH","Phomopsis brachysematis","species","accepted","Fungi","Diaporthaceae","MycoBank",1.25
"F_PHMPS_BRSS","Phomopsis broussonetiae","species","accepted","Fungi","Diaporthaceae","MycoBank",1.25
"F_PHMPS_CACT","Phomopsis cacti","species","accepted","Fungi","Diaporthaceae","MycoBank",1.25
"F_PHMPS_CLPH","Phomopsis calophacae","species","accepted","Fungi","Diaporthaceae","MycoBank",1.25
"F_PHMPS_CLYS","Phomopsis calystegiae","species","accepted","Fungi","Diaporthaceae","MycoBank",1.25
"F_PHMPS_CRPG","Phomopsis carpogena","species","accepted","Fungi","Diaporthaceae","GBIF",1.25
"F_PHMPS_CRYP","Phomopsis caryophylli","species","accepted","Fungi","Diaporthaceae","MycoBank",1.25
"F_PHMPS_CSRN","Phomopsis casuarinae","species","accepted","Fungi","Diaporthaceae","MycoBank",1.25
"F_PHMPS_CLGR","Phomopsis caulographa","species","accepted","Fungi","Diaporthaceae","GBIF",1.25
"F_PHMPS_CLST","Phomopsis celastrinae","species","accepted","Fungi","Diaporthaceae","MycoBank",1.25
"F_PHMPS_CLTT","Phomopsis celottii","species","accepted","Fungi","Diaporthaceae","MycoBank",1.25
"F_PHMPS_CHND","Phomopsis chondrillae","species","accepted","Fungi","Diaporthaceae","MycoBank",1.25
"F_PHMPS_CCHR","Phomopsis cichoracearum","species","accepted","Fungi","Diaporthaceae","GBIF",1.25
"F_PHMPS_CSTN","Phomopsis cistina","species","accepted","Fungi","Diaporthaceae","GBIF",1.25
"F_PHMPS_CCPH","Phomopsis cocophila","species","accepted","Fungi","Diaporthaceae","MycoBank",1.25
"F_PHMPS_COLT","Phomopsis coluteae","species","accepted","Fungi","Diaporthaceae","GBIF",1.25
"F_PHMPS_CNGL","Phomopsis coneglanensis","species","accepted","Fungi","Diaporthaceae","MycoBank",1.25
"F_PHMPS_CNRM","Phomopsis conorum","species","accepted","Fungi","Diaporthaceae","MycoBank",1.25
"F_PHMPS_CNVL","Phomopsis convallariae","species","accepted","Fungi","Diaporthaceae","MycoBank",1.25
"F_PHMPS_CRDF","Phomopsis cordifolia","species","accepted","Fungi","Diaporthaceae","MycoBank",1.25
"F_PHMPS_CRNL","Phomopsis coronillae","species","accepted","Fungi","Diaporthaceae","GBIF",1.25
"F_PHMPS_CRTC","Phomopsis corticis","species","accepted","Fungi","Diaporthaceae","MycoBank",1.25
"F_PHMPS_CRST","Phomopsis crustosa","species","accepted","Fungi","Diaporthaceae","MycoBank",1.25
"F_PHMPS_CYCD","Phomopsis cycadis","species","accepted","Fungi","Diaporthaceae","GBIF",1.25
"F_PHMPS_CYDN","Phomopsis cydoniae","species","accepted","Fungi","Diaporthaceae","GBIF",1.25
"F_PHMPS_CYNN","Phomopsis cynanchi","species","accepted","Fungi","Diaporthaceae","MycoBank",1.25
"F_PHMPS_DMSS","Phomopsis demissa","species","accepted","Fungi","Diaporthaceae","MycoBank",1.25
"F_PHMPS_DSMZ","Phomopsis desmazieri","species","accepted","Fungi","Diaporthaceae","GBIF",1.25
"F_PHMPS_DTRS","Phomopsis detrusa","species","accepted","Fungi","Diaporthaceae","GBIF",1.25
"F_PHMPS_DSPY","Phomopsis diospyri","species","accepted","Fungi","Diaporthaceae","MycoBank",1.25
"F_PHMPS_DPSC","Phomopsis dipsaci","species","accepted","Fungi","Diaporthaceae","MycoBank",1.25
"F_PHMPS_DMNC","Phomopsis dominici","species","accepted","Fungi","Diaporthaceae","GBIF",1.25
"F_PHMPS_DRND","Phomopsis durandiana","species","accepted","Fungi","Diaporthaceae","MycoBank",1.25
"F_PHMPS_EBLN","Phomopsis ebulina","species","accepted","Fungi","Diaporthaceae","MycoBank",1.25
"F_PHMPS_ECHD","Phomopsis echioidis","species","accepted","Fungi","Diaporthaceae","GBIF",1.25
"F_PHMPS_EDGW","Phomopsis edgeworthiae","species","accepted","Fungi","Diaporthaceae","MycoBank",1.25
"F_PHMPS_EFFS","Phomopsis effusa","species","accepted","Fungi","Diaporthaceae","MycoBank",1.25
"F_PHMPS_ELLP","Phomopsis elliptica","species","accepted","Fungi","Diaporthaceae","GBIF",1.25
"F_PHMPS_EMMN","Phomopsis emmanuelii","species","accepted","Fungi","Diaporthaceae","GBIF",1.25
"F_PHMPS_ENDG","Phomopsis endogena","species","accepted","Fungi","Diaporthaceae","GBIF",1.25
"F_PHMPS_EPGL","Phomopsis epiglandula","species","accepted","Fungi","Diaporthaceae","GBIF",1.25
"F_PHMPS_EPLB","Phomopsis epilobii","species","accepted","Fungi","Diaporthaceae","MycoBank",1.25
"F_PHMPS_EXUL","Phomopsis exul","species","accepted","Fungi","Diaporthaceae","GBIF",1.25
"F_PHMPS_FMLR","Phomopsis familiaris","species","accepted","Fungi","Diaporthaceae","MycoBank",1.25
"F_PHMPS_FRXN","Phomopsis fraxinellae","species","accepted","Fungi","Diaporthaceae","MycoBank",1.25
"F_PHMPS_FCHS","Phomopsis fuchsiae","species","accepted","Fungi","Diaporthaceae","MycoBank",1.25
"F_PHMPS_GLND","Phomopsis glandicola","species","accepted","Fungi","Diaporthaceae","GBIF",1.25
"F_PHMPS_HCKR","Phomopsis heckeriae","species","accepted","Fungi","Diaporthaceae","MycoBank",1.25
"F_PHMPS_HLLB","Phomopsis hellebori","species","accepted","Fungi","Diaporthaceae","GBIF",1.25
"F_PHMPS_HRMN","Phomopsis herminierae","species","accepted","Fungi","Diaporthaceae","GBIF",1.25
"F_PHMPS_HEVE","Phomopsis heveae","species","accepted","Fungi","Diaporthaceae","MycoBank",1.25
"F_PHMPS_HYST","Phomopsis hysteriola","species","accepted","Fungi","Diaporthaceae","MycoBank",1.25
"F_PHMPS_INCM","Phomopsis incommoda","species","accepted","Fungi","Diaporthaceae","MycoBank",1.25
"F_PHMPS_INCN","Phomopsis inconstans","species","accepted","Fungi","Diaporthaceae","GBIF",1.25
"F_PHMPS_INCR","Phomopsis incrustans","species","accepted","Fungi","Diaporthaceae","MycoBank",1.25
"F_PHMPS_INDG","Phomopsis indigoferae","species","accepted","Fungi","Diaporthaceae","GBIF",1.25
"F_PHMPS_INLN","Phomopsis inulina","species","accepted","Fungi","Diaporthaceae","MycoBank",1.25
"F_PHMPS_IRDN","Phomopsis iridina","species","accepted","Fungi","Diaporthaceae","GBIF",1.25
"F_PHMPS_IRDS","Phomopsis iridis","species","accepted","Fungi","Diaporthaceae","MycoBank",1.25
"F_PHMPS_JPNC","Phomopsis japonica","species","accepted","Fungi","Diaporthaceae","MycoBank",1.25
"F_PHMPS_JSTC","Phomopsis justiciae","species","accepted","Fungi","Diaporthaceae","GBIF",1.25
"F_PHMPS_KGGL","Phomopsis kiggelariae","species","accepted","Fungi","Diaporthaceae","MycoBank",1.25
"F_PHMPS_LCTC","Phomopsis lactucae","species","accepted","Fungi","Diaporthaceae","MycoBank",1.25
"F_PHMPS_LTHY","Phomopsis lathyrina","species","accepted","Fungi","Diaporthaceae","GBIF",1.25
"F_PHMPS_LRLL","Phomopsis laurella","species","accepted","Fungi","Diaporthaceae","MycoBank",1.25
"F_PHMPS_LVND","Phomopsis lavandulae","species","accepted","Fungi","Diaporthaceae","MycoBank",1.25
"F_PHMPS_LVTR","Phomopsis lavaterae","species","accepted","Fungi","Diaporthaceae","MycoBank",1.25
"F_PHMPS_LBSY","Phomopsis lebiseyi","species","accepted","Fungi","Diaporthaceae","MycoBank",1.25
"F_PHMPS_LNTS","Phomopsis lentisci","species","accepted","Fungi","Diaporthaceae","MycoBank",1.25
"F_PHMPS_LEPD","Phomopsis lepidii","species","accepted","Fungi","Diaporthaceae","GBIF",1.25
"F_PHMPS_LPTG","Phomopsis leptographa","species","accepted","Fungi","Diaporthaceae","MycoBank",1.25
"F_PHMPS_LCTH","Phomopsis leucothoes","species","accepted","Fungi","Diaporthaceae","MycoBank",1.25
"F_PHMPS_LNRS","Phomopsis linearis","species","accepted","Fungi","Diaporthaceae","MycoBank",1.25
"F_PHMPS_RLLA","Phomopsis lirella","species","accepted","Fungi","Diaporthaceae","GBIF",1.25
"F_PHMPS_LLTA","Phomopsis lirellata","species","accepted","Fungi","Diaporthaceae","MycoBank",1.25
"F_PHMPS_FRMS","Phomopsis lirelliformis","species","accepted","Fungi","Diaporthaceae","GBIF",1.25
"F_PHMPS_LOBL","Phomopsis lobeliae","species","accepted","Fungi","Diaporthaceae","MycoBank",1.25
"F_PHMPS_LNCR","Phomopsis lonicerae","species","accepted","Fungi","Diaporthaceae","MycoBank",1.25
"F_PHMPS_LYSM","Phomopsis lysimachiae","species","accepted","Fungi","Diaporthaceae","MycoBank",1.25
"F_PHMPS_MGNL","Phomopsis magnoliicola","species","accepted","Fungi","Diaporthaceae","MycoBank",1.25
"F_PHMPS_MLVC","Phomopsis malvacearum","species","accepted","Fungi","Diaporthaceae","MycoBank",1.25
"F_PHMPS_MNHT","Phomopsis manihot","species","accepted","Fungi","Diaporthaceae","MycoBank",1.25
"F_PHMPS_MRRB","Phomopsis marrubii","species","accepted","Fungi","Diaporthaceae","GBIF",1.25
"F_PHMPS_MLLC","Phomopsis melaleuca","species","accepted","Fungi","Diaporthaceae","GBIF",1.25
"F_PHMPS_MLCC","Phomopsis melocacticola","species","accepted","Fungi","Diaporthaceae","MycoBank",1.25
"F_PHMPS_MNDX","Phomopsis mendax","species","accepted","Fungi","Diaporthaceae","MycoBank",1.25
"F_PHMPS_MTRS","Phomopsis metrosideri","species","accepted","Fungi","Diaporthaceae","GBIF",1.25
"F_PHMPS_MRRM","Phomopsis morearum","species","accepted","Fungi","Diaporthaceae","MycoBank",1.25
"F_PHMPS_MRFL","Phomopsis morifolia","species","accepted","Fungi","Diaporthaceae","GBIF",1.25
"F_PHMPS_MLLR","Phomopsis muelleri","species","accepted","Fungi","Diaporthaceae","MycoBank",1.25
"F_PHMPS_MLTP","Phomopsis multipunctata","species","accepted","Fungi","Diaporthaceae","MycoBank",1.25
"F_PHMPS_MYPR","Phomopsis myopori","species","accepted","Fungi","Diaporthaceae","GBIF",1.25
"F_PHMPS_NRCL","Phomopsis neriicola","species","accepted","Fungi","Diaporthaceae","MycoBank",1.25
"F_PHMPS_NDLN","Phomopsis nidulans","species","accepted","Fungi","Diaporthaceae","GBIF",1.25
"F_PHMPS_NTDL","Phomopsis nitidula","species","accepted","Fungi","Diaporthaceae","GBIF",1.25
"F_PHMPS_NIVE","Phomopsis nivea","species","accepted","Fungi","Diaporthaceae","MycoBank",1.25
"F_PHMPS_OLSP","Phomopsis olisipponensis","species","accepted","Fungi","Diaporthaceae","MycoBank",1.25
"F_PHMPS_ONCS","Phomopsis oncostoma","species","accepted","Fungi","Diaporthaceae","GBIF",1.25
"F_PHMPS_ONND","Phomopsis ononidicola","species","accepted","Fungi","Diaporthaceae","GBIF",1.25
"F_PHMPS_OPPL","Phomopsis oppilata","species","accepted","Fungi","Diaporthaceae","GBIF",1.25
"F_PHMPS_PADN","Phomopsis padina","species","accepted","Fungi","Diaporthaceae","MycoBank",1.25
"F_PHMPS_PRTR","Phomopsis parietariae","species","accepted","Fungi","Diaporthaceae","MycoBank",1.25
"F_PHMPS_PTRS","Phomopsis petersii","species","accepted","Fungi","Diaporthaceae","GBIF",1.25
"F_PHMPS_PTLR","Phomopsis petiolorum","species","accepted","Fungi","Diaporthaceae","MycoBank",1.25
"F_PHMPS_PHYT","Phomopsis phytolaccae","species","accepted","Fungi","Diaporthaceae","GBIF",1.25
"F_PHMPS_PTTS","Phomopsis pittospori","species","accepted","Fungi","Diaporthaceae","GBIF",1.25
"F_PHMPS_PLTN","Phomopsis platanoidis","species","accepted","Fungi","Diaporthaceae","MycoBank",1.25
"F_PHMPS_TNSS","Phomopsis platensis","species","accepted","Fungi","Diaporthaceae","MycoBank",1.25
"F_PHMPS_PLTY","Phomopsis platycerii","species","accepted","Fungi","Diaporthaceae","MycoBank",1.25
"F_PHMPS_PDLY","Phomopsis podalyriae","species","accepted","Fungi","Diaporthaceae","MycoBank",1.25
"F_PHMPS_PDPH","Phomopsis podophylli","species","accepted","Fungi","Diaporthaceae","GBIF",1.25
"F_PHMPS_PLYM","Phomopsis polygalae-myrtifoliae","species","accepted","Fungi","Diaporthaceae","GBIF",1.25
"F_PHMPS_PLYG","Phomopsis polygonorum","species","accepted","Fungi","Diaporthaceae","MycoBank",1.25
"F_PHMPS_PRNR","Phomopsis prunorum","species","accepted","Fungi","Diaporthaceae","MycoBank",1.25
"F_PHMPS_PULL","Phomopsis pulla","species","accepted","Fungi","Diaporthaceae","MycoBank",1.25
"F_PHMPS_PNGN","Phomopsis pungens","species","accepted","Fungi","Diaporthaceae","MycoBank",1.25
"F_PHMPS_PTTR","Phomopsis putator","species","accepted","Fungi","Diaporthaceae","MycoBank",1.25
"F_PHMPS_QRCN","Phomopsis quercina","species","synonym","Fungi","Diaporthaceae","MycoBank",1.25
"F_PHMPS_RADL","Phomopsis radula","species","accepted","Fungi","Diaporthaceae","GBIF",1.25
"F_PHMPS_RMLS","Phomopsis ramealis","species","accepted","Fungi","Diaporthaceae","MycoBank",1.25
"F_PHMPS_RHNN","Phomopsis rhinanthi","species","accepted","Fungi","Diaporthaceae","GBIF",1.25
"F_PHMPS_RHDP","Phomopsis rhodophila","species","accepted","Fungi","Diaporthaceae","GBIF",1.25
"F_PHMPS_RHDT","Phomopsis rhodotypi","species","accepted","Fungi","Diaporthaceae","GBIF",1.25
"F_PHMPS_ROSA","Phomopsis rosae","species","accepted","Fungi","Diaporthaceae","GBIF",1.25
"F_PHMPS_RUSC","Phomopsis rusci","species","accepted","Fungi","Diaporthaceae","MycoBank",1.25
"F_PHMPS_RYCK","Phomopsis ryckholtii","species","accepted","Fungi","Diaporthaceae","MycoBank",1.25
"F_PHMPS_SBLS","Phomopsis sabaleos","species","accepted","Fungi","Diaporthaceae","MycoBank",1.25
"F_PHMPS_SLCN","Phomopsis salicina","species","accepted","Fungi","Diaporthaceae","MycoBank",1.25
"F_PHMPS_SALV","Phomopsis salviae","species","accepted","Fungi","Diaporthaceae","GBIF",1.25
"F_PHMPS_SMBC","Phomopsis sambucina","species","accepted","Fungi","Diaporthaceae","MycoBank",1.25
"F_PHMPS_SPND","Phomopsis sapindi","species","accepted","Fungi","Diaporthaceae","GBIF",1.25
"F_PHMPS_SCBL","Phomopsis scabella","species","accepted","Fungi","Diaporthaceae","MycoBank",1.25
"F_PHMPS_SPST","Phomopsis seposita","species","accepted","Fungi","Diaporthaceae","MycoBank",1.25
"F_PHMPS_SLQS","Phomopsis siliquastri","species","accepted","Fungi","Diaporthaceae","MycoBank",1.25
"F_PHMPS_SMYR","Phomopsis smyrnii","species","accepted","Fungi","Diaporthaceae","GBIF",1.25
"F_PHMPS_SPHR","Phomopsis sophorae","species","accepted","Fungi","Diaporthaceae","MycoBank",1.25
"F_PHMPS_SPRT","Phomopsis spartii","species","accepted","Fungi","Diaporthaceae","GBIF",1.25
"F_PHMPS_SPIR","Phomopsis spiraeae","species","accepted","Fungi","Diaporthaceae","GBIF",1.25
"F_PHMPS_STPH","Phomopsis staphyleae","species","accepted","Fungi","Diaporthaceae","GBIF",1.25
"F_PHMPS_STNC","Phomopsis stenocarpi","species","accepted","Fungi","Diaporthaceae","MycoBank",1.25
"F_PHMPS_STRF","Phomopsis striiformis","species","accepted","Fungi","Diaporthaceae","GBIF",1.25
"F_PHMPS_SBNR","Phomopsis subnervisequa","species","accepted","Fungi","Diaporthaceae","GBIF",1.25
"F_PHMPS_SWNS","Phomopsis swainsonae","species","accepted","Fungi","Diaporthaceae","GBIF",1.25
"F_PHMPS_SYNG","Phomopsis syngenesia","species","accepted","Fungi","Diaporthaceae","MycoBank",1.25
"F_PHMPS_TMRC","Phomopsis tamaricaria","species","accepted","Fungi","Diaporthaceae","GBIF",1.25
"F_PHMPS_TECM","Phomopsis tecomae","species","accepted","Fungi","Diaporthaceae","MycoBank",1.25
"F_PHMPS_TMPL","Phomopsis templetoniae","species","accepted","Fungi","Diaporthaceae","MycoBank",1.25
"F_PHMPS_TNPS","Phomopsis tenuipes","species","accepted","Fungi","Diaporthaceae","MycoBank",1.25
"F_PHMPS_TRMN","Phomopsis terminaliae","species","accepted","Fungi","Diaporthaceae","GBIF",1.25
"F_PHMPS_THLC","Phomopsis thalictrina","species","accepted","Fungi","Diaporthaceae","GBIF",1.25
"F_PHMPS_TINE","Phomopsis tinea","species","accepted","Fungi","Diaporthaceae","MycoBank",1.25
"F_PHMPS_TIPN","Phomopsis tipuanae","species","accepted","Fungi","Diaporthaceae","GBIF",1.25
"F_PHMPS_TXCD","Phomopsis toxicodendri","species","accepted","Fungi","Diaporthaceae","MycoBank",1.25
"F_PHMPS_VNNS","Phomopsis venenosa","species","accepted","Fungi","Diaporthaceae","GBIF",1.25
"F_PHMPS_VPRS","Phomopsis vepris","species","accepted","Fungi","Diaporthaceae","MycoBank",1.25
"F_PHMPS_VRNS","Phomopsis veronicae-speciosae","species","accepted","Fungi","Diaporthaceae","GBIF",1.25
"F_PHMPS_VICN","Phomopsis vicina","species","accepted","Fungi","Diaporthaceae","GBIF",1.25
"F_PHMPS_VNCN","Phomopsis vincentiana","species","accepted","Fungi","Diaporthaceae","MycoBank",1.25
"F_PHMPS_VRDR","Phomopsis viridarii","species","accepted","Fungi","Diaporthaceae","GBIF",1.25
"F_PHRGMD_MCRN","Phragmidium mucronatum","species","accepted","Fungi","Phragmidiaceae","GBIF",1.25
"F_PHYCM_NTNS","Phycomyces nitens","species","accepted","Fungi","Phycomycetaceae","MycoBank",1.25
"F_PHYLLCH_ARST","Phyllachora aristidae","species","accepted","Fungi","Phyllachoraceae","MycoBank",1.25
"F_PHYLLCH_EXSP","Phyllachora exasperans","species","accepted","Fungi","Phyllachoraceae","MycoBank",1.25
"F_PHYLLC_FRXN","Phyllactinia fraxini","species","accepted","Fungi","Erysiphaceae","GBIF",1.25
"F_PLCRA_PLLN","Phyllocrea paulliniae","species","accepted","Fungi","Phyllachoraceae","GBIF",1.25
"F_PTCTA_ACOR","Phyllosticta acori","species","accepted","Fungi","Phyllostictaceae","MycoBank",1.25
"F_PTCTA_ALCH","Phyllosticta alchemillae","species","accepted","Fungi","Phyllostictaceae","GBIF",1.25
"F_PTCTA_ALDS","Phyllosticta aloidis","species","accepted","Fungi","Phyllostictaceae","MycoBank",1.25
"F_PTCTA_AMPL","Phyllosticta ampelicida","species","accepted","Fungi","Phyllostictaceae","MycoBank",1.25
"F_PTCTA_ARCT","Phyllosticta arctostaphyli","species","accepted","Fungi","Phyllostictaceae","GBIF",1.25
"F_PTCTA_BTRY","Phyllosticta botrychii","species","accepted","Fungi","Phyllostictaceae","GBIF",1.25
"F_PTCTA_BUFN","Phyllosticta bufonii","species","accepted","Fungi","Phyllostictaceae","MycoBank",1.25
"F_PTCTA_CRRT","Phyllosticta cirratula","species","accepted","Fungi","Phyllostictaceae","MycoBank",1.25
"F_PTCTA_CTRC","Phyllosticta citricarpa","species","accepted","Fungi","Phyllostictaceae","MycoBank",1.25
"F_PTCTA_CNCN","Phyllosticta concentrica","species","accepted","Fungi","Phyllostictaceae","MycoBank",1.25
"F_PTCTA_CRST","Phyllosticta crastophila","species","accepted","Fungi","Phyllostictaceae","MycoBank",1.25
"F_PTCTA_CRTS","Phyllosticta curtisii","species","accepted","Fungi","Phyllostictaceae","MycoBank",1.25
"F_PTCTA_DEBX","Phyllosticta debeauxii","species","accepted","Fungi","Phyllostictaceae","GBIF",1.25
"F_PTCTA_DLCM","Phyllosticta dulcamarae","species","accepted","Fungi","Phyllostictaceae","MycoBank",1.25
"F_PTCTA_ELYM","Phyllosticta elymi","species","accepted","Fungi","Phyllostictaceae","GBIF",1.25
"F_PTCTA_FRRG","Phyllosticta ferruginea","species","accepted","Fungi","Phyllostictaceae","GBIF",1.25
"F_PTCTA_HDRC","Phyllosticta hederacea","species","accepted","Fungi","Phyllostictaceae","MycoBank",1.25
"F_PTCTA_HLVL","Phyllosticta helvola","species","accepted","Fungi","Phyllostictaceae","GBIF",1.25
"F_PTCTA_HSPR","Phyllosticta hesperidearum","species","accepted","Fungi","Phyllostictaceae","MycoBank",1.25
"F_PTCTA_HHNB","Phyllosticta hohenbergiae","species","accepted","Fungi","Phyllostictaceae","MycoBank",1.25
"F_PTCTA_HYPG","Phyllosticta hypoglossi","species","accepted","Fungi","Phyllostictaceae","MycoBank",1.25
"F_PTCTA_LARL","Phyllosticta laureolae","species","accepted","Fungi","Phyllostictaceae","MycoBank",1.25
"F_PTCTA_LTND","Phyllosticta letendrei","species","accepted","Fungi","Phyllostictaceae","MycoBank",1.25
"F_PTCTA_LMNS","Phyllosticta limoniastri","species","accepted","Fungi","Phyllostictaceae","MycoBank",1.25
"F_PTCTA_MCRT","Phyllosticta macrothecia","species","accepted","Fungi","Phyllostictaceae","GBIF",1.25
"F_PTCTA_MHNN","Phyllosticta mahoniana","species","accepted","Fungi","Phyllostictaceae","MycoBank",1.25
"F_PTCTA_MINM","Phyllosticta minima","species","accepted","Fungi","Phyllostictaceae","GBIF",1.25
"F_PTCTA_MNGY","Phyllosticta monogyna","species","accepted","Fungi","Phyllostictaceae","GBIF",1.25
"F_PTCTA_MNTT","Phyllosticta montteae","species","accepted","Fungi","Phyllostictaceae","GBIF",1.25
"F_PTCTA_MSRM","Phyllosticta musarum","species","accepted","Fungi","Phyllostictaceae","MycoBank",1.25
"F_PTCTA_NCTR","Phyllosticta necatrix","species","accepted","Fungi","Phyllostictaceae","GBIF",1.25
"F_PTCTA_NITD","Phyllosticta nitida","species","accepted","Fungi","Phyllostictaceae","MycoBank",1.25
"F_PTCTA_NVSS","Phyllosticta novissima","species","accepted","Fungi","Phyllostictaceae","GBIF",1.25
"F_PTCTA_OBST","Phyllosticta obstrudens","species","accepted","Fungi","Phyllostictaceae","GBIF",1.25
"F_PTCTA_ONCS","Phyllosticta oncidii-sphacelati","species","accepted","Fungi","Phyllostictaceae","GBIF",1.25
"F_PTCTA_ORYZ","Phyllosticta oryzicola","species","accepted","Fungi","Phyllostictaceae","GBIF",1.25
"F_PTCTA_PHCD","Phyllosticta phacidioides","species","accepted","Fungi","Phyllostictaceae","MycoBank",1.25
"F_PTCTA_PHLP","Phyllosticta philoprina","species","accepted","Fungi","Phyllostictaceae","GBIF",1.25
"F_PTCTA_PLSP","Phyllosticta pilospora","species","accepted","Fungi","Phyllostictaceae","MycoBank",1.25
"F_PTCTA_PSDC","Phyllosticta pseudacori","species","accepted","Fungi","Phyllostictaceae","MycoBank",1.25
"F_PTCTA_PSRL","Phyllosticta psoraleae","species","accepted","Fungi","Phyllostictaceae","MycoBank",1.25
"F_PTCTA_PRPR","Phyllosticta purpurea","species","accepted","Fungi","Phyllostictaceae","GBIF",1.25
"F_PTCTA_RAUI","Phyllosticta raui","species","accepted","Fungi","Phyllostictaceae","MycoBank",1.25
"F_PTCTA_RHDR","Phyllosticta rhodorae","species","accepted","Fungi","Phyllostictaceae","MycoBank",1.25
"F_PTCTA_RIMS","Phyllosticta rimosa","species","accepted","Fungi","Phyllostictaceae","MycoBank",1.25
"F_PTCTA_SRBC","Phyllosticta sorbicola","species","accepted","Fungi","Phyllostictaceae","GBIF",1.25
"F_PTCTA_SPNR","Phyllosticta spinarum","species","accepted","Fungi","Phyllostictaceae","MycoBank",1.25
"F_PTCTA_STNS","Phyllosticta stenospora","species","accepted","Fungi","Phyllostictaceae","GBIF",1.25
"F_PTCTA_STRL","Phyllosticta strelitziicola","species","accepted","Fungi","Phyllostictaceae","GBIF",1.25
"F_PTCTA_TAGN","Phyllosticta tagana","species","accepted","Fungi","Phyllostictaceae","GBIF",1.25
"F_PTCTA_TSSN","Phyllosticta tassiana","species","accepted","Fungi","Phyllostictaceae","GBIF",1.25
"F_PTCTA_THLL","Phyllosticta thallina","species","accepted","Fungi","Phyllostictaceae","MycoBank",1.25
"F_PTCTA_TRCH","Phyllosticta trachelospermi","species","accepted","Fungi","Phyllostictaceae","GBIF",1.25
"F_PTCTA_TYPH","Phyllosticta typhina","species","accepted","Fungi","Phyllostictaceae","GBIF",1.25
"F_PTCTA_USTR","Phyllosticta usteriana","species","accepted","Fungi","Phyllostictaceae","GBIF",1.25
"F_PTCTA_VRGN","Phyllosticta virginiana","species","accepted","Fungi","Phyllostictaceae","GBIF",1.25
"F_PTCTNA_CRDY","Phyllostictina cordylines","species","accepted","Fungi","Phyllostictaceae","MycoBank",1.25
"F_PHYLLZ_CPRS","Phyllozyma coprosmicola","species","accepted","Fungi","Spiculogloeaceae","MycoBank",1.25
"F_PHYLLZ_CRLL","Phyllozyma corallina","species","accepted","Fungi","Spiculogloeaceae","MycoBank",1.25
"F_PHYLLZ_DMNN","Phyllozyma dimennae","species","accepted","Fungi","Spiculogloeaceae","MycoBank",1.25
"F_PHYLLZ_LNDR","Phyllozyma linderae","species","accepted","Fungi","Spiculogloeaceae","MycoBank",1.25
"F_PHYLLZ_NVZL","Phyllozyma novozealandica","species","accepted","Fungi","Spiculogloeaceae","MycoBank",1.25
"F_PHYLLZ_PRDC","Phyllozyma producta","species","accepted","Fungi","Spiculogloeaceae","MycoBank",1.25
"F_PHYLLZ_SBBR","Phyllozyma subbrunnea","species","accepted","Fungi","Spiculogloeaceae","MycoBank",1.25
"F_PSCNA_DSTR","Physconia distorta","species","accepted","Fungi","Physciaceae","GBIF",1.25
"F_PHYSD_MNTH","Physoderma menthae","species","accepted","Fungi","Physodermataceae","GBIF",1.25
"F_PHYSSP_FRRG","Physospora ferruginea","species","accepted","Fungi","Botryobasidiaceae","MycoBank",1.25
"F_PICHI_ACTC","Pichia acetica","species","accepted","Fungi","Pichiaceae","MycoBank",1.25
"F_PICHI_AGNB","Pichia aganobii","species","synonym","Fungi","Pichiaceae","GBIF",1.25
"F_PICHI_ALSK","Pichia alaskaensis","species","accepted","Fungi","Pichiaceae","MycoBank",1.25
"F_PICHI_AWUA","Pichia awuae","species","accepted","Fungi","Pichiaceae","GBIF",1.25
"F_PICHI_CBRL","Pichia cabralensis","species","accepted","Fungi","Pichiaceae","GBIF",1.25
"F_PICHI_CLFR","Pichia californica","species","accepted","Fungi","Pichiaceae","MycoBank",1.25
"F_PICHI_DSPR","Pichia dispora","species","synonym","Fungi","Pichiaceae","GBIF",1.25
"F_PICHI_ETHN","Pichia ethanolica","species","accepted","Fungi","Pichiaceae","MycoBank",1.25
"F_PICHI_INCN","Pichia inconspicua","species","accepted","Fungi","Pichiaceae","MycoBank",1.25
"F_PICHI_KRGR","Pichia kregeriana","species","accepted","Fungi","Pichiaceae","MycoBank",1.25
"F_PICHI_KRTZ","Pichia kurtzmaniana","species","accepted","Fungi","Pichiaceae","MycoBank",1.25
"F_PICHI_MISO","Pichia miso","species","synonym","Fungi","Pichiaceae","GBIF",1.25
"F_PICHI_MOGI","Pichia mogii","species","synonym","Fungi","Pichiaceae","GBIF",1.25
"F_PICHI_OHMR","Pichia ohmeri","species","synonym","Fungi","Pichiaceae","GBIF",1.25
"F_PICHI_PHFF","Pichia phaffii","species","accepted","Fungi","Pichiaceae","MycoBank",1.25
"F_PICHI_PHYN","Pichia phayaonensis","species","accepted","Fungi","Pichiaceae","GBIF",1.25
"F_PICHI_PSDL","Pichia pseudolambica","species","accepted","Fungi","Pichiaceae","MycoBank",1.25
"F_PICHI_RGPL","Pichia rugopelliculosa","species","accepted","Fungi","Pichiaceae","MycoBank",1.25
"F_PICHI_SCLY","Pichia scolyti","species","synonym","Fungi","Pichiaceae","GBIF",1.25
"F_PICHI_SHNN","Pichia shennongjiaensis","species","accepted","Fungi","Pichiaceae","MycoBank",1.25
"F_PICHI_TTHC","Pichia teotihuacanensis","species","accepted","Fungi","Pichiaceae","MycoBank",1.25
"F_PICHI_TTRG","Pichia tetrigidarum","species","accepted","Fungi","Pichiaceae","MycoBank",1.25
"F_PICHI_THMN","Pichia thaimueangensis","species","accepted","Fungi","Pichiaceae","GBIF",1.25
"F_PICHI_TLTN","Pichia toletana","species","synonym","Fungi","Pichiaceae","GBIF",1.25
"F_PICHI_URLY","Pichia ureolytica","species","accepted","Fungi","Pichiaceae","MycoBank",1.25
"F_PICHI_WCKR","Pichia wickerhamii","species","synonym","Fungi","Pichiaceae","GBIF",1.25
"F_PICHI_WZHS","Pichia wuzhishanensis","species","accepted","Fungi","Pichiaceae","MycoBank",1.25
"F_PICHI_XYLC","Pichia xylocola","species","accepted","Fungi","Pichiaceae","MycoBank",1.25
"F_PILAR_ANML","Pilaira anomala","species","accepted","Fungi","Mucoraceae","MycoBank",1.25
"F_PLDLL_DVCL","Pilidiella duvauicola","species","accepted","Fungi","Schizoparmaceae","GBIF",1.25
"F_PLDRM_BCLR","Piloderma bicolor","species","accepted","Fungi","Pilodermataceae","GBIF",1.25
"F_PLDRM_FLLX","Piloderma fallax","species","accepted","Fungi","Pilodermataceae","MycoBank",1.25
"F_PILPHR_AGRC","Pilophora agaricina","species","accepted","Fungi","Mucoraceae","MycoBank",1.25
"F_PNNTS_CPTT","Pionnotes capitata","species","accepted","Fungi","Nectriaceae","MycoBank",1.25
"F_PRSTM_VRDS","Pirostoma viridisporum","species","accepted","Fungi","","MycoBank",1.25
"C_PSCCR_CCHL","Piscicryptosporidium cichlidis","species","synonym","Chromista","Cryptosporidiidae","GBIF",1.25
"C_PSCCR_RCHN","Piscicryptosporidium reichenbachklinkei","species","synonym","Chromista","Cryptosporidiidae","GBIF",1.25
"F_PSKRZ_CPSL","Piskurozyma capsuligena","species","accepted","Fungi","Piskurozymaceae","GBIF",1.25
"F_PSKRZ_CYLN","Piskurozyma cylindrica","species","accepted","Fungi","Piskurozymaceae","MycoBank",1.25
"F_PSKRZ_FLCT","Piskurozyma filicata","species","accepted","Fungi","Piskurozymaceae","MycoBank",1.25
"F_PSKRZ_SLVC","Piskurozyma silvicola","species","accepted","Fungi","Piskurozymaceae","MycoBank",1.25
"F_PTHSC_ATER","Pithoascus ater","species","accepted","Fungi","Microascaceae","MycoBank",1.25
"F_PTHSC_EXSR","Pithoascus exsertus","species","accepted","Fungi","Microascaceae","MycoBank",1.25
"F_PTHSC_INTR","Pithoascus intermedius","species","accepted","Fungi","Microascaceae","MycoBank",1.25
"F_PTHSC_NDCL","Pithoascus nidicola","species","accepted","Fungi","Microascaceae","MycoBank",1.25
"F_PTHSC_STVR","Pithoascus stoveri","species","accepted","Fungi","Microascaceae","MycoBank",1.25
"F_PTHSC_STYS","Pithoascus stysanophorus","species","accepted","Fungi","Microascaceae","GBIF",1.25
"F_PTYRS_CANS","Pityrosporum canis","species","synonym","Fungi","Malasseziaceae","GBIF",1.25
"F_PTYRS_FRFR","Pityrosporum furfur","species","synonym","Fungi","Malasseziaceae","GBIF",1.25
"F_PLGST_PPLN","Plagiostoma populinum","species","accepted","Fungi","Gnomoniaceae","MycoBank",1.25
"F_PLGST_RBRG","Plagiostoma robergeanum","species","accepted","Fungi","Gnomoniaceae","MycoBank",1.25
"P_PLSMD_ACCP","Plasmodium accipiteris","species","accepted","Protozoa","Plasmodiidae","manually added",1.25
"P_PLSMD_ACHT","Plasmodium achiotense","species","accepted","Protozoa","Plasmodiidae","manually added",1.25
"P_PLSMD_ACHR","Plasmodium achromaticum","species","accepted","Protozoa","Plasmodiidae","manually added",1.25
"P_PLSMD_ACMN","Plasmodium acuminatum","species","accepted","Protozoa","Plasmodiidae","manually added",1.25
"P_PLSMD_ADLR","Plasmodium adleri","species","accepted","Protozoa","Plasmodiidae","manually added",1.25
"P_PLSMD_AEGY","Plasmodium aegyptensis","species","accepted","Protozoa","Plasmodiidae","manually added",1.25
"P_PLSMD_AEMN","Plasmodium aeuminatum","species","accepted","Protozoa","Plasmodiidae","manually added",1.25
"P_PLSMD_AGAM","Plasmodium agamae","species","accepted","Protozoa","Plasmodiidae","manually added",1.25
"P_PLSMD_ALAD","Plasmodium alaudae","species","accepted","Protozoa","Plasmodiidae","manually added",1.25
"P_PLSMD_ALLL","Plasmodium alloelongatum","species","accepted","Protozoa","Plasmodiidae","manually added",1.25
"P_PLSMD_ANSM","Plasmodium anasum","species","accepted","Protozoa","Plasmodiidae","manually added",1.25
"P_PLSMD_ANML","Plasmodium anomaluri","species","accepted","Protozoa","Plasmodiidae","manually added",1.25
"P_PLSMD_ARCH","Plasmodium arachniformis","species","accepted","Protozoa","Plasmodiidae","manually added",1.25
"P_PLSMD_ASHF","Plasmodium ashfordi","species","accepted","Protozoa","Plasmodiidae","manually added",1.25
"P_PLSMD_ATHR","Plasmodium atheruri","species","accepted","Protozoa","Plasmodiidae","manually added",1.25
"P_PLSMD_ATTN","Plasmodium attenuatum","species","accepted","Protozoa","Plasmodiidae","manually added",1.25
"P_PLSMD_ADCS","Plasmodium audaciosum","species","accepted","Protozoa","Plasmodiidae","manually added",1.25
"P_PLSMD_AFFN","Plasmodium auffenbergi","species","accepted","Protozoa","Plasmodiidae","manually added",1.25
"P_PLSMD_ARLN","Plasmodium aurulentum","species","accepted","Protozoa","Plasmodiidae","manually added",1.25
"P_PLSMD_ASTR","Plasmodium australis","species","accepted","Protozoa","Plasmodiidae","manually added",1.25
"P_PLSMD_AZRP","Plasmodium azurophilum","species","accepted","Protozoa","Plasmodiidae","manually added",1.25
"P_PLSMD_BALL","Plasmodium balli","species","accepted","Protozoa","Plasmodiidae","manually added",1.25
"P_PLSMD_BMBS","Plasmodium bambusicolai","species","accepted","Protozoa","Plasmodiidae","manually added",1.25
"P_PLSMD_BSLS","Plasmodium basilisci","species","accepted","Protozoa","Plasmodiidae","manually added",1.25
"P_PLSMD_BCRN","Plasmodium beaucournui","species","accepted","Protozoa","Plasmodiidae","manually added",1.25
"P_PLSMD_BEEB","Plasmodium beebei","species","accepted","Protozoa","Plasmodiidae","manually added",1.25
"P_PLSMD_BLTR","Plasmodium beltrani","species","accepted","Protozoa","Plasmodiidae","manually added",1.25
"P_PLSMD_BRGH","Plasmodium berghei","species","accepted","Protozoa","Plasmodiidae","manually added",1.25
"P_PLSMD_BERT","Plasmodium bertii","species","accepted","Protozoa","Plasmodiidae","manually added",1.25
"P_PLSMD_BIGT","Plasmodium bigueti","species","accepted","Protozoa","Plasmodiidae","manually added",1.25
"P_PLSMD_BLLB","Plasmodium billbrayi","species","accepted","Protozoa","Plasmodiidae","manually added",1.25
"P_PLSMD_BLLC","Plasmodium billcollinsi","species","accepted","Protozoa","Plasmodiidae","manually added",1.25
"P_PLSMD_BICC","Plasmodium bioccai","species","accepted","Protozoa","Plasmodiidae","manually added",1.25
"P_PLSMD_BIZR","Plasmodium biziurae","species","accepted","Protozoa","Plasmodiidae","manually added",1.25
"P_PLSMD_BLCK","Plasmodium blacklocki","species","accepted","Protozoa","Plasmodiidae","manually added",1.25
"P_PLSMD_BOLT","Plasmodium booliati","species","accepted","Protozoa","Plasmodiidae","manually added",1.25
"P_PLSMD_BLLZ","Plasmodium bouillize","species","accepted","Protozoa","Plasmodiidae","manually added",1.25
"P_PLSMD_BRSL","Plasmodium brasilianum","species","accepted","Protozoa","Plasmodiidae","manually added",1.25
"P_PLSMD_BRDN","Plasmodium brodeni","species","accepted","Protozoa","Plasmodiidae","manually added",1.25
"P_PLSMD_BRMP","Plasmodium brumpti","species","accepted","Protozoa","Plasmodiidae","manually added",1.25
"P_PLSMD_BRYG","Plasmodium brygooi","species","accepted","Protozoa","Plasmodiidae","manually added",1.25
"P_PLSMD_BBLS","Plasmodium bubalis","species","accepted","Protozoa","Plasmodiidae","manually added",1.25
"P_PLSMD_BUCK","Plasmodium bucki","species","accepted","Protozoa","Plasmodiidae","manually added",1.25
"P_PLSMD_BTNS","Plasmodium buteonis","species","accepted","Protozoa","Plasmodiidae","manually added",1.25
"P_PLSMD_CALT","Plasmodium caloti","species","accepted","Protozoa","Plasmodiidae","manually added",1.25
"P_PLSMD_CPST","Plasmodium capistrani","species","accepted","Protozoa","Plasmodiidae","manually added",1.25
"P_PLSMD_CAPR","Plasmodium caprae","species","accepted","Protozoa","Plasmodiidae","manually added",1.25
"P_PLSMD_CRML","Plasmodium carmelinoi","species","accepted","Protozoa","Plasmodiidae","manually added",1.25
"P_PLSMD_CRTR","Plasmodium carteri","species","accepted","Protozoa","Plasmodiidae","manually added",1.25
"P_PLSMD_CTHM","Plasmodium cathemerium","species","accepted","Protozoa","Plasmodiidae","manually added",1.25
"P_PLSMD_CCSC","Plasmodium caucasica","species","accepted","Protozoa","Plasmodiidae","manually added",1.25
"P_PLSMD_CPHL","Plasmodium cephalophi","species","accepted","Protozoa","Plasmodiidae","manually added",1.25
"P_PLSMD_CRCP","Plasmodium cercopitheci","species","accepted","Protozoa","Plasmodiidae","manually added",1.25
"P_PLSMD_CHBD","Plasmodium chabaudi","species","accepted","Protozoa","Plasmodiidae","manually added",1.25
"P_PLSMD_CHRC","Plasmodium chiricahuae","species","accepted","Protozoa","Plasmodiidae","manually added",1.25
"P_PLSMD_CRCL","Plasmodium circularis","species","accepted","Protozoa","Plasmodiidae","manually added",1.25
"P_PLSMD_CRCM","Plasmodium circumflexum","species","accepted","Protozoa","Plasmodiidae","manually added",1.25
"P_PLSMD_CLLN","Plasmodium clelandi","species","accepted","Protozoa","Plasmodiidae","manually added",1.25
"P_PLSMD_CNMS","Plasmodium cnemaspi","species","accepted","Protozoa","Plasmodiidae","manually added",1.25
"P_PLSMD_CNMD","Plasmodium cnemidophori","species","accepted","Protozoa","Plasmodiidae","manually added",1.25
"P_PLSMD_CTNY","Plasmodium coatneyi","species","accepted","Protozoa","Plasmodiidae","manually added",1.25
"P_PLSMD_CGGS","Plasmodium coggeshalli","species","accepted","Protozoa","Plasmodiidae","manually added",1.25
"P_PLSMD_CLMB","Plasmodium colombiense","species","accepted","Protozoa","Plasmodiidae","manually added",1.25
"P_PLSMD_LMBE","Plasmodium columbae","species","accepted","Protozoa","Plasmodiidae","manually added",1.25
"P_PLSMD_CLZZ","Plasmodium coluzzii","species","accepted","Protozoa","Plasmodiidae","manually added",1.25
"P_PLSMD_CRDY","Plasmodium cordyli","species","accepted","Protozoa","Plasmodiidae","manually added",1.25
"P_PLSMD_CTRN","Plasmodium coturnixi","species","accepted","Protozoa","Plasmodiidae","manually added",1.25
"P_PLSMD_CLNG","Plasmodium coulangesi","species","accepted","Protozoa","Plasmodiidae","manually added",1.25
"P_PLSMD_CCLS","Plasmodium cuculus","species","accepted","Protozoa","Plasmodiidae","manually added",1.25
"P_PLSMD_CYCL","Plasmodium cyclopsi","species","accepted","Protozoa","Plasmodiidae","manually added",1.25
"P_PLSMD_CYNM","Plasmodium cynomolgi","species","accepted","Protozoa","Plasmodiidae","manually added",1.25
"P_PLSMD_DLCH","Plasmodium delichoni","species","accepted","Protozoa","Plasmodiidae","manually added",1.25
"P_PLSMD_DHRT","Plasmodium dherteae","species","accepted","Protozoa","Plasmodiidae","manually added",1.25
"P_PLSMD_DMNT","Plasmodium diminutivum","species","accepted","Protozoa","Plasmodiidae","manually added",1.25
"P_PLSMD_DPLG","Plasmodium diploglossi","species","accepted","Protozoa","Plasmodiidae","manually added",1.25
"P_PLSMD_DSSN","Plasmodium dissanaikei","species","accepted","Protozoa","Plasmodiidae","manually added",1.25
"P_PLSMD_DMNC","Plasmodium dominicana","species","accepted","Protozoa","Plasmodiidae","manually added",1.25
"P_PLSMD_DRST","Plasmodium dorsti","species","accepted","Protozoa","Plasmodiidae","manually added",1.25
"P_PLSMD_DRCN","Plasmodium draconis","species","accepted","Protozoa","Plasmodiidae","manually added",1.25
"P_PLSMD_DURA","Plasmodium durae","species","accepted","Protozoa","Plasmodiidae","manually added",1.25
"P_PLSMD_EGRN","Plasmodium egerniae","species","accepted","Protozoa","Plasmodiidae","manually added",1.25
"P_PLSMD_ELNG","Plasmodium elongatum","species","accepted","Protozoa","Plasmodiidae","manually added",1.25
"P_PLSMD_EYLS","Plasmodium eylesi","species","accepted","Protozoa","Plasmodiidae","manually added",1.25
"P_PLSMD_FRCH","Plasmodium fairchildi","species","accepted","Protozoa","Plasmodiidae","manually added",1.25
"P_PLSMD_FLCP","Plasmodium falciparum","species","accepted","Protozoa","Plasmodiidae","manually added",1.25
"P_PLSMD_FLLX","Plasmodium fallax","species","accepted","Protozoa","Plasmodiidae","manually added",1.25
"P_PLSMD_FILD","Plasmodium fieldi","species","accepted","Protozoa","Plasmodiidae","manually added",1.25
"P_PLSMD_FSCH","Plasmodium fischeri","species","accepted","Protozoa","Plasmodiidae","manually added",1.25
"P_PLSMD_FLRD","Plasmodium floridense","species","accepted","Protozoa","Plasmodiidae","manually added",1.25
"P_PLSMD_FOLY","Plasmodium foleyi","species","accepted","Protozoa","Plasmodiidae","manually added",1.25
"P_PLSMD_FRMS","Plasmodium formosanum","species","accepted","Protozoa","Plasmodiidae","manually added",1.25
"P_PLSMD_FRRS","Plasmodium forresteri","species","accepted","Protozoa","Plasmodiidae","manually added",1.25
"P_PLSMD_FRGL","Plasmodium fragile","species","accepted","Protozoa","Plasmodiidae","manually added",1.25
"P_PLSMD_GBLD","Plasmodium gabaldoni","species","accepted","Protozoa","Plasmodiidae","manually added",1.25
"P_PLSMD_GABN","Plasmodium gaboni","species","accepted","Protozoa","Plasmodiidae","manually added",1.25
"P_PLSMD_GLLN","Plasmodium gallinaceum","species","accepted","Protozoa","Plasmodiidae","manually added",1.25
"P_PLSMD_GRNH","Plasmodium garnhami","species","accepted","Protozoa","Plasmodiidae","manually added",1.25
"P_PLSMD_GEMN","Plasmodium gemini","species","accepted","Protozoa","Plasmodiidae","manually added",1.25
"P_PLSMD_GRGS","Plasmodium georgesi","species","accepted","Protozoa","Plasmodiidae","manually added",1.25
"P_PLSMD_GHDR","Plasmodium ghadiriani","species","accepted","Protozoa","Plasmodiidae","manually added",1.25
"P_PLSMD_GGNT","Plasmodium giganteum","species","accepted","Protozoa","Plasmodiidae","manually added",1.25
"P_PLSMD_GNSB","Plasmodium ginsburgi","species","accepted","Protozoa","Plasmodiidae","manually added",1.25
"P_PLSMD_GVNN","Plasmodium giovannolai","species","accepted","Protozoa","Plasmodiidae","manually added",1.25
"P_PLSMD_GRRD","Plasmodium girardi","species","accepted","Protozoa","Plasmodiidae","manually added",1.25
"P_PLSMD_GLBL","Plasmodium globularis","species","accepted","Protozoa","Plasmodiidae","manually added",1.25
"P_PLSMD_GLOR","Plasmodium gloriai","species","accepted","Protozoa","Plasmodiidae","manually added",1.25
"P_PLSMD_GLGN","Plasmodium gologoense","species","accepted","Protozoa","Plasmodiidae","manually added",1.25
"P_PLSMD_GLVN","Plasmodium golvani","species","accepted","Protozoa","Plasmodiidae","manually added",1.25
"P_PLSMD_GNTD","Plasmodium gonatodi","species","accepted","Protozoa","Plasmodiidae","manually added",1.25
"P_PLSMD_GNDR","Plasmodium gonderi","species","accepted","Protozoa","Plasmodiidae","manually added",1.25
"P_PLSMD_GRCL","Plasmodium gracilis","species","accepted","Protozoa","Plasmodiidae","manually added",1.25
"P_PLSMD_GRFF","Plasmodium griffithsi","species","accepted","Protozoa","Plasmodiidae","manually added",1.25
"P_PLSMD_GNGD","Plasmodium guangdong","species","accepted","Protozoa","Plasmodiidae","manually added",1.25
"P_PLSMD_DRSI","Plasmodium gundersi","species","accepted","Protozoa","Plasmodiidae","manually added",1.25
"P_PLSMD_GYNN","Plasmodium guyannense","species","accepted","Protozoa","Plasmodiidae","manually added",1.25
"P_PLSMD_HGNR","Plasmodium hegneri","species","accepted","Protozoa","Plasmodiidae","manually added",1.25
"P_PLSMD_HSCH","Plasmodium heischi","species","accepted","Protozoa","Plasmodiidae","manually added",1.25
"P_PLSMD_HRMN","Plasmodium hermani","species","accepted","Protozoa","Plasmodiidae","manually added",1.25
"P_PLSMD_HERN","Plasmodium heroni","species","accepted","Protozoa","Plasmodiidae","manually added",1.25
"P_PLSMD_HTRN","Plasmodium heteronucleare","species","accepted","Protozoa","Plasmodiidae","manually added",1.25
"P_PLSMD_HXMR","Plasmodium hexamerium","species","accepted","Protozoa","Plasmodiidae","manually added",1.25
"P_PLSMD_HSPN","Plasmodium hispaniolae","species","accepted","Protozoa","Plasmodiidae","manually added",1.25
"P_PLSMD_HNCL","Plasmodium hoionucleophilum","species","accepted","Protozoa","Plasmodiidae","manually added",1.25
"P_PLSMD_HLSP","Plasmodium holaspi","species","accepted","Protozoa","Plasmodiidae","manually added",1.25
"P_PLSMD_HOLT","Plasmodium holti","species","accepted","Protozoa","Plasmodiidae","manually added",1.25
"P_PLSMD_HMCR","Plasmodium homocircumflexum","species","accepted","Protozoa","Plasmodiidae","manually added",1.25
"P_PLSMD_HMPL","Plasmodium homopolare","species","accepted","Protozoa","Plasmodiidae","manually added",1.25
"P_PLSMD_HUFF","Plasmodium huffi","species","accepted","Protozoa","Plasmodiidae","manually added",1.25
"P_PLSMD_HYDR","Plasmodium hydrochaeri","species","accepted","Protozoa","Plasmodiidae","manually added",1.25
"P_PLSMD_HYLB","Plasmodium hylobati","species","accepted","Protozoa","Plasmodiidae","manually added",1.25
"P_PLSMD_ICPN","Plasmodium icipeensis","species","accepted","Protozoa","Plasmodiidae","manually added",1.25
"P_PLSMD_IGUN","Plasmodium iguanae","species","accepted","Protozoa","Plasmodiidae","manually added",1.25
"P_PLSMD_INCR","Plasmodium incertae","species","accepted","Protozoa","Plasmodiidae","manually added",1.25
"P_PLSMD_INPN","Plasmodium inopinatum","species","accepted","Protozoa","Plasmodiidae","manually added",1.25
"P_PLSMD_INTB","Plasmodium intabazwe","species","accepted","Protozoa","Plasmodiidae","manually added",1.25
"P_PLSMD_INUI","Plasmodium inui","species","accepted","Protozoa","Plasmodiidae","manually added",1.25
"P_PLSMD_JPNC","Plasmodium japonicum","species","accepted","Protozoa","Plasmodiidae","manually added",1.25
"P_PLSMD_JNRX","Plasmodium jeanriouxi","species","accepted","Protozoa","Plasmodiidae","manually added",1.25
"P_PLSMD_JFFR","Plasmodium jefferyi","species","accepted","Protozoa","Plasmodiidae","manually added",1.25
"P_PLSMD_JING","Plasmodium jiangi","species","accepted","Protozoa","Plasmodiidae","manually added",1.25
"P_PLSMD_JSPH","Plasmodium josephinae","species","accepted","Protozoa","Plasmodiidae","manually added",1.25
"P_PLSMD_JOYX","Plasmodium joyeuxi","species","accepted","Protozoa","Plasmodiidae","manually added",1.25
"P_PLSMD_JXTN","Plasmodium juxtanucleare","species","accepted","Protozoa","Plasmodiidae","manually added",1.25
"P_PLSMD_KCHL","Plasmodium kachelibaensis","species","accepted","Protozoa","Plasmodiidae","manually added",1.25
"P_PLSMD_KADG","Plasmodium kadogoi","species","accepted","Protozoa","Plasmodiidae","manually added",1.25
"P_PLSMD_KANN","Plasmodium kaninii","species","accepted","Protozoa","Plasmodiidae","manually added",1.25
"P_PLSMD_KEMP","Plasmodium kempi","species","accepted","Protozoa","Plasmodiidae","manually added",1.25
"P_PLSMD_KNTR","Plasmodium kentropyxi","species","accepted","Protozoa","Plasmodiidae","manually added",1.25
"P_PLSMD_KNWL","Plasmodium knowlesi","species","accepted","Protozoa","Plasmodiidae","manually added",1.25
"P_PLSMD_KRFN","Plasmodium koreafense","species","accepted","Protozoa","Plasmodiidae","manually added",1.25
"P_PLSMD_KYAI","Plasmodium kyaii","species","accepted","Protozoa","Plasmodiidae","manually added",1.25
"P_PLSMD_LCRT","Plasmodium lacertiliae","species","accepted","Protozoa","Plasmodiidae","manually added",1.25
"P_PLSMD_LAGP","Plasmodium lagopi","species","accepted","Protozoa","Plasmodiidae","manually added",1.25
"P_PLSMD_LNSN","Plasmodium lainsoni","species","accepted","Protozoa","Plasmodiidae","manually added",1.25
"P_PLSMD_LAND","Plasmodium landauae","species","accepted","Protozoa","Plasmodiidae","manually added",1.25
"P_PLSMD_LMRS","Plasmodium lemuris","species","accepted","Protozoa","Plasmodiidae","manually added",1.25
"P_PLSMD_LNBL","Plasmodium lenoblei","species","accepted","Protozoa","Plasmodiidae","manually added",1.25
"P_PLSMD_LPDP","Plasmodium lepidoptiformis","species","accepted","Protozoa","Plasmodiidae","manually added",1.25
"P_PLSMD_LCCY","Plasmodium leucocytica","species","accepted","Protozoa","Plasmodiidae","manually added",1.25
"P_PLSMD_LNTM","Plasmodium lionatum","species","accepted","Protozoa","Plasmodiidae","manually added",1.25
"P_PLSMD_LMMN","Plasmodium lomamiensis","species","accepted","Protozoa","Plasmodiidae","manually added",1.25
"P_PLSMD_LPHR","Plasmodium lophurae","species","accepted","Protozoa","Plasmodiidae","manually added",1.25
"P_PLSMD_LVRD","Plasmodium loveridgei","species","accepted","Protozoa","Plasmodiidae","manually added",1.25
"P_PLSMD_LCNS","Plasmodium lucens","species","accepted","Protozoa","Plasmodiidae","manually added",1.25
"P_PLSMD_LUTZ","Plasmodium lutzi","species","accepted","Protozoa","Plasmodiidae","manually added",1.25
"P_PLSMD_LYGS","Plasmodium lygosomae","species","accepted","Protozoa","Plasmodiidae","manually added",1.25
"P_PLSMD_MABU","Plasmodium mabuiae","species","accepted","Protozoa","Plasmodiidae","manually added",1.25
"P_PLSMD_MCKR","Plasmodium mackerrasae","species","accepted","Protozoa","Plasmodiidae","manually added",1.25
"P_PLSMD_MACK","Plasmodium mackiei","species","accepted","Protozoa","Plasmodiidae","manually added",1.25
"P_PLSMD_MCLL","Plasmodium maculilabre","species","accepted","Protozoa","Plasmodiidae","manually added",1.25
"P_PLSMD_MAIR","Plasmodium maior","species","accepted","Protozoa","Plasmodiidae","manually added",1.25
"P_PLSMD_MAJS","Plasmodium majus","species","accepted","Protozoa","Plasmodiidae","manually added",1.25
"P_PLSMD_MLGS","Plasmodium malagasi","species","accepted","Protozoa","Plasmodiidae","manually added",1.25
"P_PLSMD_MALR","Plasmodium malariae","species","accepted","Protozoa","Plasmodiidae","manually added",1.25
"P_PLSMD_MRGN","Plasmodium marginatum","species","accepted","Protozoa","Plasmodiidae","manually added",1.25
"P_PLSMD_MTTN","Plasmodium matutinum","species","accepted","Protozoa","Plasmodiidae","manually added",1.25
"P_PLSMD_MGGL","Plasmodium megaglobularis","species","accepted","Protozoa","Plasmodiidae","manually added",1.25
"P_PLSMD_MGLT","Plasmodium megalotrypa","species","accepted","Protozoa","Plasmodiidae","manually added",1.25
"P_PLSMD_MLNP","Plasmodium melanipherum","species","accepted","Protozoa","Plasmodiidae","manually added",1.25
"P_PLSMD_MLNL","Plasmodium melanoleuca","species","accepted","Protozoa","Plasmodiidae","manually added",1.25
"P_PLSMD_MERL","Plasmodium merulae","species","accepted","Protozoa","Plasmodiidae","manually added",1.25
"P_PLSMD_MXCN","Plasmodium mexicanum","species","accepted","Protozoa","Plasmodiidae","manually added",1.25
"P_PLSMD_MCHK","Plasmodium michikoa","species","accepted","Protozoa","Plasmodiidae","manually added",1.25
"P_PLSMD_MNSN","Plasmodium minasense","species","accepted","Protozoa","Plasmodiidae","manually added",1.25
"P_PLSMD_MNVR","Plasmodium minuoviride","species","accepted","Protozoa","Plasmodiidae","manually added",1.25
"P_PLSMD_MDST","Plasmodium modestum","species","accepted","Protozoa","Plasmodiidae","manually added",1.25
"P_PLSMD_MHMM","Plasmodium mohammedi","species","accepted","Protozoa","Plasmodiidae","manually added",1.25
"P_PLSMD_MRLM","Plasmodium morulum","species","accepted","Protozoa","Plasmodiidae","manually added",1.25
"P_PLSMD_MLTF","Plasmodium multiformis","species","accepted","Protozoa","Plasmodiidae","manually added",1.25
"P_PLSMD_MLTV","Plasmodium multivacuolaris","species","accepted","Protozoa","Plasmodiidae","manually added",1.25
"P_PLSMD_NRYN","Plasmodium narayani","species","accepted","Protozoa","Plasmodiidae","manually added",1.25
"P_PLSMD_NCTR","Plasmodium necatrix","species","accepted","Protozoa","Plasmodiidae","manually added",1.25
"P_PLSMD_NSTC","Plasmodium neusticuri","species","accepted","Protozoa","Plasmodiidae","manually added",1.25
"P_PLSMD_NCLP","Plasmodium nucleophilium","species","accepted","Protozoa","Plasmodiidae","manually added",1.25
"P_PLSMD_OCTM","Plasmodium octamerium","species","accepted","Protozoa","Plasmodiidae","manually added",1.25
"P_PLSMD_ODHM","Plasmodium odhiamboi","species","accepted","Protozoa","Plasmodiidae","manually added",1.25
"P_PLSMD_ODCL","Plasmodium odocoilei","species","accepted","Protozoa","Plasmodiidae","manually added",1.25
"P_PLSMD_OVAL","Plasmodium ovale","species","accepted","Protozoa","Plasmodiidae","manually added",1.25
"P_PLSMD_PCHY","Plasmodium pachysomum","species","accepted","Protozoa","Plasmodiidae","manually added",1.25
"P_PLSMD_PADD","Plasmodium paddae","species","accepted","Protozoa","Plasmodiidae","manually added",1.25
"P_PLSMD_PPRN","Plasmodium papernai","species","accepted","Protozoa","Plasmodiidae","manually added",1.25
"P_PLSMD_PRHX","Plasmodium parahexamerium","species","accepted","Protozoa","Plasmodiidae","manually added",1.25
"P_PLSMD_PRNC","Plasmodium paranucleophilum","species","accepted","Protozoa","Plasmodiidae","manually added",1.25
"P_PLSMD_PRVL","Plasmodium parvulum","species","accepted","Protozoa","Plasmodiidae","manually added",1.25
"P_PLSMD_PDCT","Plasmodium pedioecetii","species","accepted","Protozoa","Plasmodiidae","manually added",1.25
"P_PLSMD_PELZ","Plasmodium pelaezi","species","accepted","Protozoa","Plasmodiidae","manually added",1.25
"P_PLSMD_PRCY","Plasmodium percygarnhami","species","accepted","Protozoa","Plasmodiidae","manually added",1.25
"P_PLSMD_PESS","Plasmodium pessoai","species","accepted","Protozoa","Plasmodiidae","manually added",1.25
"P_PLSMD_PTRS","Plasmodium petersi","species","accepted","Protozoa","Plasmodiidae","manually added",1.25
"P_PLSMD_PIFN","Plasmodium pifanoi","species","accepted","Protozoa","Plasmodiidae","manually added",1.25
"P_PLSMD_PNTT","Plasmodium pinotti","species","accepted","Protozoa","Plasmodiidae","manually added",1.25
"P_PLSMD_PTHC","Plasmodium pitheci","species","accepted","Protozoa","Plasmodiidae","manually added",1.25
"P_PLSMD_PTMN","Plasmodium pitmani","species","accepted","Protozoa","Plasmodiidae","manually added",1.25
"P_PLSMD_POLR","Plasmodium polare","species","accepted","Protozoa","Plasmodiidae","manually added",1.25
"P_PLSMD_PLYM","Plasmodium polymorphum","species","accepted","Protozoa","Plasmodiidae","manually added",1.25
"P_PLSMD_PRFL","Plasmodium praefalciparum","species","accepted","Protozoa","Plasmodiidae","manually added",1.25
"P_PLSMD_PLMP","Plasmodium pulmophilium","species","accepted","Protozoa","Plasmodiidae","manually added",1.25
"P_PLSMD_PYTH","Plasmodium pythonias","species","accepted","Protozoa","Plasmodiidae","manually added",1.25
"P_PLSMD_QUEL","Plasmodium quelea","species","accepted","Protozoa","Plasmodiidae","manually added",1.25
"P_PLSMD_RCHN","Plasmodium reichenowi","species","accepted","Protozoa","Plasmodiidae","manually added",1.25
"P_PLSMD_RLCT","Plasmodium relictum","species","accepted","Protozoa","Plasmodiidae","manually added",1.25
"P_PLSMD_RENI","Plasmodium reniai","species","accepted","Protozoa","Plasmodiidae","manually added",1.25
"P_PLSMD_RHCD","Plasmodium rhacodactyli","species","accepted","Protozoa","Plasmodiidae","manually added",1.25
"P_PLSMD_RHDN","Plasmodium rhadinurum","species","accepted","Protozoa","Plasmodiidae","manually added",1.25
"P_PLSMD_HDNI","Plasmodium rhodaini","species","accepted","Protozoa","Plasmodiidae","manually added",1.25
"P_PLSMD_RBNS","Plasmodium robinsoni","species","accepted","Protozoa","Plasmodiidae","manually added",1.25
"P_PLSMD_RSTT","Plasmodium rousetti","species","accepted","Protozoa","Plasmodiidae","manually added",1.25
"P_PLSMD_RSSL","Plasmodium rousseloti","species","accepted","Protozoa","Plasmodiidae","manually added",1.25
"P_PLSMD_ROUX","Plasmodium rouxi","species","accepted","Protozoa","Plasmodiidae","manually added",1.25
"P_PLSMD_SNDS","Plasmodium sandoshami","species","accepted","Protozoa","Plasmodiidae","manually added",1.25
"P_PLSMD_SPNS","Plasmodium sapaaensis","species","accepted","Protozoa","Plasmodiidae","manually added",1.25
"P_PLSMD_SASA","Plasmodium sasai","species","accepted","Protozoa","Plasmodiidae","manually added",1.25
"P_PLSMD_SRCD","Plasmodium saurocaudatum","species","accepted","Protozoa","Plasmodiidae","manually added",1.25
"P_PLSMD_SCLP","Plasmodium scelopori","species","accepted","Protozoa","Plasmodiidae","manually added",1.25
"P_PLSMD_SCHW","Plasmodium schwetzi","species","accepted","Protozoa","Plasmodiidae","manually added",1.25
"P_PLSMD_SCRZ","Plasmodium scorzai","species","accepted","Protozoa","Plasmodiidae","manually added",1.25
"P_PLSMD_SMVL","Plasmodium semiovale","species","accepted","Protozoa","Plasmodiidae","manually added",1.25
"P_PLSMD_SMNP","Plasmodium semnopitheci","species","accepted","Protozoa","Plasmodiidae","manually added",1.25
"P_PLSMD_SRGN","Plasmodium sergentorum","species","accepted","Protozoa","Plasmodiidae","manually added",1.25
"P_PLSMD_SLVT","Plasmodium silvaticum","species","accepted","Protozoa","Plasmodiidae","manually added",1.25
"P_PLSMD_SIMM","Plasmodium simium","species","accepted","Protozoa","Plasmodiidae","manually added",1.25
"P_PLSMD_SMPL","Plasmodium simplex","species","accepted","Protozoa","Plasmodiidae","manually added",1.25
"P_PLSMD_SMRN","Plasmodium smirnovi","species","accepted","Protozoa","Plasmodiidae","manually added",1.25
"P_PLSMD_SNON","Plasmodium snounoui","species","accepted","Protozoa","Plasmodiidae","manually added",1.25
"P_PLSMD_STLL","Plasmodium stellatum","species","accepted","Protozoa","Plasmodiidae","manually added",1.25
"P_PLSMD_STTH","Plasmodium stuthionis","species","accepted","Protozoa","Plasmodiidae","manually added",1.25
"P_PLSMD_TNZN","Plasmodium tanzaniae","species","accepted","Protozoa","Plasmodiidae","manually added",1.25
"P_PLSMD_TEJR","Plasmodium tejerai","species","accepted","Protozoa","Plasmodiidae","manually added",1.25
"P_PLSMD_TLFR","Plasmodium telfordi","species","accepted","Protozoa","Plasmodiidae","manually added",1.25
"P_PLSMD_TENU","Plasmodium tenue","species","accepted","Protozoa","Plasmodiidae","manually added",1.25
"P_PLSMD_TMDN","Plasmodium tomodoni","species","accepted","Protozoa","Plasmodiidae","manually added",1.25
"P_PLSMD_TRRL","Plasmodium torrealbai","species","accepted","Protozoa","Plasmodiidae","manually added",1.25
"P_PLSMD_TOCN","Plasmodium toucani","species","accepted","Protozoa","Plasmodiidae","manually added",1.25
"P_PLSMD_TRGL","Plasmodium traguli","species","accepted","Protozoa","Plasmodiidae","manually added",1.25
"P_PLSMD_TRNR","Plasmodium tranieri","species","accepted","Protozoa","Plasmodiidae","manually added",1.25
"P_PLSMD_TRBL","Plasmodium tribolonti","species","accepted","Protozoa","Plasmodiidae","manually added",1.25
"P_PLSMD_TRPD","Plasmodium tropiduri","species","accepted","Protozoa","Plasmodiidae","manually added",1.25
"P_PLSMD_TMBY","Plasmodium tumbayaensis","species","accepted","Protozoa","Plasmodiidae","manually added",1.25
"P_PLSMD_TYRI","Plasmodium tyrio","species","accepted","Protozoa","Plasmodiidae","manually added",1.25
"P_PLSMD_ULNB","Plasmodium uilenbergi","species","accepted","Protozoa","Plasmodiidae","manually added",1.25
"P_PLSMD_ULGR","Plasmodium uluguruense","species","accepted","Protozoa","Plasmodiidae","manually added",1.25
"P_PLSMD_UNLS","Plasmodium unalis","species","accepted","Protozoa","Plasmodiidae","manually added",1.25
"P_PLSMD_UNCN","Plasmodium uncinatum","species","accepted","Protozoa","Plasmodiidae","manually added",1.25
"P_PLSMD_UZNG","Plasmodium uzungwiense","species","accepted","Protozoa","Plasmodiidae","manually added",1.25
"P_PLSMD_VCLT","Plasmodium vacuolatum","species","accepted","Protozoa","Plasmodiidae","manually added",1.25
"P_PLSMD_VLKN","Plasmodium valkiunasi","species","accepted","Protozoa","Plasmodiidae","manually added",1.25
"P_PLSMD_VSTT","Plasmodium vastator","species","accepted","Protozoa","Plasmodiidae","manually added",1.25
"P_PLSMD_VGHN","Plasmodium vaughani","species","accepted","Protozoa","Plasmodiidae","manually added",1.25
"P_PLSMD_VATR","Plasmodium vautieri","species","accepted","Protozoa","Plasmodiidae","manually added",1.25
"P_PLSMD_VNKT","Plasmodium venkataramiahii","species","accepted","Protozoa","Plasmodiidae","manually added",1.25
"P_PLSMD_VNCK","Plasmodium vinckei","species","accepted","Protozoa","Plasmodiidae","manually added",1.25
"P_PLSMD_VIVX","Plasmodium vivax","species","accepted","Protozoa","Plasmodiidae","manually added",1.25
"P_PLSMD_VLNS","Plasmodium volans","species","accepted","Protozoa","Plasmodiidae","manually added",1.25
"P_PLSMD_VLTC","Plasmodium voltaicum","species","accepted","Protozoa","Plasmodiidae","manually added",1.25
"P_PLSMD_WTTN","Plasmodium watteni","species","accepted","Protozoa","Plasmodiidae","manually added",1.25
"P_PLSMD_WNYN","Plasmodium wenyoni","species","accepted","Protozoa","Plasmodiidae","manually added",1.25
"P_PLSMD_YOEL","Plasmodium yoelii","species","accepted","Protozoa","Plasmodiidae","manually added",1.25
"P_PLSMD_YONG","Plasmodium youngi","species","accepted","Protozoa","Plasmodiidae","manually added",1.25
"P_PLSMD_ZONR","Plasmodium zonuriae","species","accepted","Protozoa","Plasmodiidae","manually added",1.25
"F_PLCTS_CCMR","Plectosphaerella cucumerina","species","accepted","Fungi","Trichosphaeriaceae","MycoBank",1.25
"F_PLCTS_MLNS","Plectosphaerella melonis","species","accepted","Fungi","Trichosphaeriaceae","MycoBank",1.25
"F_PLNDM_CNNB","Plenodomus cannabis","species","accepted","Fungi","Leptosphaeriaceae","GBIF",1.25
"F_PLNDM_ENTR","Plenodomus enteroleucus","species","accepted","Fungi","Leptosphaeriaceae","MycoBank",1.25
"F_PLNDM_HMTT","Plenodomus haematites","species","accepted","Fungi","Leptosphaeriaceae","MycoBank",1.25
"F_PLNDM_INFL","Plenodomus influorescens","species","accepted","Fungi","Leptosphaeriaceae","GBIF",1.25
"F_PLNDM_LBNT","Plenodomus libanotidis","species","accepted","Fungi","Leptosphaeriaceae","MycoBank",1.25
"F_PLNDM_LNDQ","Plenodomus lindquistii","species","accepted","Fungi","Leptosphaeriaceae","GBIF",1.25
"F_PLNDM_LNGM","Plenodomus lingam","species","accepted","Fungi","Leptosphaeriaceae","MycoBank",1.25
"F_PLNDM_LUPN","Plenodomus lupini","species","accepted","Fungi","Leptosphaeriaceae","MycoBank",1.25
"F_PLNDM_PMPN","Plenodomus pimpinellae","species","accepted","Fungi","Leptosphaeriaceae","MycoBank",1.25
"F_PLNDM_RTTN","Plenodomus ruttneri","species","accepted","Fungi","Leptosphaeriaceae","MycoBank",1.25
"F_PLNDM_SLVT","Plenodomus silvaticus","species","synonym","Fungi","Leptosphaeriaceae","MycoBank",1.25
"F_PLNDM_SYRC","Plenodomus syriacus","species","accepted","Fungi","Leptosphaeriaceae","MycoBank",1.25
"F_PLNDM_TRCH","Plenodomus tracheiphilus","species","accepted","Fungi","Leptosphaeriaceae","MycoBank",1.25
"F_PLNDM_VISC","Plenodomus visci","species","accepted","Fungi","Leptosphaeriaceae","GBIF",1.25
"F_PLNDM_WLLN","Plenodomus wallnerianus","species","accepted","Fungi","Leptosphaeriaceae","MycoBank",1.25
"F_PLNCT_SPHR","Pleonectria sphaerospora","species","accepted","Fungi","Nectriaceae","MycoBank",1.25
"F_PRLNA_CRTH","Pleosphaerulina carthami","species","accepted","Fungi","Saccotheciaceae","GBIF",1.25
"F_PLSPR_SCHB","Pleospora schoberiae","species","accepted","Fungi","Pleosporaceae","GBIF",1.25
"F_PLSPR_SCRPC","Pleospora scirpicola","species","accepted","Fungi","Pleosporaceae","GBIF",1.25
"F_PLSPR_SBRP","Pleospora subriparia","species","accepted","Fungi","Pleosporaceae","GBIF",1.25
"F_PLRCR_SNNS","Pleurocordyceps sinensis","species","accepted","Fungi","Polycephalomycetaceae","MycoBank",1.25
"F_PLRDS_CCCR","Pleurodesmospora coccorum","species","accepted","Fungi","Cordycipitaceae","MycoBank",1.25
"F_PLRPH_PLRS","Pleurophoma pleurospora","species","accepted","Fungi","Lentitheciaceae","MycoBank",1.25
"F_PLRSTM_RPNS","Pleurostoma repens","species","accepted","Fungi","Pleurostomataceae","MycoBank",1.25
"F_PLRSTM_RCHR","Pleurostoma richardsiae","species","accepted","Fungi","Pleurostomataceae","MycoBank",1.25
"F_PLRTH_OBVD","Pleurothecium obovoideum","species","accepted","Fungi","Pleurotheciaceae","GBIF",1.25
"F_PLRCL_MLYN","Pluricellaesporites malayensis","species","accepted","Fungi","","MycoBank",1.25
"F_POCLM_BMBS","Poculum bambusae","species","accepted","Fungi","Rutstroemiaceae","GBIF",1.25
"F_PODIL_CLNC","Podila clonocystis","species","accepted","Fungi","Mortierellaceae","MycoBank",1.25
"F_PODIL_EPCL","Podila epicladia","species","accepted","Fungi","Mortierellaceae","MycoBank",1.25
"F_PODIL_EPGM","Podila epigama","species","accepted","Fungi","Mortierellaceae","MycoBank",1.25
"F_PODIL_HRTC","Podila horticola","species","accepted","Fungi","Mortierellaceae","MycoBank",1.25
"F_PODIL_HMLS","Podila humilis","species","accepted","Fungi","Mortierellaceae","MycoBank",1.25
"F_PODIL_MNTS","Podila minutissima","species","accepted","Fungi","Mortierellaceae","MycoBank",1.25
"F_PODIL_VRTC","Podila verticillata","species","accepted","Fungi","Mortierellaceae","MycoBank",1.25
"F_PDNCT_CCCC","Podonectria coccicola","species","accepted","Fungi","Tubeufiaceae","MycoBank",1.25
"F_PDNCT_TNSP","Podonectria tenuispora","species","accepted","Fungi","Tubeufiaceae","GBIF",1.25
"F_PYTLM_BRKL","Polyscytalum berkeleyi","species","accepted","Fungi","","MycoBank",1.25
"F_PLYST_VLGR","Polystigma vulgare","species","accepted","Fungi","Phyllachoraceae","MycoBank",1.25
"F_PLYST_XNTH","Polystigma xanthostroma","species","accepted","Fungi","Phyllachoraceae","MycoBank",1.25
"F_POSDS_PYRF","Posadasia pyriformis","species","accepted","Fungi","Onygenaceae","MycoBank",1.25
"F_POSTI_PTYC","Postia ptychogaster","species","accepted","Fungi","Dacryobolaceae","GBIF",1.25
"F_PRCHTF_MCRS","Prachtflorella microspora","species","accepted","Fungi","Ceratostomataceae","GBIF",1.25
"F_PRLLN_FRGC","Prillingera fragicola","species","accepted","Fungi","Trichosporonaceae","MycoBank",1.25
"F_PRNCT_ERYT","Pronectria erythrinella","species","accepted","Fungi","Bionectriaceae","MycoBank",1.25
"F_PRNCT_RBRG","Pronectria robergei","species","accepted","Fungi","Bionectriaceae","MycoBank",1.25
"F_PRNCT_TNCS","Pronectria tenacis","species","accepted","Fungi","Bionectriaceae","MycoBank",1.25
"F_PRNCT_VRRC","Pronectria verrucariae","species","accepted","Fungi","Bionectriaceae","MycoBank",1.25
"F_PRTMY_ASTR","Proteomyces asteroides","species","synonym","Fungi","Trichosporonaceae","MycoBank",1.25
"F_PRTMY_BLZR","Proteomyces balzeri","species","synonym","Fungi","Trichosporonaceae","MycoBank",1.25
"F_PRTMY_BRCN","Proteomyces brocianus","species","synonym","Fungi","Trichosporonaceae","MycoBank",1.25
"F_PRTMY_BRCQ","Proteomyces brocquii","species","synonym","Fungi","Trichosporonaceae","MycoBank",1.25
"F_PRTMY_CRNL","Proteomyces cornealis","species","synonym","Fungi","Trichosporonaceae","MycoBank",1.25
"F_PRTMY_CTNS","Proteomyces cutaneus","species","synonym","Fungi","Trichosporonaceae","MycoBank",1.25
"F_PRTMY_GRWN","Proteomyces griewankii","species","accepted","Fungi","Trichosporonaceae","MycoBank",1.25
"F_PRTMY_INFS","Proteomyces infestans","species","accepted","Fungi","Trichosporonaceae","MycoBank",1.25
"F_PRTMY_MURS","Proteomyces muris","species","synonym","Fungi","Trichosporonaceae","MycoBank",1.25
"F_PRTMY_PERR","Proteomyces perieri","species","synonym","Fungi","Trichosporonaceae","MycoBank",1.25
"F_PRTMY_VRBL","Proteomyces variabilis","species","accepted","Fungi","Trichosporonaceae","MycoBank",1.25
"F_PRTCRP_FRYC","Protocreopsis freycinetiae","species","accepted","Fungi","Bionectriaceae","MycoBank",1.25
"F_PRTCRP_FSGR","Protocreopsis fusigera","species","accepted","Fungi","Bionectriaceae","MycoBank",1.25
"F_PRTCRP_PRTS","Protocreopsis pertusa","species","accepted","Fungi","Bionectriaceae","MycoBank",1.25
"F_PRTCRP_PHRM","Protocreopsis phormiicola","species","accepted","Fungi","Bionectriaceae","MycoBank",1.25
"F_PRTCRP_RUTL","Protocreopsis rutila","species","accepted","Fungi","Bionectriaceae","MycoBank",1.25
"F_PRTCRP_VLPN","Protocreopsis vulpina","species","accepted","Fungi","Bionectriaceae","MycoBank",1.25
"F_PRTHY_ALBM","Protohydnum album","species","accepted","Fungi","Exidiaceae","MycoBank",1.25
"F_PRTHY_LVSC","Protohydnum livescens","species","accepted","Fungi","Exidiaceae","MycoBank",1.25
"F_PRTHY_SCNM","Protohydnum sucinum","species","accepted","Fungi","Exidiaceae","MycoBank",1.25
"F_PRTMR_RCHN","Protomerulius richenii","species","accepted","Fungi","Exidiaceae","MycoBank",1.25
"F_PCLDS_FSLB","Protomycocladus faisalabadensis","species","accepted","Fungi","Mucoraceae","MycoBank",1.25
"F_PSDGR_MTSS","Pseudaegerita matsushimae","species","accepted","Fungi","Hyaloscyphaceae","MycoBank",1.25
"F_PSDSPRS_PCCN","Pseudoasperisporium puccinioides","species","accepted","Fungi","","MycoBank",1.25
"F_PSDCR_ANML","Pseudocercospora anomala","species","accepted","Fungi","Mycosphaerellaceae","MycoBank",1.25
"F_PSDCR_ASMN","Pseudocercospora asiminae","species","accepted","Fungi","Mycosphaerellaceae","MycoBank",1.25
"F_PSDCR_BCLL","Pseudocercospora bacilligera","species","accepted","Fungi","Mycosphaerellaceae","MycoBank",1.25
"F_PSDCR_CMLL","Pseudocercospora camelliae","species","accepted","Fungi","Mycosphaerellaceae","MycoBank",1.25
"F_PSDCR_CLDS","Pseudocercospora cladosporioides","species","accepted","Fungi","Mycosphaerellaceae","MycoBank",1.25
"F_PSDCR_CLDR","Pseudocercospora cladrastidis","species","accepted","Fungi","Mycosphaerellaceae","MycoBank",1.25
"F_PSDCR_GRSL","Pseudocercospora griseola","species","accepted","Fungi","Mycosphaerellaceae","MycoBank",1.25
"F_PSDCR_HOVE","Pseudocercospora hoveae","species","accepted","Fungi","Mycosphaerellaceae","MycoBank",1.25
"F_PSDCR_JUJB","Pseudocercospora jujubae","species","accepted","Fungi","Mycosphaerellaceae","MycoBank",1.25
"F_PSDCR_LCHN","Pseudocercospora lichenum","species","accepted","Fungi","Mycosphaerellaceae","MycoBank",1.25
"F_PSDCR_MTRG","Pseudocercospora mitragynae","species","accepted","Fungi","Mycosphaerellaceae","MycoBank",1.25
"F_PSDCR_VITS","Pseudocercospora vitis","species","accepted","Fungi","Mycosphaerellaceae","MycoBank",1.25
"F_PSDCRC_TRCH","Pseudocercosporella trichophila","species","accepted","Fungi","Mycosphaerellaceae","MycoBank",1.25
"F_PSDCLD_HCHJ","Pseudocladosporium hachijoense","species","accepted","Fungi","Venturiaceae","MycoBank",1.25
"F_PSDCLD_PROT","Pseudocladosporium proteae","species","accepted","Fungi","Venturiaceae","GBIF",1.25
"F_PSDCLP_FLVS","Pseudocoleophoma flavescens","species","accepted","Fungi","Dictyosporiaceae","MycoBank",1.25
"F_PSDCS_JOCA","Pseudocosmospora joca","species","accepted","Fungi","Nectriaceae","MycoBank",1.25
"F_PSDCS_NMML","Pseudocosmospora nummulariae","species","accepted","Fungi","Nectriaceae","MycoBank",1.25
"F_PSDCS_TRIQ","Pseudocosmospora triqua","species","accepted","Fungi","Nectriaceae","MycoBank",1.25
"F_PSDCS_VILR","Pseudocosmospora vilior","species","accepted","Fungi","Nectriaceae","MycoBank",1.25
"F_PSDGM_PSDM","Pseudogeomyces pseudomerdarius","species","accepted","Fungi","","MycoBank",1.25
"F_PSDGRP_RHZM","Pseudographiella rhizomorpharum","species","accepted","Fungi","","MycoBank",1.25
"F_PSDGYM_CRNS","Pseudogymnoascus carnis","species","accepted","Fungi","Pseudeurotiaceae","MycoBank",1.25
"F_PSDGYM_PNNR","Pseudogymnoascus pannorum","species","accepted","Fungi","Pseudeurotiaceae","MycoBank",1.25
"F_PSDHM_STRT","Pseudohamigera striata","species","accepted","Fungi","Aspergillaceae","MycoBank",1.25
"F_PMCLA_SMSP","Pseudohumicola semispiralis","species","accepted","Fungi","Chaetomiaceae","MycoBank",1.25
"F_PMCLA_SBSP","Pseudohumicola subspiralis","species","accepted","Fungi","Chaetomiaceae","MycoBank",1.25
"F_PSDHY_GLTN","Pseudohydnum gelatinosum","species","accepted","Fungi","Exidiaceae","MycoBank",1.25
"F_PSDHYP_BGRN","Pseudohyphozyma bogoriensis","species","accepted","Fungi","","MycoBank",1.25
"F_PSDHYP_BFFN","Pseudohyphozyma buffonii","species","accepted","Fungi","","MycoBank",1.25
"F_PSDHYP_PSTL","Pseudohyphozyma pustula","species","accepted","Fungi","","MycoBank",1.25
"F_PSDLPT_ETHR","Pseudoleptosphaeria etheridgei","species","accepted","Fungi","Leptosphaeriaceae","MycoBank",1.25
"F_PSDMS_CORN","Pseudomassaria corni","species","accepted","Fungi","Pseudomassariaceae","GBIF",1.25
"F_PSDMY_RBSL","Pseudomycoderma rabesalama","species","accepted","Fungi","","MycoBank",1.25
"F_PSDNC_BMBS","Pseudonectria bambusae","species","accepted","Fungi","Nectriaceae","MycoBank",1.25
"F_PSDNC_BUXI","Pseudonectria buxi","species","accepted","Fungi","Nectriaceae","MycoBank",1.25
"F_PSDNC_FRFR","Pseudonectria furfurella","species","accepted","Fungi","Nectriaceae","MycoBank",1.25
"F_PSDNCT_AHMD","Pseudonectriella ahmadii","species","accepted","Fungi","Niessliaceae","MycoBank",1.25
"F_PSDPNC_GGNT","Pseudopenicillium giganteum","species","accepted","Fungi","Aspergillaceae","MycoBank",1.25
"F_PSDPNC_MGSP","Pseudopenicillium megasporum","species","accepted","Fungi","Aspergillaceae","MycoBank",1.25
"F_PSDPHM_DCTM","Pseudophoma dictamni","species","accepted","Fungi","","MycoBank",1.25
"F_PSDPT_ATRO","Pseudopithomyces atro-olivaceus","species","accepted","Fungi","Didymosphaeriaceae","GBIF",1.25
"F_PSDPT_CHRT","Pseudopithomyces chartarum","species","accepted","Fungi","Didymosphaeriaceae","MycoBank",1.25
"F_PSDPT_CYND","Pseudopithomyces cynodontis","species","accepted","Fungi","Didymosphaeriaceae","MycoBank",1.25
"F_PSDPT_KARO","Pseudopithomyces karoo","species","accepted","Fungi","Didymosphaeriaceae","MycoBank",1.25
"F_PSDPT_MYDC","Pseudopithomyces maydicus","species","accepted","Fungi","Didymosphaeriaceae","MycoBank",1.25
"F_PSDPT_PAVG","Pseudopithomyces pavgii","species","accepted","Fungi","Didymosphaeriaceae","MycoBank",1.25
"F_PSDPT_SCCH","Pseudopithomyces sacchari","species","accepted","Fungi","Didymosphaeriaceae","MycoBank",1.25
"F_PSDSCC_AFRC","Pseudosaccharomyces africanus","species","accepted","Fungi","","MycoBank",1.25
"F_PSDSCC_STVN","Pseudosaccharomyces stevensii","species","accepted","Fungi","","MycoBank",1.25
"F_PPTRA_USNE","Pseudoseptoria usneae","species","accepted","Fungi","Saccotheciaceae","MycoBank",1.25
"F_PSDTHL_HAMD","Pseudothielavia hamadae","species","accepted","Fungi","Chaetomiaceae","MycoBank",1.25
"F_PSDTHL_TRRC","Pseudothielavia terricola","species","accepted","Fungi","Chaetomiaceae","MycoBank",1.25
"F_PSDTRM_ALLN","Pseudotremella allantoinivorans","species","accepted","Fungi","Bulleraceae","MycoBank",1.25
"F_PSDTRC_VBRN","Pseudotrichia viburnicola","species","accepted","Fungi","Melanommataceae","MycoBank",1.25
"F_PSDXY_TRRC","Pseudoxylomyces terricola","species","accepted","Fungi","Longipedicellataceae","MycoBank",1.25
"F_PSDZY_FLCC","Pseudozyma flocculosa","species","accepted","Fungi","Ustilaginaceae","GBIF",1.25
"F_PTYCH_ALBS","Ptychogaster albus","species","accepted","Fungi","Postiaceae","MycoBank",1.25
"F_PTYCH_CTRN","Ptychogaster citrinus","species","accepted","Fungi","Postiaceae","MycoBank",1.25
"F_PTYCH_RBSC","Ptychogaster rubescens","species","accepted","Fungi","Postiaceae","GBIF",1.25
"F_PUCCN_BLLT","Puccinia bullata","species","accepted","Fungi","Pucciniaceae","MycoBank",1.25
"AN_PULEX_BHNS","Pulex bahiensis","species","synonym","Animalia","Pulicidae","GBIF",1.25
"AN_PULEX_CNPT","Pulex conepati","species","synonym","Animalia","Pulicidae","GBIF",1.25
"AN_PULEX_FLVS","Pulex fulvus","species","synonym","Animalia","Pulicidae","GBIF",1.25
"AN_PULEX_HMNS","Pulex hominis","species","synonym","Animalia","Pulicidae","GBIF",1.25
"AN_PULEX_IMPR","Pulex imperator","species","synonym","Animalia","Pulicidae","GBIF",1.25
"AN_PULEX_ORNT","Pulex orientalis","species","synonym","Animalia","Pulicidae","GBIF",1.25
"AN_PULEX_PNTR","Pulex penetrans","species","synonym","Animalia","Pulicidae","GBIF",1.25
"AN_PULEX_RPTN","Pulex reptans","species","synonym","Animalia","Pulicidae","GBIF",1.25
"AN_PULEX_VLGR","Pulex vulgaris","species","synonym","Animalia","Pulicidae","GBIF",1.25
"F_PLLLR_PRTT","Pullularia prototropha","species","accepted","Fungi","Saccotheciaceae","GBIF",1.25
"F_PRPRC_ARAN","Purpureocillium araneae","species","accepted","Fungi","Ophiocordycipitaceae","MycoBank",1.25
"F_PRPRC_ARNC","Purpureocillium araneicola","species","accepted","Fungi","Ophiocordycipitaceae","GBIF",1.25
"F_PRPRC_ATLN","Purpureocillium atlanticum","species","accepted","Fungi","Ophiocordycipitaceae","MycoBank",1.25
"F_PRPRC_HYPH","Purpureocillium hyophilae","species","accepted","Fungi","Ophiocordycipitaceae","MycoBank",1.25
"F_PRPRC_SNNS","Purpureocillium sinense","species","accepted","Fungi","Ophiocordycipitaceae","MycoBank",1.25
"F_PRPRC_TNKN","Purpureocillium tiankengense","species","accepted","Fungi","Ophiocordycipitaceae","MycoBank",1.25
"F_PRPRC_ZNGQ","Purpureocillium zongqii","species","accepted","Fungi","Ophiocordycipitaceae","MycoBank",1.25
"F_PYCNS_SCLR","Pycnis sclerotivora","species","accepted","Fungi","","MycoBank",1.25
"F_PYRNM_COLL","Pyrenium collae","species","accepted","Fungi","Hypocreaceae","MycoBank",1.25
"F_PYRNM_FMNT","Pyrenium fomentarium","species","synonym","Fungi","Hypocreaceae","GBIF",1.25
"F_PYRNM_LGNT","Pyrenium lignatile","species","accepted","Fungi","Hypocreaceae","MycoBank",1.25
"F_PYRNM_LGNR","Pyrenium lignorum","species","synonym","Fungi","Hypocreaceae","MycoBank",1.25
"F_PYRNM_MTLL","Pyrenium metallorum","species","accepted","Fungi","Hypocreaceae","MycoBank",1.25
"F_PYRNM_TRRS","Pyrenium terrestre","species","accepted","Fungi","Hypocreaceae","MycoBank",1.25
"F_PYRNM_UNGL","Pyrenium ungulatum","species","synonym","Fungi","Hypocreaceae","GBIF",1.25
"F_PYRNM_VRNC","Pyrenium vernicosum","species","synonym","Fungi","Hypocreaceae","GBIF",1.25
"F_PYRNCH_BRBR","Pyrenochaeta berberidis","species","accepted","Fungi","Cucurbitariaceae","MycoBank",1.25
"F_PYRNC_DCPN","Pyrenochaetopsis decipiens","species","accepted","Fungi","Pyrenochaetopsidaceae","MycoBank",1.25
"F_PYRNC_INDC","Pyrenochaetopsis indica","species","accepted","Fungi","Pyrenochaetopsidaceae","MycoBank",1.25
"F_PYRNC_LPTS","Pyrenochaetopsis leptospora","species","accepted","Fungi","Pyrenochaetopsidaceae","MycoBank",1.25
"F_PYRNC_MCRS","Pyrenochaetopsis microspora","species","accepted","Fungi","Pyrenochaetopsidaceae","GBIF",1.25
"F_PYRNPZ_UMBL","Pyrenopeziza umbellatarum","species","accepted","Fungi","Ploettnerulaceae","GBIF",1.25
"F_PYRNP_CTNR","Pyrenophora catenaria","species","accepted","Fungi","Pleosporaceae","MycoBank",1.25
"F_PYRNP_JPNC","Pyrenophora japonica","species","accepted","Fungi","Pleosporaceae","GBIF",1.25
"F_PYRNP_NSKD","Pyrenophora nisikadoi","species","accepted","Fungi","Pleosporaceae","MycoBank",1.25
"F_PYRNP_SMNP","Pyrenophora seminiperda","species","accepted","Fungi","Pleosporaceae","MycoBank",1.25
"F_PYRNP_TERS","Pyrenophora teres","species","accepted","Fungi","Pleosporaceae","MycoBank",1.25
"F_PYXDP_ASTR","Pyxidiophora asterophora","species","accepted","Fungi","Pyxidiophoraceae","MycoBank",1.25
"F_PYXDP_FSSP","Pyxidiophora fusispora","species","accepted","Fungi","Pyxidiophoraceae","GBIF",1.25
"F_QRCPH_MINT","Querciphoma minuta","species","accepted","Fungi","Leptosphaeriaceae","MycoBank",1.25
"F_RACDM_FDNM","Racodium fodinum","species","accepted","Fungi","Racodiaceae","MycoBank",1.25
"F_RACDM_MYCB","Racodium mycobanche","species","accepted","Fungi","Racodiaceae","MycoBank",1.25
"F_RAFFL_BRBT","Raffaelea barbata","species","accepted","Fungi","Ophiostomataceae","MycoBank",1.25
"F_RAFFL_CSTL","Raffaelea castellanii","species","accepted","Fungi","Ophiostomataceae","GBIF",1.25
"F_RMCHL_ANCP","Ramichloridium anceps","species","accepted","Fungi","Dissoconiaceae","GBIF",1.25
"F_RMCHL_APCL","Ramichloridium apiculatum","species","accepted","Fungi","Dissoconiaceae","MycoBank",1.25
"F_RAMLR_CYCL","Ramularia cyclaminicola","species","accepted","Fungi","Mycosphaerellaceae","MycoBank",1.25
"F_RAMLR_EPSP","Ramularia episphaeria","species","accepted","Fungi","Mycosphaerellaceae","MycoBank",1.25
"F_RSMSN_AEGR","Rasamsonia aegroticola","species","accepted","Fungi","Trichocomaceae","MycoBank",1.25
"F_RSMSN_ARGL","Rasamsonia argillacea","species","accepted","Fungi","Trichocomaceae","MycoBank",1.25
"F_RSMSN_BRVS","Rasamsonia brevistipitata","species","accepted","Fungi","Trichocomaceae","MycoBank",1.25
"F_RSMSN_BYSS","Rasamsonia byssochlamydoides","species","accepted","Fungi","Trichocomaceae","MycoBank",1.25
"F_RSMSN_CHLM","Rasamsonia chlamydospora","species","accepted","Fungi","Trichocomaceae","MycoBank",1.25
"F_RSMSN_CLMB","Rasamsonia columbiensis","species","accepted","Fungi","Trichocomaceae","MycoBank",1.25
"F_RSMSN_CMPS","Rasamsonia composticola","species","accepted","Fungi","Trichocomaceae","MycoBank",1.25
"F_RSMSN_CYLN","Rasamsonia cylindrospora","species","accepted","Fungi","Trichocomaceae","MycoBank",1.25
"F_RSMSN_EBRN","Rasamsonia eburnea","species","accepted","Fungi","Trichocomaceae","MycoBank",1.25
"F_RSMSN_EMRS","Rasamsonia emersonii","species","accepted","Fungi","Trichocomaceae","MycoBank",1.25
"F_RSMSN_FRGD","Rasamsonia frigidotolerans","species","accepted","Fungi","Trichocomaceae","MycoBank",1.25
"F_RSMSN_OBLT","Rasamsonia oblata","species","accepted","Fungi","Trichocomaceae","MycoBank",1.25
"F_RSMSN_PPRN","Rasamsonia piperina","species","accepted","Fungi","Trichocomaceae","MycoBank",1.25
"F_RSMSN_PLVR","Rasamsonia pulvericola","species","accepted","Fungi","Trichocomaceae","MycoBank",1.25
"F_RSMSN_SBLS","Rasamsonia sabulosa","species","accepted","Fungi","Trichocomaceae","MycoBank",1.25
"F_RSMSN_SAUL","Rasamsonia sauleae","species","accepted","Fungi","Trichocomaceae","MycoBank",1.25
"F_RCTFS_RBNN","Rectifusarium robinianum","species","accepted","Fungi","Nectriaceae","MycoBank",1.25
"F_RCTFS_VNTR","Rectifusarium ventricosum","species","accepted","Fungi","Nectriaceae","MycoBank",1.25
"F_RMTDD_DSTR","Remotididymella destructiva","species","accepted","Fungi","Didymellaceae","MycoBank",1.25
"F_RSNCM_BCLR","Resinicium bicolor","species","accepted","Fungi","Resiniciaceae","MycoBank",1.25
"F_RHBDS_RHNN","Rhabdospora rhinanthi","species","accepted","Fungi","Mycosphaerellaceae","MycoBank",1.25
"F_RHXGR_FMBR","Rhexographium fimbriasporum","species","synonym","Fungi","Microascaceae","MycoBank",1.25
"F_RCLDM_CRCV","Rhinocladium cracoviense","species","accepted","Fungi","","MycoBank",1.25
"F_RCLDM_PERR","Rhinocladium pereirae","species","accepted","Fungi","","MycoBank",1.25
"F_RCLDM_TRLS","Rhinocladium torulosum","species","accepted","Fungi","","MycoBank",1.25
"F_RHZCL_ARGL","Rhizocladosporium argillaceum","species","accepted","Fungi","Cordieritidaceae","MycoBank",1.25
"F_RHZPDP_JVNS","Rhizopodopsis javensis","species","accepted","Fungi","Mucoraceae","MycoBank",1.25
"F_RHZSP_KLKH","Rhizosphaera kalkhoffii","species","accepted","Fungi","Venturiaceae","GBIF",1.25
"F_RHODS_SBTC","Rhodesia subtecta","species","accepted","Fungi","","MycoBank",1.25
"F_RHDCP_AURS","Rhodocephalus aureus","species","accepted","Fungi","Trichocomaceae","MycoBank",1.25
"F_RHDCP_CNDD","Rhodocephalus candidus","species","accepted","Fungi","Trichocomaceae","MycoBank",1.25
"F_RHDSP_CLST","Rhodosporidiobolus colostri","species","accepted","Fungi","Sporidiobolaceae","MycoBank",1.25
"F_RHDSP_NYLN","Rhodosporidiobolus nylandii","species","accepted","Fungi","Sporidiobolaceae","MycoBank",1.25
"F_RHDSP_ODRT","Rhodosporidiobolus odoratus","species","accepted","Fungi","Sporidiobolaceae","MycoBank",1.25
"F_RHDSP_PNSK","Rhodosporidiobolus poonsookiae","species","accepted","Fungi","Sporidiobolaceae","MycoBank",1.25
"F_RHDTR_ALBD","Rhodotorula albida","species","synonym","Fungi","Sporidiobolaceae","GBIF",1.25
"F_RHDTR_INFR","Rhodotorula infirmominiata","species","synonym","Fungi","Sporidiobolaceae","GBIF",1.25
"F_RHDTR_LNZH","Rhodotorula linzhiensis","species","accepted","Fungi","Sporidiobolaceae","MycoBank",1.25
"F_RHDTR_TRPC","Rhodotorula tropicalis","species","accepted","Fungi","Sporidiobolaceae","MycoBank",1.25
"F_RHPLP_CLVS","Rhopalophora clavispora","species","accepted","Fungi","Sclerococcaceae","GBIF",1.25
"F_RIOPA_MTMR","Riopa metamorphosa","species","accepted","Fungi","Phanerochaetaceae","GBIF",1.25
"F_ROSLLN_CLLG","Rosellinia calligoni","species","accepted","Fungi","Xylariaceae","MycoBank",1.25
"F_ROSLLN_HYPX","Rosellinia hypoxylina","species","accepted","Fungi","Xylariaceae","MycoBank",1.25
"F_ROSLLN_OBLQ","Rosellinia obliquata","species","accepted","Fungi","Xylariaceae","MycoBank",1.25
"F_ROSLLN_QNSL","Rosellinia queenslandiae","species","accepted","Fungi","Xylariaceae","MycoBank",1.25
"F_RMGRL_RUFL","Roumegueriella rufula","species","accepted","Fungi","Bionectriaceae","MycoBank",1.25
"F_RGNCT_CSTN","Rugonectria castaneicola","species","accepted","Fungi","","MycoBank",1.25
"F_RGNCT_NBLN","Rugonectria neobalansae","species","accepted","Fungi","","MycoBank",1.25
"F_RGNCT_RGLS","Rugonectria rugulosa","species","accepted","Fungi","","MycoBank",1.25
"F_RUINN_CLVT","Ruinenia clavata","species","accepted","Fungi","Ruineniaceae","MycoBank",1.25
"F_RUINN_DRCP","Ruinenia dracophylli","species","accepted","Fungi","Ruineniaceae","MycoBank",1.25
"F_RUINN_RUBR","Ruinenia rubra","species","accepted","Fungi","Ruineniaceae","MycoBank",1.25
"F_SCCHR_ACRSS","Saccharomyces aceris-sacchari","species","synonym","Fungi","Saccharomycetaceae","GBIF",1.25
"F_SCCHR_HRDI","Saccharomyces blanchardii","species","synonym","Fungi","Saccharomycetaceae","GBIF",1.25
"F_SCCHR_DSCC","Saccharomyces disaccharomellis","species","synonym","Fungi","Saccharomycetaceae","GBIF",1.25
"F_SCCHR_DSPR","Saccharomyces disporus","species","synonym","Fungi","Saccharomycetaceae","GBIF",1.25
"F_SCCHR_EPGY","Saccharomyces eupagycus","species","synonym","Fungi","Saccharomycetaceae","GBIF",1.25
"F_SCCHR_FLRNT","Saccharomyces florentinus","species","synonym","Fungi","Saccharomycetaceae","GBIF",1.25
"F_SCCHR_MCDN","Saccharomyces macedoniensis","species","synonym","Fungi","Saccharomycetaceae","GBIF",1.25
"F_SCCHR_MMBRNF","Saccharomyces membranaefaciens","species","synonym","Fungi","Saccharomycetaceae","GBIF",1.25
"F_SCCHR_MCRLL","Saccharomyces microellipsodes","species","synonym","Fungi","Saccharomycetaceae","GBIF",1.25
"F_SCCHR_MSBT","Saccharomyces miso-beta","species","synonym","Fungi","Saccharomycetaceae","GBIF",1.25
"F_SCCHR_MNTN","Saccharomyces montanus","species","synonym","Fungi","Saccharomycetaceae","GBIF",1.25
"F_SCCHR_MRAK","Saccharomyces mrakii","species","synonym","Fungi","Saccharomycetaceae","GBIF",1.25
"F_SCCHR_DRMS","Saccharomyces mycodermus","species","synonym","Fungi","Saccharomycetaceae","GBIF",1.25
"F_SCCHR_PINI","Saccharomyces pini","species","synonym","Fungi","Saccharomycetaceae","GBIF",1.25
"F_SCCHR_PNCTS","Saccharomyces punctisporus","species","synonym","Fungi","Saccharomycetaceae","GBIF",1.25
"F_SCCHR_NVCS","Saccharomyces scandinavicus","species","synonym","Fungi","Saccharomycetaceae","GBIF",1.25
"F_SCCHR_SCSI","Saccharomyces sociasii","species","synonym","Fungi","Saccharomycetaceae","GBIF",1.25
"F_SYCDS_LDWG","Saccharomycodes ludwigii","species","accepted","Fungi","Saccharomycodaceae","MycoBank",1.25
"F_SCPSS_AMAP","Saccharomycopsis amapae","species","accepted","Fungi","Saccharomycopsidaceae","GBIF",1.25
"F_SCPSS_CPSL","Saccharomycopsis capsularis","species","accepted","Fungi","Saccharomycopsidaceae","MycoBank",1.25
"F_SCPSS_FBLG","Saccharomycopsis fibuligera","species","accepted","Fungi","Saccharomycopsidaceae","MycoBank",1.25
"F_SCPSS_JVNN","Saccharomycopsis javanensis","species","accepted","Fungi","Saccharomycopsidaceae","GBIF",1.25
"F_SCPSS_MLNG","Saccharomycopsis malanga","species","accepted","Fungi","Saccharomycopsidaceae","MycoBank",1.25
"F_SCPSS_MCRS","Saccharomycopsis microspora","species","accepted","Fungi","Saccharomycopsidaceae","MycoBank",1.25
"F_SCPSS_SYNN","Saccharomycopsis synnaedendra","species","accepted","Fungi","Saccharomycopsidaceae","GBIF",1.25
"F_SCCTH_VINC","Saccothecium vincae","species","accepted","Fungi","Saccotheciaceae","GBIF",1.25
"F_SACDM_NTRC","Sacidium natricis","species","accepted","Fungi","","MycoBank",1.25
"F_SGNML_DVRS","Sagenomella diversispora","species","accepted","Fungi","Trichocomaceae","MycoBank",1.25
"F_SGNML_GRSV","Sagenomella griseoviridis","species","accepted","Fungi","Trichocomaceae","MycoBank",1.25
"F_SGNML_HMCL","Sagenomella humicola","species","accepted","Fungi","Trichocomaceae","MycoBank",1.25
"F_SGNML_OCTL","Sagenomella ocotl","species","accepted","Fungi","Trichocomaceae","MycoBank",1.25
"F_SGNML_SGNM","Sagenomella sagenomatis","species","accepted","Fungi","Trichocomaceae","MycoBank",1.25
"F_SGNML_STRT","Sagenomella striatispora","species","accepted","Fungi","Trichocomaceae","MycoBank",1.25
"F_SGRHM_IRMT","Sagrahamala iriomoteana","species","accepted","Fungi","","MycoBank",1.25
"F_STZYM_FLAV","Saitozyma flava","species","accepted","Fungi","Trimorphomycetaceae","MycoBank",1.25
"F_STZYM_PDZL","Saitozyma podzolica","species","accepted","Fungi","Trimorphomycetaceae","MycoBank",1.25
"F_SKGCH_CLDN","Sakaguchia cladiensis","species","accepted","Fungi","Sakaguchiaceae","MycoBank",1.25
"F_SKGCH_LMLL","Sakaguchia lamellibrachiae","species","accepted","Fungi","Sakaguchiaceae","MycoBank",1.25
"F_SKGCH_MELI","Sakaguchia meli","species","accepted","Fungi","Sakaguchiaceae","MycoBank",1.25
"F_SKGCH_ORYZ","Sakaguchia oryzae","species","accepted","Fungi","Sakaguchiaceae","GBIF",1.25
"F_SAKSN_OZRS","Saksenaea ozerskayae","species","accepted","Fungi","Saksenaeaceae","MycoBank",1.25
"F_SLNMY_THLN","Salinomyces thailandicus","species","accepted","Fungi","Teratosphaeriaceae","MycoBank",1.25
"F_SLMCS_BCHL","Salmacisia buchloeana","species","accepted","Fungi","Tilletiaceae","MycoBank",1.25
"F_SMPZY_INGN","Sampaiozyma ingeniosa","species","accepted","Fungi","","MycoBank",1.25
"F_SMPZY_VNLL","Sampaiozyma vanillica","species","accepted","Fungi","","MycoBank",1.25
"F_SMSNL_HEPL","Samsoniella hepiali","species","accepted","Fungi","Cordycipitaceae","MycoBank",1.25
"F_SRWKS_FRGL","Sarawakus fragilis","species","accepted","Fungi","Hypocreaceae","MycoBank",1.25
"F_SRWKS_HXSP","Sarawakus hexasporus","species","accepted","Fungi","Hypocreaceae","MycoBank",1.25
"F_SRWKS_IZAW","Sarawakus izawae","species","accepted","Fungi","Hypocreaceae","MycoBank",1.25
"F_SRWKS_LYCG","Sarawakus lycogaloides","species","accepted","Fungi","Hypocreaceae","MycoBank",1.25
"F_SRWKS_ROSS","Sarawakus roseus","species","accepted","Fungi","Hypocreaceae","MycoBank",1.25
"F_SRWKS_SRDD","Sarawakus sordidus","species","accepted","Fungi","Hypocreaceae","MycoBank",1.25
"F_SRWKS_SBTR","Sarawakus subtrachycarpus","species","accepted","Fungi","Hypocreaceae","MycoBank",1.25
"F_SRWKS_SCCS","Sarawakus succisus","species","accepted","Fungi","Hypocreaceae","MycoBank",1.25
"F_SRWKS_TRCH","Sarawakus trachycarpus","species","accepted","Fungi","Hypocreaceae","MycoBank",1.25
"C_SRCCY_ALCS","Sarcocystis alces","species","accepted","Chromista","Sarcocystidae","GBIF",1.25
"C_SRCCY_ANPH","Sarcocystis anophelis","species","synonym","Chromista","Sarcocystidae","GBIF",1.25
"C_SRCCY_CPRL","Sarcocystis capreolicanis","species","accepted","Chromista","Sarcocystidae","GBIF",1.25
"C_SRCCY_GGNT","Sarcocystis gigantea","species","accepted","Chromista","Sarcocystidae","GBIF",1.25
"C_SRCCY_GRCL","Sarcocystis gracilis","species","accepted","Chromista","Sarcocystidae","GBIF",1.25
"C_SRCCY_GRNR","Sarcocystis grueneri","species","accepted","Chromista","Sarcocystidae","GBIF",1.25
"C_SRCCY_HALT","Sarcocystis halieti","species","accepted","Chromista","Sarcocystidae","GBIF",1.25
"C_SRCCY_HRDN","Sarcocystis hardangeri","species","accepted","Chromista","Sarcocystidae","GBIF",1.25
"C_SRCCY_HJRT","Sarcocystis hjorti","species","accepted","Chromista","Sarcocystidae","GBIF",1.25
"C_SRCCY_LARI","Sarcocystis lari","species","accepted","Chromista","Sarcocystidae","GBIF",1.25
"C_SRCCY_NERN","Sarcocystis neurona","species","accepted","Chromista","Sarcocystidae","GBIF",1.25
"C_SRCCY_OVLS","Sarcocystis ovalis","species","accepted","Chromista","Sarcocystidae","GBIF",1.25
"C_SRCCY_OVFR","Sarcocystis oviformis","species","accepted","Chromista","Sarcocystidae","GBIF",1.25
"C_SRCCY_PLTY","Sarcocystis platyrhynchosi","species","accepted","Chromista","Sarcocystidae","GBIF",1.25
"C_SRCCY_RANG","Sarcocystis rangi","species","accepted","Chromista","Sarcocystidae","GBIF",1.25
"C_SRCCY_RNGF","Sarcocystis rangiferi","species","accepted","Chromista","Sarcocystidae","GBIF",1.25
"C_SRCCY_SCND","Sarcocystis scandinavica","species","accepted","Chromista","Sarcocystidae","GBIF",1.25
"C_SRCCY_SILV","Sarcocystis silva","species","accepted","Chromista","Sarcocystidae","GBIF",1.25
"C_SRCCY_TRND","Sarcocystis tarandi","species","accepted","Chromista","Sarcocystidae","GBIF",1.25
"C_SRCCY_VLPS","Sarcocystis tarandivulpes","species","accepted","Chromista","Sarcocystidae","GBIF",1.25
"C_SRCCY_TNLL","Sarcocystis tenella","species","accepted","Chromista","Sarcocystidae","GBIF",1.25
"F_SRCPD_FLVL","Sarcopodium flavolanatum","species","accepted","Fungi","Nectriaceae","MycoBank",1.25
"F_SRCPD_MMMF","Sarcopodium mammiforme","species","accepted","Fungi","Nectriaceae","MycoBank",1.25
"F_SRCPD_RDNS","Sarcopodium radians","species","accepted","Fungi","Nectriaceae","MycoBank",1.25
"F_SRCPD_RRPL","Sarcopodium raripilum","species","accepted","Fungi","Nectriaceae","MycoBank",1.25
"F_SRCPD_TJBD","Sarcopodium tjibodense","species","accepted","Fungi","Nectriaceae","MycoBank",1.25
"F_SRCPD_TRTS","Sarcopodium tortuosum","species","accepted","Fungi","Nectriaceae","MycoBank",1.25
"F_SAREA_RESN","Sarea resinae","species","accepted","Fungi","Sareaceae","GBIF",1.25
"F_SRCLD_BCLL","Sarocladium bacillisporum","species","accepted","Fungi","Sarocladiaceae","MycoBank",1.25
"F_SRCLD_BCTR","Sarocladium bactrocephalum","species","accepted","Fungi","Sarocladiaceae","MycoBank",1.25
"F_SRCLD_GLCM","Sarocladium glaucum","species","accepted","Fungi","Sarocladiaceae","MycoBank",1.25
"F_SRCLD_KLNS","Sarocladium kiliense","species","accepted","Fungi","Sarocladiaceae","MycoBank",1.25
"F_SRCLD_OCHR","Sarocladium ochraceum","species","accepted","Fungi","Sarocladiaceae","MycoBank",1.25
"F_SRCLD_STRC","Sarocladium strictum","species","accepted","Fungi","Sarocladiaceae","MycoBank",1.25
"F_SRCLD_ZEAE","Sarocladium zeae","species","accepted","Fungi","Sarocladiaceae","MycoBank",1.25
"F_STRNS_BSSY","Saturnispora besseyi","species","accepted","Fungi","Pichiaceae","MycoBank",1.25
"F_STRNS_DSPR","Saturnispora dispora","species","accepted","Fungi","Pichiaceae","MycoBank",1.25
"F_STRNS_DVRS","Saturnispora diversa","species","accepted","Fungi","Pichiaceae","MycoBank",1.25
"F_STRNS_HALM","Saturnispora halmiae","species","accepted","Fungi","Pichiaceae","MycoBank",1.25
"F_STRNS_SAIT","Saturnispora saitoi","species","accepted","Fungi","Pichiaceae","MycoBank",1.25
"F_STRNS_SILV","Saturnispora silvae","species","accepted","Fungi","Pichiaceae","MycoBank",1.25
"F_STRNS_ZRNS","Saturnispora zaruensis","species","accepted","Fungi","Pichiaceae","MycoBank",1.25
"F_SCDSP_ANGS","Scedosporium angustum","species","accepted","Fungi","Microascaceae","MycoBank",1.25
"F_SCDSP_ELLPS","Scedosporium ellipsoideum","species","accepted","Fungi","Microascaceae","MycoBank",1.25
"F_SCDSP_FSDM","Scedosporium fusoideum","species","accepted","Fungi","Microascaceae","MycoBank",1.25
"F_SCHLB_QDRT","Scheleobrachea quadrata","species","accepted","Fungi","Pleosporaceae","MycoBank",1.25
"AN_SCHST_BMFR","Schistosoma bomfordi","species","accepted","Animalia","Schistosomatidae","GBIF",1.25
"AN_SCHST_DATT","Schistosoma dattai","species","accepted","Animalia","Schistosomatidae","GBIF",1.25
"AN_SCHST_DMNG","Schistosoma deemingi","species","accepted","Animalia","Schistosomatidae","GBIF",1.25
"AN_SCHST_HRNS","Schistosoma harinasutai","species","accepted","Animalia","Schistosomatidae","GBIF",1.25
"F_SCHZPH_ALBM","Schizophyllum album","species","accepted","Fungi","Schizophyllaceae","MycoBank",1.25
"F_SCHZPH_ALNM","Schizophyllum alneum","species","synonym","Fungi","Schizophyllaceae","MycoBank",1.25
"F_SCHZPH_AMPL","Schizophyllum amplum","species","synonym","Fungi","Schizophyllaceae","MycoBank",1.25
"F_SCHZPH_BRSL","Schizophyllum brasiliense","species","accepted","Fungi","Schizophyllaceae","MycoBank",1.25
"F_SCHZPH_BRVL","Schizophyllum brevilamellatum","species","accepted","Fungi","Schizophyllaceae","MycoBank",1.25
"F_SCHZPH_CMMN","Schizophyllum commune","species","accepted","Fungi","Schizophyllaceae","MycoBank",1.25
"F_SCHZPH_EGLN","Schizophyllum egelingianum","species","synonym","Fungi","Schizophyllaceae","MycoBank",1.25
"F_SCHZPH_EXGM","Schizophyllum exiguum","species","accepted","Fungi","Schizophyllaceae","MycoBank",1.25
"F_SCHZPH_FSCT","Schizophyllum fasciatum","species","accepted","Fungi","Schizophyllaceae","MycoBank",1.25
"F_SCHZPH_FMCL","Schizophyllum fimicola","species","accepted","Fungi","Schizophyllaceae","GBIF",1.25
"F_SCHZPH_FLBL","Schizophyllum flabellare","species","accepted","Fungi","Schizophyllaceae","MycoBank",1.25
"F_SCHZPH_LPRR","Schizophyllum leprieurii","species","accepted","Fungi","Schizophyllaceae","MycoBank",1.25
"F_SCHZPH_LBTM","Schizophyllum lobatum","species","accepted","Fungi","Schizophyllaceae","MycoBank",1.25
"F_SCHZPH_MXCN","Schizophyllum mexicanum","species","synonym","Fungi","Schizophyllaceae","MycoBank",1.25
"F_SCHZPH_MLTF","Schizophyllum multifidum","species","synonym","Fungi","Schizophyllaceae","MycoBank",1.25
"F_SCHZPH_MRRY","Schizophyllum murrayi","species","synonym","Fungi","Schizophyllaceae","MycoBank",1.25
"F_SCHZPH_MYA","Schizophyllum mya","species","synonym","Fungi","Schizophyllaceae","MycoBank",1.25
"F_SCHZPH_PLMT","Schizophyllum palmatum","species","accepted","Fungi","Schizophyllaceae","MycoBank",1.25
"F_SCHZPH_RDTM","Schizophyllum radiatum","species","accepted","Fungi","Schizophyllaceae","MycoBank",1.25
"F_SCHZPH_UMBR","Schizophyllum umbrinum","species","accepted","Fungi","Schizophyllaceae","MycoBank",1.25
"F_SCHZPH_VRBL","Schizophyllum variabile","species","accepted","Fungi","Schizophyllaceae","MycoBank",1.25
"F_SCHZS_VRST","Schizosaccharomyces versatilis","species","synonym","Fungi","Schizosaccharomycetaceae","GBIF",1.25
"F_SCHWN_CPRT","Schwanniomyces capriottii","species","accepted","Fungi","Debaryomycetaceae","MycoBank",1.25
"F_SCHWN_ETCH","Schwanniomyces etchellsii","species","accepted","Fungi","Debaryomycetaceae","MycoBank",1.25
"F_SCHWN_OCCD","Schwanniomyces occidentalis","species","accepted","Fungi","Debaryomycetaceae","GBIF",1.25
"F_SCHWN_PLYM","Schwanniomyces polymorphus","species","accepted","Fungi","Debaryomycetaceae","MycoBank",1.25
"F_SCHWN_PSDP","Schwanniomyces pseudopolymorphus","species","accepted","Fungi","Debaryomycetaceae","MycoBank",1.25
"F_SCHWN_VNRJ","Schwanniomyces vanrijiae","species","accepted","Fungi","Debaryomycetaceae","GBIF",1.25
"F_SCHWN_YAMD","Schwanniomyces yamadae","species","accepted","Fungi","Debaryomycetaceae","MycoBank",1.25
"F_SCRRH_RIMS","Scirrhia rimosa","species","accepted","Fungi","Dothideaceae","GBIF",1.25
"F_SCLRCL_ORNT","Sclerocleista ornata","species","accepted","Fungi","Aspergillaceae","MycoBank",1.25
"F_SCLRC_CLDN","Sclerococcum cladoniae","species","accepted","Fungi","Dactylosporaceae","MycoBank",1.25
"F_SCLRC_HWKS","Sclerococcum hawksworthii","species","accepted","Fungi","Dactylosporaceae","MycoBank",1.25
"F_SCLRP_HNDL","Sclerophoma handelii","species","accepted","Fungi","Dothioraceae","MycoBank",1.25
"F_SCLRP_NITD","Sclerophoma nitida","species","accepted","Fungi","Dothioraceae","GBIF",1.25
"F_SCLRP_PICE","Sclerophoma piceae","species","accepted","Fungi","Dothioraceae","GBIF",1.25
"F_SCLRP_PITY","Sclerophoma pitya","species","accepted","Fungi","Dothioraceae","GBIF",1.25
"F_SCLRP_PNCT","Sclerophoma punctiformis","species","accepted","Fungi","Dothioraceae","GBIF",1.25
"F_SCLRP_TAXD","Sclerophoma taxodii","species","accepted","Fungi","Dothioraceae","GBIF",1.25
"F_SCLRPH_AQLG","Sclerophomella aquilegiicola","species","accepted","Fungi","Didymellaceae","MycoBank",1.25
"F_SCLRPH_CLMT","Sclerophomella clematidina","species","accepted","Fungi","Didymellaceae","MycoBank",1.25
"F_SCLRPH_CMPL","Sclerophomella complanata","species","accepted","Fungi","Didymellaceae","MycoBank",1.25
"F_SCLRPH_MLLT","Sclerophomella meliloticola","species","accepted","Fungi","Didymellaceae","GBIF",1.25
"F_SCLRPH_VRBS","Sclerophomella verbascicola","species","accepted","Fungi","Didymellaceae","GBIF",1.25
"F_SPHMA_VRSB","Sclerotiophoma versabilis","species","accepted","Fungi","Didymellaceae","MycoBank",1.25
"F_STPSS_ALLS","Sclerotiopsis allescheriana","species","accepted","Fungi","Chaetomellaceae","MycoBank",1.25
"F_STPSS_PICN","Sclerotiopsis piceana","species","accepted","Fungi","Chaetomellaceae","GBIF",1.25
"F_STPSS_PRTR","Sclerotiopsis protracta","species","accepted","Fungi","Chaetomellaceae","MycoBank",1.25
"F_SCLCB_AFRM","Scolecobasidium afrum","species","accepted","Fungi","Sympoventuriaceae","MycoBank",1.25
"F_SCLCB_BRGR","Scolecobasidium burgersense","species","accepted","Fungi","Sympoventuriaceae","MycoBank",1.25
"F_SCLCB_GZHN","Scolecobasidium guizhouense","species","accepted","Fungi","Sympoventuriaceae","MycoBank",1.25
"F_SCLCB_INVR","Scolecobasidium inverellipsoidisporum","species","accepted","Fungi","Sympoventuriaceae","MycoBank",1.25
"F_SCLCB_LRNT","Scolecobasidium laurentii","species","accepted","Fungi","Sympoventuriaceae","MycoBank",1.25
"F_SCLCB_RSPM","Scolecobasidium microspoum","species","synonym","Fungi","Sympoventuriaceae","GBIF",1.25
"F_SCLCB_PRHM","Scolecobasidium parahumicola","species","accepted","Fungi","Sympoventuriaceae","MycoBank",1.25
"F_SCLCF_CLTM","Scolecofusarium ciliatum","species","accepted","Fungi","Nectriaceae","MycoBank",1.25
"F_SCOPLR_PHYC","Scopularia phycomyces","species","accepted","Fungi","","MycoBank",1.25
"F_SCPLR_CSTN","Scopulariopsis costantini","species","synonym","Fungi","Microascaceae","GBIF",1.25
"F_SCPLR_MDRM","Scopulariopsis maduramycosis","species","accepted","Fungi","Microascaceae","GBIF",1.25
"F_SCPLR_PSDB","Scopulariopsis pseudobrevicaulis","species","accepted","Fungi","Microascaceae","MycoBank",1.25
"F_SCYTL_ASSM","Scytalidium assmuthi","species","accepted","Fungi","Helotiaceae","MycoBank",1.25
"F_SCYTL_CHLM","Scytalidium chlamydosporum","species","accepted","Fungi","Helotiaceae","MycoBank",1.25
"F_SCYTL_GZHN","Scytalidium guizhouense","species","accepted","Fungi","Helotiaceae","MycoBank",1.25
"F_SCYTL_RDNV","Scytalidium rodionovae","species","accepted","Fungi","Helotiaceae","GBIF",1.25
"F_SCYTL_TRRG","Scytalidium terrigenum","species","accepted","Fungi","Helotiaceae","MycoBank",1.25
"F_SCYTL_TNGR","Scytalidium tongrenense","species","accepted","Fungi","Helotiaceae","MycoBank",1.25
"F_SCYTL_VALD","Scytalidium valdae","species","accepted","Fungi","Helotiaceae","MycoBank",1.25
"F_SCYTL_XZNG","Scytalidium xizangensis","species","accepted","Fungi","Helotiaceae","GBIF",1.25
"F_SEBCN_EPIG","Sebacina epigaea","species","accepted","Fungi","Sebacinaceae","GBIF",1.25
"F_SLNPH_CLMT","Selenophoma clematidis","species","accepted","Fungi","Saccotheciaceae","GBIF",1.25
"F_SLNPH_DRAB","Selenophoma drabae","species","accepted","Fungi","Saccotheciaceae","GBIF",1.25
"F_SLNPH_POTR","Selenophoma poterii","species","accepted","Fungi","Saccotheciaceae","GBIF",1.25
"F_SLNPH_SPRF","Selenophoma superflua","species","accepted","Fungi","Saccotheciaceae","GBIF",1.25
"F_SPDNM_ALBL","Sepedonium alboluteolum","species","accepted","Fungi","Hypocreaceae","MycoBank",1.25
"F_SPDNM_OSTP","Sepedonium osteophilum","species","accepted","Fungi","Hypocreaceae","MycoBank",1.25
"F_SPTFS_BRLN","Septofusidium berolinense","species","accepted","Fungi","Tilachlidiaceae","MycoBank",1.25
"F_SPTFS_HRBR","Septofusidium herbarum","species","accepted","Fungi","Tilachlidiaceae","MycoBank",1.25
"F_SPTGL_BRTH","Septogloeum bartholomaei","species","accepted","Fungi","","MycoBank",1.25
"F_SPTGL_CLYP","Septogloeum clypeaster","species","accepted","Fungi","","MycoBank",1.25
"F_SPTGL_OXYS","Septogloeum oxysporum","species","accepted","Fungi","","MycoBank",1.25
"F_SPTGL_PTRD","Septogloeum pteridis","species","accepted","Fungi","","MycoBank",1.25
"F_SPTGL_SPRT","Septogloeum spartinae","species","accepted","Fungi","","MycoBank",1.25
"F_SPTDM_ULNM","Septoidium uleanum","species","accepted","Fungi","Parodiopsidaceae","GBIF",1.25
"F_SPTNM_ACCL","Septonema acicola","species","accepted","Fungi","Mytilinidiaceae","MycoBank",1.25
"F_SPTNM_FSCC","Septonema fasciculare","species","accepted","Fungi","Mytilinidiaceae","MycoBank",1.25
"F_SEPTR_CNNB","Septoria cannabis","species","accepted","Fungi","Mycosphaerellaceae","GBIF",1.25
"F_SPTSP_MYRM","Septosporium myrmecophilum","species","accepted","Fungi","","MycoBank",1.25
"F_SRNMY_MART","Serenomyces mauritiae","species","accepted","Fungi","Phaeochoraceae","MycoBank",1.25
"F_SSQCL_BUXI","Sesquicillium buxi","species","accepted","Fungi","Bionectriaceae","MycoBank",1.25
"F_SSQCL_CNDL","Sesquicillium candelabrum","species","accepted","Fungi","Bionectriaceae","MycoBank",1.25
"F_SSQCL_LSCD","Sesquicillium lasiacidis","species","accepted","Fungi","Bionectriaceae","MycoBank",1.25
"F_SSQCL_SSQC","Sesquicillium sesquicillii","species","accepted","Fungi","Bionectriaceae","MycoBank",1.25
"F_SSQCL_TRNT","Sesquicillium tornatum","species","accepted","Fungi","Bionectriaceae","MycoBank",1.25
"F_STFSR_STSM","Setofusarium setosum","species","accepted","Fungi","Nectriaceae","MycoBank",1.25
"F_STPHM_SCCH","Setophoma sacchari","species","accepted","Fungi","Phaeosphaeriaceae","MycoBank",1.25
"F_STPHM_TRRS","Setophoma terrestris","species","accepted","Fungi","Phaeosphaeriaceae","MycoBank",1.25
"F_SHIVS_SOLD","Shivasia solida","species","accepted","Fungi","Ustilaginaceae","GBIF",1.25
"F_SMLPH_CRYS","Similiphoma crystallifera","species","accepted","Fungi","Didymellaceae","MycoBank",1.25
"F_SMPLC_LMLL","Simplicillium lamellicola","species","accepted","Fungi","Cordycipitaceae","MycoBank",1.25
"F_SMPLC_LNSN","Simplicillium lanosoniveum","species","accepted","Fungi","Cordycipitaceae","MycoBank",1.25
"F_SRSTC_LNGS","Sirastachys longispora","species","accepted","Fungi","Stachybotryaceae","MycoBank",1.25
"F_SRCCC_CNGN","Sirococcus conigenus","species","accepted","Fungi","Gnomoniaceae","MycoBank",1.25
"F_SRCCC_GBBR","Sirococcus gibberoideus","species","accepted","Fungi","Gnomoniaceae","GBIF",1.25
"F_SLOFF_CRSL","Slooffia cresolica","species","accepted","Fungi","","MycoBank",1.25
"F_SLOFF_PILT","Slooffia pilati","species","accepted","Fungi","","MycoBank",1.25
"F_SLOFF_TSUG","Slooffia tsugae","species","accepted","Fungi","","MycoBank",1.25
"F_SDMYC_ALCL","Sodiomyces alcalophilus","species","accepted","Fungi","Plectosphaerellaceae","GBIF",1.25
"F_SLNPZ_DRCS","Solenopezia dorcas","species","accepted","Fungi","Solenopeziaceae","GBIF",1.25
"F_SLCCC_AERI","Solicoccozyma aeria","species","accepted","Fungi","Piskurozymaceae","MycoBank",1.25
"F_SLCCC_FSCS","Solicoccozyma fuscescens","species","accepted","Fungi","Piskurozymaceae","MycoBank",1.25
"F_SLCCC_KLNG","Solicoccozyma keelungensis","species","accepted","Fungi","Piskurozymaceae","MycoBank",1.25
"F_SLCCC_PHNL","Solicoccozyma phenolica","species","accepted","Fungi","Piskurozymaceae","MycoBank",1.25
"F_SLCCC_TERR","Solicoccozyma terrea","species","accepted","Fungi","Piskurozymaceae","MycoBank",1.25
"F_SLCCC_TRRC","Solicoccozyma terricola","species","accepted","Fungi","Piskurozymaceae","MycoBank",1.25
"F_SORDR_PLYS","Sordaria polyspora","species","accepted","Fungi","Sordariaceae","MycoBank",1.25
"F_SRCYB_RESN","Sorocybe resinae","species","accepted","Fungi","Herpotrichiellaceae","MycoBank",1.25
"F_SRSPRM_PPPN","Sorosporium pappianum","species","accepted","Fungi","Glomosporiaceae","GBIF",1.25
"F_SOUCT_LNZH","Soucietia linzhiensis","species","accepted","Fungi","Metschnikowiaceae","MycoBank",1.25
"F_SOUCT_SQNN","Soucietia sequanensis","species","accepted","Fungi","Metschnikowiaceae","MycoBank",1.25
"F_SPDCD_BINA","Spadicoides bina","species","accepted","Fungi","Xenospadicoidaceae","MycoBank",1.25
"F_SPTHS_JFFR","Spathaspora jeffriesii","species","accepted","Fungi","Debaryomycetaceae","MycoBank",1.25
"F_SPTHS_MATR","Spathaspora materiae","species","accepted","Fungi","Debaryomycetaceae","MycoBank",1.25
"F_SPNCR_CLLL","Spencermartinsiella cellulosicola","species","accepted","Fungi","Trichomonascaceae","MycoBank",1.25
"F_SZYMA_CROC","Spencerozyma crocea","species","accepted","Fungi","","MycoBank",1.25
"F_SPHCL_ANDR","Sphacelotheca andropogonis","species","accepted","Fungi","Microbotryaceae","MycoBank",1.25
"F_SPHCL_ANTH","Sphacelotheca anthistiriae","species","accepted","Fungi","Microbotryaceae","GBIF",1.25
"F_SPHCL_ARND","Sphacelotheca arundinellae","species","synonym","Fungi","Microbotryaceae","MycoBank",1.25
"F_SPHCL_ARNH","Sphacelotheca arundinellae-hirtae","species","accepted","Fungi","Microbotryaceae","GBIF",1.25
"F_SPHCL_BTHI","Sphacelotheca bothriochloae-intermediae","species","accepted","Fungi","Microbotryaceae","GBIF",1.25
"F_SPHCL_CNST","Sphacelotheca constantineanui","species","accepted","Fungi","Microbotryaceae","MycoBank",1.25
"F_SPHCL_DNTH","Sphacelotheca danthoniae","species","accepted","Fungi","Microbotryaceae","GBIF",1.25
"F_SPHCL_ELNC","Sphacelotheca elionuri-candidi","species","accepted","Fungi","Microbotryaceae","GBIF",1.25
"F_SPHCL_ERNT","Sphacelotheca erianthi","species","accepted","Fungi","Microbotryaceae","MycoBank",1.25
"F_SPHCL_ERYT","Sphacelotheca erythraeensis","species","accepted","Fungi","Microbotryaceae","GBIF",1.25
"F_SPHCL_FGPY","Sphacelotheca fagopyri","species","accepted","Fungi","Microbotryaceae","MycoBank",1.25
"F_SPHCL_HYDR","Sphacelotheca hydropiperis","species","accepted","Fungi","Microbotryaceae","MycoBank",1.25
"F_SPHCL_HYPR","Sphacelotheca hyparrheniae","species","accepted","Fungi","Microbotryaceae","GBIF",1.25
"F_SPHCL_ISCH","Sphacelotheca ischaemi","species","accepted","Fungi","Microbotryaceae","GBIF",1.25
"F_SPHCL_KRDR","Sphacelotheca koordersiana","species","accepted","Fungi","Microbotryaceae","GBIF",1.25
"F_SPHCL_PNJB","Sphacelotheca panjabensis","species","accepted","Fungi","Microbotryaceae","GBIF",1.25
"F_SPHCL_PRVN","Sphacelotheca peruviana","species","accepted","Fungi","Microbotryaceae","MycoBank",1.25
"F_SPHCL_PLYS","Sphacelotheca polygoni-senticosi","species","accepted","Fungi","Microbotryaceae","GBIF",1.25
"F_SPHCL_ILTI","Sphacelotheca polygoni-serrulati","species","accepted","Fungi","Microbotryaceae","GBIF",1.25
"F_SPHCL_RTTB","Sphacelotheca rottboelliae","species","accepted","Fungi","Microbotryaceae","GBIF",1.25
"F_SPHCL_SCHN","Sphacelotheca schoenanthi","species","accepted","Fungi","Microbotryaceae","GBIF",1.25
"F_SPHCL_UTHN","Sphacelotheca utahensis","species","accepted","Fungi","Microbotryaceae","MycoBank",1.25
"F_SPHCL_VLNT","Sphacelotheca valentula","species","accepted","Fungi","Microbotryaceae","MycoBank",1.25
"F_SPHRLL_FILM","Sphaerellopsis filum","species","accepted","Fungi","Leptosphaeriaceae","MycoBank",1.25
"F_SPHAR_AGRC","Sphaeria agaricola","species","accepted","Fungi","Xylariaceae","MycoBank",1.25
"F_SPHAR_ARCT","Sphaeria arctispora","species","accepted","Fungi","Xylariaceae","MycoBank",1.25
"F_SPHAR_ARNT","Sphaeria aurantia","species","synonym","Fungi","Xylariaceae","MycoBank",1.25
"F_SPHAR_AURE","Sphaeria aurea","species","accepted","Fungi","Xylariaceae","MycoBank",1.25
"F_SPHAR_ARCM","Sphaeria auricoma","species","accepted","Fungi","Xylariaceae","MycoBank",1.25
"F_SPHAR_AURR","Sphaeria aurora","species","accepted","Fungi","Xylariaceae","MycoBank",1.25
"F_SPHAR_BLTC","Sphaeria boleticola","species","accepted","Fungi","Xylariaceae","MycoBank",1.25
"F_SPHAR_CRCM","Sphaeria circumvallata","species","accepted","Fungi","Xylariaceae","MycoBank",1.25
"F_SPHAR_CORN","Sphaeria corona","species","accepted","Fungi","Xylariaceae","MycoBank",1.25
"F_SPHAR_DFRM","Sphaeria deformans","species","accepted","Fungi","Xylariaceae","MycoBank",1.25
"F_SPHAR_DLCT","Sphaeria delicatula","species","accepted","Fungi","Xylariaceae","MycoBank",1.25
"F_SPHAR_DUFR","Sphaeria dufourei","species","accepted","Fungi","Xylariaceae","MycoBank",1.25
"F_SPHAR_ERIC","Sphaeria ericae","species","accepted","Fungi","Xylariaceae","MycoBank",1.25
"F_SPHAR_EPHR","Sphaeria euphorbiicola","species","accepted","Fungi","Xylariaceae","MycoBank",1.25
"F_SPHAR_FBRS","Sphaeria fibriseda","species","accepted","Fungi","Xylariaceae","MycoBank",1.25
"F_SPHAR_FULV","Sphaeria fulva","species","accepted","Fungi","Xylariaceae","MycoBank",1.25
"F_SPHAR_GRMM","Sphaeria gramma","species","accepted","Fungi","Xylariaceae","MycoBank",1.25
"F_SPHAR_GRNT","Sphaeria granatum","species","accepted","Fungi","Xylariaceae","MycoBank",1.25
"F_SPHAR_JCND","Sphaeria jucunda","species","accepted","Fungi","Xylariaceae","MycoBank",1.25
"F_SPHAR_LEVX","Sphaeria levieuxii","species","accepted","Fungi","Xylariaceae","MycoBank",1.25
"F_SPHAR_LTVR","Sphaeria luteovirens","species","accepted","Fungi","Xylariaceae","MycoBank",1.25
"F_SPHAR_LYCP","Sphaeria lycopodii","species","accepted","Fungi","Xylariaceae","MycoBank",1.25
"F_SPHAR_MBLS","Sphaeria mobilis","species","accepted","Fungi","Xylariaceae","MycoBank",1.25
"F_SPHAR_PNNS","Sphaeria pannosa","species","accepted","Fungi","Xylariaceae","MycoBank",1.25
"F_SPHAR_PRCR","Sphaeria pericarpii","species","accepted","Fungi","Xylariaceae","MycoBank",1.25
"F_SPHAR_PHYL","Sphaeria phyllogeneta","species","accepted","Fungi","Xylariaceae","MycoBank",1.25
"F_SPHAR_PLTS","Sphaeria platasca","species","accepted","Fungi","Xylariaceae","MycoBank",1.25
"F_SPHAR_PYRN","Sphaeria pyrina","species","accepted","Fungi","Xylariaceae","MycoBank",1.25
"F_SPHAR_RHDM","Sphaeria rhodomelaena","species","accepted","Fungi","Xylariaceae","MycoBank",1.25
"F_SPHAR_RIBS","Sphaeria ribis","species","accepted","Fungi","Xylariaceae","MycoBank",1.25
"F_SPHAR_SRCL","Sphaeria surculi","species","accepted","Fungi","Xylariaceae","MycoBank",1.25
"F_SPHAR_TGTC","Sphaeria tageticola","species","accepted","Fungi","Xylariaceae","MycoBank",1.25
"F_SPHAR_TRCH","Sphaeria trichoderma","species","accepted","Fungi","Xylariaceae","MycoBank",1.25
"F_SPHAR_TBRC","Sphaeria tubericola","species","accepted","Fungi","Xylariaceae","MycoBank",1.25
"F_SPHAR_VRBS","Sphaeria verbascicola","species","accepted","Fungi","Xylariaceae","MycoBank",1.25
"F_SPHRC_MYRD","Sphaerocista myriadea","species","accepted","Fungi","Helotiaceae","MycoBank",1.25
"F_SPHRC_OCLT","Sphaerocista oculata","species","accepted","Fungi","Helotiaceae","MycoBank",1.25
"F_SPHRC_ROBN","Sphaerocista robiniae","species","accepted","Fungi","Helotiaceae","MycoBank",1.25
"F_SPHRN_CYLN","Sphaeronaema cylindricum","species","accepted","Fungi","Hysteriaceae","MycoBank",1.25
"F_SPHRN_EPCC","Sphaeronaema epicecidium","species","accepted","Fungi","Hysteriaceae","MycoBank",1.25
"F_SPHRN_FLRS","Sphaeronaema filarszkyana","species","accepted","Fungi","Hysteriaceae","MycoBank",1.25
"F_SPHRN_MRRB","Sphaeronaema marrubii","species","accepted","Fungi","Hysteriaceae","MycoBank",1.25
"F_SPHRN_PTHY","Sphaeronaema pithyum","species","accepted","Fungi","Hysteriaceae","MycoBank",1.25
"F_SPHRN_TRCL","Sphaeronaema tricolor","species","accepted","Fungi","Hysteriaceae","MycoBank",1.25
"F_SPHRNM_BETA","Sphaeronaemella betae","species","accepted","Fungi","Ceratostomataceae","MycoBank",1.25
"F_SCTRA_LCHN","Sphaeronectria lichenophila","species","accepted","Fungi","Paranectriaceae","MycoBank",1.25
"F_SRPSS_AGPN","Sphaeropsis agapanthi","species","accepted","Fungi","Botryosphaeriaceae","MycoBank",1.25
"F_SRPSS_AMPL","Sphaeropsis ampelopsidis","species","accepted","Fungi","Botryosphaeriaceae","MycoBank",1.25
"F_SRPSS_ARNT","Sphaeropsis aurantiorum","species","accepted","Fungi","Botryosphaeriaceae","MycoBank",1.25
"F_SRPSS_BCLM","Sphaeropsis baculum","species","accepted","Fungi","Botryosphaeriaceae","MycoBank",1.25
"F_SRPSS_BRNN","Sphaeropsis brunneola","species","accepted","Fungi","Botryosphaeriaceae","MycoBank",1.25
"F_SRPSS_CLTR","Sphaeropsis calotropidis","species","accepted","Fungi","Botryosphaeriaceae","MycoBank",1.25
"F_SRPSS_CLVL","Sphaeropsis clavuligera","species","accepted","Fungi","Botryosphaeriaceae","MycoBank",1.25
"F_SRPSS_CRPA","Sphaeropsis clitoricarpa","species","accepted","Fungi","Botryosphaeriaceae","MycoBank",1.25
"F_SRPSS_DTRY","Sphaeropsis diatrypea","species","accepted","Fungi","Botryosphaeriaceae","MycoBank",1.25
"F_SRPSS_ELNG","Sphaeropsis elongata","species","accepted","Fungi","Botryosphaeriaceae","MycoBank",1.25
"F_SRPSS_ERMP","Sphaeropsis erumpens","species","accepted","Fungi","Botryosphaeriaceae","MycoBank",1.25
"F_SRPSS_FODT","Sphaeropsis foedata","species","accepted","Fungi","Botryosphaeriaceae","MycoBank",1.25
"F_SRPSS_FLLC","Sphaeropsis folliculorum","species","accepted","Fungi","Botryosphaeriaceae","MycoBank",1.25
"F_SRPSS_GLDL","Sphaeropsis gladioli","species","accepted","Fungi","Botryosphaeriaceae","MycoBank",1.25
"F_SRPSS_HFFL","Sphaeropsis heuffelii","species","accepted","Fungi","Botryosphaeriaceae","MycoBank",1.25
"F_SRPSS_HYLN","Sphaeropsis hyalina","species","accepted","Fungi","Botryosphaeriaceae","MycoBank",1.25
"F_SRPSS_JNPH","Sphaeropsis janiphae","species","accepted","Fungi","Botryosphaeriaceae","MycoBank",1.25
"F_SRPSS_KECK","Sphaeropsis keckii","species","accepted","Fungi","Botryosphaeriaceae","MycoBank",1.25
"F_SRPSS_LBRN","Sphaeropsis laburni","species","accepted","Fungi","Botryosphaeriaceae","MycoBank",1.25
"F_SRPSS_LUCD","Sphaeropsis lucida","species","accepted","Fungi","Botryosphaeriaceae","MycoBank",1.25
"F_SRPSS_MCLT","Sphaeropsis maculata","species","accepted","Fungi","Botryosphaeriaceae","MycoBank",1.25
"F_SRPSS_MMLL","Sphaeropsis mamillaris","species","accepted","Fungi","Botryosphaeriaceae","MycoBank",1.25
"F_SRPSS_MCRM","Sphaeropsis micromegala","species","accepted","Fungi","Botryosphaeriaceae","MycoBank",1.25
"F_SRPSS_NRVS","Sphaeropsis nervisequa","species","accepted","Fungi","Botryosphaeriaceae","MycoBank",1.25
"F_SRPSS_NTRR","Sphaeropsis nitrariae","species","accepted","Fungi","Botryosphaeriaceae","MycoBank",1.25
"F_SRPSS_OCLL","Sphaeropsis ocellata","species","accepted","Fungi","Botryosphaeriaceae","MycoBank",1.25
"F_SRPSS_PARC","Sphaeropsis parca","species","accepted","Fungi","Botryosphaeriaceae","GBIF",1.25
"F_SRPSS_PCKN","Sphaeropsis peckiana","species","accepted","Fungi","Botryosphaeriaceae","MycoBank",1.25
"F_SRPSS_PRFR","Sphaeropsis perforans","species","accepted","Fungi","Botryosphaeriaceae","MycoBank",1.25
"F_SRPSS_PRSC","Sphaeropsis persicina","species","accepted","Fungi","Botryosphaeriaceae","MycoBank",1.25
"F_SRPSS_PLCH","Sphaeropsis pulchella","species","accepted","Fungi","Botryosphaeriaceae","MycoBank",1.25
"F_SRPSS_PUML","Sphaeropsis pumila","species","accepted","Fungi","Botryosphaeriaceae","MycoBank",1.25
"F_SRPSS_RLFS","Sphaeropsis ralfsii","species","accepted","Fungi","Botryosphaeriaceae","GBIF",1.25
"F_SRPSS_RICN","Sphaeropsis ricini","species","accepted","Fungi","Botryosphaeriaceae","MycoBank",1.25
"F_SRPSS_SCCH","Sphaeropsis sacchari","species","accepted","Fungi","Botryosphaeriaceae","MycoBank",1.25
"F_SRPSS_SCHD","Sphaeropsis scheidweileri","species","accepted","Fungi","Botryosphaeriaceae","MycoBank",1.25
"F_SRPSS_TERT","Sphaeropsis tertia","species","accepted","Fungi","Botryosphaeriaceae","MycoBank",1.25
"F_SRPSS_THRM","Sphaeropsis thermopsidis","species","accepted","Fungi","Botryosphaeriaceae","MycoBank",1.25
"F_SRPSS_UVRM","Sphaeropsis uvarum","species","accepted","Fungi","Botryosphaeriaceae","MycoBank",1.25
"F_SRPSS_VINC","Sphaeropsis vincae","species","accepted","Fungi","Botryosphaeriaceae","MycoBank",1.25
"F_SPHRS_ACAC","Sphaerostilbe acaciae","species","accepted","Fungi","Nectriaceae","MycoBank",1.25
"F_SPHRS_FUSC","Sphaerostilbe fusca","species","accepted","Fungi","Nectriaceae","MycoBank",1.25
"F_SBLLA_BRKL","Sphaerostilbella berkeleyana","species","accepted","Fungi","Hypocreaceae","MycoBank",1.25
"F_SBLLA_BRMN","Sphaerostilbella broomeana","species","accepted","Fungi","Hypocreaceae","MycoBank",1.25
"F_SPICR_CNDN","Spicaria canadensis","species","accepted","Fungi","","MycoBank",1.25
"F_SPICR_CSSS","Spicaria cossus","species","accepted","Fungi","","MycoBank",1.25
"F_SPICR_FMTR","Spicaria fimetaria","species","accepted","Fungi","","MycoBank",1.25
"F_SPICR_LNGP","Spicaria longipes","species","accepted","Fungi","","MycoBank",1.25
"F_SPICR_VRTC","Spicaria verticillata","species","accepted","Fungi","","MycoBank",1.25
"F_SPNLL_CHLY","Spinellus chalybeus","species","accepted","Fungi","Phycomycetaceae","GBIF",1.25
"F_SPNLL_FSGR","Spinellus fusiger","species","accepted","Fungi","Phycomycetaceae","MycoBank",1.25
"F_SPNLL_SPHR","Spinellus sphaerosporus","species","accepted","Fungi","Phycomycetaceae","GBIF",1.25
"F_STGDS_GYPS","Spiromastigoides gypsea","species","accepted","Fungi","Spiromastigoidaceae","MycoBank",1.25
"AN_SPRMT_ASIN","Spirometra asiana","species","accepted","Animalia","Diphyllobothriidae","GBIF",1.25
"F_SPRPS_SCPF","Spiropes scopiformis","species","accepted","Fungi","","MycoBank",1.25
"F_SPRND_PRPR","Sporendonema purpurascens","species","accepted","Fungi","Onygenaceae","MycoBank",1.25
"F_SPRDSM_NVZL","Sporidesmiella novae-zelandiae","species","accepted","Fungi","Melanommataceae","GBIF",1.25
"F_SDSMM_EPPH","Sporidesmium epiphyllum","species","accepted","Fungi","Sporidesmiaceae","MycoBank",1.25
"F_SDSMM_MLNG","Sporidesmium melongenae","species","accepted","Fungi","Sporidesmiaceae","MycoBank",1.25
"F_SPRDB_SLMN","Sporidiobolus salmonicolor","species","accepted","Fungi","Sporidiobolaceae","GBIF",1.25
"F_SPRSR_ANDR","Sporisorium andropogonis","species","accepted","Fungi","Ustilaginaceae","GBIF",1.25
"F_SPRSR_ANDA","Sporisorium andropogonis-annulati","species","accepted","Fungi","Ustilaginaceae","GBIF",1.25
"F_SPRSR_ANDH","Sporisorium andropogonis-hirtifolii","species","accepted","Fungi","Ustilaginaceae","GBIF",1.25
"F_SPRSR_ANDT","Sporisorium andropogonis-tectorum","species","accepted","Fungi","Ustilaginaceae","GBIF",1.25
"F_SPRSR_ANTHP","Sporisorium anthephorae","species","accepted","Fungi","Ustilaginaceae","GBIF",1.25
"F_SPRSR_APLD","Sporisorium apludae","species","accepted","Fungi","Ustilaginaceae","GBIF",1.25
"F_SPRSR_ARTH","Sporisorium arthraxonis","species","accepted","Fungi","Ustilaginaceae","GBIF",1.25
"F_SPRSR_ARND","Sporisorium arundinellae","species","accepted","Fungi","Ustilaginaceae","GBIF",1.25
"F_SPRSR_BRBR","Sporisorium barberi","species","accepted","Fungi","Ustilaginaceae","GBIF",1.25
"F_SPRSR_BNGL","Sporisorium bengalense","species","accepted","Fungi","Ustilaginaceae","GBIF",1.25
"F_SPRSR_BCRN","Sporisorium bicorne","species","accepted","Fungi","Ustilaginaceae","GBIF",1.25
"F_SPRSR_CNCL","Sporisorium concelatum","species","accepted","Fungi","Ustilaginaceae","GBIF",1.25
"F_SPRSR_CRDB","Sporisorium cordobense","species","accepted","Fungi","Ustilaginaceae","GBIF",1.25
"F_SPRSR_CRNT","Sporisorium cornutum","species","accepted","Fungi","Ustilaginaceae","GBIF",1.25
"F_SPRSR_RNTM","Sporisorium cruentum","species","accepted","Fungi","Ustilaginaceae","MycoBank",1.25
"F_SPRSR_CLMP","Sporisorium culmiperdum","species","accepted","Fungi","Ustilaginaceae","GBIF",1.25
"F_SPRSR_DSTR","Sporisorium destruens","species","accepted","Fungi","Ustilaginaceae","GBIF",1.25
"F_SPRSR_DTLN","Sporisorium dietelianum","species","accepted","Fungi","Ustilaginaceae","MycoBank",1.25
"F_SPRSR_DNTR","Sporisorium dinteri","species","accepted","Fungi","Ustilaginaceae","GBIF",1.25
"F_SPRSR_DPLS","Sporisorium diplosporum","species","accepted","Fungi","Ustilaginaceae","GBIF",1.25
"F_SPRSR_EGYP","Sporisorium egyptiacum","species","accepted","Fungi","Ustilaginaceae","MycoBank",1.25
"F_SPRSR_GYZN","Sporisorium goyazanum","species","accepted","Fungi","Ustilaginaceae","GBIF",1.25
"F_SPRSR_HNNN","Sporisorium henningsii","species","accepted","Fungi","Ustilaginaceae","MycoBank",1.25
"F_SPRSR_IGNT","Sporisorium ignotum","species","accepted","Fungi","Ustilaginaceae","GBIF",1.25
"F_SPRSR_INYT","Sporisorium inayatii","species","accepted","Fungi","Ustilaginaceae","MycoBank",1.25
"F_SPRSR_INDC","Sporisorium indicum","species","accepted","Fungi","Ustilaginaceae","GBIF",1.25
"F_SPRSR_ISCH","Sporisorium isachnes","species","accepted","Fungi","Ustilaginaceae","GBIF",1.25
"F_SPRSR_ISCA","Sporisorium ischaemi-anthephoroidis","species","accepted","Fungi","Ustilaginaceae","GBIF",1.25
"F_SPRSR_ISLM","Sporisorium iseilematis","species","accepted","Fungi","Ustilaginaceae","GBIF",1.25
"F_SPRSR_KUSN","Sporisorium kusanoi","species","accepted","Fungi","Ustilaginaceae","GBIF",1.25
"F_SPRSR_KWCH","Sporisorium kweichowense","species","accepted","Fungi","Ustilaginaceae","GBIF",1.25
"F_SPRSR_LCRJ","Sporisorium lacrymae-jobi","species","accepted","Fungi","Ustilaginaceae","GBIF",1.25
"F_SPRSR_LNGR","Sporisorium lanigeri","species","accepted","Fungi","Ustilaginaceae","MycoBank",1.25
"F_SPRSR_LLNG","Sporisorium leelingianum","species","accepted","Fungi","Ustilaginaceae","GBIF",1.25
"F_SPRSR_LPTR","Sporisorium lepturi","species","accepted","Fungi","Ustilaginaceae","GBIF",1.25
"F_SPRSR_MGNS","Sporisorium magnusianum","species","accepted","Fungi","Ustilaginaceae","MycoBank",1.25
"F_SPRSR_MNLN","Sporisorium manilense","species","accepted","Fungi","Ustilaginaceae","MycoBank",1.25
"F_SPRSR_MCRS","Sporisorium microsporum","species","accepted","Fungi","Ustilaginaceae","GBIF",1.25
"F_SPRSR_STGI","Sporisorium microstegii","species","accepted","Fungi","Ustilaginaceae","MycoBank",1.25
"F_SPRSR_MCRT","Sporisorium microthelis","species","accepted","Fungi","Ustilaginaceae","GBIF",1.25
"F_SPRSR_MLDB","Sporisorium mildbraedii","species","accepted","Fungi","Ustilaginaceae","MycoBank",1.25
"F_SPRSR_MTCH","Sporisorium mitchellii","species","accepted","Fungi","Ustilaginaceae","MycoBank",1.25
"F_SPRSR_MDST","Sporisorium modestum","species","accepted","Fungi","Ustilaginaceae","MycoBank",1.25
"F_SPRSR_MNLF","Sporisorium moniliferum","species","accepted","Fungi","Ustilaginaceae","MycoBank",1.25
"F_SPRSR_MNTN","Sporisorium montaniense","species","accepted","Fungi","Ustilaginaceae","MycoBank",1.25
"F_SPRSR_NEAL","Sporisorium nealii","species","accepted","Fungi","Ustilaginaceae","MycoBank",1.25
"F_SPRSR_NYSS","Sporisorium nyassae","species","accepted","Fungi","Ustilaginaceae","GBIF",1.25
"F_SPRSR_OCCD","Sporisorium occidentale","species","accepted","Fungi","Ustilaginaceae","GBIF",1.25
"F_SPRSR_OPHR","Sporisorium ophiuri","species","accepted","Fungi","Ustilaginaceae","MycoBank",1.25
"F_SPRSR_OVRM","Sporisorium overeemii","species","accepted","Fungi","Ustilaginaceae","GBIF",1.25
"F_SPRSR_PSPL","Sporisorium paspali","species","accepted","Fungi","Ustilaginaceae","MycoBank",1.25
"F_SPRSR_LCLA","Sporisorium paspalicola","species","accepted","Fungi","Ustilaginaceae","GBIF",1.25
"F_SPRSR_PNNJ","Sporisorium penniseti-japonici","species","accepted","Fungi","Ustilaginaceae","GBIF",1.25
"F_SPRSR_PLYT","Sporisorium polytocae","species","accepted","Fungi","Ustilaginaceae","GBIF",1.25
"F_SPRSR_PLYB","Sporisorium polytocae-barbatae","species","accepted","Fungi","Ustilaginaceae","GBIF",1.25
"F_SPRSR_PRSM","Sporisorium porosum","species","accepted","Fungi","Ustilaginaceae","MycoBank",1.25
"F_SPRSR_PLLR","Sporisorium puellare","species","accepted","Fungi","Ustilaginaceae","MycoBank",1.25
"F_SPRSR_PLVR","Sporisorium pulverulentum","species","accepted","Fungi","Ustilaginaceae","GBIF",1.25
"F_SPRSR_RLNM","Sporisorium reilianum","species","accepted","Fungi","Ustilaginaceae","MycoBank",1.25
"F_SPRSR_SCCH","Sporisorium sacchari","species","accepted","Fungi","Ustilaginaceae","GBIF",1.25
"F_SPRSR_SCHW","Sporisorium schweinfurthianum","species","accepted","Fungi","Ustilaginaceae","GBIF",1.25
"F_SPRSR_SCTM","Sporisorium scitamineum","species","accepted","Fungi","Ustilaginaceae","MycoBank",1.25
"F_SPRSR_SETR","Sporisorium setariae","species","synonym","Fungi","Ustilaginaceae","MycoBank",1.25
"F_SPRSR_STRM","Sporisorium setariae-mombassanae","species","accepted","Fungi","Ustilaginaceae","GBIF",1.25
"F_SPRSR_SRGH","Sporisorium sorghi","species","accepted","Fungi","Ustilaginaceae","MycoBank",1.25
"F_SPRSR_SPGZ","Sporisorium spegazzinii","species","accepted","Fungi","Ustilaginaceae","GBIF",1.25
"F_SPRSR_STHL","Sporisorium stuhlmannii","species","accepted","Fungi","Ustilaginaceae","MycoBank",1.25
"F_SPRSR_SPRF","Sporisorium superfluum","species","accepted","Fungi","Ustilaginaceae","GBIF",1.25
"F_SPRSR_TANM","Sporisorium taianum","species","accepted","Fungi","Ustilaginaceae","GBIF",1.25
"F_SPRSR_TNGL","Sporisorium tanglinense","species","accepted","Fungi","Ustilaginaceae","GBIF",1.25
"F_SPRSR_TENU","Sporisorium tenue","species","accepted","Fungi","Ustilaginaceae","GBIF",1.25
"F_SPRSR_TRCH","Sporisorium tricholaenae","species","accepted","Fungi","Ustilaginaceae","GBIF",1.25
"F_SPRSR_VNDR","Sporisorium vanderystii","species","accepted","Fungi","Ustilaginaceae","MycoBank",1.25
"F_SPRSR_VSCL","Sporisorium vesiculosum","species","accepted","Fungi","Ustilaginaceae","MycoBank",1.25
"F_SPRSR_WYND","Sporisorium wynaadense","species","accepted","Fungi","Ustilaginaceae","MycoBank",1.25
"F_SPRSR_ZNDL","Sporisorium zundelianum","species","accepted","Fungi","Ustilaginaceae","GBIF",1.25
"F_SPRBL_DMMN","Sporobolomyces dimmenae","species","synonym","Fungi","Sporidiobolaceae","GBIF",1.25
"F_SPRCY_CHLR","Sporocybe chlorocephala","species","accepted","Fungi","","MycoBank",1.25
"F_SPRDN_PCHT","Sporodinia pouchetii","species","accepted","Fungi","Mucoraceae","MycoBank",1.25
"F_SPRPH_CHRY","Sporophagomyces chrysostomus","species","accepted","Fungi","Hypocreaceae","MycoBank",1.25
"F_SPRPH_LNCL","Sporophagomyces lanceolatus","species","accepted","Fungi","Hypocreaceae","MycoBank",1.25
"F_SPRPH_MLLR","Sporophagomyces moellerianus","species","accepted","Fungi","Hypocreaceae","MycoBank",1.25
"F_SPRTH_PHLA","Sporothrix aemuluphila","species","synonym","Fungi","Ophiostomataceae","GBIF",1.25
"F_SPRTH_DVDL","Sporothrix davidellisii","species","accepted","Fungi","Ophiostomataceae","MycoBank",1.25
"F_SPRTH_EURP","Sporothrix europaea","species","accepted","Fungi","Ophiostomataceae","MycoBank",1.25
"F_SPRTH_TUBR","Sporothrix tuberi","species","accepted","Fungi","Ophiostomataceae","GBIF",1.25
"F_SPRTH_ZHJN","Sporothrix zhejiangensis","species","accepted","Fungi","Ophiostomataceae","GBIF",1.25
"F_SPRTR_EQUI","Sporotrichum equi","species","synonym","Fungi","Fomitopsidaceae","GBIF",1.25
"F_SPRTR_LRVC","Sporotrichum larvicola","species","synonym","Fungi","Fomitopsidaceae","GBIF",1.25
"F_SPRTR_SCHB","Sporotrichum schenckii-beurmannii","species","synonym","Fungi","Fomitopsidaceae","GBIF",1.25
"F_STCHY_CNCS","Stachybotrys conicosiae","species","accepted","Fungi","Stachybotryaceae","MycoBank",1.25
"F_STCHY_ELLP","Stachybotrys ellipsoideus","species","accepted","Fungi","Stachybotryaceae","MycoBank",1.25
"F_SYLDM_BCLR","Stachylidium bicolor","species","accepted","Fungi","Trichosphaeriaceae","MycoBank",1.25
"F_SYLDM_FLVM","Stachylidium fulvum","species","accepted","Fungi","Trichosphaeriaceae","MycoBank",1.25
"F_SYLDM_ROSM","Stachylidium roseum","species","accepted","Fungi","Trichosphaeriaceae","MycoBank",1.25
"F_STGNSP_ATRP","Stagonospora atriplicis","species","accepted","Fungi","Phaeosphaeriaceae","GBIF",1.25
"F_STGNSP_FCKL","Stagonospora fuckelii","species","accepted","Fungi","Phaeosphaeriaceae","GBIF",1.25
"F_STGNSP_HNNB","Stagonospora hennebergii","species","accepted","Fungi","Phaeosphaeriaceae","GBIF",1.25
"F_STGNSP_TYPH","Stagonospora typhoidearum","species","accepted","Fungi","Phaeosphaeriaceae","GBIF",1.25
"F_STGNS_ACTA","Stagonosporopsis actaeae","species","accepted","Fungi","Didymellaceae","MycoBank",1.25
"F_STGNS_AJCS","Stagonosporopsis ajacis","species","accepted","Fungi","Didymellaceae","MycoBank",1.25
"F_STGNS_ANDG","Stagonosporopsis andigena","species","accepted","Fungi","Didymellaceae","MycoBank",1.25
"F_STGNS_ARTM","Stagonosporopsis artemisiicola","species","accepted","Fungi","Didymellaceae","MycoBank",1.25
"F_STGNS_ASTR","Stagonosporopsis astragali","species","accepted","Fungi","Didymellaceae","GBIF",1.25
"F_STGNS_CARC","Stagonosporopsis caricae","species","accepted","Fungi","Didymellaceae","MycoBank",1.25
"F_STGNS_CHRY","Stagonosporopsis chrysanthemi","species","accepted","Fungi","Didymellaceae","MycoBank",1.25
"F_STGNS_CRYS","Stagonosporopsis crystalliniformis","species","accepted","Fungi","Didymellaceae","MycoBank",1.25
"F_STGNS_CCRB","Stagonosporopsis cucurbitacearum","species","accepted","Fungi","Didymellaceae","MycoBank",1.25
"F_STGNS_DRNB","Stagonosporopsis dorenboschii","species","accepted","Fungi","Didymellaceae","MycoBank",1.25
"F_STGNS_HLPS","Stagonosporopsis heliopsidis","species","accepted","Fungi","Didymellaceae","MycoBank",1.25
"F_STGNS_HRTN","Stagonosporopsis hortensis","species","accepted","Fungi","Didymellaceae","MycoBank",1.25
"F_STGNS_INXY","Stagonosporopsis inoxydabilis","species","accepted","Fungi","Didymellaceae","GBIF",1.25
"F_STGNS_LGLC","Stagonosporopsis ligulicola","species","accepted","Fungi","Didymellaceae","GBIF",1.25
"F_STGNS_LTCL","Stagonosporopsis loticola","species","accepted","Fungi","Didymellaceae","MycoBank",1.25
"F_STGNS_LUPN","Stagonosporopsis lupini","species","accepted","Fungi","Didymellaceae","MycoBank",1.25
"F_STGNS_NMPH","Stagonosporopsis nemophilae","species","accepted","Fungi","Didymellaceae","MycoBank",1.25
"F_STGNS_OCLH","Stagonosporopsis oculi-hominis","species","accepted","Fungi","Didymellaceae","GBIF",1.25
"F_STGNS_RDBC","Stagonosporopsis rudbeckiae","species","accepted","Fungi","Didymellaceae","MycoBank",1.25
"F_STGNS_TRCH","Stagonosporopsis trachelii","species","accepted","Fungi","Didymellaceae","MycoBank",1.25
"F_STGNS_VLRN","Stagonosporopsis valerianellae","species","accepted","Fungi","Didymellaceae","MycoBank",1.25
"F_STNJM_DCHR","Stanjemonium dichromosporum","species","accepted","Fungi","Bionectriaceae","MycoBank",1.25
"F_STPHY_LNGC","Staphylotrichum longicolle","species","accepted","Fungi","Chaetomiaceae","MycoBank",1.25
"F_STRMR_AMTH","Starmera amethionina","species","accepted","Fungi","Phaffomycetaceae","MycoBank",1.25
"F_STRMR_BRTH","Starmera berthetii","species","accepted","Fungi","Phaffomycetaceae","MycoBank",1.25
"F_STRMR_CARB","Starmera caribaea","species","accepted","Fungi","Phaffomycetaceae","MycoBank",1.25
"F_STRMR_DNDR","Starmera dendrica","species","accepted","Fungi","Phaffomycetaceae","MycoBank",1.25
"F_STRMR_DRYD","Starmera dryadoides","species","accepted","Fungi","Phaffomycetaceae","MycoBank",1.25
"F_STRMR_NNGK","Starmera nongkratonensis","species","accepted","Fungi","Phaffomycetaceae","MycoBank",1.25
"F_STRMR_PCHY","Starmera pachycereana","species","accepted","Fungi","Phaffomycetaceae","GBIF",1.25
"F_STRMR_QRCM","Starmera quercuum","species","accepted","Fungi","Phaffomycetaceae","MycoBank",1.25
"F_STRMR_STLL","Starmera stellimalicola","species","accepted","Fungi","Phaffomycetaceae","MycoBank",1.25
"F_SRLLA_APCL","Starmerella apicola","species","accepted","Fungi","Trichomonascaceae","MycoBank",1.25
"F_SRLLA_APIS","Starmerella apis","species","accepted","Fungi","Trichomonascaceae","MycoBank",1.25
"F_SRLLA_BCLL","Starmerella bacillaris","species","accepted","Fungi","Trichomonascaceae","MycoBank",1.25
"F_SRLLA_BTST","Starmerella batistae","species","accepted","Fungi","Trichomonascaceae","MycoBank",1.25
"F_SRLLA_BOMB","Starmerella bombi","species","accepted","Fungi","Trichomonascaceae","MycoBank",1.25
"F_SRLLA_CELL","Starmerella cellae","species","accepted","Fungi","Trichomonascaceae","MycoBank",1.25
"F_SRLLA_DVNP","Starmerella davenportii","species","accepted","Fungi","Trichomonascaceae","MycoBank",1.25
"F_SRLLA_ETCH","Starmerella etchellsii","species","accepted","Fungi","Trichomonascaceae","MycoBank",1.25
"F_SRLLA_FLRC","Starmerella floricola","species","accepted","Fungi","Trichomonascaceae","MycoBank",1.25
"F_SRLLA_FLRS","Starmerella floris","species","accepted","Fungi","Trichomonascaceae","MycoBank",1.25
"F_SRLLA_GCHR","Starmerella geochares","species","accepted","Fungi","Trichomonascaceae","MycoBank",1.25
"F_SRLLA_GRPN","Starmerella gropengiesseri","species","accepted","Fungi","Trichomonascaceae","MycoBank",1.25
"F_SRLLA_KUOI","Starmerella kuoi","species","accepted","Fungi","Trichomonascaceae","MycoBank",1.25
"F_SRLLA_LCTC","Starmerella lactis-condensi","species","accepted","Fungi","Trichomonascaceae","MycoBank",1.25
"F_SRLLA_MGNL","Starmerella magnoliae","species","accepted","Fungi","Trichomonascaceae","MycoBank",1.25
"F_SRLLA_PTCH","Starmerella potacharoeniae","species","accepted","Fungi","Trichomonascaceae","MycoBank",1.25
"F_SRLLA_RDCN","Starmerella riodocensis","species","accepted","Fungi","Trichomonascaceae","MycoBank",1.25
"F_SRLLA_SRBS","Starmerella sorbosivorans","species","accepted","Fungi","Trichomonascaceae","MycoBank",1.25
"F_SRLLA_STLL","Starmerella stellata","species","accepted","Fungi","Trichomonascaceae","MycoBank",1.25
"F_SRLLA_VCCN","Starmerella vaccinii","species","accepted","Fungi","Trichomonascaceae","MycoBank",1.25
"F_STGCN_HYPR","Stegocintractia hyperborea","species","accepted","Fungi","Anthracoideaceae","GBIF",1.25
"F_STGCN_JUNC","Stegocintractia junci","species","accepted","Fungi","Anthracoideaceae","MycoBank",1.25
"F_STGCN_LIDI","Stegocintractia lidii","species","accepted","Fungi","Anthracoideaceae","MycoBank",1.25
"F_STGCN_LUZL","Stegocintractia luzulae","species","accepted","Fungi","Anthracoideaceae","MycoBank",1.25
"F_STGCN_SPDC","Stegocintractia spadicea","species","accepted","Fungi","Anthracoideaceae","GBIF",1.25
"F_SHYLM_DNDR","Stemphylium dendriticum","species","accepted","Fungi","Pleosporaceae","GBIF",1.25
"F_SHYLM_LNCP","Stemphylium lancipes","species","accepted","Fungi","Pleosporaceae","MycoBank",1.25
"F_SHYLM_NGRC","Stemphylium nigricans","species","accepted","Fungi","Pleosporaceae","MycoBank",1.25
"F_SHYLM_VSCR","Stemphylium vesicarium","species","accepted","Fungi","Pleosporaceae","MycoBank",1.25
"F_STNLL_ARGT","Stenella araguata","species","accepted","Fungi","Teratosphaeriaceae","MycoBank",1.25
"F_STNLL_CNNM","Stenella cinnamomi","species","accepted","Fungi","Teratosphaeriaceae","MycoBank",1.25
"F_STNLL_GYNX","Stenella gynoxidicola","species","accepted","Fungi","Teratosphaeriaceae","MycoBank",1.25
"F_STNLL_OXYC","Stenella oxycocci","species","accepted","Fungi","Teratosphaeriaceae","MycoBank",1.25
"F_STNLL_VNGR","Stenella vangueriae","species","accepted","Fungi","Teratosphaeriaceae","MycoBank",1.25
"F_STPHNN_KETH","Stephanonectria keithii","species","accepted","Fungi","Bionectriaceae","MycoBank",1.25
"F_STRGM_ELTS","Sterigmatobotrys elatus","species","accepted","Fungi","Pleurotheciaceae","GBIF",1.25
"F_STRGM_MCRC","Sterigmatobotrys macrocarpus","species","accepted","Fungi","Pleurotheciaceae","MycoBank",1.25
"F_STRGM_RUDS","Sterigmatobotrys rudis","species","accepted","Fungi","Pleurotheciaceae","MycoBank",1.25
"F_SYSTS_AURE","Sterigmatocystis aurea","species","accepted","Fungi","Trichocomaceae","MycoBank",1.25
"F_SYSTS_BRDN","Sterigmatocystis brodenii","species","accepted","Fungi","Trichocomaceae","MycoBank",1.25
"F_SYSTS_CNNM","Sterigmatocystis cinnamominus","species","accepted","Fungi","Trichocomaceae","MycoBank",1.25
"F_SYSTS_CRLL","Sterigmatocystis corolligena","species","accepted","Fungi","Trichocomaceae","MycoBank",1.25
"F_SYSTS_FULV","Sterigmatocystis fulva","species","accepted","Fungi","Trichocomaceae","MycoBank",1.25
"F_SYSTS_LTNG","Sterigmatocystis luteonigra","species","accepted","Fungi","Trichocomaceae","MycoBank",1.25
"F_SYSTS_PHCP","Sterigmatocystis phaeocephala","species","accepted","Fungi","Trichocomaceae","MycoBank",1.25
"F_SYSTS_REHM","Sterigmatocystis rehmii","species","accepted","Fungi","Trichocomaceae","MycoBank",1.25
"F_SYSTS_STRY","Sterigmatocystis strychni","species","accepted","Fungi","Trichocomaceae","MycoBank",1.25
"F_SYSTS_SBFS","Sterigmatocystis subfusca","species","accepted","Fungi","Trichocomaceae","MycoBank",1.25
"F_SYSTS_VNCM","Sterigmatocystis vancampenhoutii","species","accepted","Fungi","Trichocomaceae","MycoBank",1.25
"F_STRGMT_ELVI","Sterigmatomyces elviae","species","accepted","Fungi","Agaricostilbaceae","MycoBank",1.25
"F_STLBL_FLVP","Stilbella flavipes","species","accepted","Fungi","","MycoBank",1.25
"F_STLBL_MLNT","Stilbella melanotes","species","accepted","Fungi","","MycoBank",1.25
"F_STLBCR_ATRR","Stilbocrea aterrima","species","accepted","Fungi","Bionectriaceae","MycoBank",1.25
"F_STLBCR_GRCL","Stilbocrea gracilipes","species","accepted","Fungi","Bionectriaceae","MycoBank",1.25
"F_STLBCR_MCRS","Stilbocrea macrostoma","species","accepted","Fungi","Bionectriaceae","MycoBank",1.25
"F_STLBH_ELDC","Stilbohypoxylon elaeidicola","species","accepted","Fungi","Xylariaceae","MycoBank",1.25
"F_STLBH_HYPX","Stilbohypoxylon hypoxylinum","species","accepted","Fungi","Xylariaceae","GBIF",1.25
"F_STLBM_AERG","Stilbum aeruginosum","species","accepted","Fungi","Chionosphaeraceae","MycoBank",1.25
"F_STLBM_ANML","Stilbum anomalum","species","accepted","Fungi","Chionosphaeraceae","MycoBank",1.25
"F_STLBM_BSTR","Stilbum basitruncatum","species","accepted","Fungi","Chionosphaeraceae","MycoBank",1.25
"F_STLBM_BCLR","Stilbum bicolor","species","accepted","Fungi","Chionosphaeraceae","MycoBank",1.25
"F_STLBM_CLVL","Stilbum clavula","species","accepted","Fungi","Chionosphaeraceae","MycoBank",1.25
"F_STLBM_EQNM","Stilbum equinum","species","accepted","Fungi","Chionosphaeraceae","MycoBank",1.25
"F_STLBM_PLTN","Stilbum pelitnopus","species","accepted","Fungi","Chionosphaeraceae","MycoBank",1.25
"F_STLBM_PLFR","Stilbum piliforme","species","accepted","Fungi","Chionosphaeraceae","MycoBank",1.25
"F_STLBM_PSTL","Stilbum pistillare","species","accepted","Fungi","Chionosphaeraceae","MycoBank",1.25
"F_STLBM_STVN","Stilbum stevensonii","species","accepted","Fungi","Chionosphaeraceae","MycoBank",1.25
"F_STLBM_VLGR","Stilbum vulgare","species","accepted","Fungi","Chionosphaeraceae","GBIF",1.25
"F_STOLL_BTHR","Stollia bothriochloae","species","accepted","Fungi","Ustilaginaceae","MycoBank",1.25
"F_STOLL_BURS","Stollia bursa","species","accepted","Fungi","Ustilaginaceae","MycoBank",1.25
"F_STOLL_EWRT","Stollia ewartii","species","accepted","Fungi","Ustilaginaceae","MycoBank",1.25
"F_STRSS_GNCL","Strasseria geniculata","species","accepted","Fungi","Phacidiaceae","MycoBank",1.25
"F_STRTB_ECYL","Striatibotrys eucylindrosporus","species","accepted","Fungi","Stachybotryaceae","MycoBank",1.25
"F_STRTB_OLRN","Striatibotrys oleronensis","species","accepted","Fungi","Stachybotryaceae","MycoBank",1.25
"F_STRTC_CNCT","Striaticonidium cinctum","species","accepted","Fungi","Stachybotryaceae","MycoBank",1.25
"AN_STRNG_AMPH","Strongyloides amphibiophilus","species","accepted","Animalia","Strongyloididae","GBIF",1.25
"AN_STRNG_PERER","Strongyloides pereirai","species","accepted","Animalia","Strongyloididae","GBIF",1.25
"AN_STRNG_RBST","Strongyloides robustus","species","accepted","Animalia","Strongyloididae","GBIF",1.25
"AN_STRNG_SRPN","Strongyloides serpentis","species","accepted","Animalia","Strongyloididae","GBIF",1.25
"AN_STRNG_TRKMN","Strongyloides turkmenica","species","accepted","Animalia","Strongyloididae","GBIF",1.25
"F_STYLN_PRTN","Stylonectria purtonii","species","accepted","Fungi","Nectriaceae","MycoBank",1.25
"F_STYLN_WGLN","Stylonectria wegeliniana","species","accepted","Fungi","Nectriaceae","MycoBank",1.25
"F_STYPL_GRLL","Stypella grilletii","species","accepted","Fungi","Hyaloriaceae","GBIF",1.25
"F_SBPLN_APCL","Subplenodomus apiicola","species","accepted","Fungi","Leptosphaeriaceae","MycoBank",1.25
"F_SBPLN_DRBN","Subplenodomus drobnjacensis","species","accepted","Fungi","Leptosphaeriaceae","MycoBank",1.25
"F_SBPLN_VLRN","Subplenodomus valerianae","species","accepted","Fungi","Leptosphaeriaceae","MycoBank",1.25
"F_SBPLN_VLCL","Subplenodomus violicola","species","accepted","Fungi","Leptosphaeriaceae","MycoBank",1.25
"F_SMNLA_ANMR","Subramaniula anamorphosa","species","accepted","Fungi","Chaetomiaceae","MycoBank",1.25
"F_SMNLA_CRST","Subramaniula cristata","species","accepted","Fungi","Chaetomiaceae","MycoBank",1.25
"F_SMNLA_CNCL","Subramaniula cuniculorum","species","accepted","Fungi","Chaetomiaceae","MycoBank",1.25
"F_SMNLA_FLVP","Subramaniula flavipila","species","accepted","Fungi","Chaetomiaceae","MycoBank",1.25
"F_SMNLA_FSSP","Subramaniula fusispora","species","accepted","Fungi","Chaetomiaceae","MycoBank",1.25
"F_SMNLA_LTRL","Subramaniula lateralis","species","accepted","Fungi","Chaetomiaceae","MycoBank",1.25
"F_SBLPH_CMPT","Subuliphorum camptosporum","species","accepted","Fungi","Clavicipitaceae","MycoBank",1.25
"F_SGYML_BRCR","Sugiyamaella boreocaroliniensis","species","accepted","Fungi","Trichomonascaceae","MycoBank",1.25
"F_SGYML_CSTR","Sugiyamaella castrensis","species","accepted","Fungi","Trichomonascaceae","GBIF",1.25
"F_SGYML_FLRD","Sugiyamaella floridensis","species","accepted","Fungi","Trichomonascaceae","MycoBank",1.25
"F_SGYML_GRNB","Sugiyamaella grinbergsii","species","accepted","Fungi","Trichomonascaceae","MycoBank",1.25
"F_SGYML_LGNH","Sugiyamaella lignohabitans","species","accepted","Fungi","Trichomonascaceae","MycoBank",1.25
"F_SGYML_MRLN","Sugiyamaella marilandica","species","accepted","Fungi","Trichomonascaceae","MycoBank",1.25
"F_SGYML_MRNN","Sugiyamaella marionensis","species","accepted","Fungi","Trichomonascaceae","MycoBank",1.25
"F_SGYML_NMXC","Sugiyamaella neomexicana","species","accepted","Fungi","Trichomonascaceae","MycoBank",1.25
"F_SGYML_NOVK","Sugiyamaella novakii","species","accepted","Fungi","Trichomonascaceae","MycoBank",1.25
"F_SGYML_PLDG","Sugiyamaella paludigena","species","accepted","Fungi","Trichomonascaceae","GBIF",1.25
"F_SGYML_PNCL","Sugiyamaella pinicola","species","accepted","Fungi","Trichomonascaceae","MycoBank",1.25
"F_SGYML_QNGD","Sugiyamaella qingdaonensis","species","accepted","Fungi","Trichomonascaceae","GBIF",1.25
"F_SGYML_SMTH","Sugiyamaella smithiae","species","accepted","Fungi","Trichomonascaceae","GBIF",1.25
"F_SGYML_VLDV","Sugiyamaella valdiviana","species","accepted","Fungi","Trichomonascaceae","GBIF",1.25
"F_SHMYC_AMBR","Suhomyces ambrosiae","species","accepted","Fungi","Debaryomycetaceae","MycoBank",1.25
"F_SHMYC_ANNL","Suhomyces anneliseae","species","accepted","Fungi","Debaryomycetaceae","MycoBank",1.25
"F_SHMYC_ATKP","Suhomyces atakaporum","species","accepted","Fungi","Debaryomycetaceae","MycoBank",1.25
"F_SHMYC_BKTR","Suhomyces bokatorum","species","accepted","Fungi","Debaryomycetaceae","MycoBank",1.25
"F_SHMYC_BLTT","Suhomyces bolitotheri","species","accepted","Fungi","Debaryomycetaceae","MycoBank",1.25
"F_SHMYC_BRBR","Suhomyces bribrorum","species","accepted","Fungi","Debaryomycetaceae","MycoBank",1.25
"F_SHMYC_CNBR","Suhomyces canberraensis","species","accepted","Fungi","Debaryomycetaceae","MycoBank",1.25
"F_SHMYC_CHCK","Suhomyces chickasaworum","species","accepted","Fungi","Debaryomycetaceae","MycoBank",1.25
"F_SHMYC_CHCT","Suhomyces choctaworum","species","accepted","Fungi","Debaryomycetaceae","MycoBank",1.25
"F_SHMYC_EMBR","Suhomyces emberorum","species","accepted","Fungi","Debaryomycetaceae","MycoBank",1.25
"F_SHMYC_GYMR","Suhomyces guaymorum","species","accepted","Fungi","Debaryomycetaceae","MycoBank",1.25
"F_SHMYC_KNRM","Suhomyces kunorum","species","accepted","Fungi","Debaryomycetaceae","MycoBank",1.25
"F_SHMYC_MAXI","Suhomyces maxii","species","accepted","Fungi","Debaryomycetaceae","MycoBank",1.25
"F_SHMYC_PNMR","Suhomyces panamericanus","species","accepted","Fungi","Debaryomycetaceae","MycoBank",1.25
"F_SHMYC_PRNC","Suhomyces prunicola","species","accepted","Fungi","Debaryomycetaceae","MycoBank",1.25
"F_SHMYC_PYRL","Suhomyces pyralidae","species","accepted","Fungi","Debaryomycetaceae","MycoBank",1.25
"F_SHMYC_TALI","Suhomyces taliae","species","accepted","Fungi","Debaryomycetaceae","MycoBank",1.25
"F_SHMYC_TNZW","Suhomyces tanzawaensis","species","accepted","Fungi","Debaryomycetaceae","MycoBank",1.25
"F_SHMYC_TRRB","Suhomyces terraborum","species","accepted","Fungi","Debaryomycetaceae","MycoBank",1.25
"F_SHMYC_VDNS","Suhomyces vadensis","species","accepted","Fungi","Debaryomycetaceae","MycoBank",1.25
"F_SHMYC_WNNR","Suhomyces wounanorum","species","accepted","Fungi","Debaryomycetaceae","MycoBank",1.25
"F_SHMYC_XYLP","Suhomyces xylopsoci","species","accepted","Fungi","Debaryomycetaceae","MycoBank",1.25
"F_SHMYC_YCHR","Suhomyces yuchorum","species","accepted","Fungi","Debaryomycetaceae","MycoBank",1.25
"F_SNGLL_AKBN","Sungouiella akabanensis","species","accepted","Fungi","Metschnikowiaceae","MycoBank",1.25
"F_SNGLL_BRKH","Sungouiella berkhoutiae","species","accepted","Fungi","Metschnikowiaceae","MycoBank",1.25
"F_SNGLL_BLTT","Sungouiella blattae","species","accepted","Fungi","Metschnikowiaceae","MycoBank",1.25
"F_SNGLL_DSSY","Sungouiella dosseyi","species","accepted","Fungi","Metschnikowiaceae","MycoBank",1.25
"F_SNGLL_ECDR","Sungouiella ecuadorensis","species","accepted","Fungi","Metschnikowiaceae","MycoBank",1.25
"F_SNGLL_EZNS","Sungouiella ezoensis","species","accepted","Fungi","Metschnikowiaceae","MycoBank",1.25
"F_SNGLL_FLSC","Sungouiella flosculorum","species","accepted","Fungi","Metschnikowiaceae","MycoBank",1.25
"F_SNGLL_INTR","Sungouiella intermedia","species","accepted","Fungi","Metschnikowiaceae","MycoBank",1.25
"F_SNGLL_INLN","Sungouiella inulinophila","species","accepted","Fungi","Metschnikowiaceae","MycoBank",1.25
"F_SNGLL_MDDL","Sungouiella middelhoveniana","species","accepted","Fungi","Metschnikowiaceae","MycoBank",1.25
"F_SNGLL_PSDF","Sungouiella pseudoflosculorum","species","accepted","Fungi","Metschnikowiaceae","MycoBank",1.25
"F_SNGLL_PSDN","Sungouiella pseudointermedia","species","accepted","Fungi","Metschnikowiaceae","MycoBank",1.25
"F_SNGLL_SHRK","Sungouiella sharkensis","species","accepted","Fungi","Metschnikowiaceae","MycoBank",1.25
"F_SNGLL_TSCH","Sungouiella tsuchiyae","species","accepted","Fungi","Metschnikowiaceae","MycoBank",1.25
"F_SNGLL_XYLS","Sungouiella xylosa","species","accepted","Fungi","Metschnikowiaceae","MycoBank",1.25
"F_SNGZY_ICHN","Sungouiozyma ichnusensis","species","accepted","Fungi","Saccharomycetaceae","MycoBank",1.25
"F_SNGZY_INTS","Sungouiozyma intestinalis","species","accepted","Fungi","Saccharomycetaceae","MycoBank",1.25
"F_SYDOW_PLYS","Sydowia polyspora","species","accepted","Fungi","Dothioraceae","MycoBank",1.25
"F_SYMBT_SNGN","Symbiotaphrina sanguinea","species","accepted","Fungi","Symbiotaphrinaceae","MycoBank",1.25
"F_SYMMT_CPRS","Symmetrospora coprosmae","species","accepted","Fungi","Symmetrosporaceae","MycoBank",1.25
"F_SYMMT_FLCL","Symmetrospora foliicola","species","accepted","Fungi","Symmetrosporaceae","MycoBank",1.25
"F_SYMMT_GRCL","Symmetrospora gracilis","species","accepted","Fungi","Symmetrosporaceae","MycoBank",1.25
"F_SYMMT_MARN","Symmetrospora marina","species","accepted","Fungi","Symmetrosporaceae","MycoBank",1.25
"F_SYMMT_ORYZ","Symmetrospora oryzicola","species","accepted","Fungi","Symmetrosporaceae","MycoBank",1.25
"F_SYMMT_SYMM","Symmetrospora symmetrica","species","accepted","Fungi","Symmetrosporaceae","MycoBank",1.25
"F_SYMMT_VRMC","Symmetrospora vermiculata","species","accepted","Fungi","Symmetrosporaceae","MycoBank",1.25
"F_SYNCP_BAGL","Syncephalastrum bagoolii","species","accepted","Fungi","Syncephalastraceae","MycoBank",1.25
"F_SYNCP_BRVP","Syncephalastrum breviphorum","species","accepted","Fungi","Syncephalastraceae","GBIF",1.25
"F_SYNCP_IRRG","Syncephalastrum irregulare","species","accepted","Fungi","Syncephalastraceae","MycoBank",1.25
"AN_SYNGM_ARCT","Syngamus arcticus","species","synonym","Animalia","Syngamidae","GBIF",1.25
"AN_SYNGM_GRCL","Syngamus gracilis","species","synonym","Animalia","Syngamidae","GBIF",1.25
"AN_SYNGM_PRVS","Syngamus parvus","species","accepted","Animalia","Syngamidae","GBIF",1.25
"AN_SYNGM_PRMT","Syngamus primitivus","species","synonym","Animalia","Syngamidae","GBIF",1.25
"AN_SYNGM_SKRJ","Syngamus skrjabini","species","accepted","Animalia","Syngamidae","GBIF",1.25
"AN_SYNGM_RPHA","Syngamus skrjabinomorpha","species","accepted","Animalia","Syngamidae","GBIF",1.25
"F_SYRNG_OTAE","Syringospora otae","species","accepted","Fungi","","MycoBank",1.25
"F_SYZYG_MGLC","Syzygites megalocarpus","species","accepted","Fungi","Rhizopodaceae","MycoBank",1.25
"AN_TAENI_ANTN","Taenia anatina","species","synonym","Animalia","Taeniidae","GBIF",1.25
"AN_TAENI_STCS","Taenia asiaticus","species","synonym","Animalia","Taeniidae","GBIF",1.25
"AN_TAENI_CRPL","Taenia creplini","species","synonym","Animalia","Taeniidae","GBIF",1.25
"AN_TAENI_DSNG","Taenia diesingii","species","accepted","Animalia","Taeniidae","GBIF",1.25
"AN_TAENI_DMNT","Taenia diminuta","species","synonym","Animalia","Taeniidae","GBIF",1.25
"AN_TAENI_FUSS","Taenia fusus","species","synonym","Animalia","Taeniidae","GBIF",1.25
"AN_TAENI_RPTA","Taenia interrupta","species","synonym","Animalia","Taeniidae","GBIF",1.25
"AN_TAENI_LACT","Taenia lactea","species","accepted","Animalia","Taeniidae","GBIF",1.25
"AN_TAENI_LNCL","Taenia lanceolata","species","synonym","Animalia","Taeniidae","GBIF",1.25
"AN_TAENI_LPTC","Taenia leptocephala","species","synonym","Animalia","Taeniidae","GBIF",1.25
"AN_TAENI_LPTS","Taenia leptosoma","species","synonym","Animalia","Taeniidae","GBIF",1.25
"AN_TAENI_YNCS","Taenia lyncis","species","synonym","Animalia","Taeniidae","GBIF",1.25
"AN_TAENI_MCRCT","Taenia macrocotylea","species","accepted","Animalia","Taeniidae","GBIF",1.25
"AN_TAENI_MRGN","Taenia marginata","species","synonym","Animalia","Taeniidae","GBIF",1.25
"AN_TAENI_MDCN","Taenia mediocanellata","species","synonym","Animalia","Taeniidae","GBIF",1.25
"AN_TAENI_CRPS","Taenia microps","species","synonym","Animalia","Taeniidae","GBIF",1.25
"AN_TAENI_MCRP","Taenia micropteri","species","accepted","Animalia","Taeniidae","GBIF",1.25
"AN_TAENI_MLTL","Taenia multilocularis","species","synonym","Animalia","Taeniidae","GBIF",1.25
"AN_TAENI_MYOX","Taenia myoxi","species","synonym","Animalia","Taeniidae","GBIF",1.25
"AN_TAENI_NAJA","Taenia naja","species","synonym","Animalia","Taeniidae","GBIF",1.25
"AN_TAENI_NMTS","Taenia nematosoma","species","accepted","Animalia","Taeniidae","GBIF",1.25
"AN_TAENI_OLGR","Taenia oligarthra","species","synonym","Animalia","Taeniidae","GBIF",1.25
"AN_TAENI_PLTY","Taenia platydera","species","accepted","Animalia","Taeniidae","GBIF",1.25
"AN_TAENI_PUNC","Taenia punica","species","accepted","Animalia","Taeniidae","GBIF",1.25
"AN_TAENI_QDRB","Taenia quadribothria","species","accepted","Animalia","Taeniidae","GBIF",1.25
"AN_TAENI_SSMA","Taenia simplicissima","species","synonym","Animalia","Taeniidae","GBIF",1.25
"AN_TAENI_SMPL","Taenia simplicissimus","species","accepted","Animalia","Taeniidae","GBIF",1.25
"AN_TAENI_SMTL","Taenia somatolepta","species","synonym","Animalia","Taeniidae","GBIF",1.25
"AN_TAENI_TNRS","Taenia tenuirostris","species","synonym","Animalia","Taeniidae","GBIF",1.25
"AN_TAENI_UNCN","Taenia uncinata","species","synonym","Animalia","Taeniidae","GBIF",1.25
"AN_TAENI_VARI","Taenia varia","species","accepted","Animalia","Taeniidae","GBIF",1.25
"AN_TAENI_VLLS","Taenia villosa","species","synonym","Animalia","Taeniidae","GBIF",1.25
"F_TNLLL_ARTH","Taeniolella arthoniae","species","accepted","Fungi","Mytilinidiaceae","MycoBank",1.25
"F_TLRMY_ALSH","Talaromyces ailsahockingiae","species","accepted","Fungi","Trichocomaceae","MycoBank",1.25
"F_TLRMY_APRC","Talaromyces apricus","species","accepted","Fungi","Trichocomaceae","MycoBank",1.25
"F_TLRMY_ASTN","Talaromyces astoniae","species","accepted","Fungi","Trichocomaceae","MycoBank",1.25
"F_TLRMY_BEAR","Talaromyces beariae","species","accepted","Fungi","Trichocomaceae","MycoBank",1.25
"F_TLRMY_BNDC","Talaromyces benedictus","species","accepted","Fungi","Trichocomaceae","MycoBank",1.25
"F_TLRMY_CTTL","Talaromyces cattleyae","species","accepted","Fungi","Trichocomaceae","MycoBank",1.25
"F_TLRMY_CYST","Talaromyces cystophilus","species","accepted","Fungi","Trichocomaceae","MycoBank",1.25
"F_TLRMY_DSPR","Talaromyces disparis","species","accepted","Fungi","Trichocomaceae","MycoBank",1.25
"F_TLRMY_ELPH","Talaromyces elephas","species","accepted","Fungi","Trichocomaceae","MycoBank",1.25
"F_TLRMY_EXLY","Talaromyces exleyae","species","accepted","Fungi","Trichocomaceae","MycoBank",1.25
"F_TLRMY_FRMN","Talaromyces freemaniae","species","accepted","Fungi","Trichocomaceae","MycoBank",1.25
"F_TLRMY_FNFR","Talaromyces funiformis","species","accepted","Fungi","Trichocomaceae","MycoBank",1.25
"F_TLRMY_GTNG","Talaromyces gautengensis","species","accepted","Fungi","Trichocomaceae","MycoBank",1.25
"F_TLRMY_HNNN","Talaromyces hainanensis","species","accepted","Fungi","Trichocomaceae","MycoBank",1.25
"F_TLRMY_HLLD","Talaromyces hallidayae","species","accepted","Fungi","Trichocomaceae","MycoBank",1.25
"F_TLRMY_HMCL","Talaromyces humicola","species","accepted","Fungi","Trichocomaceae","MycoBank",1.25
"F_TLRMY_IGNS","Talaromyces ignescens","species","accepted","Fungi","Trichocomaceae","MycoBank",1.25
"F_TLRMY_JNFN","Talaromyces jianfengicus","species","accepted","Fungi","Trichocomaceae","MycoBank",1.25
"F_TLRMY_LNDR","Talaromyces linderae","species","accepted","Fungi","Trichocomaceae","MycoBank",1.25
"F_TLRMY_LNGS","Talaromyces longistipes","species","accepted","Fungi","Trichocomaceae","MycoBank",1.25
"F_TLRMY_MCRD","Talaromyces macrodendroideus","species","accepted","Fungi","Trichocomaceae","MycoBank",1.25
"F_TLRMY_MLTB","Talaromyces maltbyae","species","accepted","Fungi","Trichocomaceae","MycoBank",1.25
"F_TLRMY_MZNS","Talaromyces mzansiensis","species","accepted","Fungi","Trichocomaceae","MycoBank",1.25
"F_TLRMY_PRPL","Talaromyces parapalmae","species","accepted","Fungi","Trichocomaceae","MycoBank",1.25
"F_TLRMY_PRRY","Talaromyces perryae","species","accepted","Fungi","Trichocomaceae","MycoBank",1.25
"F_TLRMY_PICS","Talaromyces piceus","species","accepted","Fungi","Trichocomaceae","MycoBank",1.25
"F_TLRMY_PDCR","Talaromyces podocarpi","species","accepted","Fungi","Trichocomaceae","MycoBank",1.25
"F_TLRMY_POPE","Talaromyces popeae","species","accepted","Fungi","Trichocomaceae","MycoBank",1.25
"F_TLRMY_PTGR","Talaromyces potiguarorum","species","accepted","Fungi","Trichocomaceae","MycoBank",1.25
"F_TLRMY_PSDR","Talaromyces pseudorugulosus","species","accepted","Fungi","Trichocomaceae","MycoBank",1.25
"F_TLRMY_PRGNS","Talaromyces purpurogenus","species","synonym","Fungi","Trichocomaceae","GBIF",1.25
"F_TLRMY_RCKR","Talaromyces rickardiae","species","accepted","Fungi","Trichocomaceae","MycoBank",1.25
"F_TLRMY_SDMN","Talaromyces sedimenticola","species","accepted","Fungi","Trichocomaceae","MycoBank",1.25
"F_TLRMY_SHPH","Talaromyces shepherdshillensis","species","accepted","Fungi","Trichocomaceae","MycoBank",1.25
"F_TLRMY_SNNS","Talaromyces sinensis","species","accepted","Fungi","Trichocomaceae","MycoBank",1.25
"F_TLRMY_TWNN","Talaromyces taiwanensis","species","accepted","Fungi","Trichocomaceae","MycoBank",1.25
"F_TLRMY_TNSH","Talaromyces tianshanicus","species","accepted","Fungi","Trichocomaceae","MycoBank",1.25
"F_TLRMY_WTSN","Talaromyces watsoniae","species","accepted","Fungi","Trichocomaceae","MycoBank",1.25
"F_TLRMY_NNSS","Talaromyces xishuangbannaensis","species","accepted","Fungi","Trichocomaceae","MycoBank",1.25
"F_TAUSN_PLLL","Tausonia pullulans","species","accepted","Fungi","Mrakiaceae","MycoBank",1.25
"B_TCHCC_CRVC","Teichococcus cervicalis","species","accepted","Bacteria","Acetobacteraceae","LPSN",1.25
"B_TPDMN_ARFD","Tepidimonas arfidensis","species","accepted","Bacteria","Comamonadaceae","LPSN",1.25
"F_TERAN_CORL","Terana coerulea","species","accepted","Fungi","Phanerochaetaceae","MycoBank",1.25
"F_TRTSPR_LCNT","Teretispora leucanthemi","species","accepted","Fungi","Pleosporaceae","GBIF",1.25
"F_TTRPS_BLTT","Tetrapisispora blattae","species","accepted","Fungi","Saccharomycetaceae","GBIF",1.25
"F_TTRPS_PHFF","Tetrapisispora phaffii","species","accepted","Fungi","Saccharomycetaceae","MycoBank",1.25
"F_TEUNI_CNCL","Teunia cuniculi","species","accepted","Fungi","Cryptococcaceae","MycoBank",1.25
"F_TNMYC_AGLY","Teunomyces aglyptinius","species","accepted","Fungi","Debaryomycetaceae","MycoBank",1.25
"F_TNMYC_ATBI","Teunomyces atbi","species","accepted","Fungi","Debaryomycetaceae","MycoBank",1.25
"F_TNMYC_BRRC","Teunomyces barrocoloradensis","species","accepted","Fungi","Debaryomycetaceae","MycoBank",1.25
"F_TNMYC_CRTN","Teunomyces cretensis","species","accepted","Fungi","Debaryomycetaceae","MycoBank",1.25
"F_TNMYC_FNNS","Teunomyces funiuensis","species","accepted","Fungi","Debaryomycetaceae","MycoBank",1.25
"F_TNMYC_GTNN","Teunomyces gatunensis","species","accepted","Fungi","Debaryomycetaceae","MycoBank",1.25
"F_TNMYC_KRUS","Teunomyces kruisii","species","accepted","Fungi","Debaryomycetaceae","MycoBank",1.25
"F_TNMYC_LYCP","Teunomyces lycoperdinae","species","accepted","Fungi","Debaryomycetaceae","MycoBank",1.25
"F_TNMYC_PLLD","Teunomyces pallodes","species","accepted","Fungi","Debaryomycetaceae","MycoBank",1.25
"F_TNMYC_PNMN","Teunomyces panamensis","species","accepted","Fungi","Debaryomycetaceae","MycoBank",1.25
"F_TNMYC_STRI","Teunomyces stri","species","accepted","Fungi","Debaryomycetaceae","MycoBank",1.25
"F_TNMYC_TRTM","Teunomyces tritomae","species","accepted","Fungi","Debaryomycetaceae","MycoBank",1.25
"F_THMND_AMNM","Thamnidium amoenum","species","accepted","Fungi","Thamnidiaceae","MycoBank",1.25
"F_THMND_ELGN","Thamnidium elegans","species","accepted","Fungi","Thamnidiaceae","MycoBank",1.25
"F_THCPH_ANDR","Thecaphora androsaces","species","accepted","Fungi","Glomosporiaceae","GBIF",1.25
"F_THCPH_CPSL","Thecaphora capsularum","species","accepted","Fungi","Glomosporiaceae","GBIF",1.25
"F_THCPH_LGNP","Thecaphora lagenophorae","species","accepted","Fungi","Glomosporiaceae","GBIF",1.25
"F_THCPH_OXLD","Thecaphora oxalidis","species","accepted","Fungi","Glomosporiaceae","MycoBank",1.25
"F_THCPH_SPNR","Thecaphora saponariae","species","accepted","Fungi","Glomosporiaceae","GBIF",1.25
"F_THCPH_THLS","Thecaphora thlaspeos","species","accepted","Fungi","Glomosporiaceae","MycoBank",1.25
"F_THCLS_LTRL","Theclospora lateralis","species","accepted","Fungi","Trichocomaceae","MycoBank",1.25
"F_THKPS_ARLT","Thekopsora areolata","species","accepted","Fungi","Coleosporiaceae","MycoBank",1.25
"F_THLCT_CCCN","Thelactis coccineus","species","accepted","Fungi","Mucoraceae","MycoBank",1.25
"F_THLCT_FLAV","Thelactis flava","species","accepted","Fungi","Mucoraceae","MycoBank",1.25
"F_THLCT_VILC","Thelactis violacea","species","accepted","Fungi","Mucoraceae","MycoBank",1.25
"F_THLPH_ALLB","Thelephora allobadia","species","accepted","Fungi","Thelephoraceae","MycoBank",1.25
"F_THLPH_BRYP","Thelephora bryophila","species","accepted","Fungi","Thelephoraceae","MycoBank",1.25
"F_THLPH_LAPD","Thelephora lapida","species","accepted","Fungi","Thelephoraceae","MycoBank",1.25
"F_THLPH_STPS","Thelephora stuposa","species","accepted","Fungi","Thelephoraceae","MycoBank",1.25
"F_THLCR_CTRM","Thelocarpon citrum","species","accepted","Fungi","Thelocarpaceae","MycoBank",1.25
"F_THLNC_ACRT","Thelonectria acrotyla","species","accepted","Fungi","Nectriaceae","MycoBank",1.25
"F_THLNC_APPL","Thelonectria applanata","species","accepted","Fungi","Nectriaceae","MycoBank",1.25
"F_THLNC_CRNT","Thelonectria coronata","species","accepted","Fungi","Nectriaceae","MycoBank",1.25
"F_THLNC_DSCP","Thelonectria discophora","species","accepted","Fungi","Nectriaceae","MycoBank",1.25
"F_THLNC_LUCD","Thelonectria lucida","species","accepted","Fungi","Nectriaceae","MycoBank",1.25
"F_THLNC_PINE","Thelonectria pinea","species","accepted","Fungi","Nectriaceae","MycoBank",1.25
"F_THLNC_PLTY","Thelonectria platycephala","species","accepted","Fungi","Nectriaceae","MycoBank",1.25
"F_THLNC_RUBI","Thelonectria rubi","species","accepted","Fungi","Nectriaceae","MycoBank",1.25
"F_THLNC_RBRC","Thelonectria rubrococca","species","accepted","Fungi","Nectriaceae","MycoBank",1.25
"F_THLNC_VLLT","Thelonectria veuillotiana","species","accepted","Fungi","Nectriaceae","MycoBank",1.25
"F_THLNC_WSTL","Thelonectria westlandica","species","accepted","Fungi","Nectriaceae","MycoBank",1.25
"F_THRMS_CRST","Thermoascus crustaceus","species","accepted","Fungi","Thermoascaceae","MycoBank",1.25
"F_THRMS_EGYP","Thermoascus egyptiacus","species","accepted","Fungi","Thermoascaceae","GBIF",1.25
"F_THRMS_THRM","Thermoascus thermophilus","species","accepted","Fungi","Thermoascaceae","MycoBank",1.25
"F_THRMC_DSST","Thermochaetoides dissita","species","accepted","Fungi","Chaetomiaceae","MycoBank",1.25
"F_THRMMC_INDS","Thermomucor indicae-seudaticae","species","accepted","Fungi","Lichtheimiaceae","GBIF",1.25
"F_THRMM_DPNT","Thermomyces dupontii","species","accepted","Fungi","Trichocomaceae","MycoBank",1.25
"F_THRMM_LNGN","Thermomyces lanuginosus","species","accepted","Fungi","Trichocomaceae","GBIF",1.25
"F_THRMM_THRM","Thermomyces thermophilus","species","accepted","Fungi","Trichocomaceae","MycoBank",1.25
"F_THRMTH_FRGS","Thermothelomyces fergusii","species","accepted","Fungi","Chaetomiaceae","MycoBank",1.25
"F_THRMTH_THRM","Thermothelomyces thermophilus","species","accepted","Fungi","Chaetomiaceae","MycoBank",1.25
"F_THYRN_AQFL","Thyronectria aquifolii","species","accepted","Fungi","Nectriaceae","MycoBank",1.25
"F_THYRN_ARGR","Thyronectria aurigera","species","accepted","Fungi","Nectriaceae","MycoBank",1.25
"F_THYRN_ASTR","Thyronectria austroamericana","species","accepted","Fungi","Nectriaceae","MycoBank",1.25
"F_THYRN_BLSM","Thyronectria balsamea","species","accepted","Fungi","Nectriaceae","MycoBank",1.25
"F_THYRN_BRLN","Thyronectria berolinensis","species","accepted","Fungi","Nectriaceae","MycoBank",1.25
"F_THYRN_CHLR","Thyronectria chlorinella","species","accepted","Fungi","Nectriaceae","MycoBank",1.25
"F_THYRN_CHRY","Thyronectria chrysogramma","species","accepted","Fungi","Nectriaceae","MycoBank",1.25
"F_THYRN_CNCN","Thyronectria concentrica","species","accepted","Fungi","Nectriaceae","MycoBank",1.25
"F_THYRN_CRYL","Thyronectria coryli","species","accepted","Fungi","Nectriaceae","MycoBank",1.25
"F_THYRN_CCRB","Thyronectria cucurbitula","species","accepted","Fungi","Nectriaceae","MycoBank",1.25
"F_THYRN_LAMY","Thyronectria lamyi","species","accepted","Fungi","Nectriaceae","MycoBank",1.25
"F_THYRN_LNCR","Thyronectria lonicerae","species","accepted","Fungi","Nectriaceae","MycoBank",1.25
"F_THYRN_MSSR","Thyronectria missouriensis","species","accepted","Fungi","Nectriaceae","MycoBank",1.25
"F_THYRN_RHDC","Thyronectria rhodochlora","species","accepted","Fungi","Nectriaceae","MycoBank",1.25
"F_THYRN_RSLL","Thyronectria rosellinii","species","accepted","Fungi","Nectriaceae","MycoBank",1.25
"F_THYRN_RBCR","Thyronectria rubicarpa","species","accepted","Fungi","Nectriaceae","MycoBank",1.25
"F_THYRN_SNPC","Thyronectria sinopica","species","accepted","Fungi","Nectriaceae","MycoBank",1.25
"F_THYRN_ZANG","Thyronectria zangii","species","accepted","Fungi","Nectriaceae","MycoBank",1.25
"F_THYRN_ZNTH","Thyronectria zanthoxyli","species","accepted","Fungi","Nectriaceae","MycoBank",1.25
"F_TGHML_BTLR","Tieghemella butleri","species","synonym","Fungi","Mucoraceae","MycoBank",1.25
"F_TGHML_CARL","Tieghemella caerulea","species","synonym","Fungi","Mucoraceae","MycoBank",1.25
"F_TGHML_CYLN","Tieghemella cylindrospora","species","accepted","Fungi","Mucoraceae","MycoBank",1.25
"F_TGHML_DUBI","Tieghemella dubia","species","synonym","Fungi","Mucoraceae","MycoBank",1.25
"F_TGHML_GLAC","Tieghemella glauca","species","synonym","Fungi","Mucoraceae","MycoBank",1.25
"F_TGHML_HYLS","Tieghemella hyalospora","species","synonym","Fungi","Mucoraceae","MycoBank",1.25
"F_TGHML_ITLN","Tieghemella italiana","species","synonym","Fungi","Mucoraceae","MycoBank",1.25
"F_TGHML_JPNC","Tieghemella japonica","species","synonym","Fungi","Mucoraceae","MycoBank",1.25
"F_TGHML_MRPR","Tieghemella muriperda","species","accepted","Fungi","Mucoraceae","MycoBank",1.25
"F_TGHML_ORCH","Tieghemella orchidis","species","synonym","Fungi","Mucoraceae","MycoBank",1.25
"F_TGHML_RPNS","Tieghemella repens","species","synonym","Fungi","Mucoraceae","MycoBank",1.25
"F_TGHML_SPNS","Tieghemella spinosa","species","accepted","Fungi","Mucoraceae","MycoBank",1.25
"F_TGHML_SBPC","Tieghemella subpoculata","species","synonym","Fungi","Mucoraceae","MycoBank",1.25
"F_TGHML_TGHM","Tieghemella tieghemii","species","synonym","Fungi","Mucoraceae","MycoBank",1.25
"F_TLCHL_BGLP","Tilachlidium bogolepoffii","species","accepted","Fungi","Tilachlidiaceae","MycoBank",1.25
"F_TLCHL_LRVR","Tilachlidium larvarum","species","accepted","Fungi","Tilachlidiaceae","MycoBank",1.25
"F_TILLT_ARCS","Tilletia airae-caespitosae","species","accepted","Fungi","Tilletiaceae","GBIF",1.25
"F_TILLT_BCKR","Tilletia beckerae","species","accepted","Fungi","Tilletiaceae","MycoBank",1.25
"F_TILLT_BROM","Tilletia bromi","species","accepted","Fungi","Tilletiaceae","MycoBank",1.25
"F_TILLT_CARS","Tilletia caries","species","accepted","Fungi","Tilletiaceae","MycoBank",1.25
"F_TILLT_CTHS","Tilletia cathesteci","species","accepted","Fungi","Tilletiaceae","GBIF",1.25
"F_TILLT_EARL","Tilletia earlei","species","accepted","Fungi","Tilletiaceae","MycoBank",1.25
"F_TILLT_FLCT","Tilletia flectens","species","accepted","Fungi","Tilletiaceae","MycoBank",1.25
"F_TILLT_FTNS","Tilletia foetens","species","accepted","Fungi","Tilletiaceae","MycoBank",1.25
"F_TILLT_LAVS","Tilletia laevis","species","accepted","Fungi","Tilletiaceae","GBIF",1.25
"F_TILLT_MCLG","Tilletia maclaganii","species","accepted","Fungi","Tilletiaceae","GBIF",1.25
"F_TILLT_OLID","Tilletia olida","species","accepted","Fungi","Tilletiaceae","MycoBank",1.25
"F_TILLT_SCLS","Tilletia secalis","species","accepted","Fungi","Tilletiaceae","MycoBank",1.25
"F_TILLT_SSLR","Tilletia sesleriae","species","accepted","Fungi","Tilletiaceae","MycoBank",1.25
"F_TILLT_SLMR","Tilletia sleumeri","species","accepted","Fungi","Tilletiaceae","MycoBank",1.25
"F_TILLT_SPHR","Tilletia sphaerocarpa","species","accepted","Fungi","Tilletiaceae","MycoBank",1.25
"F_TILLT_CCCA","Tilletia sphaerococca","species","accepted","Fungi","Tilletiaceae","MycoBank",1.25
"F_TILLT_STRL","Tilletia sterilis","species","accepted","Fungi","Tilletiaceae","MycoBank",1.25
"F_TILLT_VTTT","Tilletia vittata","species","accepted","Fungi","Tilletiaceae","GBIF",1.25
"F_TNTLN_OPNT","Tintelnotia opuntiae","species","accepted","Fungi","Phaeosphaeriaceae","MycoBank",1.25
"F_TLYPC_CYLN","Tolypocladium cylindrosporum","species","accepted","Fungi","Ophiocordycipitaceae","MycoBank",1.25
"F_TLYPC_GEDS","Tolypocladium geodes","species","accepted","Fungi","Ophiocordycipitaceae","MycoBank",1.25
"F_TLYPC_NBCL","Tolypocladium nubicola","species","accepted","Fungi","Ophiocordycipitaceae","MycoBank",1.25
"F_TLYPC_TNDR","Tolypocladium tundrense","species","accepted","Fungi","Ophiocordycipitaceae","MycoBank",1.25
"F_TLYPS_SMNV","Tolyposporella semenoviana","species","accepted","Fungi","Tilletiariaceae","MycoBank",1.25
"F_TMNTL_BADI","Tomentella badia","species","accepted","Fungi","Thelephoraceae","GBIF",1.25
"F_TMNTL_BRYP","Tomentella bryophila","species","accepted","Fungi","Thelephoraceae","GBIF",1.25
"F_TMNTL_FRRG","Tomentella ferruginea","species","accepted","Fungi","Thelephoraceae","GBIF",1.25
"F_TMNTL_LAPD","Tomentella lapida","species","accepted","Fungi","Thelephoraceae","GBIF",1.25
"F_TMNTL_STPS","Tomentella stuposa","species","accepted","Fungi","Thelephoraceae","GBIF",1.25
"F_TPSPR_OBTR","Topospora obturata","species","accepted","Fungi","Godroniaceae","MycoBank",1.25
"F_TORUL_DEMT","Torula dematia","species","accepted","Fungi","Torulaceae","MycoBank",1.25
"F_TORUL_MUIS","Torula muisa","species","accepted","Fungi","Torulaceae","MycoBank",1.25
"F_TORUL_PTTT","Torula pettitii","species","accepted","Fungi","Torulaceae","MycoBank",1.25
"F_TORUL_ROSC","Torula rosacea","species","accepted","Fungi","Torulaceae","MycoBank",1.25
"F_TORUL_SPRS","Torula sparsa","species","accepted","Fungi","Torulaceae","MycoBank",1.25
"F_TRLSP_GLBS","Torulaspora globosa","species","accepted","Fungi","Saccharomycetaceae","MycoBank",1.25
"F_TRLSP_INCN","Torulaspora inconspicua","species","synonym","Fungi","Saccharomycetaceae","MycoBank",1.25
"F_TRLSP_MCRL","Torulaspora microellipsoides","species","accepted","Fungi","Saccharomycetaceae","MycoBank",1.25
"F_TRLSP_MNGL","Torulaspora mongolica","species","synonym","Fungi","Saccharomycetaceae","MycoBank",1.25
"F_TRLSP_NLSS","Torulaspora nilssonii","species","synonym","Fungi","Saccharomycetaceae","MycoBank",1.25
"F_TRLSP_PRTR","Torulaspora pretoriensis","species","accepted","Fungi","Saccharomycetaceae","MycoBank",1.25
"F_TRLSP_VAFR","Torulaspora vafer","species","synonym","Fungi","Saccharomycetaceae","MycoBank",1.25
"F_TRLPS_BMBC","Torulopsis bombicola","species","accepted","Fungi","","MycoBank",1.25
"F_TRLPS_DCTY","Torulopsis dactylifera","species","accepted","Fungi","","MycoBank",1.25
"F_TRLPS_VRNS","Torulopsis varians","species","accepted","Fungi","","MycoBank",1.25
"AN_TOXCR_ALNT","Toxocara alienata","species","accepted","Animalia","Ascarididae","GBIF",1.25
"AN_TOXCR_TANK","Toxocara tanuki","species","accepted","Animalia","Ascarididae","GBIF",1.25
"F_TRNZS_AMPL","Tranzscheliella amplexa","species","accepted","Fungi","Ustilaginaceae","GBIF",1.25
"F_TRNZS_APPN","Tranzscheliella appendiculata","species","accepted","Fungi","Ustilaginaceae","GBIF",1.25
"F_TRNZS_CMBR","Tranzscheliella comburens","species","accepted","Fungi","Ustilaginaceae","GBIF",1.25
"F_TRNZS_DSTC","Tranzscheliella distichlidis","species","accepted","Fungi","Ustilaginaceae","GBIF",1.25
"F_TRNZS_HLPH","Tranzscheliella halophila","species","accepted","Fungi","Ustilaginaceae","MycoBank",1.25
"F_TRNZS_HLDS","Tranzscheliella halophiloides","species","accepted","Fungi","Ustilaginaceae","MycoBank",1.25
"F_TRNZS_HYPD","Tranzscheliella hypodytes","species","accepted","Fungi","Ustilaginaceae","MycoBank",1.25
"F_TRNZS_IRNC","Tranzscheliella iranica","species","accepted","Fungi","Ustilaginaceae","GBIF",1.25
"F_TRNZS_JCKS","Tranzscheliella jacksonii","species","accepted","Fungi","Ustilaginaceae","MycoBank",1.25
"F_TRNZS_MCRC","Tranzscheliella macrochloae","species","accepted","Fungi","Ustilaginaceae","MycoBank",1.25
"F_TRNZS_MINM","Tranzscheliella minima","species","accepted","Fungi","Ustilaginaceae","MycoBank",1.25
"F_TRNZS_OTPH","Tranzscheliella otophora","species","accepted","Fungi","Ustilaginaceae","MycoBank",1.25
"F_TRNZS_SERN","Tranzscheliella serena","species","accepted","Fungi","Ustilaginaceae","GBIF",1.25
"F_TRNZS_SPRT","Tranzscheliella sparti","species","accepted","Fungi","Ustilaginaceae","MycoBank",1.25
"F_TRNZS_STPB","Tranzscheliella stipae-barbatae","species","accepted","Fungi","Ustilaginaceae","GBIF",1.25
"F_TRNZS_VNTN","Tranzscheliella ventanensis","species","accepted","Fungi","Ustilaginaceae","GBIF",1.25
"F_TRNZS_WLLM","Tranzscheliella williamsii","species","accepted","Fungi","Ustilaginaceae","MycoBank",1.25
"F_TRCHSP_CHRN","Trechispora cohaerens","species","accepted","Fungi","Hydnodontaceae","MycoBank",1.25
"F_TPHRA_GRIS","Trematosphaeria grisea","species","accepted","Fungi","Trematosphaeriaceae","MycoBank",1.25
"F_TREMLL_ALBD","Tremella albida","species","accepted","Fungi","Tremellaceae","MycoBank",1.25
"F_TREMLL_EXIG","Tremella exigua","species","accepted","Fungi","Tremellaceae","MycoBank",1.25
"F_TREMLL_INDC","Tremella indecorata","species","accepted","Fungi","Tremellaceae","MycoBank",1.25
"F_TREMLL_INTM","Tremella intumescens","species","accepted","Fungi","Tremellaceae","MycoBank",1.25
"F_TREMLL_KRST","Tremella karstenii","species","accepted","Fungi","Tremellaceae","MycoBank",1.25
"F_TREMLL_MSNTR","Tremella mesenterica","species","accepted","Fungi","Tremellaceae","GBIF",1.25
"F_TREMLL_YKHM","Tremella yokohamensis","species","accepted","Fungi","Tremellaceae","MycoBank",1.25
"F_TCHTE_CILT","Tremellochaete ciliata","species","accepted","Fungi","Exidiaceae","MycoBank",1.25
"F_TCHTE_HSPD","Tremellochaete hispidula","species","accepted","Fungi","Exidiaceae","GBIF",1.25
"F_TCHTE_JPNC","Tremellochaete japonica","species","accepted","Fungi","Exidiaceae","MycoBank",1.25
"F_TCHTE_NVZL","Tremellochaete novozealandica","species","accepted","Fungi","Exidiaceae","MycoBank",1.25
"AN_TRCHB_ARLN","Trichobilharzia aureliani","species","accepted","Animalia","Schistosomatidae","GBIF",1.25
"AN_TRCHB_BRNT","Trichobilharzia burnetti","species","accepted","Animalia","Schistosomatidae","GBIF",1.25
"AN_TRCHB_CRYL","Trichobilharzia cerylei","species","accepted","Animalia","Schistosomatidae","GBIF",1.25
"AN_TRCHB_CORV","Trichobilharzia corvi","species","accepted","Animalia","Schistosomatidae","GBIF",1.25
"AN_TRCHB_ELVA","Trichobilharzia elvae","species","accepted","Animalia","Schistosomatidae","GBIF",1.25
"AN_TRCHB_HRCN","Trichobilharzia horiconensis","species","accepted","Animalia","Schistosomatidae","GBIF",1.25
"AN_TRCHB_KGNS","Trichobilharzia kegonsensis","species","accepted","Animalia","Schistosomatidae","GBIF",1.25
"AN_TRCHB_KWLW","Trichobilharzia kowalewskii","species","accepted","Animalia","Schistosomatidae","GBIF",1.25
"AN_TRCHB_KULF","Trichobilharzia kulfu","species","accepted","Animalia","Schistosomatidae","GBIF",1.25
"AN_TRCHB_LNCH","Trichobilharzia lonchurae","species","accepted","Animalia","Schistosomatidae","GBIF",1.25
"AN_TRCHB_ORGN","Trichobilharzia oregonensis","species","accepted","Animalia","Schistosomatidae","GBIF",1.25
"AN_TRCHB_PAOI","Trichobilharzia paoi","species","accepted","Animalia","Schistosomatidae","GBIF",1.25
"AN_TRCHB_PNGN","Trichobilharzia pingnana","species","accepted","Animalia","Schistosomatidae","GBIF",1.25
"AN_TRCHB_TATN","Trichobilharzia tatianae","species","accepted","Animalia","Schistosomatidae","GBIF",1.25
"AN_TRCHB_WBSN","Trichobilharzia waubesensis","species","accepted","Animalia","Schistosomatidae","GBIF",1.25
"F_TCLDM_ACRP","Trichocladium acropullum","species","accepted","Fungi","Chaetomiaceae","MycoBank",1.25
"F_TCLDM_CRSP","Trichocladium crispatum","species","accepted","Fungi","Chaetomiaceae","MycoBank",1.25
"F_TCLDM_HTRT","Trichocladium heterothallicum","species","accepted","Fungi","Chaetomiaceae","MycoBank",1.25
"F_TCLDM_NGRS","Trichocladium nigrospermum","species","accepted","Fungi","Chaetomiaceae","MycoBank",1.25
"F_TCLDM_SMNC","Trichocladium seminis-citrulli","species","accepted","Fungi","Chaetomiaceae","MycoBank",1.25
"F_TCLDM_UNSR","Trichocladium uniseriatum","species","accepted","Fungi","Chaetomiaceae","MycoBank",1.25
"F_THCNS_ECHN","Trichoconis echinophila","species","accepted","Fungi","","MycoBank",1.25
"F_TRCHD_AGRM","Trichoderma agriamazonicum","species","accepted","Fungi","Hypocreaceae","MycoBank",1.25
"F_TRCHD_ATRS","Trichoderma atrosphaericum","species","accepted","Fungi","Hypocreaceae","MycoBank",1.25
"F_TRCHD_AZDR","Trichoderma azadirachtae","species","accepted","Fungi","Hypocreaceae","MycoBank",1.25
"F_TRCHD_BSHN","Trichoderma bashania","species","accepted","Fungi","Hypocreaceae","GBIF",1.25
"F_TRCHD_SHNE","Trichoderma bashaniae","species","accepted","Fungi","Hypocreaceae","MycoBank",1.25
"F_TRCHD_CARLM","Trichoderma caeruleum","species","accepted","Fungi","Hypocreaceae","MycoBank",1.25
"F_TRCHD_CVRN","Trichoderma cavernicola","species","accepted","Fungi","Hypocreaceae","MycoBank",1.25
"F_TRCHD_HNGE","Trichoderma changiae","species","accepted","Fungi","Hypocreaceae","MycoBank",1.25
"F_TRCHD_CITR","Trichoderma citri","species","accepted","Fungi","Hypocreaceae","MycoBank",1.25
"F_TRCHD_CLVTC","Trichoderma clavaticapitatum","species","accepted","Fungi","Hypocreaceae","MycoBank",1.25
"F_TRCHD_CRNR","Trichoderma cornaroae","species","accepted","Fungi","Hypocreaceae","MycoBank",1.25
"F_TRCHD_DPLN","Trichoderma deplanatum","species","accepted","Fungi","Hypocreaceae","MycoBank",1.25
"F_TRCHD_DSCL","Trichoderma discellum","species","accepted","Fungi","Hypocreaceae","MycoBank",1.25
"F_TRCHD_EGYP","Trichoderma egyptiacum","species","accepted","Fungi","Hypocreaceae","MycoBank",1.25
"F_TRCHD_FRGS","Trichoderma fargesia","species","accepted","Fungi","Hypocreaceae","GBIF",1.25
"F_TRCHD_RGSE","Trichoderma fargesiae","species","accepted","Fungi","Hypocreaceae","MycoBank",1.25
"F_TRCHD_FRNM","Trichoderma frianum","species","accepted","Fungi","Hypocreaceae","MycoBank",1.25
"F_TRCHD_GERD","Trichoderma gerdae","species","accepted","Fungi","Hypocreaceae","MycoBank",1.25
"F_TRCHD_GNGC","Trichoderma gongcheniae","species","accepted","Fungi","Hypocreaceae","MycoBank",1.25
"F_TRCHD_GRMN","Trichoderma graminicola","species","accepted","Fungi","Hypocreaceae","MycoBank",1.25
"F_TRCHD_RMNS","Trichoderma graminis","species","accepted","Fungi","Hypocreaceae","MycoBank",1.25
"F_TRCHD_GRSS","Trichoderma grossum","species","accepted","Fungi","Hypocreaceae","MycoBank",1.25
"F_TRCHD_NGKI","Trichoderma hongkuii","species","accepted","Fungi","Hypocreaceae","MycoBank",1.25
"F_TRCHD_HYDE","Trichoderma hydei","species","accepted","Fungi","Hypocreaceae","MycoBank",1.25
"F_TRCHD_JLTP","Trichoderma jilotepecense","species","accepted","Fungi","Hypocreaceae","MycoBank",1.25
"F_TRCHD_LATS","Trichoderma laetius","species","accepted","Fungi","Hypocreaceae","MycoBank",1.25
"F_TRCHD_LTPP","Trichoderma luteoapplanata","species","accepted","Fungi","Hypocreaceae","GBIF",1.25
"F_TRCHD_MERL","Trichoderma merleae","species","accepted","Fungi","Hypocreaceae","MycoBank",1.25
"F_TRCHD_MNYN","Trichoderma mianyangense","species","accepted","Fungi","Hypocreaceae","MycoBank",1.25
"F_TRCHD_MNYNG","Trichoderma mianyangensis","species","accepted","Fungi","Hypocreaceae","GBIF",1.25
"F_TRCHD_MLTF","Trichoderma multiforme","species","accepted","Fungi","Hypocreaceae","MycoBank",1.25
"F_TRCHD_NGZH","Trichoderma neoguizhouense","species","accepted","Fungi","Hypocreaceae","MycoBank",1.25
"F_TRCHD_NHNG","Trichoderma neohongkuii","species","accepted","Fungi","Hypocreaceae","MycoBank",1.25
"F_TRCHD_NNSG","Trichoderma neoinsigne","species","accepted","Fungi","Hypocreaceae","MycoBank",1.25
"F_TRCHD_NBLS","Trichoderma nobilis","species","accepted","Fungi","Hypocreaceae","MycoBank",1.25
"F_TRCHD_PLDL","Trichoderma palidulum","species","accepted","Fungi","Hypocreaceae","GBIF",1.25
"F_TRCHD_PRHM","Trichoderma parahamatum","species","accepted","Fungi","Hypocreaceae","MycoBank",1.25
"F_TRCHD_PRHN","Trichoderma parahongkuii","species","accepted","Fungi","Hypocreaceae","MycoBank",1.25
"F_TRCHD_PRPB","Trichoderma parapeberdyi","species","accepted","Fungi","Hypocreaceae","MycoBank",1.25
"F_TRCHD_TRSI","Trichoderma petersii","species","accepted","Fungi","Hypocreaceae","MycoBank",1.25
"F_TRCHD_PINL","Trichoderma pinaliae","species","accepted","Fungi","Hypocreaceae","MycoBank",1.25
"F_TRCHD_PLTY","Trichoderma platycladi","species","accepted","Fungi","Hypocreaceae","GBIF",1.25
"F_TRCHD_RTCL","Trichoderma reticulatae","species","accepted","Fungi","Hypocreaceae","MycoBank",1.25
"F_TRCHD_SCCH","Trichoderma saccharinum","species","accepted","Fungi","Hypocreaceae","MycoBank",1.25
"F_TRCHD_SNSD","Trichoderma sanisidroense","species","accepted","Fungi","Hypocreaceae","MycoBank",1.25
"F_TRCHD_SCTL","Trichoderma scutelliforme","species","accepted","Fungi","Hypocreaceae","MycoBank",1.25
"F_TRCHD_SDMN","Trichoderma sedimenticola","species","accepted","Fungi","Hypocreaceae","MycoBank",1.25
"F_TRCHD_SHNX","Trichoderma shaanxiense","species","accepted","Fungi","Hypocreaceae","MycoBank",1.25
"F_TRCHD_XNSS","Trichoderma shaanxiensis","species","accepted","Fungi","Hypocreaceae","GBIF",1.25
"F_TRCHD_STRP","Trichoderma strophariae","species","accepted","Fungi","Hypocreaceae","MycoBank",1.25
"F_TRCHD_STRPH","Trichoderma strophariensis","species","accepted","Fungi","Hypocreaceae","GBIF",1.25
"F_TRCHD_SBRF","Trichoderma subrufum","species","accepted","Fungi","Hypocreaceae","MycoBank",1.25
"F_TRCHD_THLNDN","Trichoderma thailandense","species","accepted","Fungi","Hypocreaceae","MycoBank",1.25
"F_TRCHD_TNGR","Trichoderma tongrenense","species","accepted","Fungi","Hypocreaceae","MycoBank",1.25
"F_TRCHD_TBRC","Trichoderma tuberculatum","species","synonym","Fungi","Hypocreaceae","GBIF",1.25
"F_TRCHD_VRDST","Trichoderma viridistromatis","species","accepted","Fungi","Hypocreaceae","MycoBank",1.25
"F_TRCHD_WJNG","Trichoderma wujiangense","species","accepted","Fungi","Hypocreaceae","MycoBank",1.25
"F_TRCHD_YNNS","Trichoderma yaanense","species","accepted","Fungi","Hypocreaceae","MycoBank",1.25
"F_TRCHD_YNNSS","Trichoderma yaanensis","species","accepted","Fungi","Hypocreaceae","GBIF",1.25
"F_TRCHD_YLNN","Trichoderma yilanense","species","accepted","Fungi","Hypocreaceae","MycoBank",1.25
"F_TRCHD_ZHNG","Trichoderma zhuangiae","species","accepted","Fungi","Hypocreaceae","MycoBank",1.25
"F_TNSCS_CFRR","Trichomonascus ciferrii","species","accepted","Fungi","Trichomonascaceae","MycoBank",1.25
"F_TRCHN_ALBD","Trichonectria albidopilosa","species","accepted","Fungi","Trichonectriaceae","MycoBank",1.25
"F_TRCHN_ANSS","Trichonectria anisospora","species","synonym","Fungi","Trichonectriaceae","MycoBank",1.25
"F_TRCHN_HIRT","Trichonectria hirta","species","accepted","Fungi","Trichonectriaceae","MycoBank",1.25
"F_TRCHNC_LCHN","Trichonectriella lichenicola","species","accepted","Fungi","Trichonectriaceae","MycoBank",1.25
"F_TRCHNC_RHBD","Trichonectriella rhabdospora","species","accepted","Fungi","Trichonectriaceae","MycoBank",1.25
"F_TRCHNC_RBFC","Trichonectriella rubefaciens","species","accepted","Fungi","Trichonectriaceae","MycoBank",1.25
"F_TPRLLA_CRBR","Trichosporiella cerebriformis","species","accepted","Fungi","","MycoBank",1.25
"F_TRCHS_RCNM","Trichosporon austroamericanum","species","accepted","Fungi","Trichosporonaceae","MycoBank",1.25
"F_TRCHS_BLZR","Trichosporon balzeri","species","synonym","Fungi","Trichosporonaceae","GBIF",1.25
"F_TRCHS_DNDR","Trichosporon dendriticum","species","synonym","Fungi","Trichosporonaceae","GBIF",1.25
"F_TRCHS_DNSI","Trichosporon diddensii","species","synonym","Fungi","Trichosporonaceae","GBIF",1.25
"F_TRCHS_INLN","Trichosporon inulinum","species","synonym","Fungi","Trichosporonaceae","GBIF",1.25
"F_TRCHS_JIUQ","Trichosporon jiuqu","species","accepted","Fungi","Trichosporonaceae","MycoBank",1.25
"F_TRCHS_DDRI","Trichosporon lodderi","species","synonym","Fungi","Trichosporonaceae","GBIF",1.25
"F_TRCHS_MINR","Trichosporon minor","species","synonym","Fungi","Trichosporonaceae","GBIF",1.25
"F_TRCHS_DNSE","Trichosporon montevidense","species","synonym","Fungi","Trichosporonaceae","GBIF",1.25
"F_THSPRM_BRNN","Trichosporum brunneum","species","accepted","Fungi","Piedraiaceae","MycoBank",1.25
"F_THSPRM_CLCG","Trichosporum calcigenum","species","accepted","Fungi","Piedraiaceae","MycoBank",1.25
"F_THSPRM_CNNB","Trichosporum cinnabarinum","species","accepted","Fungi","Piedraiaceae","MycoBank",1.25
"F_THSPRM_ELCH","Trichosporum elaeochroum","species","accepted","Fungi","Piedraiaceae","MycoBank",1.25
"F_THSPRM_GGNT","Trichosporum giganteum","species","accepted","Fungi","Piedraiaceae","MycoBank",1.25
"F_THSPRM_HMSM","Trichosporum hamosum","species","accepted","Fungi","Piedraiaceae","MycoBank",1.25
"F_THSPRM_HLSR","Trichosporum holosericeum","species","accepted","Fungi","Piedraiaceae","MycoBank",1.25
"F_THSPRM_PRTN","Trichosporum parietinum","species","accepted","Fungi","Piedraiaceae","MycoBank",1.25
"AN_TRCHS_CSTC","Trichostrongylus cesticillus","species","accepted","Animalia","Trichostrongylidae","GBIF",1.25
"F_TRCHTH_ACRD","Trichothecium acridiorum","species","accepted","Fungi","Myrotheciomycetaceae","MycoBank",1.25
"F_TRCHTH_CRTC","Trichothecium crotocinigenum","species","accepted","Fungi","Myrotheciomycetaceae","MycoBank",1.25
"AN_TRCHR_BAIN","Trichuris bainae","species","accepted","Animalia","Trichuridae","GBIF",1.25
"AN_TRCHR_COLB","Trichuris colobae","species","accepted","Animalia","Trichuridae","GBIF",1.25
"AN_TRCHR_CTLL","Trichuris cutillasae","species","accepted","Animalia","Trichuridae","GBIF",1.25
"AN_TRCHR_DPLN","Trichuris duplantieri","species","accepted","Animalia","Trichuridae","GBIF",1.25
"AN_TRCHR_FELS","Trichuris felis","species","accepted","Animalia","Trichuridae","GBIF",1.25
"AN_TRCHR_GZLL","Trichuris gazellae","species","accepted","Animalia","Trichuridae","GBIF",1.25
"AN_TRCHR_GRCL","Trichuris gracilis","species","accepted","Animalia","Trichuridae","GBIF",1.25
"AN_TRCHR_INFND","Trichuris infundibulis","species","accepted","Animalia","Trichuridae","GBIF",1.25
"AN_TRCHR_LNDK","Trichuris landak","species","accepted","Animalia","Trichuridae","GBIF",1.25
"AN_TRCHR_MASS","Trichuris massoiai","species","accepted","Animalia","Trichuridae","GBIF",1.25
"AN_TRCHR_MINT","Trichuris minuta","species","accepted","Animalia","Trichuridae","GBIF",1.25
"AN_TRCHR_RESL","Trichuris reesali","species","accepted","Animalia","Trichuridae","GBIF",1.25
"AN_TRCHR_SBSP","Trichuris subspiralis","species","accepted","Animalia","Trichuridae","GBIF",1.25
"AN_TRCHR_URSN","Trichuris ursinus","species","accepted","Animalia","Trichuridae","GBIF",1.25
"F_TRGNP_CNTR","Trigonopsis cantarellii","species","accepted","Fungi","Trigonopsidaceae","MycoBank",1.25
"F_TRGNP_VINR","Trigonopsis vinaria","species","accepted","Fungi","Trigonopsidaceae","MycoBank",1.25
"F_TRGNS_HYLP","Trigonosporomyces hylophilus","species","accepted","Fungi","","MycoBank",1.25
"F_TRDMY_ALTL","Triodiomyces altilis","species","accepted","Fungi","Ustilaginaceae","MycoBank",1.25
"F_TRDMY_INLT","Triodiomyces inaltilis","species","accepted","Fungi","Ustilaginaceae","MycoBank",1.25
"F_TRDMY_LTNS","Triodiomyces lituanus","species","accepted","Fungi","Ustilaginaceae","MycoBank",1.25
"F_TRDMY_LNTS","Triodiomyces lunatus","species","accepted","Fungi","Ustilaginaceae","MycoBank",1.25
"F_TRDMY_TRID","Triodiomyces triodiae","species","accepted","Fungi","Ustilaginaceae","MycoBank",1.25
"F_TRPSP_STPL","Triposporium stapeliae","species","accepted","Fungi","","MycoBank",1.25
"F_TCHLA_CRTR","Trochila craterium","species","accepted","Fungi","Cenangiaceae","MycoBank",1.25
"AN_TRMBC_ARNT","Trombicula aurantiacus","species","accepted","Animalia","Trombiculidae","GBIF",1.25
"F_TRNCT_ANGS","Truncatella angustata","species","accepted","Fungi","Sporocadaceae","MycoBank",1.25
"P_TRYPN_KAIW","Trypanosoma kaiowa","species","accepted","Protozoa","Trypanosomatidae","GBIF",1.25
"P_TRYPN_MADR","Trypanosoma madeirae","species","accepted","Protozoa","Trypanosomatidae","GBIF",1.25
"P_TRYPN_NDMN","Trypanosoma ndumoensis","species","accepted","Protozoa","Trypanosomatidae","GBIF",1.25
"P_TRYPN_NETZ","Trypanosoma neitzi","species","accepted","Protozoa","Trypanosomatidae","GBIF",1.25
"P_TRYPN_PINR","Trypanosoma pienaari","species","accepted","Protozoa","Trypanosomatidae","GBIF",1.25
"P_TRYPN_SHPP","Trypanosoma sheppardi","species","accepted","Protozoa","Trypanosomatidae","GBIF",1.25
"P_TRYPN_TKLS","Trypanosoma tokoloshi","species","accepted","Protozoa","Trypanosomatidae","GBIF",1.25
"P_TRYPN_TRNP","Trypanosoma trinaperronei","species","accepted","Protozoa","Trypanosomatidae","GBIF",1.25
"P_TRYPN_TNGR","Trypanosoma tungarae","species","accepted","Protozoa","Trypanosomatidae","GBIF",1.25
"F_TBRCL_GLND","Tubercularia glandicola","species","accepted","Fungi","Nectriaceae","MycoBank",1.25
"F_TBRCN_PNCT","Tuburcinia punctiformis","species","accepted","Fungi","Urocystidaceae","MycoBank",1.25
"F_TMNCT_LTDS","Tumenectria laetidisca","species","accepted","Fungi","Nectriaceae","MycoBank",1.25
"F_TYPHC_TYPH","Typhicola typharum","species","accepted","Fungi","Pleosporaceae","GBIF",1.25
"F_TYRNN_HNLN","Tyrannosorus hanlinianus","species","accepted","Fungi","Venturiaceae","MycoBank",1.25
"F_TYRNN_HYST","Tyrannosorus hystrioides","species","accepted","Fungi","Venturiaceae","GBIF",1.25
"F_UDNMY_PNCS","Udeniomyces puniceus","species","accepted","Fungi","Mrakiaceae","MycoBank",1.25
"F_UDNZY_FRLC","Udeniozyma ferulica","species","accepted","Fungi","Colacogloeaceae","MycoBank",1.25
"F_UGOLA_PRTC","Ugola praticola","species","accepted","Fungi","Lyophyllaceae","MycoBank",1.25
"F_ULCLD_ODMNS","Ulocladium oudemansia","species","synonym","Fungi","Pleosporaceae","GBIF",1.25
"F_UMBLP_ATTR","Umbelopsis autotrophica","species","accepted","Fungi","Umbelopsidaceae","GBIF",1.25
"F_UMBLP_ISBL","Umbelopsis isabellina","species","accepted","Fungi","Umbelopsidaceae","MycoBank",1.25
"F_UMBLP_LNGC","Umbelopsis longicollis","species","accepted","Fungi","Umbelopsidaceae","MycoBank",1.25
"F_UMBLP_NANA","Umbelopsis nana","species","accepted","Fungi","Umbelopsidaceae","MycoBank",1.25
"F_UMBLP_OVAT","Umbelopsis ovata","species","accepted","Fungi","Umbelopsidaceae","MycoBank",1.25
"F_UMBLP_RMNN","Umbelopsis ramanniana","species","accepted","Fungi","Umbelopsidaceae","MycoBank",1.25
"F_UMBLP_VRSF","Umbelopsis versiformis","species","accepted","Fungi","Umbelopsidaceae","GBIF",1.25
"F_UMBLP_VINC","Umbelopsis vinacea","species","accepted","Fungi","Umbelopsidaceae","MycoBank",1.25
"F_UREDO_DGTR","Uredo digitariae","species","accepted","Fungi","Pucciniaceae","MycoBank",1.25
"F_URNUL_CRTR","Urnula craterium","species","accepted","Fungi","Sarcosomataceae","MycoBank",1.25
"F_URCYS_ANMN","Urocystis anemones","species","accepted","Fungi","Urocystidaceae","MycoBank",1.25
"F_URCYS_MCRS","Urocystis macrospora","species","accepted","Fungi","Urocystidaceae","MycoBank",1.25
"F_URCYS_MNTR","Urocystis monotropae","species","accepted","Fungi","Urocystidaceae","MycoBank",1.25
"F_USTCY_WLDS","Ustacystis waldsteiniae","species","accepted","Fungi","Urocystidaceae","MycoBank",1.25
"F_USTNC_DCHR","Ustanciosporium dichromenae","species","accepted","Fungi","Anthracoideaceae","MycoBank",1.25
"F_USTNC_GGNT","Ustanciosporium gigantosporum","species","accepted","Fungi","Anthracoideaceae","MycoBank",1.25
"F_USTNC_MAJS","Ustanciosporium majus","species","accepted","Fungi","Anthracoideaceae","GBIF",1.25
"F_USTNC_MNTG","Ustanciosporium montagnei","species","accepted","Fungi","Anthracoideaceae","MycoBank",1.25
"F_USTNC_PSLC","Ustanciosporium psilocaryae","species","accepted","Fungi","Anthracoideaceae","GBIF",1.25
"F_USTNC_STND","Ustanciosporium standleyanum","species","accepted","Fungi","Anthracoideaceae","GBIF",1.25
"F_USTNC_TBRT","Ustanciosporium taubertianum","species","accepted","Fungi","Anthracoideaceae","MycoBank",1.25
"F_USTLGN_VRNS","Ustilaginoidea virens","species","accepted","Fungi","Clavicipitaceae","MycoBank",1.25
"F_USTLG_AEGLP","Ustilago aegilopis","species","synonym","Fungi","Ustilaginaceae","GBIF",1.25
"F_USTLG_AMDL","Ustilago amadelpha","species","synonym","Fungi","Ustilaginaceae","GBIF",1.25
"F_USTLG_ANMN","Ustilago anemones","species","synonym","Fungi","Ustilaginaceae","GBIF",1.25
"F_USTLG_TDRA","Ustilago aristidaria","species","synonym","Fungi","Ustilaginaceae","GBIF",1.25
"F_USTLG_ASTRF","Ustilago austroafricana","species","accepted","Fungi","Ustilaginaceae","MycoBank",1.25
"F_USTLG_IHYI","Ustilago brachypodii-distachyii","species","synonym","Fungi","Ustilaginaceae","GBIF",1.25
"F_USTLG_CHTL","Ustilago chitaleyae","species","accepted","Fungi","Ustilaginaceae","MycoBank",1.25
"F_USTLG_NGNSS","Ustilago congoensis","species","synonym","Fungi","Ustilaginaceae","GBIF",1.25
"F_USTLG_CORDA","Ustilago cordae","species","synonym","Fungi","Ustilaginaceae","GBIF",1.25
"F_USTLG_FLCL","Ustilago foliicola","species","accepted","Fungi","Ustilaginaceae","MycoBank",1.25
"F_USTLG_RBRA","Ustilago hyperborea","species","synonym","Fungi","Ustilaginaceae","GBIF",1.25
"F_USTLG_HNNA","Ustilago kuhneana","species","synonym","Fungi","Ustilaginaceae","GBIF",1.25
"F_USTLG_LCRJ","Ustilago lacrymae-jobi","species","synonym","Fungi","Ustilaginaceae","GBIF",1.25
"F_USTLG_NSTP","Ustilago neostapfiellae","species","accepted","Fungi","Ustilaginaceae","MycoBank",1.25
"F_USTLG_NTLS","Ustilago orientalis","species","synonym","Fungi","Ustilaginaceae","GBIF",1.25
"F_USTLG_PHRGM","Ustilago phragmites","species","accepted","Fungi","Ustilaginaceae","GBIF",1.25
"F_USTLG_ICSI","Ustilago polygoni-senticosi","species","synonym","Fungi","Ustilaginaceae","GBIF",1.25
"F_USTLG_PRPR","Ustilago purpurea","species","synonym","Fungi","Ustilaginaceae","GBIF",1.25
"F_USTLG_RDLP","Ustilago rudolphii","species","synonym","Fungi","Ustilaginaceae","GBIF",1.25
"F_USTLG_SALVE","Ustilago salvei","species","synonym","Fungi","Ustilaginaceae","GBIF",1.25
"F_USTLG_PGNS","Ustilago trachypogonis","species","synonym","Fungi","Ustilaginaceae","GBIF",1.25
"F_USTLG_CLRM","Ustilago urceolorum","species","synonym","Fungi","Ustilaginaceae","GBIF",1.25
"F_USTLG_ZEAE","Ustilago zeae","species","synonym","Fungi","Ustilaginaceae","GBIF",1.25
"F_USTLN_GRMN","Ustilentyloma graminis","species","accepted","Fungi","Ustilentylomataceae","MycoBank",1.25
"F_UTRCH_ARND","Utrechtiana arundinacea","species","accepted","Fungi","Pyriculariaceae","MycoBank",1.25
"F_VCPHM_BLGR","Vacuiphoma bulgarica","species","accepted","Fungi","Didymellaceae","MycoBank",1.25
"F_VCPHM_LARN","Vacuiphoma laurina","species","accepted","Fungi","Didymellaceae","MycoBank",1.25
"F_VLSNC_INFL","Valsonectria inflata","species","accepted","Fungi","Valsonectriaceae","MycoBank",1.25
"F_VLSNC_ROSL","Valsonectria roseola","species","accepted","Fungi","Valsonectriaceae","MycoBank",1.25
"F_VZYMA_PLYS","Vanderwaltozyma polyspora","species","accepted","Fungi","Saccharomycetaceae","MycoBank",1.25
"F_VZYMA_YRRW","Vanderwaltozyma yarrowii","species","accepted","Fungi","Saccharomycetaceae","MycoBank",1.25
"F_VANKY_HFLR","Vankya heufleri","species","accepted","Fungi","Urocystidaceae","MycoBank",1.25
"F_VANKY_ORNT","Vankya ornithogali","species","accepted","Fungi","Urocystidaceae","MycoBank",1.25
"F_VANRJ_HMCL","Vanrija humicola","species","accepted","Fungi","Trichosporonaceae","MycoBank",1.25
"F_VENTR_ACRN","Venturia acerina","species","accepted","Fungi","Venturiaceae","MycoBank",1.25
"F_VENTR_BRLS","Venturia borealis","species","accepted","Fungi","Venturiaceae","MycoBank",1.25
"F_VENTR_CRPP","Venturia carpophila","species","accepted","Fungi","Venturiaceae","MycoBank",1.25
"F_VENTR_CERS","Venturia cerasi","species","accepted","Fungi","Venturiaceae","MycoBank",1.25
"F_VENTR_EFFS","Venturia effusa","species","accepted","Fungi","Venturiaceae","GBIF",1.25
"F_VENTR_INQL","Venturia inaequalis","species","accepted","Fungi","Venturiaceae","MycoBank",1.25
"F_VENTR_MRTN","Venturia martianoffiana","species","accepted","Fungi","Venturiaceae","MycoBank",1.25
"F_VENTR_ORBC","Venturia orbiculata","species","accepted","Fungi","Venturiaceae","MycoBank",1.25
"F_VENTR_PTNT","Venturia potentillae","species","accepted","Fungi","Venturiaceae","GBIF",1.25
"F_VENTR_PYRN","Venturia pyrina","species","accepted","Fungi","Venturiaceae","MycoBank",1.25
"F_VENTR_RADS","Venturia radiosa","species","accepted","Fungi","Venturiaceae","MycoBank",1.25
"F_VNSTM_PARV","Venustampulla parva","species","accepted","Fungi","Pleuroascaceae","MycoBank",1.25
"F_VRMCLR_HRBR","Vermicularia herbarum","species","accepted","Fungi","Glomerellaceae","MycoBank",1.25
"F_VERON_BTRY","Veronaea botryosa","species","accepted","Fungi","Herpotrichiellaceae","MycoBank",1.25
"F_VERON_CPRP","Veronaea coprophila","species","accepted","Fungi","Herpotrichiellaceae","GBIF",1.25
"F_VRNPS_SMPL","Veronaeopsis simplex","species","accepted","Fungi","Sympoventuriaceae","MycoBank",1.25
"F_VRRCC_GZHN","Verruciconidia guizhouensis","species","accepted","Fungi","Bionectriaceae","MycoBank",1.25
"F_VRRCC_PRSC","Verruciconidia persicina","species","accepted","Fungi","Bionectriaceae","MycoBank",1.25
"F_VRRCC_VRRC","Verruciconidia verruculosa","species","accepted","Fungi","Bionectriaceae","MycoBank",1.25
"F_VRRCN_CLDF","Verruconis calidifluminalis","species","accepted","Fungi","Sympoventuriaceae","MycoBank",1.25
"F_VRRCN_GLLP","Verruconis gallopava","species","accepted","Fungi","Sympoventuriaceae","MycoBank",1.25
"F_VRRCN_TRRC","Verruconis terricola","species","accepted","Fungi","Sympoventuriaceae","MycoBank",1.25
"F_VRRCN_TRCL","Verruconis tricladiata","species","accepted","Fungi","Sympoventuriaceae","MycoBank",1.25
"F_VRRCN_VRRC","Verruconis verruculosa","species","accepted","Fungi","Sympoventuriaceae","MycoBank",1.25
"F_VRTCC_APCL","Verticicladium apicale","species","accepted","Fungi","Chorioactidaceae","GBIF",1.25
"F_VRTCL_BMBY","Verticillium bombycis","species","accepted","Fungi","Trichosphaeriaceae","MycoBank",1.25
"F_VRTCL_BTRY","Verticillium botrytoides","species","accepted","Fungi","Trichosphaeriaceae","GBIF",1.25
"F_VRTCL_CNRSC","Verticillium cinerascens","species","accepted","Fungi","Trichosphaeriaceae","GBIF",1.25
"F_VRTCL_FLVC","Verticillium flavicans","species","synonym","Fungi","Trichosphaeriaceae","GBIF",1.25
"F_VRTCL_LINL","Verticillium lineola","species","accepted","Fungi","Trichosphaeriaceae","GBIF",1.25
"F_VRTCL_SLFR","Verticillium sulfurellum","species","accepted","Fungi","Trichosphaeriaceae","GBIF",1.25
"F_VIRGR_LGNT","Virgaria lignatilis","species","accepted","Fungi","Xylariaceae","GBIF",1.25
"F_VIRGR_NIGR","Virgaria nigra","species","accepted","Fungi","Xylariaceae","MycoBank",1.25
"F_VRGTS_ECHN","Virgatospora echinofibrosa","species","accepted","Fungi","","MycoBank",1.25
"F_VSHNC_CRNS","Vishniacozyma carnescens","species","accepted","Fungi","Bulleribasidiaceae","MycoBank",1.25
"F_VSHNC_DMNN","Vishniacozyma dimennae","species","accepted","Fungi","Bulleribasidiaceae","MycoBank",1.25
"F_VSHNC_PENS","Vishniacozyma penaeus","species","accepted","Fungi","Bulleribasidiaceae","MycoBank",1.25
"F_VSHNC_VCTR","Vishniacozyma victoriae","species","accepted","Fungi","Bulleribasidiaceae","MycoBank",1.25
"F_VLTLL_CNSR","Volutella consors","species","accepted","Fungi","Nectriaceae","MycoBank",1.25
"F_VLTLL_PLLN","Volutella pallens","species","accepted","Fungi","Nectriaceae","MycoBank",1.25
"F_VNRXL_JVNC","Vonarxula javanica","species","accepted","Fungi","","MycoBank",1.25
"F_VXMYC_RMLN","Vouauxiomyces ramalinae","species","accepted","Fungi","","MycoBank",1.25
"F_VXMYC_TRNC","Vouauxiomyces truncatus","species","accepted","Fungi","","MycoBank",1.25
"F_WLTRG_CTRN","Waltergamsia citrina","species","accepted","Fungi","Bionectriaceae","MycoBank",1.25
"F_WLTRG_DMRP","Waltergamsia dimorphospora","species","accepted","Fungi","Bionectriaceae","MycoBank",1.25
"F_WLTRG_FSDD","Waltergamsia fusidioides","species","accepted","Fungi","Bionectriaceae","MycoBank",1.25
"F_WLTRG_HNNB","Waltergamsia hennebertii","species","accepted","Fungi","Bionectriaceae","MycoBank",1.25
"F_WLTRG_ISBL","Waltergamsia isabellae","species","accepted","Fungi","Bionectriaceae","MycoBank",1.25
"F_WLTRG_MALI","Waltergamsia mali","species","accepted","Fungi","Bionectriaceae","MycoBank",1.25
"F_WLTRG_PARV","Waltergamsia parva","species","accepted","Fungi","Bionectriaceae","MycoBank",1.25
"F_WLTRG_PILS","Waltergamsia pilosa","species","accepted","Fungi","Bionectriaceae","MycoBank",1.25
"F_WLTRG_ZYLN","Waltergamsia zeylanica","species","accepted","Fungi","Bionectriaceae","MycoBank",1.25
"F_WNGLL_MNSN","Wangiella mansonii","species","synonym","Fungi","Herpotrichiellaceae","GBIF",1.25
"F_WRCPL_SPNL","Warcupiella spinulosa","species","accepted","Fungi","Aspergillaceae","MycoBank",1.25
"F_WRDMY_GGNT","Wardomyces giganteus","species","accepted","Fungi","Microascaceae","GBIF",1.25
"F_WCPSS_HMCL","Wardomycopsis humicola","species","accepted","Fungi","Microascaceae","MycoBank",1.25
"F_WBSDN_LYGN","Websdanea lyginiae","species","accepted","Fungi","Websdaneaceae","MycoBank",1.25
"F_WSTRD_CPTL","Westerdykella capitulum","species","accepted","Fungi","Sporormiaceae","MycoBank",1.25
"F_WSTRD_MNTS","Westerdykella minutispora","species","accepted","Fungi","Sporormiaceae","MycoBank",1.25
"F_WCKRH_FLRS","Wickerhamia fluorescens","species","accepted","Fungi","Debaryomycetaceae","MycoBank",1.25
"F_WMLLA_ALCS","Wickerhamiella alocasiicola","species","accepted","Fungi","Trichomonascaceae","MycoBank",1.25
"F_WMLLA_AZYM","Wickerhamiella azyma","species","synonym","Fungi","Trichomonascaceae","MycoBank",1.25
"F_WMLLA_YMDS","Wickerhamiella azymoides","species","synonym","Fungi","Trichomonascaceae","MycoBank",1.25
"F_WMLLA_BMBP","Wickerhamiella bombiphila","species","accepted","Fungi","Trichomonascaceae","MycoBank",1.25
"F_WMLLA_DMRC","Wickerhamiella domercqiae","species","accepted","Fungi","Trichomonascaceae","MycoBank",1.25
"F_WMLLA_DRSP","Wickerhamiella drosophilae","species","synonym","Fungi","Trichomonascaceae","MycoBank",1.25
"F_WMLLA_GLCT","Wickerhamiella galacta","species","synonym","Fungi","Trichomonascaceae","MycoBank",1.25
"F_WMLLA_HSGW","Wickerhamiella hasegawae","species","accepted","Fungi","Trichomonascaceae","MycoBank",1.25
"F_WMLLA_INFN","Wickerhamiella infanticola","species","synonym","Fungi","Trichomonascaceae","MycoBank",1.25
"F_WMLLA_JLPN","Wickerhamiella jalapaonensis","species","synonym","Fungi","Trichomonascaceae","MycoBank",1.25
"F_WMLLA_KAZU","Wickerhamiella kazuoi","species","synonym","Fungi","Trichomonascaceae","MycoBank",1.25
"F_WMLLA_MSPH","Wickerhamiella musiphila","species","accepted","Fungi","Trichomonascaceae","MycoBank",1.25
"F_WMLLA_PRRG","Wickerhamiella pararugosa","species","accepted","Fungi","Trichomonascaceae","MycoBank",1.25
"F_WMLLA_PRZY","Wickerhamiella parazyma","species","accepted","Fungi","Trichomonascaceae","MycoBank",1.25
"F_WMLLA_SRGP","Wickerhamiella sergipiensis","species","synonym","Fungi","Trichomonascaceae","MycoBank",1.25
"F_WMLLA_SRBP","Wickerhamiella sorbophila","species","accepted","Fungi","Trichomonascaceae","MycoBank",1.25
"F_WMLLA_SPND","Wickerhamiella spandovensis","species","synonym","Fungi","Trichomonascaceae","MycoBank",1.25
"F_WMLLA_VNDR","Wickerhamiella vanderwaltii","species","synonym","Fungi","Trichomonascaceae","MycoBank",1.25
"F_WMLLA_VRST","Wickerhamiella versatilis","species","synonym","Fungi","Trichomonascaceae","MycoBank",1.25
"F_WMYCS_GYNG","Wickerhamomyces guiyangensis","species","accepted","Fungi","Wickerhamomycetaceae","MycoBank",1.25
"F_WMYCS_LNNN","Wickerhamomyces lannaensis","species","accepted","Fungi","Wickerhamomycetaceae","MycoBank",1.25
"F_WMYCS_MYNM","Wickerhamomyces myanmarensis","species","accepted","Fungi","Wickerhamomycetaceae","MycoBank",1.25
"F_WMYCS_NNNS","Wickerhamomyces nanensis","species","accepted","Fungi","Wickerhamomycetaceae","MycoBank",1.25
"F_WMYCS_PRMY","Wickerhamomyces paramyanmarensis","species","accepted","Fungi","Wickerhamomycetaceae","MycoBank",1.25
"F_WMYCS_PHYL","Wickerhamomyces phyllophilus","species","accepted","Fungi","Wickerhamomycetaceae","MycoBank",1.25
"F_WMYCS_QNZH","Wickerhamomyces quanzhouensis","species","accepted","Fungi","Wickerhamomycetaceae","MycoBank",1.25
"F_WLHLM_SVNC","Wilhelminamyces savonicus","species","accepted","Fungi","Metschnikowiaceae","MycoBank",1.25
"AN_WCHRR_PCFC","Wuchereria pacifica","species","synonym","Animalia","Onchocercidae","GBIF",1.25
"F_XNTHMY_SPNS","Xanthiomyces spinosus","species","accepted","Fungi","Chaetomiaceae","MycoBank",1.25
"F_XNTHN_PSDP","Xanthonectria pseudopeziza","species","accepted","Fungi","Xanthonectriaceae","MycoBank",1.25
"F_XNCRM_RECF","Xenoacremonium recifei","species","accepted","Fungi","Nectriaceae","MycoBank",1.25
"F_XNCYL_SRPN","Xenocylindrocladium serpens","species","accepted","Fungi","Nectriaceae","MycoBank",1.25
"F_XNDDY_APPL","Xenodidymella applanata","species","accepted","Fungi","Didymellaceae","MycoBank",1.25
"F_XNDDY_CATR","Xenodidymella catariae","species","accepted","Fungi","Didymellaceae","MycoBank",1.25
"F_XNDDY_HMCL","Xenodidymella humicola","species","accepted","Fungi","Didymellaceae","MycoBank",1.25
"F_XNNCT_LTSC","Xenonectriella lutescens","species","accepted","Fungi","Nectriaceae","MycoBank",1.25
"F_XNNCT_SBMP","Xenonectriella subimperspicua","species","accepted","Fungi","Nectriaceae","MycoBank",1.25
"F_XNPHM_PNCT","Xenophoma puncteliae","species","accepted","Fungi","Phaeosphaeriaceae","MycoBank",1.25
"F_XNPYR_PRTR","Xenopyrenochaetopsis pratorum","species","accepted","Fungi","Pyrenochaetopsidaceae","MycoBank",1.25
"F_XRCHR_DRMT","Xerochrysium dermatitidis","species","accepted","Fungi","Aspergillaceae","MycoBank",1.25
"F_XRCHR_XRPH","Xerochrysium xerophilum","species","accepted","Fungi","Aspergillaceae","MycoBank",1.25
"F_YMDZY_AASR","Yamadazyma aaseri","species","accepted","Fungi","Debaryomycetaceae","MycoBank",1.25
"F_YMDZY_AMPH","Yamadazyma amphicis","species","accepted","Fungi","Debaryomycetaceae","MycoBank",1.25
"F_YMDZY_ATLN","Yamadazyma atlantica","species","accepted","Fungi","Debaryomycetaceae","MycoBank",1.25
"F_YMDZY_ATMS","Yamadazyma atmosphaerica","species","accepted","Fungi","Debaryomycetaceae","MycoBank",1.25
"F_YMDZY_BLTT","Yamadazyma blattariae","species","accepted","Fungi","Debaryomycetaceae","MycoBank",1.25
"F_YMDZY_BNNS","Yamadazyma buinensis","species","accepted","Fungi","Debaryomycetaceae","MycoBank",1.25
"F_YMDZY_CRMB","Yamadazyma cerambycidarum","species","accepted","Fungi","Debaryomycetaceae","MycoBank",1.25
"F_YMDZY_DNDR","Yamadazyma dendronema","species","accepted","Fungi","Debaryomycetaceae","MycoBank",1.25
"F_YMDZY_DSPY","Yamadazyma diospyri","species","accepted","Fungi","Debaryomycetaceae","MycoBank",1.25
"F_YMDZY_ENDM","Yamadazyma endomychidarum","species","accepted","Fungi","Debaryomycetaceae","MycoBank",1.25
"F_YMDZY_FRDR","Yamadazyma friedrichii","species","accepted","Fungi","Debaryomycetaceae","MycoBank",1.25
"F_YMDZY_GRMN","Yamadazyma germanica","species","accepted","Fungi","Debaryomycetaceae","MycoBank",1.25
"F_YMDZY_GRGS","Yamadazyma gorgasii","species","accepted","Fungi","Debaryomycetaceae","MycoBank",1.25
"F_YMDZY_CTRM","Yamadazyma insectorum","species","accepted","Fungi","Debaryomycetaceae","MycoBank",1.25
"F_YMDZY_KNCH","Yamadazyma kanchanaburiensis","species","accepted","Fungi","Debaryomycetaceae","MycoBank",1.25
"F_YMDZY_KRSN","Yamadazyma keroseneae","species","accepted","Fungi","Debaryomycetaceae","MycoBank",1.25
"F_YMDZY_LSSP","Yamadazyma lessepsii","species","accepted","Fungi","Debaryomycetaceae","MycoBank",1.25
"F_YMDZY_MMBR","Yamadazyma membranifaciens","species","accepted","Fungi","Debaryomycetaceae","MycoBank",1.25
"F_YMDZY_MCHL","Yamadazyma michaelii","species","accepted","Fungi","Debaryomycetaceae","MycoBank",1.25
"F_YMDZY_NDND","Yamadazyma naeodendra","species","accepted","Fungi","Debaryomycetaceae","MycoBank",1.25
"F_YMDZY_OLIV","Yamadazyma olivae","species","accepted","Fungi","Debaryomycetaceae","MycoBank",1.25
"F_YMDZY_PSDS","Yamadazyma pseudoaaseri","species","accepted","Fungi","Debaryomycetaceae","MycoBank",1.25
"F_YMDZY_SPNC","Yamadazyma spencermartinsiae","species","accepted","Fungi","Debaryomycetaceae","MycoBank",1.25
"F_YMDZY_TKMT","Yamadazyma takamatsuzukensis","species","accepted","Fungi","Debaryomycetaceae","MycoBank",1.25
"F_YMDZY_TLLM","Yamadazyma tallmaniae","species","accepted","Fungi","Debaryomycetaceae","MycoBank",1.25
"F_YMDZY_TMMN","Yamadazyma tammaniensis","species","accepted","Fungi","Debaryomycetaceae","MycoBank",1.25
"F_YMDZY_TYLR","Yamadazyma taylorii","species","accepted","Fungi","Debaryomycetaceae","MycoBank",1.25
"F_YMDZY_TRYP","Yamadazyma trypodendri","species","accepted","Fungi","Debaryomycetaceae","MycoBank",1.25
"F_YMDZY_TMLC","Yamadazyma tumulicola","species","accepted","Fungi","Debaryomycetaceae","MycoBank",1.25
"F_YMDZY_VGHN","Yamadazyma vaughaniae","species","accepted","Fungi","Debaryomycetaceae","MycoBank",1.25
"F_YELSM_SPCL","Yelsemia speculariae","species","accepted","Fungi","Melanotaeniaceae","MycoBank",1.25
"F_YUNNN_CRBN","Yunnania carbonaria","species","accepted","Fungi","Microascaceae","MycoBank",1.25
"F_YNZHN_ARCL","Yunzhangia auriculariae","species","accepted","Fungi","","MycoBank",1.25
"F_YNZHN_SNCK","Yunzhangia sonckii","species","accepted","Fungi","","MycoBank",1.25
"F_ZAREA_FNGC","Zarea fungicola","species","accepted","Fungi","Cordycipitaceae","MycoBank",1.25
"F_ZSMDM_ARAL","Zasmidium araliae","species","accepted","Fungi","Mycosphaerellaceae","GBIF",1.25
"F_ZSMDM_CLLR","Zasmidium cellare","species","accepted","Fungi","Mycosphaerellaceae","MycoBank",1.25
"F_ZSMDM_CRPH","Zasmidium cerophilum","species","accepted","Fungi","Mycosphaerellaceae","MycoBank",1.25
"F_ZSMDM_CNNM","Zasmidium cinnamomi","species","accepted","Fungi","Mycosphaerellaceae","GBIF",1.25
"F_ZSMDM_DGHT","Zasmidium deightonianum","species","accepted","Fungi","Mycosphaerellaceae","MycoBank",1.25
"F_ZSMDM_ERLB","Zasmidium eriolobi","species","accepted","Fungi","Mycosphaerellaceae","GBIF",1.25
"F_ZSMDM_LNCR","Zasmidium lonicericola","species","accepted","Fungi","Mycosphaerellaceae","MycoBank",1.25
"F_ZSMDM_LYTH","Zasmidium lythri","species","accepted","Fungi","Mycosphaerellaceae","MycoBank",1.25
"F_ZSMDM_OXYC","Zasmidium oxycocci","species","accepted","Fungi","Mycosphaerellaceae","GBIF",1.25
"F_ZSMDM_PLLN","Zasmidium paulliniae","species","accepted","Fungi","Mycosphaerellaceae","MycoBank",1.25
"F_ZSMDM_QTNS","Zasmidium quitense","species","accepted","Fungi","Mycosphaerellaceae","MycoBank",1.25
"F_ZSMDM_STIP","Zasmidium stipae","species","accepted","Fungi","Mycosphaerellaceae","MycoBank",1.25
"F_ZSMDM_VNGR","Zasmidium vangueriae","species","accepted","Fungi","Mycosphaerellaceae","GBIF",1.25
"F_ZSMDM_WKST","Zasmidium wikstroemiae","species","accepted","Fungi","Mycosphaerellaceae","MycoBank",1.25
"F_ZLPCL_PNCL","Zelopaecilomyces penicillatus","species","accepted","Fungi","","MycoBank",1.25
"F_ZYGSCS_BTMN","Zygoascus bituminiphilus","species","accepted","Fungi","Trichomonascaceae","MycoBank",1.25
"F_ZYGSCS_HLLN","Zygoascus hellenicus","species","accepted","Fungi","Trichomonascaceae","MycoBank",1.25
"F_ZYGSCS_MEYR","Zygoascus meyerae","species","accepted","Fungi","Trichomonascaceae","GBIF",1.25
"F_ZYGSCS_OFNN","Zygoascus ofunaensis","species","accepted","Fungi","Trichomonascaceae","MycoBank",1.25
"F_ZYGSCS_PLYS","Zygoascus polysorbophilus","species","accepted","Fungi","Trichomonascaceae","MycoBank",1.25
"F_ZYGSCS_TNNC","Zygoascus tannicola","species","accepted","Fungi","Trichomonascaceae","MycoBank",1.25
"F_ZYGSC_ASHB","Zygosaccharomyces ashbyii","species","synonym","Fungi","Saccharomycetaceae","GBIF",1.25
"F_ZYGSC_CHVR","Zygosaccharomyces chevariacea","species","synonym","Fungi","Saccharomycetaceae","GBIF",1.25
"F_ZYGSC_DRSP","Zygosaccharomyces drosophilae","species","synonym","Fungi","Saccharomycetaceae","GBIF",1.25
"F_ZYGSC_TKMN","Zygosaccharomyces tikumaensis","species","synonym","Fungi","Saccharomycetaceae","GBIF",1.25
"F_ZYGTR_FLRN","Zygotorulaspora florentina","species","accepted","Fungi","Saccharomycetaceae","MycoBank",1.25
"F_ZYGTR_MRAK","Zygotorulaspora mrakii","species","accepted","Fungi","Saccharomycetaceae","MycoBank",1.25
"F_ZYMNM_PLMN","Zymonema pulmonalis","species","accepted","Fungi","","MycoBank",1.25
"F_ZYTHI_DNTR","Zythia dentariae","species","accepted","Fungi","Zythiaceae","MycoBank",1.25
"F_ZYTHI_RESN","Zythia resinae","species","accepted","Fungi","Zythiaceae","MycoBank",1.25
