"fullname","mo_old","d_old","mo_new","d_new"
"(unknown name)","UNKNOWN","(unknown kingdom)","UNKNOWN","(unknown domain)"
"Abelspora","P_ABLSP","Protozoa","F_ABLSP","Fungi"
"Abelspora portucalensis","P_ABLSP_PRTC","Protozoa","F_ABLSP_PRTC","Fungi"
"Abelsporidae","P_[FAM]_ABELSPRD","Protozoa","F_[FAM]_ABELSPRD","Fungi"
"Actinomycodium","B_AYCDM","Bacteria","F_AYCDM","Fungi"
"Actinomycodium floccidum","B_AYCDM_FLCC","Bacteria","F_AYCDM_FLCC","Fungi"
"Aedispora","P_AEDSP","Protozoa","F_AEDSP","Fungi"
"Aedispora dorsalis","P_AEDSP_DRSL","Protozoa","F_AEDSP_DRSL","Fungi"
"Aedispora tuzetae","P_AEDSP_TUZT","Protozoa","F_AEDSP_TUZT","Fungi"
"Agamosoma","P_AGAMSM","Protozoa","F_AGMSM","Fungi"
"Agamosoma penaei","P_AGAMSM_PENA","Protozoa","F_AGMSM_PENA","Fungi"
"Agglomerata","P_AGGLM","Protozoa","F_AGGLM","Fungi"
"Agglomerata cladocera","P_AGGLM_CLDC","Protozoa","F_AGGLM_CLDC","Fungi"
"Agglomerata connexa","P_AGGLM_CNNX","Protozoa","F_AGGLM_CNNX","Fungi"
"Agglomerata lacrima","P_AGGLM_LCRM","Protozoa","F_AGGLM_LCRM","Fungi"
"Agglomerata sidae","P_AGGLM_SIDA","Protozoa","F_AGGLM_SIDA","Fungi"
"Agglomerata volgensae","P_AGGLM_VLGN","Protozoa","F_AGGLM_VLGN","Fungi"
"Agmasoma","P_AGMSM","Protozoa","F_AMSMA","Fungi"
"Agmasoma aquinoae","P_AGMSM_AQUN","Protozoa","F_AMSMA_AQUN","Fungi"
"Agmasoma duorara","P_AGMSM_DURR","Protozoa","F_AMSMA_DURR","Fungi"
"Agmasoma penaei","P_AGMSM_PENA","Protozoa","F_AMSMA_PENA","Fungi"
"Alfvenia","P_ALFVN","Protozoa","F_ALFVN","Fungi"
"Alfvenia ceriodaphniae","P_ALFVN_CRDP","Protozoa","F_ALFVN_CRDP","Fungi"
"Alfvenia nuda","P_ALFVN_NUDA","Protozoa","F_ALFVN_NUDA","Fungi"
"Alloglugea","P_ALLGL","Protozoa","F_ALLGL","Fungi"
"Alloglugea bufonis","P_ALLGL_BFNS","Protozoa","F_ALLGL_BFNS","Fungi"
"Amazonspora","P_AMZNS","Protozoa","F_AMZNS","Fungi"
"Amazonspora hassar","P_AMZNS_HSSR","Protozoa","F_AMZNS_HSSR","Fungi"
"Amblyospora","P_AMBLY","Protozoa","F_AMBLY","Fungi"
"Amblyospora ababai","P_AMBLY_ABAB","Protozoa","F_AMBLY_ABAB","Fungi"
"Amblyospora abserrati","P_AMBLY_ABSR","Protozoa","F_AMBLY_ABSR","Fungi"
"Amblyospora addisi","P_AMBLY_ADDS","Protozoa","F_AMBLY_ADDS","Fungi"
"Amblyospora aestiva","P_AMBLY_AEST","Protozoa","F_AMBLY_AEST","Fungi"
"Amblyospora albifasciati","P_AMBLY_ALBF","Protozoa","F_AMBLY_ALBF","Fungi"
"Amblyospora amphipodae","P_AMBLY_AMPH","Protozoa","F_AMBLY_AMPH","Fungi"
"Amblyospora auriferi","P_AMBLY_ARFR","Protozoa","F_AMBLY_ARFR","Fungi"
"Amblyospora bakcharia","P_AMBLY_BKCH","Protozoa","F_AMBLY_BKCH","Fungi"
"Amblyospora baritia","P_AMBLY_BART","Protozoa","F_AMBLY_BART","Fungi"
"Amblyospora benigna","P_AMBLY_BNGN","Protozoa","F_AMBLY_BNGN","Fungi"
"Amblyospora bicortex","P_AMBLY_BCRT","Protozoa","F_AMBLY_BCRT","Fungi"
"Amblyospora bogashovia","P_AMBLY_BGSH","Protozoa","F_AMBLY_BGSH","Fungi"
"Amblyospora bolinasae","P_AMBLY_BLNS","Protozoa","F_AMBLY_BLNS","Fungi"
"Amblyospora bracteata","P_AMBLY_BRCT","Protozoa","F_AMBLY_BRCT","Fungi"
"Amblyospora burlaki","P_AMBLY_BRLK","Protozoa","F_AMBLY_BRLK","Fungi"
"Amblyospora californica","P_AMBLY_CLFR","Protozoa","F_AMBLY_CLFR","Fungi"
"Amblyospora callose","P_AMBLY_CLLS","Protozoa","F_AMBLY_CLLS","Fungi"
"Amblyospora campbelli","P_AMBLY_CMPB","Protozoa","F_AMBLY_CMPB","Fungi"
"Amblyospora camposi","P_AMBLY_CMPS","Protozoa","F_AMBLY_CMPS","Fungi"
"Amblyospora canadensis","P_AMBLY_CNDN","Protozoa","F_AMBLY_CNDN","Fungi"
"Amblyospora cantansi","P_AMBLY_CNTN","Protozoa","F_AMBLY_CNTN","Fungi"
"Amblyospora capillata","P_AMBLY_CPLL","Protozoa","F_AMBLY_CPLL","Fungi"
"Amblyospora caspius","P_AMBLY_CSPS","Protozoa","F_AMBLY_CSPS","Fungi"
"Amblyospora cataphyllus","P_AMBLY_CTPH","Protozoa","F_AMBLY_CTPH","Fungi"
"Amblyospora certa","P_AMBLY_CERT","Protozoa","F_AMBLY_CERT","Fungi"
"Amblyospora chulymia","P_AMBLY_CHLY","Protozoa","F_AMBLY_CHLY","Fungi"
"Amblyospora cinerei","P_AMBLY_CINR","Protozoa","F_AMBLY_CINR","Fungi"
"Amblyospora coluzzii","P_AMBLY_CLZZ","Protozoa","F_AMBLY_CLZZ","Fungi"
"Amblyospora connecticus","P_AMBLY_CNNC","Protozoa","F_AMBLY_CNNC","Fungi"
"Amblyospora conopsa","P_AMBLY_CNPS","Protozoa","F_AMBLY_CNPS","Fungi"
"Amblyospora criniferis","P_AMBLY_CRNF","Protozoa","F_AMBLY_CRNF","Fungi"
"Amblyospora culicis","P_AMBLY_CLCS","Protozoa","F_AMBLY_CLCS","Fungi"
"Amblyospora dakarensis","P_AMBLY_DKRN","Protozoa","F_AMBLY_DKRN","Fungi"
"Amblyospora daqahliyai","P_AMBLY_DQHL","Protozoa","F_AMBLY_DQHL","Fungi"
"Amblyospora debaisieuxi","P_AMBLY_DBSX","Protozoa","F_AMBLY_DBSX","Fungi"
"Amblyospora dissimilis","P_AMBLY_DSSM","Protozoa","F_AMBLY_DSSM","Fungi"
"Amblyospora dolosi","P_AMBLY_DOLS","Protozoa","F_AMBLY_DOLS","Fungi"
"Amblyospora dyxenoides","P_AMBLY_DYXN","Protozoa","F_AMBLY_DYXN","Fungi"
"Amblyospora excrucii","P_AMBLY_EXCR","Protozoa","F_AMBLY_EXCR","Fungi"
"Amblyospora ferocis","P_AMBLY_FRCS","Protozoa","F_AMBLY_FRCS","Fungi"
"Amblyospora fibrata","P_AMBLY_FBRT","Protozoa","F_AMBLY_FBRT","Fungi"
"Amblyospora firma","P_AMBLY_FIRM","Protozoa","F_AMBLY_FIRM","Fungi"
"Amblyospora flavescens","P_AMBLY_FLVS","Protozoa","F_AMBLY_FLVS","Fungi"
"Amblyospora gigantea","P_AMBLY_GGNT","Protozoa","F_AMBLY_GGNT","Fungi"
"Amblyospora hristinia","P_AMBLY_HRST","Protozoa","F_AMBLY_HRST","Fungi"
"Amblyospora hybomitrae","P_AMBLY_HYBM","Protozoa","F_AMBLY_HYBM","Fungi"
"Amblyospora indicola","P_AMBLY_INDC","Protozoa","F_AMBLY_INDC","Fungi"
"Amblyospora indubitantis","P_AMBLY_INDB","Protozoa","F_AMBLY_INDB","Fungi"
"Amblyospora inimica","P_AMBLY_INMC","Protozoa","F_AMBLY_INMC","Fungi"
"Amblyospora jurginia","P_AMBLY_JRGN","Protozoa","F_AMBLY_JRGN","Fungi"
"Amblyospora kadunae","P_AMBLY_KADN","Protozoa","F_AMBLY_KADN","Fungi"
"Amblyospora kazankia","P_AMBLY_KZNK","Protozoa","F_AMBLY_KZNK","Fungi"
"Amblyospora keenani","P_AMBLY_KENN","Protozoa","F_AMBLY_KENN","Fungi"
"Amblyospora khaliulini","P_AMBLY_KHLL","Protozoa","F_AMBLY_KHLL","Fungi"
"Amblyospora kolarovi","P_AMBLY_KLRV","Protozoa","F_AMBLY_KLRV","Fungi"
"Amblyospora lairdi","P_AMBLY_LARD","Protozoa","F_AMBLY_LARD","Fungi"
"Amblyospora macrococcus","P_AMBLY_MCRC","Protozoa","F_AMBLY_MCRC","Fungi"
"Amblyospora mavlukevia","P_AMBLY_MVLK","Protozoa","F_AMBLY_MVLK","Fungi"
"Amblyospora media","P_AMBLY_MEDI","Protozoa","F_AMBLY_MEDI","Fungi"
"Amblyospora minuta","P_AMBLY_MINT","Protozoa","F_AMBLY_MINT","Fungi"
"Amblyospora mocrushinia","P_AMBLY_MCRS","Protozoa","F_AMBLY_MCRS","Fungi"
"Amblyospora modestium","P_AMBLY_MDST","Protozoa","F_AMBLY_MDST","Fungi"
"Amblyospora mojingensis","P_AMBLY_MJNG","Protozoa","F_AMBLY_MJNG","Fungi"
"Amblyospora nataliae","P_AMBLY_NATL","Protozoa","F_AMBLY_NATL","Fungi"
"Amblyospora nigeriana","P_AMBLY_NGRN","Protozoa","F_AMBLY_NGRN","Fungi"
"Amblyospora noxia","P_AMBLY_NOXI","Protozoa","F_AMBLY_NOXI","Fungi"
"Amblyospora opacita","P_AMBLY_OPCT","Protozoa","F_AMBLY_OPCT","Fungi"
"Amblyospora orbiculata","P_AMBLY_ORBC","Protozoa","F_AMBLY_ORBC","Fungi"
"Amblyospora pilosa","P_AMBLY_PILS","Protozoa","F_AMBLY_PILS","Fungi"
"Amblyospora pinensis","P_AMBLY_PNNS","Protozoa","F_AMBLY_PNNS","Fungi"
"Amblyospora polykarya","P_AMBLY_PLYK","Protozoa","F_AMBLY_PLYK","Fungi"
"Amblyospora punctor","P_AMBLY_PNCT","Protozoa","F_AMBLY_PNCT","Fungi"
"Amblyospora rugosa","P_AMBLY_RUGS","Protozoa","F_AMBLY_RUGS","Fungi"
"Amblyospora rustica","P_AMBLY_RSTC","Protozoa","F_AMBLY_RSTC","Fungi"
"Amblyospora salairia","P_AMBLY_SALR","Protozoa","F_AMBLY_SALR","Fungi"
"Amblyospora salinaria","P_AMBLY_SLNR","Protozoa","F_AMBLY_SLNR","Fungi"
"Amblyospora senegalensis","P_AMBLY_SNGL","Protozoa","F_AMBLY_SNGL","Fungi"
"Amblyospora severinia","P_AMBLY_SVRN","Protozoa","F_AMBLY_SVRN","Fungi"
"Amblyospora shegaria","P_AMBLY_SHGR","Protozoa","F_AMBLY_SHGR","Fungi"
"Amblyospora stictici","P_AMBLY_STCT","Protozoa","F_AMBLY_STCT","Fungi"
"Amblyospora stimuli","P_AMBLY_STML","Protozoa","F_AMBLY_STML","Fungi"
"Amblyospora styriaca","P_AMBLY_STYR","Protozoa","F_AMBLY_STYR","Fungi"
"Amblyospora theophanica","P_AMBLY_THPH","Protozoa","F_AMBLY_THPH","Fungi"
"Amblyospora timirasia","P_AMBLY_TMRS","Protozoa","F_AMBLY_TMRS","Fungi"
"Amblyospora tramazayguesi","P_AMBLY_TRMZ","Protozoa","F_AMBLY_TRMZ","Fungi"
"Amblyospora tritaeniorhynchi","P_AMBLY_TRTN","Protozoa","F_AMBLY_TRTN","Fungi"
"Amblyospora ukrainica","P_AMBLY_UKRN","Protozoa","F_AMBLY_UKRN","Fungi"
"Amblyospora undata","P_AMBLY_UNDT","Protozoa","F_AMBLY_UNDT","Fungi"
"Amblyospora undulata","P_AMBLY_UNDL","Protozoa","F_AMBLY_UNDL","Fungi"
"Amblyospora unica","P_AMBLY_UNIC","Protozoa","F_AMBLY_UNIC","Fungi"
"Amblyospora urski","P_AMBLY_URSK","Protozoa","F_AMBLY_URSK","Fungi"
"Amblyospora verna","P_AMBLY_VERN","Protozoa","F_AMBLY_VERN","Fungi"
"Amblyospora weiseri","P_AMBLY_WESR","Protozoa","F_AMBLY_WESR","Fungi"
"Amblyosporidae","P_[FAM]_AMBLYSPR","Protozoa","F_[FAM]_AMBLYSPR","Fungi"
"Ameson","P_AMESN","Protozoa","F_AMESN","Fungi"
"Ameson atlanticum","P_AMESN_ATLN","Protozoa","F_AMESN_ATLN","Fungi"
"Ameson metacarcini","P_AMESN_MTCR","Protozoa","F_AMESN_MTCR","Fungi"
"Ameson michaeli","P_AMESN_MICHL","Protozoa","F_AMESN_CHLI","Fungi"
"Ameson michaelis","P_AMESN_MCHL","Protozoa","F_AMESN_MCHL","Fungi"
"Ameson pulvis","P_AMESN_PLVS","Protozoa","F_AMESN_PLVS","Fungi"
"Ameson sapidi","P_AMESN_SAPD","Protozoa","F_AMESN_SAPD","Fungi"
"Amphiacantha","P_AMPHC","Protozoa","F_AMPHCN","Fungi"
"Amphiacantha attenuata","P_AMPHC_ATTN","Protozoa","F_AMPHCN_ATTN","Fungi"
"Amphiacantha ovalis","P_AMPHC_OVLS","Protozoa","F_AMPHCN_OVLS","Fungi"
"Amphiacanthidae","P_[FAM]_AMPHCNTH","Protozoa","F_[FAM]_AMPHCNTH","Fungi"
"Amphiamblys","P_AMPHM","Protozoa","F_AMPHMB","Fungi"
"Amphiamblys ancorae","P_AMPHM_ANCR","Protozoa","F_AMPHMB_ANCR","Fungi"
"Amphiamblys bhatiellae","P_AMPHM_BHTL","Protozoa","F_AMPHMB_BHTL","Fungi"
"Amphiamblys capitellae","P_AMPHM_CPTLL","Protozoa","F_AMPHMB_CPTL","Fungi"
"Amphiamblys capitellides","P_AMPHM_CPTL","Protozoa","F_AMPHMB_CPTLL","Fungi"
"Amphiamblys capitellidis","P_AMPHM_TLLDS","Protozoa","F_AMPHMB_TLLDS","Fungi"
"Amphiamblys caulleryi","P_AMPHM_CLLR","Protozoa","F_AMPHMB_CLLR","Fungi"
"Amphiamblys longa","P_AMPHM_LONG","Protozoa","F_AMPHMB_LONG","Fungi"
"Amphiamblys longior","P_AMPHM_LNGR","Protozoa","F_AMPHMB_LNGR","Fungi"
"Andreanna","P_ANDRN","Protozoa","F_ANDRN","Fungi"
"Andreanna caspii","P_ANDRN_CASP","Protozoa","F_ANDRN_CASP","Fungi"
"Anncaliia","P_ANNCL","Protozoa","F_ANNCL","Fungi"
"Anncaliia algerae","P_ANNCL_ALGR","Protozoa","F_ANNCL_ALGR","Fungi"
"Anncaliia connori","P_ANNCL_CNNR","Protozoa","F_ANNCL_CNNR","Fungi"
"Anncaliia gambiae","P_ANNCL_GAMB","Protozoa","F_ANNCL_GAMB","Fungi"
"Anncaliia meligethi","P_ANNCL_MLGT","Protozoa","F_ANNCL_MLGT","Fungi"
"Anncaliia varivestis","P_ANNCL_VRVS","Protozoa","F_ANNCL_VRVS","Fungi"
"Anncaliia vesicularum","P_ANNCL_VSCL","Protozoa","F_ANNCL_VSCL","Fungi"
"Anostracospora","P_ANSTR","Protozoa","F_ANSTRC","Fungi"
"Anostracospora rigaudi","P_ANSTR_RIGD","Protozoa","F_ANSTRC_RIGD","Fungi"
"Antonospora","P_ANTNS","Protozoa","F_ANTNS","Fungi"
"Antonospora locustae","P_ANTNS_LCST","Protozoa","F_ANTNS_LCST","Fungi"
"Antonospora psocopterae","P_ANTNS_PSCP","Protozoa","F_ANTNS_PSCP","Fungi"
"Antonospora scoticae","P_ANTNS_SCTC","Protozoa","F_ANTNS_SCTC","Fungi"
"Areospora","P_ARSPR","Protozoa","F_ARSPR","Fungi"
"Areospora rohanae","P_ARSPR_ROHN","Protozoa","F_ARSPR_ROHN","Fungi"
"Areosporiidae","P_[FAM]_AREOSPRD","Protozoa","F_[FAM]_AREOSPRD","Fungi"
"Auraspora","P_ASPRA","Protozoa","F_AURSPR","Fungi"
"Auraspora canningae","P_ASPRA_CNNN","Protozoa","F_AURSPR_CNNN","Fungi"
"Bacillidium","P_BCLLD","Protozoa","F_BCLLD","Fungi"
"Bacillidium argoisi","P_BCLLD_ARGS","Protozoa","F_BCLLD_ARGS","Fungi"
"Bacillidium daphniae","P_BCLLD_DPHN","Protozoa","F_BCLLD_DPHN","Fungi"
"Bacillidium filiferum","P_BCLLD_FLFR","Protozoa","F_BCLLD_FLFR","Fungi"
"Bacillidium stricta","P_BCLLD_STRCT","Protozoa","F_BCLLD_RCTA","Fungi"
"Bacillidium strictum","P_BCLLD_STRC","Protozoa","F_BCLLD_STRC","Fungi"
"Bacillidium vesiculoformis","P_BCLLD_VSCL","Protozoa","F_BCLLD_VSCL","Fungi"
"Baculea","P_BACUL","Protozoa","F_BACUL","Fungi"
"Baculea daphniae","P_BACUL_DPHN","Protozoa","F_BACUL_DPHN","Fungi"
"Becnelia","P_BECNL","Protozoa","F_BECNL","Fungi"
"Becnelia sigarae","P_BECNL_SIGR","Protozoa","F_BECNL_SIGR","Fungi"
"Berwaldia","P_BRWLD","Protozoa","F_BRWLD","Fungi"
"Berwaldia schaefernai","P_BRWLD_SCHF","Protozoa","F_BRWLD_SCHF","Fungi"
"Berwaldia singularis","P_BRWLD_SNGL","Protozoa","F_BRWLD_SNGL","Fungi"
"Binucleata","P_BNCLT","Protozoa","F_BNCLT","Fungi"
"Binucleata daphniae","P_BNCLT_DPHN","Protozoa","F_BNCLT_DPHN","Fungi"
"Binucleospora","P_BNCLS","Protozoa","F_BNCLS","Fungi"
"Binucleospora elongata","P_BNCLS_ELNG","Protozoa","F_BNCLS_ELNG","Fungi"
"Bohuslavia","P_BHSLV","Protozoa","F_BHSLV","Fungi"
"Bohuslavia asterias","P_BHSLV_ASTR","Protozoa","F_BHSLV_ASTR","Fungi"
"Brachiola","P_BRCHL","Protozoa","F_BRCHL","Fungi"
"Brachiola egenella","P_BRCHL_EGNL","Protozoa","F_BRCHL_EGNL","Fungi"
"Bryonosema","P_BRYNS","Protozoa","F_BRYNS","Fungi"
"Bryonosema plumatellae","P_BRYNS_PLMT","Protozoa","F_BRYNS_PLMT","Fungi"
"Bryonosema tuftyi","P_BRYNS_TFTY","Protozoa","F_BRYNS_TFTY","Fungi"
"Burenella","P_BRNLL","Protozoa","F_BRNLL","Fungi"
"Burenella dimorpha","P_BRNLL_DMRP","Protozoa","F_BRNLL_DMRP","Fungi"
"Burenellidae","P_[FAM]_BURENLLD","Protozoa","F_[FAM]_BURENLLD","Fungi"
"Burkea","P_BURKE","Protozoa","F_BURKE","Fungi"
"Burkea eisenia","P_BURKE_EISN","Protozoa","F_BURKE_EISN","Fungi"
"Burkea gatesi","P_BURKE_GATS","Protozoa","F_BURKE_GATS","Fungi"
"Burkeidae","P_[FAM]_BURKEIDA","Protozoa","F_[FAM]_BURKEIDA","Fungi"
"Buxtehudea","P_BXTHD","Protozoa","F_BXTHD","Fungi"
"Buxtehudea scaniae","P_BXTHD_SCAN","Protozoa","F_BXTHD_SCAN","Fungi"
"Buxtehudiidae","P_[FAM]_BXTHDIDAE","Protozoa","F_[FAM]_BUXTEHDD","Fungi"
"Canningia","P_CNNNG","Protozoa","F_CANNNG","Fungi"
"Canningia spinidentis","P_CNNNG_SPND","Protozoa","F_CANNNG_SPND","Fungi"
"Canningia tomici","P_CNNNG_TOMC","Protozoa","F_CANNNG_TOMC","Fungi"
"Capillaria","F_CPLLR","Fungi","AN_CPLLR","Animalia"
"Capillaria acanthopagri","F_CPLLR_ACNT","Fungi","AN_CPLLR_ACNT","Animalia"
"Capillaria anatis","F_CPLLR_ANTS","Fungi","AN_CPLLR_ANTS","Animalia"
"Capillaria angusta","F_CPLLR_ANGS","Fungi","AN_CPLLR_ANGS","Animalia"
"Capillaria annulata","F_CPLLR_ANNL","Fungi","AN_CPLLR_ANNL","Animalia"
"Capillaria appendigera","F_CPLLR_APPN","Fungi","AN_CPLLR_APPN","Animalia"
"Capillaria ariusi","F_CPLLR_ARIS","Fungi","AN_CPLLR_ARIS","Animalia"
"Capillaria brevipes","F_CPLLR_BRVP","Fungi","AN_CPLLR_BRVP","Animalia"
"Capillaria brochieri","F_CPLLR_BRCH","Fungi","AN_CPLLR_BRCH","Animalia"
"Capillaria brosseti","F_CPLLR_BRSS","Fungi","AN_CPLLR_BRSS","Animalia"
"Capillaria cadovulvata","F_CPLLR_CDVL","Fungi","AN_CPLLR_CDVL","Animalia"
"Capillaria carbonis","F_CPLLR_CRBN","Fungi","AN_CPLLR_CRBN","Animalia"
"Capillaria carioca","F_CPLLR_CARC","Fungi","AN_CPLLR_CARC","Animalia"
"Capillaria catenata","F_CPLLR_CTNT","Fungi","AN_CPLLR_CTNT","Animalia"
"Capillaria chabaudi","F_CPLLR_CHBD","Fungi","AN_CPLLR_CHBD","Animalia"
"Capillaria cichlasomae","F_CPLLR_CCHL","Fungi","AN_CPLLR_CCHL","Animalia"
"Capillaria coeca","F_CPLLR_COEC","Fungi","AN_CPLLR_COEC","Animalia"
"Capillaria collaris","F_CPLLR_CLLR","Fungi","AN_CPLLR_CLLR","Animalia"
"Capillaria columbae","F_CPLLR_CLMB","Fungi","AN_CPLLR_CLMB","Animalia"
"Capillaria contorta","F_CPLLR_CNTR","Fungi","AN_CPLLR_CNTR","Animalia"
"Capillaria cooperi","F_CPLLR_COPR","Fungi","AN_CPLLR_COPR","Animalia"
"Capillaria cyprinodonticola","F_CPLLR_CYPR","Fungi","AN_CPLLR_CYPR","Animalia"
"Capillaria dessetae","F_CPLLR_DSST","Fungi","AN_CPLLR_DSST","Animalia"
"Capillaria diesingi","F_CPLLR_DSNG","Fungi","AN_CPLLR_DSNG","Animalia"
"Capillaria droummondi","F_CPLLR_DRMM","Fungi","AN_CPLLR_DRMM","Animalia"
"Capillaria ellisi","F_CPLLR_ELLS","Fungi","AN_CPLLR_ELLS","Animalia"
"Capillaria exigua","F_CPLLR_EXIG","Fungi","AN_CPLLR_EXIG","Animalia"
"Capillaria fulicae","F_CPLLR_FULC","Fungi","AN_CPLLR_FULC","Animalia"
"Capillaria gabonensis","F_CPLLR_GBNN","Fungi","AN_CPLLR_GBNN","Animalia"
"Capillaria gallinae","F_CPLLR_GLLN","Fungi","AN_CPLLR_GLLN","Animalia"
"Capillaria gracilis","F_CPLLR_GRCL","Fungi","AN_CPLLR_GRCL","Animalia"
"Capillaria hakofugu","F_CPLLR_HKFG","Fungi","AN_CPLLR_HKFG","Animalia"
"Capillaria hirundinis","F_CPLLR_HRND","Fungi","AN_CPLLR_HRND","Animalia"
"Capillaria inflexa","F_CPLLR_INFL","Fungi","AN_CPLLR_INFL","Animalia"
"Capillaria jaenschi","F_CPLLR_JNSC","Fungi","AN_CPLLR_JNSC","Animalia"
"Capillaria kabatai","F_CPLLR_KABT","Fungi","AN_CPLLR_KABT","Animalia"
"Capillaria khalili","F_CPLLR_KHLL","Fungi","AN_CPLLR_KHLL","Animalia"
"Capillaria konstantini","F_CPLLR_KNST","Fungi","AN_CPLLR_KNST","Animalia"
"Capillaria landauae","F_CPLLR_LAND","Fungi","AN_CPLLR_LAND","Animalia"
"Capillaria laricola","F_CPLLR_LRCL","Fungi","AN_CPLLR_LRCL","Animalia"
"Capillaria limicolae","F_CPLLR_LMCL","Fungi","AN_CPLLR_LMCL","Animalia"
"Capillaria magnova","F_CPLLR_MGNV","Fungi","AN_CPLLR_MGNV","Animalia"
"Capillaria margolisi","F_CPLLR_MRGL","Fungi","AN_CPLLR_MRGL","Animalia"
"Capillaria merluccii","F_CPLLR_MRLC","Fungi","AN_CPLLR_MRLC","Animalia"
"Capillaria murismusculi","F_CPLLR_MRSM","Fungi","AN_CPLLR_MRSM","Animalia"
"Capillaria murisnitedulae","F_CPLLR_MRSN","Fungi","AN_CPLLR_MRSN","Animalia"
"Capillaria navoneae","F_CPLLR_NAVN","Fungi","AN_CPLLR_NAVN","Animalia"
"Capillaria nyrocinarum","F_CPLLR_NYRC","Fungi","AN_CPLLR_NYRC","Animalia"
"Capillaria ohbayashii","F_CPLLR_OHBY","Fungi","AN_CPLLR_OHBY","Animalia"
"Capillaria phasianina","F_CPLLR_PHSN","Fungi","AN_CPLLR_PHSN","Animalia"
"Capillaria plectropomi","F_CPLLR_PLCT","Fungi","AN_CPLLR_PLCT","Animalia"
"Capillaria pudendotecta","F_CPLLR_PDND","Fungi","AN_CPLLR_PDND","Animalia"
"Capillaria rangiferi","F_CPLLR_RNGF","Fungi","AN_CPLLR_RNGF","Animalia"
"Capillaria recondita","F_CPLLR_RCND","Fungi","AN_CPLLR_RCND","Animalia"
"Capillaria rigidula","F_CPLLR_RGDL","Fungi","AN_CPLLR_RGDL","Animalia"
"Capillaria riukiuensis","F_CPLLR_RKNS","Fungi","AN_CPLLR_RKNS","Animalia"
"Capillaria schmidti","F_CPLLR_SCHM","Fungi","AN_CPLLR_SCHM","Animalia"
"Capillaria similis","F_CPLLR_SMLS","Fungi","AN_CPLLR_SMLS","Animalia"
"Capillaria skrjabini","F_CPLLR_SKRJ","Fungi","AN_CPLLR_SKRJ","Animalia"
"Capillaria spinulosa","F_CPLLR_SPNL","Fungi","AN_CPLLR_SPNL","Animalia"
"Capillaria strigis","F_CPLLR_STRG","Fungi","AN_CPLLR_STRG","Animalia"
"Capillaria tenuissima","F_CPLLR_TNSS","Fungi","AN_CPLLR_TNSS","Animalia"
"Capillaria tridens","F_CPLLR_TRDN","Fungi","AN_CPLLR_TRDN","Animalia"
"Capillaria vespertilionis","F_CPLLR_VSPR","Fungi","AN_CPLLR_VSPR","Animalia"
"Capillaria warwicki","F_CPLLR_WCKI","Fungi","AN_CPLLR_WRWC","Animalia"
"Capillaria wickinsi","F_CPLLR_WCKN","Fungi","AN_CPLLR_WCKN","Animalia"
"Caudosporidae","P_[FAM]_CAUDSPRD","Protozoa","F_[FAM]_CAUDSPRD","Fungi"
"Chapmanium","P_CHPMN","Protozoa","F_CHPMN","Fungi"
"Chapmanium cirritus","P_CHPMN_CRRT","Protozoa","F_CHPMN_CRRT","Fungi"
"Chapmanium macrocystis","P_CHPMN_MCRC","Protozoa","F_CHPMN_MCRC","Fungi"
"Chapmanium nepae","P_CHPMN_NEPA","Protozoa","F_CHPMN_NEPA","Fungi"
"Chytridiopsida","P_[ORD]_CHYTRDPS","Protozoa","F_[ORD]_CHYTRDPS","Fungi"
"Ciliatosporidium","P_CLTSP","Protozoa","F_CLTSP","Fungi"
"Ciliatosporidium platyophryae","P_CLTSP_PLTY","Protozoa","F_CLTSP_PLTY","Fungi"
"Cocconema","P_CCCNM","Protozoa","F_CCCNM","Fungi"
"Cocconema octospora","P_CCCNM_OCTS","Protozoa","F_CCCNM_OCTS","Fungi"
"Coccospora","P_CCCSP","Protozoa","F_CCCSP","Fungi"
"Coccospora stenopelmati","P_CCCSP_STNP","Protozoa","F_CCCSP_STNP","Fungi"
"Cougourdella","P_CGRDL","Protozoa","F_CGRDL","Fungi"
"Cougourdella coryniformis","P_CGRDL_CRYN","Protozoa","F_CGRDL_CRYN","Fungi"
"Cougourdella hydropsycheae","P_CGRDL_HYDR","Protozoa","F_CGRDL_HYDR","Fungi"
"Cougourdella magna","P_CGRDL_MAGN","Protozoa","F_CGRDL_MAGN","Fungi"
"Cougourdella pusilla","P_CGRDL_PSLL","Protozoa","F_CGRDL_PSLL","Fungi"
"Cougourdellidae","P_[FAM]_COGRDLLD","Protozoa","F_[FAM]_COGRDLLD","Fungi"
"Crepidulospora","P_CRPDL","Protozoa","F_CRPDL","Fungi"
"Crepidulospora beklemishevi","P_CRPDL_BKLM","Protozoa","F_CRPDL_BKLM","Fungi"
"Cristulospora","P_CRSTL","Protozoa","F_CRSTLS","Fungi"
"Cristulospora aedis","P_CRSTL_AEDS","Protozoa","F_CRSTLS_AEDS","Fungi"
"Cristulospora cadyrovi","P_CRSTL_CDYR","Protozoa","F_CRSTLS_CDYR","Fungi"
"Cristulospora sherbani","P_CRSTL_SHRB","Protozoa","F_CRSTLS_SHRB","Fungi"
"Cryptosporina","P_CRYPT","Protozoa","F_CTSPRNA","Fungi"
"Cryptosporina brachyfila","P_CRYPT_BRCH","Protozoa","F_CTSPRNA_BRCH","Fungi"
"Cucumispora","P_CCMSP","Protozoa","F_CCMSPR","Fungi"
"Cucumispora dikerogammari","P_CCMSP_DKRG","Protozoa","F_CCMSPR_DKRG","Fungi"
"Cucumispora ornata","P_CCMSP_ORNT","Protozoa","F_CCMSPR_ORNT","Fungi"
"Culicospora","P_CLCSP","Protozoa","F_CLCSPR","Fungi"
"Culicospora damnosi","P_CLCSP_DMNS","Protozoa","F_CLCSPR_DMNS","Fungi"
"Culicosporidae","P_[FAM]_CULCSPRD","Protozoa","F_[FAM]_CULCSPRD","Fungi"
"Cylindrospora","P_CYLND","Protozoa","F_CYLNDRSP","Fungi"
"Cylindrospora chironomi","P_CYLND_CHRN","Protozoa","F_CYLNDRSP_CHRN","Fungi"
"Cylindrospora fasciculata","P_CYLND_FSCC","Protozoa","F_CYLNDRSP_FSCC","Fungi"
"Cylindrosporidae","P_[FAM]_CYLNDRSP","Protozoa","F_[FAM]_CYLNDRSP","Fungi"
"Cystosporogenes","P_CYSTS","Protozoa","F_CYSTS","Fungi"
"Cystosporogenes deliaradicae","P_CYSTS_DLRD","Protozoa","F_CYSTS_DLRD","Fungi"
"Cystosporogenes legeri","P_CYSTS_LEGR","Protozoa","F_CYSTS_LEGR","Fungi"
"Cystosporogenes operophterae","P_CYSTS_OPRP","Protozoa","F_CYSTS_OPRP","Fungi"
"Cystosporogenes pristiphorae","P_CYSTS_PRST","Protozoa","F_CYSTS_PRST","Fungi"
"Dasyatispora","P_DSYTS","Protozoa","F_DSYTS","Fungi"
"Dasyatispora levantinae","P_DSYTS_LVNT","Protozoa","F_DSYTS_LVNT","Fungi"
"Desmozoon","P_DSMZN","Protozoa","F_DSMZN","Fungi"
"Desmozoon lepeophtherii","P_DSMZN_LPPH","Protozoa","F_DSMZN_LPPH","Fungi"
"Desportesia","P_DSPRT","Protozoa","F_DSPRT","Fungi"
"Desportesia laubieri","P_DSPRT_LABR","Protozoa","F_DSPRT_LABR","Fungi"
"Dictyocoela","P_DYCLA","Protozoa","F_DCTYCL","Fungi"
"Dictyocoela berillonum","P_DYCLA_BRLL","Protozoa","F_DCTYCL_BRLL","Fungi"
"Dictyocoela cavimanum","P_DYCLA_CVMN","Protozoa","F_DCTYCL_CVMN","Fungi"
"Dictyocoela deshayesum","P_DYCLA_DSHY","Protozoa","F_DCTYCL_DSHY","Fungi"
"Dictyocoela duebenum","P_DYCLA_DBNM","Protozoa","F_DCTYCL_DBNM","Fungi"
"Dictyocoela gammarellum","P_DYCLA_GMMR","Protozoa","F_DCTYCL_GMMR","Fungi"
"Dictyocoela muelleri","P_DYCLA_MLLR","Protozoa","F_DCTYCL_MLLR","Fungi"
"Dictyocoela roeselum","P_DYCLA_RSLM","Protozoa","F_DCTYCL_RSLM","Fungi"
"Dimeiospora","P_DMSPR","Protozoa","F_DMSPR","Fungi"
"Dimeiospora palustris","P_DMSPR_PLST","Protozoa","F_DMSPR_PLST","Fungi"
"Diplophryidae","F_[FAM]_DPLPHRYD","Fungi","C_[FAM]_DPLPHRYD","Chromista"
"Diplophrys","F_DPLPH","Fungi","C_DPLPH","Chromista"
"Diplophrys parva","F_DPLPH_PARV","Fungi","C_DPLPH_PARV","Chromista"
"Dissociodihaplophasida","P_[ORD]_DSSCDHPL","Protozoa","F_[ORD]_DSSCDHPL","Fungi"
"Duboscqia","P_DBSCQ","Protozoa","F_DBSCQ","Fungi"
"Duboscqia aediphaga","P_DBSCQ_AEDP","Protozoa","F_DBSCQ_AEDP","Fungi"
"Duboscqia chironomi","P_DBSCQ_CHRN","Protozoa","F_DBSCQ_CHRN","Fungi"
"Duboscqia coptotermi","P_DBSCQ_CPTT","Protozoa","F_DBSCQ_CPTT","Fungi"
"Duboscqia darum","P_DBSCQ_DARM","Protozoa","F_DBSCQ_DARM","Fungi"
"Duboscqia demani","P_DBSCQ_DEMN","Protozoa","F_DBSCQ_DEMN","Fungi"
"Duboscqia dengihilli","P_DBSCQ_DNGH","Protozoa","F_DBSCQ_DNGH","Fungi"
"Duboscqia legeri","P_DBSCQ_LEGR","Protozoa","F_DBSCQ_LEGR","Fungi"
"Duboscqia penetrans","P_DBSCQ_PNTR","Protozoa","F_DBSCQ_PNTR","Fungi"
"Duboscqia philiae","P_DBSCQ_PHIL","Protozoa","F_DBSCQ_PHIL","Fungi"
"Duboscqia trilobicola","P_DBSCQ_TRLB","Protozoa","F_DBSCQ_TRLB","Fungi"
"Duboscqiidae","P_[FAM]_DUBOSCQD","Protozoa","F_[FAM]_DUBOSCQD","Fungi"
"Edhazardia","P_EDHZR","Protozoa","F_EDHZR","Fungi"
"Edhazardia aedis","P_EDHZR_AEDS","Protozoa","F_EDHZR_AEDS","Fungi"
"Encephalitozoon","P_ENCPH","Protozoa","F_ENCPH","Fungi"
"Encephalitozoon bieneusi","P_ENCPH_BINS","Protozoa","F_ENCPH_BINS","Fungi"
"Encephalitozoon brumpti","P_ENCPH_BRMP","Protozoa","F_ENCPH_BRMP","Fungi"
"Encephalitozoon flavescens","P_ENCPH_FLVS","Protozoa","F_ENCPH_FLVS","Fungi"
"Encephalitozoon hellem","P_ENCPH_HLLM","Protozoa","F_ENCPH_HLLM","Fungi"
"Encephalitozoon intestinalis","P_ENCPH_INTS","Protozoa","F_ENCPH_INTS","Fungi"
"Encephalitozoon lacertae","P_ENCPH_LCRT","Protozoa","F_ENCPH_LCRT","Fungi"
"Encephalitozoon matsubayashii","P_ENCPH_MTSB","Protozoa","F_ENCPH_MTSB","Fungi"
"Encephalitozoon negrii","P_ENCPH_NEGR","Protozoa","F_ENCPH_NEGR","Fungi"
"Encephalitozoon rabiei","P_ENCPH_RABI","Protozoa","F_ENCPH_RABI","Fungi"
"Encephalitozoon romaleae","P_ENCPH_ROML","Protozoa","F_ENCPH_ROML","Fungi"
"Encephalitozoon salmonis","P_ENCPH_SLMN","Protozoa","F_ENCPH_SLMN","Fungi"
"Encephalitozoon vrevi","P_ENCPH_VREV","Protozoa","F_ENCPH_VREV","Fungi"
"Encephalitozoonidae","P_[FAM]_ENCPHLTZ","Protozoa","F_[FAM]_ENCPHLTZ","Fungi"
"Endoreticulatus","P_ENDRT","Protozoa","F_ENDRT","Fungi"
"Endoreticulatus aporiae","P_ENDRT_APOR","Protozoa","F_ENDRT_APOR","Fungi"
"Endoreticulatus balbianii","P_ENDRT_BLBN","Protozoa","F_ENDRT_BLBN","Fungi"
"Endoreticulatus bombycis","P_ENDRT_BMBY","Protozoa","F_ENDRT_BMBY","Fungi"
"Endoreticulatus durfoti","P_ENDRT_DRFT","Protozoa","F_ENDRT_DRFT","Fungi"
"Endoreticulatus fidelis","P_ENDRT_FDLS","Protozoa","F_ENDRT_FDLS","Fungi"
"Endoreticulatus hyphantriae","P_ENDRT_HYPH","Protozoa","F_ENDRT_HYPH","Fungi"
"Endoreticulatus itiiti","P_ENDRT_ITIT","Protozoa","F_ENDRT_ITIT","Fungi"
"Endoreticulatus pandemis","P_ENDRT_PNDM","Protozoa","F_ENDRT_PNDM","Fungi"
"Endoreticulatus poecilimonae","P_ENDRT_PCLM","Protozoa","F_ENDRT_PCLM","Fungi"
"Endoreticulatus schubergi","P_ENDRT_SCHB","Protozoa","F_ENDRT_SCHB","Fungi"
"Enterocytospora","P_ENTRC","Protozoa","F_ENTRC","Fungi"
"Enterocytospora artemiae","P_ENTRC_ARTM","Protozoa","F_ENTRC_ARTM","Fungi"
"Enterocytozoon","P_EYTZN","Protozoa","F_EYTZN","Fungi"
"Enterocytozoon hepatopenaei","P_EYTZN_HPTP","Protozoa","F_EYTZN_HPTP","Fungi"
"Enterocytozoonidae","P_[FAM]_ENTRCYTZ","Protozoa","F_[FAM]_ENTRCYTZ","Fungi"
"Enterospora","P_ENTRS","Protozoa","F_ENTRS","Fungi"
"Enterospora canceri","P_ENTRS_CNCR","Protozoa","F_ENTRS_CNCR","Fungi"
"Enterospora nucleophila","P_ENTRS_NCLP","Protozoa","F_ENTRS_NCLP","Fungi"
"Episeptum","P_EPSPT","Protozoa","F_EPSPT","Fungi"
"Episeptum anaboliae","P_EPSPT_ANBL","Protozoa","F_EPSPT_ANBL","Fungi"
"Episeptum circumscriptum","P_EPSPT_CRCM","Protozoa","F_EPSPT_CRCM","Fungi"
"Episeptum invadens","P_EPSPT_INVD","Protozoa","F_EPSPT_INVD","Fungi"
"Episeptum inversum","P_EPSPT_INVR","Protozoa","F_EPSPT_INVR","Fungi"
"Episeptum pesudoinversum","P_EPSPT_PSDN","Protozoa","F_EPSPT_PSDN","Fungi"
"Episeptum trichoinvadens","P_EPSPT_TRCH","Protozoa","F_EPSPT_TRCH","Fungi"
"Euplotespora","P_EPLTS","Protozoa","F_EPLTS","Fungi"
"Euplotespora binucleata","P_EPLTS_BNCL","Protozoa","F_EPLTS_BNCL","Fungi"
"Evlachovaia","P_EVLCH","Protozoa","F_EVLCH","Fungi"
"Evlachovaia chironomi","P_EVLCH_CHRN","Protozoa","F_EVLCH_CHRN","Fungi"
"Facilispora","P_FCLSP","Protozoa","F_FCLSP","Fungi"
"Facilispora margolisi","P_FCLSP_MRGL","Protozoa","F_FCLSP_MRGL","Fungi"
"Facilisporidae","P_[FAM]_FACLSPRD","Protozoa","F_[FAM]_FACLSPRD","Fungi"
"Falcia","P_FALCI","Protozoa","F_FALCI","Fungi"
"Falcia ostraviensis","P_FALCI_OSTR","Protozoa","F_FALCI_OSTR","Fungi"
"Fibrillanosema","P_FBRLL","Protozoa","F_FBRLL","Fungi"
"Fibrillanosema crangonycis","P_FBRLL_CRNG","Protozoa","F_FBRLL_CRNG","Fungi"
"Flabelliforma","P_FLBLL","Protozoa","F_FLBLL","Fungi"
"Flabelliforma diaptomi","P_FLBLL_DPTM","Protozoa","F_FLBLL_DPTM","Fungi"
"Flabelliforma magnivora","P_FLBLL_MGNV","Protozoa","F_FLBLL_MGNV","Fungi"
"Flabelliforma montana","P_FLBLL_MNTN","Protozoa","F_FLBLL_MNTN","Fungi"
"Flabelliforma ostracodae","P_FLBLL_OSTR","Protozoa","F_FLBLL_OSTR","Fungi"
"Geusia","P_GEUSI","Protozoa","F_GEUSI","Fungi"
"Geusia gamocystis","P_GEUSI_GMCY","Protozoa","F_GEUSI_GMCY","Fungi"
"Glugea","P_GLUGE","Protozoa","F_GLUGE","Fungi"
"Glugea anomala","P_GLUGE_ANML","Protozoa","F_GLUGE_ANML","Fungi"
"Glugea atherinae","P_GLUGE_ATHR","Protozoa","F_GLUGE_ATHR","Fungi"
"Glugea berglax","P_GLUGE_BRGL","Protozoa","F_GLUGE_BRGL","Fungi"
"Glugea bombycis","P_GLUGE_BMBY","Protozoa","F_GLUGE_BMBY","Fungi"
"Glugea bychowskyi","P_GLUGE_BYCH","Protozoa","F_GLUGE_BYCH","Fungi"
"Glugea caeculiae","P_GLUGE_CACL","Protozoa","F_GLUGE_CACL","Fungi"
"Glugea canadensis","P_GLUGE_CNDN","Protozoa","F_GLUGE_CNDN","Fungi"
"Glugea capverdensis","P_GLUGE_CPVR","Protozoa","F_GLUGE_CPVR","Fungi"
"Glugea cepedianae","P_GLUGE_CPDN","Protozoa","F_GLUGE_CPDN","Fungi"
"Glugea dogieli","P_GLUGE_DOGL","Protozoa","F_GLUGE_DOGL","Fungi"
"Glugea encyclometrae","P_GLUGE_ENCY","Protozoa","F_GLUGE_ENCY","Fungi"
"Glugea epinephelus","P_GLUGE_EPNP","Protozoa","F_GLUGE_EPNP","Fungi"
"Glugea fennica","P_GLUGE_FNNC","Protozoa","F_GLUGE_FNNC","Fungi"
"Glugea gasterostei","P_GLUGE_GSTR","Protozoa","F_GLUGE_GSTR","Fungi"
"Glugea halesidotidis","P_GLUGE_HLSD","Protozoa","F_GLUGE_HLSD","Fungi"
"Glugea heraldi","P_GLUGE_HRLD","Protozoa","F_GLUGE_HRLD","Fungi"
"Glugea hertwigi","P_GLUGE_HRTW","Protozoa","F_GLUGE_HRTW","Fungi"
"Glugea hetwigii","P_GLUGE_HTWG","Protozoa","F_GLUGE_HTWG","Fungi"
"Glugea hydriae","P_GLUGE_HYDR","Protozoa","F_GLUGE_HYDR","Fungi"
"Glugea intestinalis","P_GLUGE_INTS","Protozoa","F_GLUGE_INTS","Fungi"
"Glugea lankesteriae","P_GLUGE_LNKS","Protozoa","F_GLUGE_LNKS","Fungi"
"Glugea luciopercae","P_GLUGE_LCPR","Protozoa","F_GLUGE_LCPR","Fungi"
"Glugea lyssae","P_GLUGE_LYSS","Protozoa","F_GLUGE_LYSS","Fungi"
"Glugea machari","P_GLUGE_MCHR","Protozoa","F_GLUGE_MCHR","Fungi"
"Glugea malabaricii","P_GLUGE_MLBR","Protozoa","F_GLUGE_MLBR","Fungi"
"Glugea merluccii","P_GLUGE_MRLC","Protozoa","F_GLUGE_MRLC","Fungi"
"Glugea micrattaci","P_GLUGE_MCRT","Protozoa","F_GLUGE_MCRT","Fungi"
"Glugea microspora","P_GLUGE_MCRS","Protozoa","F_GLUGE_MCRS","Fungi"
"Glugea nagelia","P_GLUGE_NAGL","Protozoa","F_GLUGE_NAGL","Fungi"
"Glugea nemipteri","P_GLUGE_NMPT","Protozoa","F_GLUGE_NMPT","Fungi"
"Glugea plecoglossi","P_GLUGE_PLCG","Protozoa","F_GLUGE_PLCG","Fungi"
"Glugea rabiei","P_GLUGE_RABI","Protozoa","F_GLUGE_RABI","Fungi"
"Glugea rodei","P_GLUGE_RODE","Protozoa","F_GLUGE_RODE","Fungi"
"Glugea shulmani","P_GLUGE_SHLM","Protozoa","F_GLUGE_SHLM","Fungi"
"Glugea stephani","P_GLUGE_STPH","Protozoa","F_GLUGE_STPH","Fungi"
"Glugea tisae","P_GLUGE_TISA","Protozoa","F_GLUGE_TISA","Fungi"
"Glugea truttae","P_GLUGE_TRTT","Protozoa","F_GLUGE_TRTT","Fungi"
"Glugea vincentiae","P_GLUGE_VNCN","Protozoa","F_GLUGE_VNCN","Fungi"
"Glugea weissenbergi","P_GLUGE_WSSN","Protozoa","F_GLUGE_WSSN","Fungi"
"Glugeida","P_[ORD]_GLUGEIDA","Protozoa","F_[ORD]_GLUGEIDA","Fungi"
"Glugeidae","P_[FAM]_GLUGEIDA","Protozoa","F_[FAM]_GLUGEIDA","Fungi"
"Glugoides","P_GLGDS","Protozoa","F_GLGDS","Fungi"
"Glugoides intestinalis","P_GLGDS_INTS","Protozoa","F_GLGDS_INTS","Fungi"
"Golbergia","P_GLBRG","Protozoa","F_GLBRG","Fungi"
"Golbergia spinosa","P_GLBRG_SPNS","Protozoa","F_GLBRG_SPNS","Fungi"
"Golbergiidae","P_[FAM]_GOLBERGD","Protozoa","F_[FAM]_GOLBERGD","Fungi"
"Gurleya","P_GURLY","Protozoa","F_GURLY","Fungi"
"Gurleya chironomi","P_GURLY_CHRN","Protozoa","F_GURLY_CHRN","Fungi"
"Gurleya corynoneurae","P_GURLY_CRYN","Protozoa","F_GURLY_CRYN","Fungi"
"Gurleya daphniae","P_GURLY_DPHN","Protozoa","F_GURLY_DPHN","Fungi"
"Gurleya dispersa","P_GURLY_DSPR","Protozoa","F_GURLY_DSPR","Fungi"
"Gurleya dorisae","P_GURLY_DORS","Protozoa","F_GURLY_DORS","Fungi"
"Gurleya elegans","P_GURLY_ELGN","Protozoa","F_GURLY_ELGN","Fungi"
"Gurleya legeri","P_GURLY_LEGR","Protozoa","F_GURLY_LEGR","Fungi"
"Gurleya linearis","P_GURLY_LNRS","Protozoa","F_GURLY_LNRS","Fungi"
"Gurleya lopukhinae","P_GURLY_LPKH","Protozoa","F_GURLY_LPKH","Fungi"
"Gurleya macrocyclopis","P_GURLY_MCRC","Protozoa","F_GURLY_MCRC","Fungi"
"Gurleya marssoniella","P_GURLY_MRSS","Protozoa","F_GURLY_MRSS","Fungi"
"Gurleya miyairii","P_GURLY_MIYR","Protozoa","F_GURLY_MIYR","Fungi"
"Gurleya nova","P_GURLY_NOVA","Protozoa","F_GURLY_NOVA","Fungi"
"Gurleya orchestiae","P_GURLY_ORCH","Protozoa","F_GURLY_ORCH","Fungi"
"Gurleya polonica","P_GURLY_PLNC","Protozoa","F_GURLY_PLNC","Fungi"
"Gurleya pontica","P_GURLY_PNTC","Protozoa","F_GURLY_PNTC","Fungi"
"Gurleya richardi","P_GURLY_RCHR","Protozoa","F_GURLY_RCHR","Fungi"
"Gurleya secalisae","P_GURLY_SCLS","Protozoa","F_GURLY_SCLS","Fungi"
"Gurleya sokolovi","P_GURLY_SKLV","Protozoa","F_GURLY_SKLV","Fungi"
"Gurleya spraguei","P_GURLY_SPRG","Protozoa","F_GURLY_SPRG","Fungi"
"Gurleya tetraspora","P_GURLY_TTRS","Protozoa","F_GURLY_TTRS","Fungi"
"Gurleya vavrai","P_GURLY_VAVR","Protozoa","F_GURLY_VAVR","Fungi"
"Gurleyi","P_GRLYI","Protozoa","F_GRLYI","Fungi"
"Gurleyi marssoniella","P_GRLYI_MRSS","Protozoa","F_GRLYI_MRSS","Fungi"
"Gurleyidae","P_[FAM]_GURLEYID","Protozoa","F_[FAM]_GURLEYID","Fungi"
"Gurleyides","P_GRLYD","Protozoa","F_GRLYD","Fungi"
"Gurleyides biformis","P_GRLYD_BFRM","Protozoa","F_GRLYD_BFRM","Fungi"
"Hamiltosporidium","P_HMLTS","Protozoa","F_HMLTS","Fungi"
"Hamiltosporidium tvaerminnensis","P_HMLTS_TVRM","Protozoa","F_HMLTS_TVRM","Fungi"
"Hazardia","P_HAZRD","Protozoa","F_HAZRD","Fungi"
"Hazardia milleri","P_HAZRD_MLLR","Protozoa","F_HAZRD_MLLR","Fungi"
"Hazardia usbekistanica","P_HAZRD_USBK","Protozoa","F_HAZRD_USBK","Fungi"
"Helmichia","P_HLMCH","Protozoa","F_HLMCH","Fungi"
"Helmichia aggregata","P_HLMCH_AGGR","Protozoa","F_HLMCH_AGGR","Fungi"
"Helmichia anomala","P_HLMCH_ANML","Protozoa","F_HLMCH_ANML","Fungi"
"Helmichia glandulicola","P_HLMCH_GLND","Protozoa","F_HLMCH_GLND","Fungi"
"Helmichia lacustris","P_HLMCH_LCST","Protozoa","F_HLMCH_LCST","Fungi"
"Helmichia simuliae","P_HLMCH_SIML","Protozoa","F_HLMCH_SIML","Fungi"
"Hepatospora","P_HPTSP","Protozoa","F_HPTSPR","Fungi"
"Hepatospora eriocheir","P_HPTSP_ERCH","Protozoa","F_HPTSPR_ERCH","Fungi"
"Hessea","P_HESSE","Protozoa","F_HESSE","Fungi"
"Hessea squamosa","P_HESSE_SQMS","Protozoa","F_HESSE_SQMS","Fungi"
"Hesseidae","P_[FAM]_HESSEIDA","Protozoa","F_[FAM]_HESSEIDA","Fungi"
"Heterosporis","P_HTRSP","Protozoa","F_HSPRS","Fungi"
"Heterosporis anguillarum","P_HTRSP_ANGL","Protozoa","F_HSPRS_ANGL","Fungi"
"Heterosporis cichlidarum","P_HTRSP_CCHL","Protozoa","F_HSPRS_CCHL","Fungi"
"Heterosporis finki","P_HTRSP_FINK","Protozoa","F_HSPRS_FINK","Fungi"
"Heterosporis saurida","P_HTRSP_SARD","Protozoa","F_HSPRS_SARD","Fungi"
"Heterosporis schuberti","P_HTRSP_SCHB","Protozoa","F_HSPRS_SCHB","Fungi"
"Heterovesicula","P_HTRVS","Protozoa","F_HTRVS","Fungi"
"Heterovesicula cowani","P_HTRVS_COWN","Protozoa","F_HTRVS_COWN","Fungi"
"Heterovesiculidae","P_[FAM]_HTRVSCLD","Protozoa","F_[FAM]_HTRVSCLD","Fungi"
"Hirsutosporos","P_HRSTS","Protozoa","F_HRSTS","Fungi"
"Hirsutosporos austrosimulii","P_HRSTS_ASTR","Protozoa","F_HRSTS_ASTR","Fungi"
"Holobispora","P_HLBSP","Protozoa","F_HLBSP","Fungi"
"Holobispora thermocyclopis","P_HLBSP_THRM","Protozoa","F_HLBSP_THRM","Fungi"
"Hrabeyia","P_HRABY","Protozoa","F_HRABY","Fungi"
"Hrabeyia xerkophora","P_HRABY_XRKP","Protozoa","F_HRABY_XRKP","Fungi"
"Hrabyeia","P_HRBYA","Protozoa","F_HRBYA","Fungi"
"Hrabyeia xerkophora","P_HRBYA_XRKP","Protozoa","F_HRBYA_XRKP","Fungi"
"Hyalinocysta","P_HYLNC","Protozoa","F_HYLNC","Fungi"
"Hyalinocysta chapmani","P_HYLNC_CHPM","Protozoa","F_HYLNC_CHPM","Fungi"
"Hyalinocysta expilatoria","P_HYLNC_EXPL","Protozoa","F_HYLNC_EXPL","Fungi"
"Ichthyosporidiidae","P_[FAM]_ICHTHYSP","Protozoa","F_[FAM]_ICHTHYSP","Fungi"
"Ichthyosporidium","P_ICHTH","Protozoa","F_ICHTH","Fungi"
"Ichthyosporidium gasterophilum","P_ICHTH_GSTR","Protozoa","F_ICHTH_GSTR","Fungi"
"Ichthyosporidium hertwigi","P_ICHTH_HRTW","Protozoa","F_ICHTH_HRTW","Fungi"
"Ichthyosporidium hoferi","P_ICHTH_HOFR","Protozoa","F_ICHTH_HOFR","Fungi"
"Ichthyosporidium phymogenes","P_ICHTH_PHYM","Protozoa","F_ICHTH_PHYM","Fungi"
"Ichthyosporidium weissii","P_ICHTH_WESS","Protozoa","F_ICHTH_WESS","Fungi"
"Inodosporus","P_INDSP","Protozoa","F_INDSP","Fungi"
"Inodosporus spraguei","P_INDSP_SPRG","Protozoa","F_INDSP_SPRG","Fungi"
"Intrapredatorus","P_INTRP","Protozoa","F_INTRP","Fungi"
"Intrapredatorus barri","P_INTRP_BARR","Protozoa","F_INTRP_BARR","Fungi"
"Intrapredatorus trinus","P_INTRP_TRNS","Protozoa","F_INTRP_TRNS","Fungi"
"Issia","P_ISSIA","Protozoa","F_ISSIA","Fungi"
"Issia singulati","P_ISSIA_SNGL","Protozoa","F_ISSIA_SNGL","Fungi"
"Issia trichopterae","P_ISSIA_TRCH","Protozoa","F_ISSIA_TRCH","Fungi"
"Janacekia","P_JANCK","Protozoa","F_JANCK","Fungi"
"Janacekia adipophila","P_JANCK_ADPP","Protozoa","F_JANCK_ADPP","Fungi"
"Janacekia debaisieuxi","P_JANCK_DBSX","Protozoa","F_JANCK_DBSX","Fungi"
"Janacekia herberti","P_JANCK_HRBR","Protozoa","F_JANCK_HRBR","Fungi"
"Janacekia leosi","P_JANCK_LEOS","Protozoa","F_JANCK_LEOS","Fungi"
"Janacekia mariae","P_JANCK_MARI","Protozoa","F_JANCK_MARI","Fungi"
"Janacekia talboti","P_JANCK_TLBT","Protozoa","F_JANCK_TLBT","Fungi"
"Janacekia undinarum","P_JANCK_UNDN","Protozoa","F_JANCK_UNDN","Fungi"
"Janacekiidae","P_[FAM]_JANACEKD","Protozoa","F_[FAM]_JANACEKD","Fungi"
"Jirovecia","P_JIRVC","Protozoa","F_JIRVC","Fungi"
"Jirovecia brevicauda","P_JIRVC_BRVC","Protozoa","F_JIRVC_BRVC","Fungi"
"Jirovecia caudata","P_JIRVC_CADT","Protozoa","F_JIRVC_CADT","Fungi"
"Jirovecia ilyodrili","P_JIRVC_ILYD","Protozoa","F_JIRVC_ILYD","Fungi"
"Jirovecia involuta","P_JIRVC_INVL","Protozoa","F_JIRVC_INVL","Fungi"
"Jirovecia limnodrili","P_JIRVC_LMND","Protozoa","F_JIRVC_LMND","Fungi"
"Jirovecia lumbriculi","P_JIRVC_LMBR","Protozoa","F_JIRVC_LMBR","Fungi"
"Jirovecia piscicola","P_JIRVC_PSCC","Protozoa","F_JIRVC_PSCC","Fungi"
"Johenrea","P_JOHNR","Protozoa","F_JOHNR","Fungi"
"Johenrea locustae","P_JOHNR_LCST","Protozoa","F_JOHNR_LCST","Fungi"
"Kabataia","P_KABAT","Protozoa","F_KABATA","Fungi"
"Kabataia arthuri","P_KABAT_ARTH","Protozoa","F_KABATA_ARTH","Fungi"
"Kabatana","P_KABTN","Protozoa","F_KABTN","Fungi"
"Kabatana arthuri","P_KABTN_ARTH","Protozoa","F_KABTN_ARTH","Fungi"
"Kabatana newberryi","P_KABTN_NWBR","Protozoa","F_KABTN_NWBR","Fungi"
"Kabatana rondoni","P_KABTN_RNDN","Protozoa","F_KABTN_RNDN","Fungi"
"Kabatana seriolae","P_KABTN_SERL","Protozoa","F_KABTN_SERL","Fungi"
"Kabatana takedai","P_KABTN_TAKD","Protozoa","F_KABTN_TAKD","Fungi"
"Kinorhynchospora","P_KNRHY","Protozoa","F_KNRHY","Fungi"
"Kinorhynchospora japonica","P_KNRHY_JPNC","Protozoa","F_KNRHY_JPNC","Fungi"
"Kneallhazia","P_KNLLH","Protozoa","F_KNLLH","Fungi"
"Kneallhazia carolinensae","P_KNLLH_CRLN","Protozoa","F_KNLLH_CRLN","Fungi"
"Kneallhazia solenopsae","P_KNLLH_SLNP","Protozoa","F_KNLLH_SLNP","Fungi"
"Krishtalia","P_KRSHT","Protozoa","F_KRSHT","Fungi"
"Krishtalia pipiens","P_KRSHT_PPNS","Protozoa","F_KRSHT_PPNS","Fungi"
"Lanatospora","P_LNTSP","Protozoa","F_LNTSP","Fungi"
"Lanatospora bosminae","P_LNTSP_BSMN","Protozoa","F_LNTSP_BSMN","Fungi"
"Lanatospora macrocyclopis","P_LNTSP_MCRC","Protozoa","F_LNTSP_MCRC","Fungi"
"Lanatospora tubulifera","P_LNTSP_TBLF","Protozoa","F_LNTSP_TBLF","Fungi"
"Larssonia","P_LRSSN","Protozoa","F_LARSSN","Fungi"
"Larssonia daphniae","P_LRSSN_DPHN","Protozoa","F_LARSSN_DPHN","Fungi"
"Larssonia hiberna","P_LRSSN_HBRN","Protozoa","F_LARSSN_HBRN","Fungi"
"Larssonia obtusa","P_LRSSN_OBTS","Protozoa","F_LARSSN_OBTS","Fungi"
"Larssonia obtusum","P_LRSSN_BTSM","Protozoa","F_LARSSN_BTSM","Fungi"
"Larssoniella","P_LNLLA","Protozoa","F_LRSSNL","Fungi"
"Larssoniella duplicati","P_LNLLA_DPLC","Protozoa","F_LRSSNL_DPLC","Fungi"
"Larssoniella resinellae","P_LNLLA_RSNL","Protozoa","F_LRSSNL_RSNL","Fungi"
"Liebermannia","P_LBRMN","Protozoa","F_LBRMN","Fungi"
"Liebermannia covasacrae","P_LBRMN_CVSC","Protozoa","F_LBRMN_CVSC","Fungi"
"Liebermannia dichroplusae","P_LBRMN_DCHR","Protozoa","F_LBRMN_DCHR","Fungi"
"Liebermannia patagonica","P_LBRMN_PTGN","Protozoa","F_LBRMN_PTGN","Fungi"
"Loma","P_LOMA","Protozoa","F_LOMA","Fungi"
"Loma acerinae","P_LOMA_ACRN","Protozoa","F_LOMA_ACRN","Fungi"
"Loma boopsi","P_LOMA_BOPS","Protozoa","F_LOMA_BOPS","Fungi"
"Loma branchialis","P_LOMA_BRNC","Protozoa","F_LOMA_BRNC","Fungi"
"Loma camerounensis","P_LOMA_CMRN","Protozoa","F_LOMA_CMRN","Fungi"
"Loma dimorpha","P_LOMA_DMRP","Protozoa","F_LOMA_DMRP","Fungi"
"Loma diplodae","P_LOMA_DPLD","Protozoa","F_LOMA_DPLD","Fungi"
"Loma embiotocia","P_LOMA_EMBT","Protozoa","F_LOMA_EMBT","Fungi"
"Loma fontinalis","P_LOMA_FNTN","Protozoa","F_LOMA_FNTN","Fungi"
"Loma kenti","P_LOMA_KENT","Protozoa","F_LOMA_KENT","Fungi"
"Loma lingcodae","P_LOMA_LNGC","Protozoa","F_LOMA_LNGC","Fungi"
"Loma morhua","P_LOMA_MORH","Protozoa","F_LOMA_MORH","Fungi"
"Loma myriophis","P_LOMA_MYRP","Protozoa","F_LOMA_MYRP","Fungi"
"Loma myrophis","P_LOMA_RPHS","Protozoa","F_LOMA_RPHS","Fungi"
"Loma pacificodae","P_LOMA_PCFC","Protozoa","F_LOMA_PCFC","Fungi"
"Loma psittaca","P_LOMA_PSTT","Protozoa","F_LOMA_PSTT","Fungi"
"Loma richardi","P_LOMA_RCHR","Protozoa","F_LOMA_RCHR","Fungi"
"Loma salmonae","P_LOMA_SLMN","Protozoa","F_LOMA_SLMN","Fungi"
"Loma trichiuri","P_LOMA_TRCH","Protozoa","F_LOMA_TRCH","Fungi"
"Loma wallae","P_LOMA_WALL","Protozoa","F_LOMA_WALL","Fungi"
"Mariona","P_MARIN","Protozoa","F_MARIN","Fungi"
"Mariona marionis","P_MARIN_MRNS","Protozoa","F_MARIN_MRNS","Fungi"
"Marssoniella","P_MRSSN","Protozoa","F_MRSSNL","Fungi"
"Marssoniella marssonii","P_MRSSN_MRSS","Protozoa","F_MRSSNL_MRSS","Fungi"
"Meiodihaplophasida","P_[ORD]_MDHPLPHS","Protozoa","F_[ORD]_MDHPLPHS","Fungi"
"Merocinta","P_MRCNT","Protozoa","F_MRCNT","Fungi"
"Merocinta davidii","P_MRCNT_DAVD","Protozoa","F_MRCNT_DAVD","Fungi"
"Metchnikovella","P_MTCHN","Protozoa","F_MTCHN","Fungi"
"Metchnikovella alaparedei","P_MTCHN_ALPR","Protozoa","F_MTCHN_ALPR","Fungi"
"Metchnikovella berliozi","P_MTCHN_BRLZ","Protozoa","F_MTCHN_BRLZ","Fungi"
"Metchnikovella brasili","P_MTCHN_BRSL","Protozoa","F_MTCHN_BRSL","Fungi"
"Metchnikovella hessei","P_MTCHN_HESS","Protozoa","F_MTCHN_HESS","Fungi"
"Metchnikovella hovassei","P_MTCHN_HVSS","Protozoa","F_MTCHN_HVSS","Fungi"
"Metchnikovella incurvata","P_MTCHN_INCR","Protozoa","F_MTCHN_INCR","Fungi"
"Metchnikovella legeri","P_MTCHN_LEGR","Protozoa","F_MTCHN_LEGR","Fungi"
"Metchnikovella longa","P_MTCHN_LONG","Protozoa","F_MTCHN_LONG","Fungi"
"Metchnikovella martojai","P_MTCHN_MRTJ","Protozoa","F_MTCHN_MRTJ","Fungi"
"Metchnikovella mesnili","P_MTCHN_MSNL","Protozoa","F_MTCHN_MSNL","Fungi"
"Metchnikovella minima","P_MTCHN_MINM","Protozoa","F_MTCHN_MINM","Fungi"
"Metchnikovella nereidis","P_MTCHN_NRDS","Protozoa","F_MTCHN_NRDS","Fungi"
"Metchnikovella oviformis","P_MTCHN_OVFR","Protozoa","F_MTCHN_OVFR","Fungi"
"Metchnikovella polydorae","P_MTCHN_PLYD","Protozoa","F_MTCHN_PLYD","Fungi"
"Metchnikovella schereschevskaiae","P_MTCHN_SCHR","Protozoa","F_MTCHN_SCHR","Fungi"
"Metchnikovella selenidii","P_MTCHN_SLND","Protozoa","F_MTCHN_SLND","Fungi"
"Metchnikovella spionis","P_MTCHN_SPNS","Protozoa","F_MTCHN_SPNS","Fungi"
"Metchnikovella spiralis","P_MTCHN_SPRL","Protozoa","F_MTCHN_SPRL","Fungi"
"Metchnikovella wohlfarthi","P_MTCHN_WHLF","Protozoa","F_MTCHN_WHLF","Fungi"
"Metchnikovellidae","P_[FAM]_MTCHNKVL","Protozoa","F_[FAM]_MTCHNKVL","Fungi"
"Microgemma","P_MCRGM","Protozoa","F_MCRGM","Fungi"
"Microgemma carolinus","P_MCRGM_CRLN","Protozoa","F_MCRGM_CRLN","Fungi"
"Microgemma caulleryi","P_MCRGM_CLLR","Protozoa","F_MCRGM_CLLR","Fungi"
"Microgemma hepaticus","P_MCRGM_HPTC","Protozoa","F_MCRGM_HPTC","Fungi"
"Microgemma ovoidea","P_MCRGM_OVOD","Protozoa","F_MCRGM_OVOD","Fungi"
"Microgemma ovoideum","P_MCRGM_OVDM","Protozoa","F_MCRGM_OVDM","Fungi"
"Microgemma tincae","P_MCRGM_TINC","Protozoa","F_MCRGM_TINC","Fungi"
"Microgemma vivaresi","P_MCRGM_VVRS","Protozoa","F_MCRGM_VVRS","Fungi"
"Microsporidiopsis","P_MCRSP","Protozoa","F_MDPSS","Fungi"
"Microsporidiopsis nereidis","P_MCRSP_NRDS","Protozoa","F_MDPSS_NRDS","Fungi"
"Mitoplistophora","P_MTPLS","Protozoa","F_MTPLS","Fungi"
"Mitoplistophora angularis","P_MTPLS_ANGL","Protozoa","F_MTPLS_ANGL","Fungi"
"Mitosporidium","P_MTSPR","Protozoa","F_MTSPR","Fungi"
"Mitosporidium daphniae","P_MTSPR_DPHN","Protozoa","F_MTSPR_DPHN","Fungi"
"Mockfordia","P_MCKFR","Protozoa","F_MCKFR","Fungi"
"Mockfordia xanthocaeciliae","P_MCKFR_XNTH","Protozoa","F_MCKFR_XNTH","Fungi"
"Mrazekia","P_MRAZK","Protozoa","F_MRAZK","Fungi"
"Mrazekia criodrili","P_MRAZK_CRDR","Protozoa","F_MRAZK_CRDR","Fungi"
"Mrazekia cyclopis","P_MRAZK_CYCL","Protozoa","F_MRAZK_CYCL","Fungi"
"Mrazekia hematobia","P_MRAZK_HMTB","Protozoa","F_MRAZK_HMTB","Fungi"
"Mrazekia hematobium","P_MRAZK_MTBM","Protozoa","F_MRAZK_MTBM","Fungi"
"Mrazekia jiroveci","P_MRAZK_JRVC","Protozoa","F_MRAZK_JRVC","Fungi"
"Mrazekia limnodrili","P_MRAZK_LMND","Protozoa","F_MRAZK_LMND","Fungi"
"Mrazekia macrocyclopis","P_MRAZK_MCRC","Protozoa","F_MRAZK_MCRC","Fungi"
"Mrazekiidae","P_[FAM]_MRAZEKID","Protozoa","F_[FAM]_MRAZEKID","Fungi"
"Myospora","P_MYSPR","Protozoa","F_MYSPR","Fungi"
"Myospora metanephrops","P_MYSPR_MTNP","Protozoa","F_MYSPR_MTNP","Fungi"
"Myosporidae","P_[FAM]_MYOSPORD","Protozoa","F_[FAM]_MYOSPORD","Fungi"
"Myosporidium","P_MYSPRD","Protozoa","F_MYSPRD","Fungi"
"Myosporidium merluccius","P_MYSPRD_MRLC","Protozoa","F_MYSPRD_MRLC","Fungi"
"Nadelospora","P_NDLSP","Protozoa","F_NDLSPR","Fungi"
"Nadelospora canceri","P_NDLSP_CNCR","Protozoa","F_NDLSPR_CNCR","Fungi"
"Nadelspora","P_NSPRA","Protozoa","F_NSPRA","Fungi"
"Nadelspora canceri","P_NSPRA_CNCR","Protozoa","F_NSPRA_CNCR","Fungi"
"Nadelsporidae","P_[FAM]_NADLSPRD","Protozoa","F_[FAM]_NADLSPRD","Fungi"
"Napamichum","P_NPMCH","Protozoa","F_NPMCH","Fungi"
"Napamichum aequifilum","P_NPMCH_AEQF","Protozoa","F_NPMCH_AEQF","Fungi"
"Napamichum cellatum","P_NPMCH_CLLT","Protozoa","F_NPMCH_CLLT","Fungi"
"Napamichum dispersum","P_NPMCH_DSPR","Protozoa","F_NPMCH_DSPR","Fungi"
"Necator","F_NECATR","Fungi","AN_NECTR","Animalia"
"Necator americanus","F_NECATR_AMRC","Fungi","AN_NECTR_AMRC","Animalia"
"Nelliemelba","P_NLLML","Protozoa","F_NLLML","Fungi"
"Nelliemelba boeckella","P_NLLML_BCKL","Protozoa","F_NLLML_BCKL","Fungi"
"Nematocida","P_NMTCD","Protozoa","F_NMTCD","Fungi"
"Nematocida ausubeli","P_NMTCD_ASBL","Protozoa","F_NMTCD_ASBL","Fungi"
"Nematocida ciargi","P_NMTCD_CIRG","Protozoa","F_NMTCD_CIRG","Fungi"
"Nematocida displodere","P_NMTCD_DSPL","Protozoa","F_NMTCD_DSPL","Fungi"
"Nematocida homosporus","P_NMTCD_HMSP","Protozoa","F_NMTCD_HMSP","Fungi"
"Nematocida major","P_NMTCD_MAJR","Protozoa","F_NMTCD_MAJR","Fungi"
"Nematocida minor","P_NMTCD_MINR","Protozoa","F_NMTCD_MINR","Fungi"
"Nematocida parisii","P_NMTCD_PARS","Protozoa","F_NMTCD_PARS","Fungi"
"Neonosemoides","P_NNSMD","Protozoa","F_NNSMD","Fungi"
"Neonosemoides brachydeuteri","P_NNSMD_BRCH","Protozoa","F_NNSMD_BRCH","Fungi"
"Neonosemoides syacii","P_NNSMD_SYAC","Protozoa","F_NNSMD_SYAC","Fungi"
"Neonosemoides tilapiae","P_NNSMD_TILP","Protozoa","F_NNSMD_TILP","Fungi"
"Neonosemoides zeusi","P_NNSMD_ZEUS","Protozoa","F_NNSMD_ZEUS","Fungi"
"Neonosemoidiidae","P_[FAM]_NEONSMDD","Protozoa","F_[FAM]_NEONSMDD","Fungi"
"Neoperezia","P_NEPRZ","Protozoa","F_NEPRZ","Fungi"
"Neoperezia chironomi","P_NEPRZ_CHRN","Protozoa","F_NEPRZ_CHRN","Fungi"
"Norlevinea","P_NRLVN","Protozoa","F_NRLVN","Fungi"
"Norlevinea daphniae","P_NRLVN_DPHN","Protozoa","F_NRLVN_DPHN","Fungi"
"Nosema","P_NOSEM","Protozoa","F_NOSEM","Fungi"
"Nosema acari","P_NOSEM_ACAR","Protozoa","F_NOSEM_ACAR","Fungi"
"Nosema acuta","P_NOSEM_ACUT","Protozoa","F_NOSEM_ACUT","Fungi"
"Nosema acutum","P_NOSEM_ACTM","Protozoa","F_NOSEM_ACTM","Fungi"
"Nosema adaliae","P_NOSEM_ADAL","Protozoa","F_NOSEM_ADAL","Fungi"
"Nosema adelae","P_NOSEM_ADEL","Protozoa","F_NOSEM_ADEL","Fungi"
"Nosema adiei","P_NOSEM_ADIE","Protozoa","F_NOSEM_ADIE","Fungi"
"Nosema aegypti","P_NOSEM_AEGY","Protozoa","F_NOSEM_AEGY","Fungi"
"Nosema aenescens","P_NOSEM_AENS","Protozoa","F_NOSEM_AENS","Fungi"
"Nosema aeschnae","P_NOSEM_AESC","Protozoa","F_NOSEM_AESC","Fungi"
"Nosema agnatae","P_NOSEM_AGNT","Protozoa","F_NOSEM_AGNT","Fungi"
"Nosema agrotidis","P_NOSEM_AGRT","Protozoa","F_NOSEM_AGRT","Fungi"
"Nosema albanica","P_NOSEM_ALBN","Protozoa","F_NOSEM_ALBN","Fungi"
"Nosema apicalis","P_NOSEM_APCL","Protozoa","F_NOSEM_APCL","Fungi"
"Nosema apis","P_NOSEM_APIS","Protozoa","F_NOSEM_APIS","Fungi"
"Nosema aporiae","P_NOSEM_APOR","Protozoa","F_NOSEM_APOR","Fungi"
"Nosema aporivora","P_NOSEM_APRV","Protozoa","F_NOSEM_APRV","Fungi"
"Nosema apterygotae","P_NOSEM_APTR","Protozoa","F_NOSEM_APTR","Fungi"
"Nosema armigerae","P_NOSEM_ARMG","Protozoa","F_NOSEM_ARMG","Fungi"
"Nosema artemiae","P_NOSEM_ARTM","Protozoa","F_NOSEM_ARTM","Fungi"
"Nosema asiaticus","P_NOSEM_ASTC","Protozoa","F_NOSEM_ASTC","Fungi"
"Nosema assamensis","P_NOSEM_ASSM","Protozoa","F_NOSEM_ASSM","Fungi"
"Nosema astyroe","P_NOSEM_ASTY","Protozoa","F_NOSEM_ASTY","Fungi"
"Nosema auriflammae","P_NOSEM_ARFL","Protozoa","F_NOSEM_ARFL","Fungi"
"Nosema baetis","P_NOSEM_BATS","Protozoa","F_NOSEM_BATS","Fungi"
"Nosema bialoviesianae","P_NOSEM_BLVS","Protozoa","F_NOSEM_BLVS","Fungi"
"Nosema bibionis","P_NOSEM_BBNS","Protozoa","F_NOSEM_BBNS","Fungi"
"Nosema binucleatum","P_NOSEM_BNCL","Protozoa","F_NOSEM_BNCL","Fungi"
"Nosema birgii","P_NOSEM_BIRG","Protozoa","F_NOSEM_BIRG","Fungi"
"Nosema bischoffi","P_NOSEM_BSCH","Protozoa","F_NOSEM_BSCH","Fungi"
"Nosema blissi","P_NOSEM_BLSS","Protozoa","F_NOSEM_BLSS","Fungi"
"Nosema bombi","P_NOSEM_BOMB","Protozoa","F_NOSEM_BOMB","Fungi"
"Nosema bombycis","P_NOSEM_BMBY","Protozoa","F_NOSEM_BMBY","Fungi"
"Nosema bordati","P_NOSEM_BRDT","Protozoa","F_NOSEM_BRDT","Fungi"
"Nosema brassicae","P_NOSEM_BRSS","Protozoa","F_NOSEM_BRSS","Fungi"
"Nosema bryozoides","P_NOSEM_BRYZ","Protozoa","F_NOSEM_BRYZ","Fungi"
"Nosema buckleyi","P_NOSEM_BCKL","Protozoa","F_NOSEM_BCKL","Fungi"
"Nosema cacoeciae","P_NOSEM_CACC","Protozoa","F_NOSEM_CACC","Fungi"
"Nosema cactoblastis","P_NOSEM_CCTB","Protozoa","F_NOSEM_CCTB","Fungi"
"Nosema cactorum","P_NOSEM_CCTR","Protozoa","F_NOSEM_CCTR","Fungi"
"Nosema caeculiae","P_NOSEM_CACL","Protozoa","F_NOSEM_CACL","Fungi"
"Nosema calcarati","P_NOSEM_CLCR","Protozoa","F_NOSEM_CLCR","Fungi"
"Nosema campoletidis","P_NOSEM_CMPL","Protozoa","F_NOSEM_CMPL","Fungi"
"Nosema cannae","P_NOSEM_CANN","Protozoa","F_NOSEM_CANN","Fungi"
"Nosema cardiochilis","P_NOSEM_CRDC","Protozoa","F_NOSEM_CRDC","Fungi"
"Nosema carpocapsae","P_NOSEM_CRPC","Protozoa","F_NOSEM_CRPC","Fungi"
"Nosema cemosvitovi","P_NOSEM_CMSV","Protozoa","F_NOSEM_CMSV","Fungi"
"Nosema ceranae","P_NOSEM_CERN","Protozoa","F_NOSEM_CERN","Fungi"
"Nosema cerasivoranae","P_NOSEM_CRSV","Protozoa","F_NOSEM_CRSV","Fungi"
"Nosema ceratomyxae","P_NOSEM_CRTM","Protozoa","F_NOSEM_CRTM","Fungi"
"Nosema chaetocnemae","P_NOSEM_CHTC","Protozoa","F_NOSEM_CHTC","Fungi"
"Nosema chapmani","P_NOSEM_CHPM","Protozoa","F_NOSEM_CHPM","Fungi"
"Nosema cheisini","P_NOSEM_CHSN","Protozoa","F_NOSEM_CHSN","Fungi"
"Nosema chironomi","P_NOSEM_CHRN","Protozoa","F_NOSEM_CHRN","Fungi"
"Nosema chrysorrhoeae","P_NOSEM_CHRY","Protozoa","F_NOSEM_CHRY","Fungi"
"Nosema ciliata","P_NOSEM_CILT","Protozoa","F_NOSEM_CILT","Fungi"
"Nosema coccinellae","P_NOSEM_CCCN","Protozoa","F_NOSEM_CCCN","Fungi"
"Nosema coliadis","P_NOSEM_CLDS","Protozoa","F_NOSEM_CLDS","Fungi"
"Nosema cordis","P_NOSEM_CRDS","Protozoa","F_NOSEM_CRDS","Fungi"
"Nosema cossi","P_NOSEM_COSS","Protozoa","F_NOSEM_COSS","Fungi"
"Nosema costelytrae","P_NOSEM_CSTL","Protozoa","F_NOSEM_CSTL","Fungi"
"Nosema couilloudi","P_NOSEM_CLLD","Protozoa","F_NOSEM_CLLD","Fungi"
"Nosema crataeganae","P_NOSEM_CRTG","Protozoa","F_NOSEM_CRTG","Fungi"
"Nosema ctenocephali","P_NOSEM_CTNC","Protozoa","F_NOSEM_CTNC","Fungi"
"Nosema culicis","P_NOSEM_CLCS","Protozoa","F_NOSEM_CLCS","Fungi"
"Nosema cuneatum","P_NOSEM_CNTM","Protozoa","F_NOSEM_CNTM","Fungi"
"Nosema cuniculi","P_NOSEM_CNCL","Protozoa","F_NOSEM_CNCL","Fungi"
"Nosema curvidentis","P_NOSEM_CRVD","Protozoa","F_NOSEM_CRVD","Fungi"
"Nosema cynaea","P_NOSEM_CYNA","Protozoa","F_NOSEM_CYNA","Fungi"
"Nosema dendroctoni","P_NOSEM_DNDR","Protozoa","F_NOSEM_DNDR","Fungi"
"Nosema depressa","P_NOSEM_DPRS","Protozoa","F_NOSEM_DPRS","Fungi"
"Nosema destructor","P_NOSEM_DSTR","Protozoa","F_NOSEM_DSTR","Fungi"
"Nosema destruens","P_NOSEM_DSTRN","Protozoa","F_NOSEM_DSTRN","Fungi"
"Nosema diphterostomi","P_NOSEM_DPHT","Protozoa","F_NOSEM_DPHT","Fungi"
"Nosema disstriae","P_NOSEM_DSST","Protozoa","F_NOSEM_DSST","Fungi"
"Nosema dollfusi","P_NOSEM_DLLF","Protozoa","F_NOSEM_DLLF","Fungi"
"Nosema dryocoetesi","P_NOSEM_DRYC","Protozoa","F_NOSEM_DRYC","Fungi"
"Nosema dungeri","P_NOSEM_DNGR","Protozoa","F_NOSEM_DNGR","Fungi"
"Nosema elongatum","P_NOSEM_ELNG","Protozoa","F_NOSEM_ELNG","Fungi"
"Nosema empoascae","P_NOSEM_EMPS","Protozoa","F_NOSEM_EMPS","Fungi"
"Nosema ephialtis","P_NOSEM_EPHL","Protozoa","F_NOSEM_EPHL","Fungi"
"Nosema epilachnae","P_NOSEM_EPLC","Protozoa","F_NOSEM_EPLC","Fungi"
"Nosema equestris","P_NOSEM_EQST","Protozoa","F_NOSEM_EQST","Fungi"
"Nosema erippi","P_NOSEM_ERPP","Protozoa","F_NOSEM_ERPP","Fungi"
"Nosema eubules","P_NOSEM_EBLS","Protozoa","F_NOSEM_EBLS","Fungi"
"Nosema eurytremae","P_NOSEM_ERYT","Protozoa","F_NOSEM_ERYT","Fungi"
"Nosema euzeti","P_NOSEM_EUZT","Protozoa","F_NOSEM_EUZT","Fungi"
"Nosema frenzelinae","P_NOSEM_FRNZ","Protozoa","F_NOSEM_FRNZ","Fungi"
"Nosema fuehreri","P_NOSEM_FHRR","Protozoa","F_NOSEM_FHRR","Fungi"
"Nosema fumiferanae","P_NOSEM_FMFR","Protozoa","F_NOSEM_FMFR","Fungi"
"Nosema furnacalis","P_NOSEM_FRNC","Protozoa","F_NOSEM_FRNC","Fungi"
"Nosema galerucellae","P_NOSEM_GLRC","Protozoa","F_NOSEM_GLRC","Fungi"
"Nosema galleriae","P_NOSEM_GLLR","Protozoa","F_NOSEM_GLLR","Fungi"
"Nosema gammaroi","P_NOSEM_GMMR","Protozoa","F_NOSEM_GMMR","Fungi"
"Nosema gasti","P_NOSEM_GAST","Protozoa","F_NOSEM_GAST","Fungi"
"Nosema gastri","P_NOSEM_GSTR","Protozoa","F_NOSEM_GSTR","Fungi"
"Nosema gastroideae","P_NOSEM_TRDE","Protozoa","F_NOSEM_TRDE","Fungi"
"Nosema geophili","P_NOSEM_GPHL","Protozoa","F_NOSEM_GPHL","Fungi"
"Nosema gibbsi","P_NOSEM_GBBS","Protozoa","F_NOSEM_GBBS","Fungi"
"Nosema gigantica","P_NOSEM_GGNT","Protozoa","F_NOSEM_GGNT","Fungi"
"Nosema glabripennis","P_NOSEM_GLBR","Protozoa","F_NOSEM_GLBR","Fungi"
"Nosema glossiphoniae","P_NOSEM_GLSS","Protozoa","F_NOSEM_GLSS","Fungi"
"Nosema granulosis","P_NOSEM_GRNL","Protozoa","F_NOSEM_GRNL","Fungi"
"Nosema graphosomae","P_NOSEM_GRPH","Protozoa","F_NOSEM_GRPH","Fungi"
"Nosema grylli","P_NOSEM_GRYL","Protozoa","F_NOSEM_GRYL","Fungi"
"Nosema halesidotidis","P_NOSEM_HLSD","Protozoa","F_NOSEM_HLSD","Fungi"
"Nosema heliothidis","P_NOSEM_HLTH","Protozoa","F_NOSEM_HLTH","Fungi"
"Nosema helminthorum","P_NOSEM_HLMN","Protozoa","F_NOSEM_HLMN","Fungi"
"Nosema henosepilachnae","P_NOSEM_HNSP","Protozoa","F_NOSEM_HNSP","Fungi"
"Nosema hermanniae","P_NOSEM_HRMN","Protozoa","F_NOSEM_HRMN","Fungi"
"Nosema herpobdellae","P_NOSEM_HRPB","Protozoa","F_NOSEM_HRPB","Fungi"
"Nosema hippodamiae","P_NOSEM_HPPD","Protozoa","F_NOSEM_HPPD","Fungi"
"Nosema hybomitrae","P_NOSEM_HYBM","Protozoa","F_NOSEM_HYBM","Fungi"
"Nosema hydraeciae","P_NOSEM_HYDR","Protozoa","F_NOSEM_HYDR","Fungi"
"Nosema hydriae","P_NOSEM_YDRE","Protozoa","F_NOSEM_YDRE","Fungi"
"Nosema hylobii","P_NOSEM_HYLB","Protozoa","F_NOSEM_HYLB","Fungi"
"Nosema hyperae","P_NOSEM_HYPR","Protozoa","F_NOSEM_HYPR","Fungi"
"Nosema infesta","P_NOSEM_INFS","Protozoa","F_NOSEM_INFS","Fungi"
"Nosema invadens","P_NOSEM_INVD","Protozoa","F_NOSEM_INVD","Fungi"
"Nosema jirivavrai","P_NOSEM_JRVV","Protozoa","F_NOSEM_JRVV","Fungi"
"Nosema jiroveci","P_NOSEM_JRVC","Protozoa","F_NOSEM_JRVC","Fungi"
"Nosema juli","P_NOSEM_JULI","Protozoa","F_NOSEM_JULI","Fungi"
"Nosema junonis","P_NOSEM_JNNS","Protozoa","F_NOSEM_JNNS","Fungi"
"Nosema kovacevici","P_NOSEM_KVCV","Protozoa","F_NOSEM_KVCV","Fungi"
"Nosema kozhovi","P_NOSEM_KZHV","Protozoa","F_NOSEM_KZHV","Fungi"
"Nosema laphygmae","P_NOSEM_LPHY","Protozoa","F_NOSEM_LPHY","Fungi"
"Nosema lepidocyrti","P_NOSEM_LPDC","Protozoa","F_NOSEM_LPDC","Fungi"
"Nosema lepiduri","P_NOSEM_LPDR","Protozoa","F_NOSEM_LPDR","Fungi"
"Nosema lepocreadii","P_NOSEM_LPCR","Protozoa","F_NOSEM_LPCR","Fungi"
"Nosema leptinotarsae","P_NOSEM_LPTN","Protozoa","F_NOSEM_LPTN","Fungi"
"Nosema leptocordis","P_NOSEM_LPTC","Protozoa","F_NOSEM_LPTC","Fungi"
"Nosema lepturae","P_NOSEM_LPTR","Protozoa","F_NOSEM_LPTR","Fungi"
"Nosema liturae","P_NOSEM_LITR","Protozoa","F_NOSEM_LITR","Fungi"
"Nosema lophii","P_NOSEM_LOPH","Protozoa","F_NOSEM_LOPH","Fungi"
"Nosema lophocampae","P_NOSEM_LPHC","Protozoa","F_NOSEM_LPHC","Fungi"
"Nosema lotmarae","P_NOSEM_LTMR","Protozoa","F_NOSEM_LTMR","Fungi"
"Nosema loxagrotidis","P_NOSEM_LXGR","Protozoa","F_NOSEM_LXGR","Fungi"
"Nosema loxostegi","P_NOSEM_LXST","Protozoa","F_NOSEM_LXST","Fungi"
"Nosema lunatum","P_NOSEM_LNTM","Protozoa","F_NOSEM_LNTM","Fungi"
"Nosema lutzi","P_NOSEM_LUTZ","Protozoa","F_NOSEM_LUTZ","Fungi"
"Nosema lysimnioe","P_NOSEM_LYSM","Protozoa","F_NOSEM_LYSM","Fungi"
"Nosema manierae","P_NOSEM_MANR","Protozoa","F_NOSEM_MANR","Fungi"
"Nosema marionis","P_NOSEM_MRNS","Protozoa","F_NOSEM_MRNS","Fungi"
"Nosema marucae","P_NOSEM_MARC","Protozoa","F_NOSEM_MARC","Fungi"
"Nosema medinalis","P_NOSEM_MDNL","Protozoa","F_NOSEM_MDNL","Fungi"
"Nosema melasomae","P_NOSEM_MLSM","Protozoa","F_NOSEM_MLSM","Fungi"
"Nosema melolonthae","P_NOSEM_MLLN","Protozoa","F_NOSEM_MLLN","Fungi"
"Nosema michaelis","P_NOSEM_MCHL","Protozoa","F_NOSEM_MCHL","Fungi"
"Nosema micrattaci","P_NOSEM_MCRT","Protozoa","F_NOSEM_MCRT","Fungi"
"Nosema moniezi","P_NOSEM_MONZ","Protozoa","F_NOSEM_MONZ","Fungi"
"Nosema monorchis","P_NOSEM_MNRC","Protozoa","F_NOSEM_MNRC","Fungi"
"Nosema montanae","P_NOSEM_MNTN","Protozoa","F_NOSEM_MNTN","Fungi"
"Nosema murinanae","P_NOSEM_MRNN","Protozoa","F_NOSEM_MRNN","Fungi"
"Nosema muris","P_NOSEM_MURS","Protozoa","F_NOSEM_MURS","Fungi"
"Nosema muscidifuracis","P_NOSEM_MSCD","Protozoa","F_NOSEM_MSCD","Fungi"
"Nosema muscularis","P_NOSEM_MSCL","Protozoa","F_NOSEM_MSCL","Fungi"
"Nosema mylitta","P_NOSEM_MYLT","Protozoa","F_NOSEM_MYLT","Fungi"
"Nosema mylittensis","P_NOSEM_TNSS","Protozoa","F_NOSEM_TNSS","Fungi"
"Nosema mylloceri","P_NOSEM_MYLL","Protozoa","F_NOSEM_MYLL","Fungi"
"Nosema mystacis","P_NOSEM_MYST","Protozoa","F_NOSEM_MYST","Fungi"
"Nosema nebulellum","P_NOSEM_NBLL","Protozoa","F_NOSEM_NBLL","Fungi"
"Nosema nepae","P_NOSEM_NEPA","Protozoa","F_NOSEM_NEPA","Fungi"
"Nosema nisotrae","P_NOSEM_NSTR","Protozoa","F_NOSEM_NSTR","Fungi"
"Nosema nonagriae","P_NOSEM_NNGR","Protozoa","F_NOSEM_NNGR","Fungi"
"Nosema notabilis","P_NOSEM_NTBL","Protozoa","F_NOSEM_NTBL","Fungi"
"Nosema omaniae","P_NOSEM_OMAN","Protozoa","F_NOSEM_OMAN","Fungi"
"Nosema onophelis","P_NOSEM_ONPH","Protozoa","F_NOSEM_ONPH","Fungi"
"Nosema onychiurus","P_NOSEM_ONYC","Protozoa","F_NOSEM_ONYC","Fungi"
"Nosema operophterae","P_NOSEM_OPRP","Protozoa","F_NOSEM_OPRP","Fungi"
"Nosema ormieresi","P_NOSEM_ORMR","Protozoa","F_NOSEM_ORMR","Fungi"
"Nosema oryzaephili","P_NOSEM_ORYZ","Protozoa","F_NOSEM_ORYZ","Fungi"
"Nosema otiorhynchi","P_NOSEM_OTRH","Protozoa","F_NOSEM_OTRH","Fungi"
"Nosema oulemae","P_NOSEM_OULM","Protozoa","F_NOSEM_OULM","Fungi"
"Nosema parkeri","P_NOSEM_PRKR","Protozoa","F_NOSEM_PRKR","Fungi"
"Nosema partelli","P_NOSEM_PRTL","Protozoa","F_NOSEM_PRTL","Fungi"
"Nosema parva","P_NOSEM_PARV","Protozoa","F_NOSEM_PARV","Fungi"
"Nosema pediculi","P_NOSEM_PDCL","Protozoa","F_NOSEM_PDCL","Fungi"
"Nosema pediculis-vestimenti","P_NOSEM_PDCV","Protozoa","F_NOSEM_PDCV","Fungi"
"Nosema perezioides","P_NOSEM_PRZD","Protozoa","F_NOSEM_PRZD","Fungi"
"Nosema peridromae","P_NOSEM_PRDR","Protozoa","F_NOSEM_PRDR","Fungi"
"Nosema periplanetoe","P_NOSEM_PRPL","Protozoa","F_NOSEM_PRPL","Fungi"
"Nosema petrosa","P_NOSEM_PTRS","Protozoa","F_NOSEM_PTRS","Fungi"
"Nosema pfeifferi","P_NOSEM_PFFF","Protozoa","F_NOSEM_PFFF","Fungi"
"Nosema phalerae","P_NOSEM_PHLR","Protozoa","F_NOSEM_PHLR","Fungi"
"Nosema phryganidiae","P_NOSEM_PHRY","Protozoa","F_NOSEM_PHRY","Fungi"
"Nosema phyllotretae","P_NOSEM_PHYL","Protozoa","F_NOSEM_PHYL","Fungi"
"Nosema pieris","P_NOSEM_PIRS","Protozoa","F_NOSEM_PIRS","Fungi"
"Nosema pilicornis","P_NOSEM_PLCR","Protozoa","F_NOSEM_PLCR","Fungi"
"Nosema pimephales","P_NOSEM_PMPH","Protozoa","F_NOSEM_PMPH","Fungi"
"Nosema plutellae","P_NOSEM_PLTL","Protozoa","F_NOSEM_PLTL","Fungi"
"Nosema podocotyloidis","P_NOSEM_PDCT","Protozoa","F_NOSEM_PDCT","Fungi"
"Nosema polygrammae","P_NOSEM_PLYG","Protozoa","F_NOSEM_PLYG","Fungi"
"Nosema polyphemi","P_NOSEM_PLYP","Protozoa","F_NOSEM_PLYP","Fungi"
"Nosema polyvora","P_NOSEM_PLYV","Protozoa","F_NOSEM_PLYV","Fungi"
"Nosema pontogammari","P_NOSEM_PNTG","Protozoa","F_NOSEM_PNTG","Fungi"
"Nosema porphyriniae","P_NOSEM_PRPH","Protozoa","F_NOSEM_PRPH","Fungi"
"Nosema portugal","P_NOSEM_PRTG","Protozoa","F_NOSEM_PRTG","Fungi"
"Nosema priacanthi","P_NOSEM_PRCN","Protozoa","F_NOSEM_PRCN","Fungi"
"Nosema ptinidorum","P_NOSEM_PTND","Protozoa","F_NOSEM_PTND","Fungi"
"Nosema ptyctimae","P_NOSEM_PTYC","Protozoa","F_NOSEM_PTYC","Fungi"
"Nosema pulicis","P_NOSEM_PLCS","Protozoa","F_NOSEM_PLCS","Fungi"
"Nosema punctifera","P_NOSEM_PNCTF","Protozoa","F_NOSEM_TFRA","Fungi"
"Nosema punctiferum","P_NOSEM_PNCT","Protozoa","F_NOSEM_PNCT","Fungi"
"Nosema pyrausta","P_NOSEM_PYRS","Protozoa","F_NOSEM_PYRS","Fungi"
"Nosema pyraustae","P_NOSEM_RSTE","Protozoa","F_NOSEM_RSTE","Fungi"
"Nosema pyrgomorphae","P_NOSEM_PYRG","Protozoa","F_NOSEM_PYRG","Fungi"
"Nosema pyrrhocoridis","P_NOSEM_PYRR","Protozoa","F_NOSEM_PYRR","Fungi"
"Nosema raphidiae","P_NOSEM_RPHD","Protozoa","F_NOSEM_RPHD","Fungi"
"Nosema ricini","P_NOSEM_RICN","Protozoa","F_NOSEM_RICN","Fungi"
"Nosema rivulogammari","P_NOSEM_RVLG","Protozoa","F_NOSEM_RVLG","Fungi"
"Nosema sabaunae","P_NOSEM_SABN","Protozoa","F_NOSEM_SABN","Fungi"
"Nosema salivaria","P_NOSEM_SLVR","Protozoa","F_NOSEM_SLVR","Fungi"
"Nosema sapidi","P_NOSEM_SAPD","Protozoa","F_NOSEM_SAPD","Fungi"
"Nosema scolyti","P_NOSEM_SCLY","Protozoa","F_NOSEM_SCLY","Fungi"
"Nosema scripta","P_NOSEM_SCRP","Protozoa","F_NOSEM_SCRP","Fungi"
"Nosema semiothisae","P_NOSEM_SMTH","Protozoa","F_NOSEM_SMTH","Fungi"
"Nosema serbica","P_NOSEM_SRBC","Protozoa","F_NOSEM_SRBC","Fungi"
"Nosema sesiae","P_NOSEM_SESI","Protozoa","F_NOSEM_SESI","Fungi"
"Nosema shingidis","P_NOSEM_SHNG","Protozoa","F_NOSEM_SHNG","Fungi"
"Nosema slovaca","P_NOSEM_SLVC","Protozoa","F_NOSEM_SLVC","Fungi"
"Nosema sperchoni","P_NOSEM_SPRC","Protozoa","F_NOSEM_SPRC","Fungi"
"Nosema sphaeromiadis","P_NOSEM_SPHR","Protozoa","F_NOSEM_SPHR","Fungi"
"Nosema sphingidis","P_NOSEM_SPHN","Protozoa","F_NOSEM_SPHN","Fungi"
"Nosema spodopterae","P_NOSEM_SPDP","Protozoa","F_NOSEM_SPDP","Fungi"
"Nosema steganacari","P_NOSEM_STGN","Protozoa","F_NOSEM_STGN","Fungi"
"Nosema stegomyiae","P_NOSEM_STGM","Protozoa","F_NOSEM_STGM","Fungi"
"Nosema steinhausi","P_NOSEM_STNH","Protozoa","F_NOSEM_STNH","Fungi"
"Nosema stenocypris","P_NOSEM_STNC","Protozoa","F_NOSEM_STNC","Fungi"
"Nosema sticticalis","P_NOSEM_STCT","Protozoa","F_NOSEM_STCT","Fungi"
"Nosema stricklandi","P_NOSEM_STRC","Protozoa","F_NOSEM_STRC","Fungi"
"Nosema strictum","P_NOSEM_RCTM","Protozoa","F_NOSEM_RCTM","Fungi"
"Nosema strigeoideae","P_NOSEM_STRG","Protozoa","F_NOSEM_STRG","Fungi"
"Nosema syntomidis","P_NOSEM_SYNT","Protozoa","F_NOSEM_SYNT","Fungi"
"Nosema tabani","P_NOSEM_TABN","Protozoa","F_NOSEM_TABN","Fungi"
"Nosema takapauensis","P_NOSEM_TKPN","Protozoa","F_NOSEM_TKPN","Fungi"
"Nosema tanzaniae","P_NOSEM_TNZN","Protozoa","F_NOSEM_TNZN","Fungi"
"Nosema tatrica","P_NOSEM_TTRC","Protozoa","F_NOSEM_TTRC","Fungi"
"Nosema telengae","P_NOSEM_TLNG","Protozoa","F_NOSEM_TLNG","Fungi"
"Nosema tephrititae","P_NOSEM_TPHR","Protozoa","F_NOSEM_TPHR","Fungi"
"Nosema thomsoni","P_NOSEM_THMS","Protozoa","F_NOSEM_THMS","Fungi"
"Nosema tortricis","P_NOSEM_TRTR","Protozoa","F_NOSEM_TRTR","Fungi"
"Nosema tracheophila","P_NOSEM_TRCH","Protozoa","F_NOSEM_TRCH","Fungi"
"Nosema tractabile","P_NOSEM_TRCT","Protozoa","F_NOSEM_TRCT","Fungi"
"Nosema transitellae","P_NOSEM_TRNST","Protozoa","F_NOSEM_TRNST","Fungi"
"Nosema trichoplusiae","P_NOSEM_PLSE","Protozoa","F_NOSEM_PLSE","Fungi"
"Nosema trilophidiae","P_NOSEM_TRLP","Protozoa","F_NOSEM_TRLP","Fungi"
"Nosema tubifici","P_NOSEM_TBFC","Protozoa","F_NOSEM_TBFC","Fungi"
"Nosema typographi","P_NOSEM_TYPG","Protozoa","F_NOSEM_TYPG","Fungi"
"Nosema tyriae","P_NOSEM_TYRI","Protozoa","F_NOSEM_TYRI","Fungi"
"Nosema vanillae","P_NOSEM_VNLL","Protozoa","F_NOSEM_VNLL","Fungi"
"Nosema vasicola","P_NOSEM_VSCL","Protozoa","F_NOSEM_VSCL","Fungi"
"Nosema veliae","P_NOSEM_VELI","Protozoa","F_NOSEM_VELI","Fungi"
"Nosema vespula","P_NOSEM_VSPL","Protozoa","F_NOSEM_VSPL","Fungi"
"Nosema weiseri","P_NOSEM_WESR","Protozoa","F_NOSEM_WESR","Fungi"
"Nosema wistmansi","P_NOSEM_WSTM","Protozoa","F_NOSEM_WSTM","Fungi"
"Nosema xiphidiocercariae","P_NOSEM_XPHD","Protozoa","F_NOSEM_XPHD","Fungi"
"Nosema yponomeutae","P_NOSEM_YPNM","Protozoa","F_NOSEM_YPNM","Fungi"
"Nosema zavreli","P_NOSEM_ZVRL","Protozoa","F_NOSEM_ZVRL","Fungi"
"Nosema zwoelferi","P_NOSEM_ZWLF","Protozoa","F_NOSEM_ZWLF","Fungi"
"Nosematidae","P_[FAM]_NOSEMATD","Protozoa","F_[FAM]_NOSEMATD","Fungi"
"Nosemoides","P_NSMDS","Protozoa","F_NSMDS","Fungi"
"Nosemoides cyclopis","P_NSMDS_CYCL","Protozoa","F_NSMDS_CYCL","Fungi"
"Nosemoides simocephali","P_NSMDS_SMCP","Protozoa","F_NSMDS_SMCP","Fungi"
"Nosemoides vivieri","P_NSMDS_VIVR","Protozoa","F_NSMDS_VIVR","Fungi"
"Nucleospora","P_NCLSP","Protozoa","F_NCLSPR","Fungi"
"Nucleospora cyclopteri","P_NCLSP_CYCL","Protozoa","F_NCLSPR_CYCL","Fungi"
"Nucleospora salmonis","P_NCLSP_SLMN","Protozoa","F_NCLSPR_SLMN","Fungi"
"Nucleospora secunda","P_NCLSP_SCND","Protozoa","F_NCLSPR_SCND","Fungi"
"Nudispora","P_NDSPR","Protozoa","F_NDSPR","Fungi"
"Nudispora biformis","P_NDSPR_BFRM","Protozoa","F_NDSPR_BFRM","Fungi"
"Oblongichytriidae","F_[FAM]_OBLNGCHY","Fungi","C_[FAM]_OBLNGCHY","Chromista"
"Oblongichytrium","F_OBLNG","Fungi","C_OBLNG","Chromista"
"Oblongichytrium multirudimentale","F_OBLNG_MLTR","Fungi","C_OBLNG_MLTR","Chromista"
"Obruspora","P_OBRSP","Protozoa","F_OBRSP","Fungi"
"Obruspora papernae","P_OBRSP_PPRN","Protozoa","F_OBRSP_PPRN","Fungi"
"Octosporea","P_OCTSP","Protozoa","F_OCTSPR","Fungi"
"Octosporea antiquae","P_OCTSP_ANTQ","Protozoa","F_OCTSPR_ANTQ","Fungi"
"Octosporea autumnalis","P_OCTSP_ATMN","Protozoa","F_OCTSPR_ATMN","Fungi"
"Octosporea bayeri","P_OCTSP_BAYR","Protozoa","F_OCTSPR_BAYR","Fungi"
"Octosporea carloschagasi","P_OCTSP_CRLS","Protozoa","F_OCTSPR_CRLS","Fungi"
"Octosporea chironomi","P_OCTSP_CHRN","Protozoa","F_OCTSPR_CHRN","Fungi"
"Octosporea collembolae","P_OCTSP_CLLM","Protozoa","F_OCTSPR_CLLM","Fungi"
"Octosporea corethrae","P_OCTSP_CRTH","Protozoa","F_OCTSPR_CRTH","Fungi"
"Octosporea deliae","P_OCTSP_DELI","Protozoa","F_OCTSPR_DELI","Fungi"
"Octosporea diaphanosomae","P_OCTSP_DPHN","Protozoa","F_OCTSPR_DPHN","Fungi"
"Octosporea effeminans","P_OCTSP_EFFM","Protozoa","F_OCTSPR_EFFM","Fungi"
"Octosporea gammari","P_OCTSP_GMMR","Protozoa","F_OCTSPR_GMMR","Fungi"
"Octosporea hybomitrae","P_OCTSP_HYBM","Protozoa","F_OCTSPR_HYBM","Fungi"
"Octosporea intestinalis","P_OCTSP_INTS","Protozoa","F_OCTSPR_INTS","Fungi"
"Octosporea monospora","P_OCTSP_MNSP","Protozoa","F_OCTSPR_MNSP","Fungi"
"Octosporea muscaedomesticae","P_OCTSP_MSCD","Protozoa","F_OCTSPR_MSCD","Fungi"
"Octosporea porcellioi","P_OCTSP_PRCL","Protozoa","F_OCTSPR_PRCL","Fungi"
"Octosporea simulii","P_OCTSP_SIML","Protozoa","F_OCTSPR_SIML","Fungi"
"Octosporea viridanae","P_OCTSP_VRDN","Protozoa","F_OCTSPR_VRDN","Fungi"
"Octotetraspora","P_OCTTT","Protozoa","F_OCTTT","Fungi"
"Octotetraspora paradoxa","P_OCTTT_PRDX","Protozoa","F_OCTTT_PRDX","Fungi"
"Oligosporidium","P_OLGSP","Protozoa","F_OLGSP","Fungi"
"Oligosporidium occidentalis","P_OLGSP_OCCD","Protozoa","F_OLGSP_OCCD","Fungi"
"Ordospora","P_ORDSP","Protozoa","F_ORDSP","Fungi"
"Ordospora colligata","P_ORDSP_CLLG","Protozoa","F_ORDSP_CLLG","Fungi"
"Ordospora durforti","P_ORDSP_DRFR","Protozoa","F_ORDSP_DRFR","Fungi"
"Ordosporidae","P_[FAM]_ORDOSPRD","Protozoa","F_[FAM]_ORDOSPRD","Fungi"
"Ormieresia","P_ORMRS","Protozoa","F_ORMRS","Fungi"
"Ormieresia carcini","P_ORMRS_CRCN","Protozoa","F_ORMRS_CRCN","Fungi"
"Orthosomella","P_ORTHS","Protozoa","F_ORTHS","Fungi"
"Orthosomella lambdinaen","P_ORTHS_LMBD","Protozoa","F_ORTHS_LMBD","Fungi"
"Orthosomella lipae","P_ORTHS_LIPA","Protozoa","F_ORTHS_LIPA","Fungi"
"Orthosomella operophterae","P_ORTHS_OPRP","Protozoa","F_ORTHS_OPRP","Fungi"
"Orthothelohania","P_ORTHT","Protozoa","F_ORTHT","Fungi"
"Orthothelohania octospora","P_ORTHT_OCTS","Protozoa","F_ORTHT_OCTS","Fungi"
"Orthothelohania octosporus","P_ORTHT_SPRS","Protozoa","F_ORTHT_SPRS","Fungi"
"Ovavesicula","P_OVVSC","Protozoa","F_OVVSC","Fungi"
"Ovavesicula popilliae","P_OVVSC_PPLL","Protozoa","F_OVVSC_PPLL","Fungi"
"Ovavesiculidae","P_[FAM]_OVAVSCLD","Protozoa","F_[FAM]_OVAVSCLD","Fungi"
"Ovipleistophora","P_OVPLS","Protozoa","F_OVPLS","Fungi"
"Ovipleistophora mirandellae","P_OVPLS_MRND","Protozoa","F_OVPLS_MRND","Fungi"
"Ovipleistophora ovariae","P_OVPLS_OVAR","Protozoa","F_OVPLS_OVAR","Fungi"
"Panhistophyton","P_PNHST","Protozoa","F_PNHST","Fungi"
"Panhistophyton ovatum","P_PNHST_OVTM","Protozoa","F_PNHST_OVTM","Fungi"
"Pankovaia","P_PANKV","Protozoa","F_PANKV","Fungi"
"Pankovaia semitubulata","P_PANKV_SMTB","Protozoa","F_PANKV_SMTB","Fungi"
"Paradoxium","P_PRDXM","Protozoa","F_PRDXM","Fungi"
"Paradoxium irvingi","P_PRDXM_IRVN","Protozoa","F_PRDXM_IRVN","Fungi"
"Paraepiseptum","P_PRPSP","Protozoa","F_PRPSP","Fungi"
"Paraepiseptum hydropsycheae","P_PRPSP_HYDR","Protozoa","F_PRPSP_HYDR","Fungi"
"Paraepiseptum plectrocnemiae","P_PRPSP_PLCT","Protozoa","F_PRPSP_PLCT","Fungi"
"Paraepiseptum polycentropi","P_PRPSP_PLYC","Protozoa","F_PRPSP_PLYC","Fungi"
"Paraepiseptum rhyacophilae","P_PRPSP_RHYC","Protozoa","F_PRPSP_RHYC","Fungi"
"Paramicrosporidium","P_PPRDM","Protozoa","F_PRMCR","Fungi"
"Paramicrosporidium saccamoebae","P_PPRDM_SCCM","Protozoa","F_PRMCR_SCCM","Fungi"
"Paramicrosporidium vannellae","P_PPRDM_VNNL","Protozoa","F_PRMCR_VNNL","Fungi"
"Paranosema","P_PRNSM","Protozoa","F_PRNSM","Fungi"
"Paranosema grylli","P_PRNSM_GRYL","Protozoa","F_PRNSM_GRYL","Fungi"
"Paranosema whitei","P_PRNSM_WHIT","Protozoa","F_PRNSM_WHIT","Fungi"
"Paranucleospora","P_PRNCL","Protozoa","F_PRNCL","Fungi"
"Paranucleospora theridion","P_PRNCL_THRD","Protozoa","F_PRNCL_THRD","Fungi"
"Parapleistophora","P_PRPLS","Protozoa","F_PRPLST","Fungi"
"Parapleistophora ectospora","P_PRPLS_ECTS","Protozoa","F_PRPLST_ECTS","Fungi"
"Parastempellia","P_PRSTM","Protozoa","F_PRSTM","Fungi"
"Parastempellia odagmiae","P_PRSTM_ODGM","Protozoa","F_PRSTM_ODGM","Fungi"
"Parathelohania","P_PRTHL","Protozoa","F_PRTHL","Fungi"
"Parathelohania africana","P_PRTHL_AFRC","Protozoa","F_PRTHL_AFRC","Fungi"
"Parathelohania anomala","P_PRTHL_ANML","Protozoa","F_PRTHL_ANML","Fungi"
"Parathelohania anophelis","P_PRTHL_ANPH","Protozoa","F_PRTHL_ANPH","Fungi"
"Parathelohania aquasalensis","P_PRTHL_AQSL","Protozoa","F_PRTHL_AQSL","Fungi"
"Parathelohania arabiensis","P_PRTHL_ARBN","Protozoa","F_PRTHL_ARBN","Fungi"
"Parathelohania barra","P_PRTHL_BARR","Protozoa","F_PRTHL_BARR","Fungi"
"Parathelohania chagrasensis","P_PRTHL_CHGR","Protozoa","F_PRTHL_CHGR","Fungi"
"Parathelohania costatus","P_PRTHL_CSTT","Protozoa","F_PRTHL_CSTT","Fungi"
"Parathelohania detinovae","P_PRTHL_DTNV","Protozoa","F_PRTHL_DTNV","Fungi"
"Parathelohania divulgata","P_PRTHL_DVLG","Protozoa","F_PRTHL_DVLG","Fungi"
"Parathelohania evansae","P_PRTHL_EVNS","Protozoa","F_PRTHL_EVNS","Fungi"
"Parathelohania formosa","P_PRTHL_FRMS","Protozoa","F_PRTHL_FRMS","Fungi"
"Parathelohania illinoisensis","P_PRTHL_ILLN","Protozoa","F_PRTHL_ILLN","Fungi"
"Parathelohania indica","P_PRTHL_INDC","Protozoa","F_PRTHL_INDC","Fungi"
"Parathelohania iranica","P_PRTHL_IRNC","Protozoa","F_PRTHL_IRNC","Fungi"
"Parathelohania issiae","P_PRTHL_ISSI","Protozoa","F_PRTHL_ISSI","Fungi"
"Parathelohania legeri","P_PRTHL_LEGR","Protozoa","F_PRTHL_LEGR","Fungi"
"Parathelohania obesa","P_PRTHL_OBES","Protozoa","F_PRTHL_OBES","Fungi"
"Parathelohania obscura","P_PRTHL_OBSC","Protozoa","F_PRTHL_OBSC","Fungi"
"Parathelohania octolagenella","P_PRTHL_OCTL","Protozoa","F_PRTHL_OCTL","Fungi"
"Parathelohania periculosa","P_PRTHL_PRCL","Protozoa","F_PRTHL_PRCL","Fungi"
"Parathelohania sibirika","P_PRTHL_SBRK","Protozoa","F_PRTHL_SBRK","Fungi"
"Parathelohania teguldeti","P_PRTHL_TGLD","Protozoa","F_PRTHL_TGLD","Fungi"
"Parathelohania tomski","P_PRTHL_TMSK","Protozoa","F_PRTHL_TMSK","Fungi"
"Paratuzetia","P_PRTZT","Protozoa","F_PRTZT","Fungi"
"Paratuzetia kupermani","P_PRTZT_KPRM","Protozoa","F_PRTZT_KPRM","Fungi"
"Pegmatheca","P_PGMTH","Protozoa","F_PGMTH","Fungi"
"Pegmatheca lamellata","P_PGMTH_LMLL","Protozoa","F_PGMTH_LMLL","Fungi"
"Pegmatheca simulii","P_PGMTH_SIML","Protozoa","F_PGMTH_SIML","Fungi"
"Perezia","P_PEREZ","Protozoa","F_PEREZ","Fungi"
"Perezia diaphanosomae","P_PEREZ_DPHN","Protozoa","F_PEREZ_DPHN","Fungi"
"Perezia helminthorum","P_PEREZ_HLMN","Protozoa","F_PEREZ_HLMN","Fungi"
"Perezia nelsoni","P_PEREZ_NLSN","Protozoa","F_PEREZ_NLSN","Fungi"
"Pereziidae","P_[FAM]_PEREZIID","Protozoa","F_[FAM]_PEREZIID","Fungi"
"Pernicivesicula","P_PRNCV","Protozoa","F_PRNCV","Fungi"
"Pernicivesicula gracilis","P_PRNCV_GRCL","Protozoa","F_PRNCV_GRCL","Fungi"
"Pilosporella","P_PLSPR","Protozoa","F_PLSPRL","Fungi"
"Pilosporella chapmani","P_PLSPR_CHPM","Protozoa","F_PLSPRL_CHPM","Fungi"
"Pilosporella fishi","P_PLSPR_FISH","Protozoa","F_PLSPRL_FISH","Fungi"
"Pleistophora","P_PLSTP","Protozoa","F_PLSTP","Fungi"
"Pleistophora acerinae","P_PLSTP_ACRN","Protozoa","F_PLSTP_ACRN","Fungi"
"Pleistophora aegyptiaca","P_PLSTP_AEGY","Protozoa","F_PLSTP_AEGY","Fungi"
"Pleistophora agelasticae","P_PLSTP_AGLS","Protozoa","F_PLSTP_AGLS","Fungi"
"Pleistophora atretii","P_PLSTP_ATRT","Protozoa","F_PLSTP_ATRT","Fungi"
"Pleistophora blatellae","P_PLSTP_BLTL","Protozoa","F_PLSTP_BLTL","Fungi"
"Pleistophora blattae","P_PLSTP_BLTT","Protozoa","F_PLSTP_BLTT","Fungi"
"Pleistophora blochmanni","P_PLSTP_BLCH","Protozoa","F_PLSTP_BLCH","Fungi"
"Pleistophora bohemica","P_PLSTP_BHMC","Protozoa","F_PLSTP_BHMC","Fungi"
"Pleistophora brachionus","P_PLSTP_BRCH","Protozoa","F_PLSTP_BRCH","Fungi"
"Pleistophora bufonis","P_PLSTP_BFNS","Protozoa","F_PLSTP_BFNS","Fungi"
"Pleistophora caecorum","P_PLSTP_CCRM","Protozoa","F_PLSTP_CCRM","Fungi"
"Pleistophora californica","P_PLSTP_CLFR","Protozoa","F_PLSTP_CLFR","Fungi"
"Pleistophora campostomae","P_PLSTP_CMPS","Protozoa","F_PLSTP_CMPS","Fungi"
"Pleistophora carabidorum","P_PLSTP_CRBD","Protozoa","F_PLSTP_CRBD","Fungi"
"Pleistophora carangoidi","P_PLSTP_CRNG","Protozoa","F_PLSTP_CRNG","Fungi"
"Pleistophora cargoi","P_PLSTP_CARG","Protozoa","F_PLSTP_CARG","Fungi"
"Pleistophora carpocapsae","P_PLSTP_CRPC","Protozoa","F_PLSTP_CRPC","Fungi"
"Pleistophora centroptili","P_PLSTP_CNTR","Protozoa","F_PLSTP_CNTR","Fungi"
"Pleistophora cephei","P_PLSTP_CEPH","Protozoa","F_PLSTP_CEPH","Fungi"
"Pleistophora chaobori","P_PLSTP_CHBR","Protozoa","F_PLSTP_CHBR","Fungi"
"Pleistophora chironomi","P_PLSTP_CHRN","Protozoa","F_PLSTP_CHRN","Fungi"
"Pleistophora coccoidea","P_PLSTP_CCCD","Protozoa","F_PLSTP_CCCD","Fungi"
"Pleistophora collessi","P_PLSTP_CLLS","Protozoa","F_PLSTP_CLLS","Fungi"
"Pleistophora crangoni","P_PLSTP_NGNI","Protozoa","F_PLSTP_NGNI","Fungi"
"Pleistophora culisetae","P_PLSTP_CLST","Protozoa","F_PLSTP_CLST","Fungi"
"Pleistophora cyclopis","P_PLSTP_CYCL","Protozoa","F_PLSTP_CYCL","Fungi"
"Pleistophora dallii","P_PLSTP_DALL","Protozoa","F_PLSTP_DALL","Fungi"
"Pleistophora dammami","P_PLSTP_DMMM","Protozoa","F_PLSTP_DMMM","Fungi"
"Pleistophora danilewskyi","P_PLSTP_DNLW","Protozoa","F_PLSTP_DNLW","Fungi"
"Pleistophora daphniae","P_PLSTP_DPHN","Protozoa","F_PLSTP_DPHN","Fungi"
"Pleistophora destruens","P_PLSTP_DSTR","Protozoa","F_PLSTP_DSTR","Fungi"
"Pleistophora dindali","P_PLSTP_DNDL","Protozoa","F_PLSTP_DNDL","Fungi"
"Pleistophora dixipi","P_PLSTP_DIXP","Protozoa","F_PLSTP_DIXP","Fungi"
"Pleistophora duodecimae","P_PLSTP_DDCM","Protozoa","F_PLSTP_DDCM","Fungi"
"Pleistophora egypti","P_PLSTP_EGYP","Protozoa","F_PLSTP_EGYP","Fungi"
"Pleistophora ehrenbaumi","P_PLSTP_EHRN","Protozoa","F_PLSTP_EHRN","Fungi"
"Pleistophora elegans","P_PLSTP_ELGN","Protozoa","F_PLSTP_ELGN","Fungi"
"Pleistophora ellipsoidea","P_PLSTP_ELLP","Protozoa","F_PLSTP_ELLP","Fungi"
"Pleistophora enterobia","P_PLSTP_ENTR","Protozoa","F_PLSTP_ENTR","Fungi"
"Pleistophora eretesi","P_PLSTP_ERTS","Protozoa","F_PLSTP_ERTS","Fungi"
"Pleistophora finisterrensis","P_PLSTP_FNST","Protozoa","F_PLSTP_FNST","Fungi"
"Pleistophora gadi","P_PLSTP_GADI","Protozoa","F_PLSTP_GADI","Fungi"
"Pleistophora ganapatii","P_PLSTP_GNPT","Protozoa","F_PLSTP_GNPT","Fungi"
"Pleistophora geotrupina","P_PLSTP_GTRP","Protozoa","F_PLSTP_GTRP","Fungi"
"Pleistophora grossa","P_PLSTP_GRSS","Protozoa","F_PLSTP_GRSS","Fungi"
"Pleistophora helminthophthora","P_PLSTP_HLMN","Protozoa","F_PLSTP_HLMN","Fungi"
"Pleistophora heteroica","P_PLSTP_HTRC","Protozoa","F_PLSTP_HTRC","Fungi"
"Pleistophora hippoglossoideos","P_PLSTP_HPPG","Protozoa","F_PLSTP_HPPG","Fungi"
"Pleistophora holopedii","P_PLSTP_HLPD","Protozoa","F_PLSTP_HLPD","Fungi"
"Pleistophora hominis","P_PLSTP_HMNS","Protozoa","F_PLSTP_HMNS","Fungi"
"Pleistophora husseyae","P_PLSTP_HSSY","Protozoa","F_PLSTP_HSSY","Fungi"
"Pleistophora hybomitrae","P_PLSTP_HYBM","Protozoa","F_PLSTP_HYBM","Fungi"
"Pleistophora hylobii","P_PLSTP_HYLB","Protozoa","F_PLSTP_HYLB","Fungi"
"Pleistophora hyphessobryconis","P_PLSTP_HYPH","Protozoa","F_PLSTP_HYPH","Fungi"
"Pleistophora jiroveci","P_PLSTP_JRVC","Protozoa","F_PLSTP_JRVC","Fungi"
"Pleistophora kudoi","P_PLSTP_KUDO","Protozoa","F_PLSTP_KUDO","Fungi"
"Pleistophora labrorum","P_PLSTP_LBRR","Protozoa","F_PLSTP_LBRR","Fungi"
"Pleistophora ladogensis","P_PLSTP_LDGN","Protozoa","F_PLSTP_LDGN","Fungi"
"Pleistophora leasei","P_PLSTP_LEAS","Protozoa","F_PLSTP_LEAS","Fungi"
"Pleistophora lintoni","P_PLSTP_LNTN","Protozoa","F_PLSTP_LNTN","Fungi"
"Pleistophora littoralis","P_PLSTP_LTTR","Protozoa","F_PLSTP_LTTR","Fungi"
"Pleistophora longifilis","P_PLSTP_LNGF","Protozoa","F_PLSTP_LNGF","Fungi"
"Pleistophora lutzi","P_PLSTP_LUTZ","Protozoa","F_PLSTP_LUTZ","Fungi"
"Pleistophora macrospora","P_PLSTP_MCRS","Protozoa","F_PLSTP_MCRS","Fungi"
"Pleistophora macrozoarcidis","P_PLSTP_MCRZ","Protozoa","F_PLSTP_MCRZ","Fungi"
"Pleistophora manningeri","P_PLSTP_MNNN","Protozoa","F_PLSTP_MNNN","Fungi"
"Pleistophora milesi","P_PLSTP_MILS","Protozoa","F_PLSTP_MILS","Fungi"
"Pleistophora miyairii","P_PLSTP_MIYR","Protozoa","F_PLSTP_MIYR","Fungi"
"Pleistophora myotropha","P_PLSTP_MYTR","Protozoa","F_PLSTP_MYTR","Fungi"
"Pleistophora myotrophica","P_PLSTP_PHCA","Protozoa","F_PLSTP_PHCA","Fungi"
"Pleistophora neustriae","P_PLSTP_NSTR","Protozoa","F_PLSTP_NSTR","Fungi"
"Pleistophora oolytica","P_PLSTP_OLYT","Protozoa","F_PLSTP_OLYT","Fungi"
"Pleistophora oolyticus","P_PLSTP_YTCS","Protozoa","F_PLSTP_YTCS","Fungi"
"Pleistophora oribatei","P_PLSTP_ORBT","Protozoa","F_PLSTP_ORBT","Fungi"
"Pleistophora ovalis","P_PLSTP_OVLS","Protozoa","F_PLSTP_OVLS","Fungi"
"Pleistophora pagri","P_PLSTP_PAGR","Protozoa","F_PLSTP_PAGR","Fungi"
"Pleistophora periplanetae","P_PLSTP_PRPL","Protozoa","F_PLSTP_PRPL","Fungi"
"Pleistophora platynothri","P_PLSTP_PLTY","Protozoa","F_PLSTP_PLTY","Fungi"
"Pleistophora plectopterae","P_PLSTP_PLCT","Protozoa","F_PLSTP_PLCT","Fungi"
"Pleistophora priacanthicola","P_PLSTP_PRCN","Protozoa","F_PLSTP_PRCN","Fungi"
"Pleistophora priacanthusis","P_PLSTP_PRCNT","Protozoa","F_PLSTP_NTHSS","Fungi"
"Pleistophora pricanthusis","P_PLSTP_THSS","Protozoa","F_PLSTP_PRCNT","Fungi"
"Pleistophora pseudorasborae","P_PLSTP_PSDR","Protozoa","F_PLSTP_PSDR","Fungi"
"Pleistophora reciprocaria","P_PLSTP_RCPR","Protozoa","F_PLSTP_RCPR","Fungi"
"Pleistophora ronneafiei","P_PLSTP_RNNF","Protozoa","F_PLSTP_RNNF","Fungi"
"Pleistophora sauridae","P_PLSTP_SARD","Protozoa","F_PLSTP_SARD","Fungi"
"Pleistophora scatopsi","P_PLSTP_SCTP","Protozoa","F_PLSTP_SCTP","Fungi"
"Pleistophora senegalensis","P_PLSTP_SNGL","Protozoa","F_PLSTP_SNGL","Fungi"
"Pleistophora shiplei","P_PLSTP_SHPL","Protozoa","F_PLSTP_SHPL","Fungi"
"Pleistophora siiuri","P_PLSTP_SIIR","Protozoa","F_PLSTP_SIIR","Fungi"
"Pleistophora simulii","P_PLSTP_SIML","Protozoa","F_PLSTP_SIML","Fungi"
"Pleistophora sogandaresi","P_PLSTP_SGND","Protozoa","F_PLSTP_SGND","Fungi"
"Pleistophora spraguei","P_PLSTP_SPRG","Protozoa","F_PLSTP_SPRG","Fungi"
"Pleistophora stegomyiae","P_PLSTP_STGM","Protozoa","F_PLSTP_STGM","Fungi"
"Pleistophora sulci","P_PLSTP_SULC","Protozoa","F_PLSTP_SULC","Fungi"
"Pleistophora syleptae","P_PLSTP_SYLP","Protozoa","F_PLSTP_SYLP","Fungi"
"Pleistophora tabani","P_PLSTP_TABN","Protozoa","F_PLSTP_TABN","Fungi"
"Pleistophora tahoensis","P_PLSTP_THNS","Protozoa","F_PLSTP_THNS","Fungi"
"Pleistophora tanzaniae","P_PLSTP_TNZN","Protozoa","F_PLSTP_TNZN","Fungi"
"Pleistophora tenua","P_PLSTP_TENU","Protozoa","F_PLSTP_TENU","Fungi"
"Pleistophora thienemanni","P_PLSTP_THNM","Protozoa","F_PLSTP_THNM","Fungi"
"Pleistophora tillingbournei","P_PLSTP_TLLN","Protozoa","F_PLSTP_TLLN","Fungi"
"Pleistophora tuberifera","P_PLSTP_TBRF","Protozoa","F_PLSTP_TBRF","Fungi"
"Pleistophora turgenica","P_PLSTP_TRGN","Protozoa","F_PLSTP_TRGN","Fungi"
"Pleistophora typicalis","P_PLSTP_TYPC","Protozoa","F_PLSTP_TYPC","Fungi"
"Pleistophora vayssierei","P_PLSTP_VYSS","Protozoa","F_PLSTP_VYSS","Fungi"
"Pleistophora vermiformis","P_PLSTP_VRMF","Protozoa","F_PLSTP_VRMF","Fungi"
"Pleistophora waltairensis","P_PLSTP_WLTR","Protozoa","F_PLSTP_WLTR","Fungi"
"Pleistophora weiseri","P_PLSTP_WESR","Protozoa","F_PLSTP_WESR","Fungi"
"Pleistophora xyloteri","P_PLSTP_XYLT","Protozoa","F_PLSTP_XYLT","Fungi"
"Pleistophoridae","P_[FAM]_PLSTPHRD","Protozoa","F_[FAM]_PLSTPHRD","Fungi"
"Polydispyrenia","P_PLYDS","Protozoa","F_PYRNA","Fungi"
"Polydispyrenia norandina","P_PLYDS_NRND","Protozoa","F_PYRNA_NRND","Fungi"
"Polydispyrenia simulii","P_PLYDS_SIML","Protozoa","F_PYRNA_SIML","Fungi"
"Potaspora","P_PTSPR","Protozoa","F_PTSPR","Fungi"
"Potaspora morhaphis","P_PTSPR_MRHP","Protozoa","F_PTSPR_MRHP","Fungi"
"Pseudoloma","P_PSDLM","Protozoa","F_PSDLM","Fungi"
"Pseudoloma neurophilia","P_PSDLM_NRPH","Protozoa","F_PSDLM_NRPH","Fungi"
"Pseudonosema","P_PSDNS","Protozoa","F_PSDNS","Fungi"
"Pseudonosema cristatellae","P_PSDNS_CRST","Protozoa","F_PSDNS_CRST","Fungi"
"Pseudonosematidae","P_[FAM]_PSDNSMTD","Protozoa","F_[FAM]_PSDNSMTD","Fungi"
"Pseudopleistophora","P_PSDPL","Protozoa","F_PSDPLS","Fungi"
"Pseudopleistophoridae","P_[FAM]_PSDPLSTP","Protozoa","F_[FAM]_PSDPLSTP","Fungi"
"Pulicispora","P_PLCSP","Protozoa","F_PLCSPR","Fungi"
"Pulicispora xenopsyllae","P_PLCSP_XNPS","Protozoa","F_PLCSPR_XNPS","Fungi"
"Pyrotheca","P_PYRTH","Protozoa","F_PYRTH","Fungi"
"Pyrotheca acuta","P_PYRTH_ACUT","Protozoa","F_PYRTH_ACUT","Fungi"
"Pyrotheca acutum","P_PYRTH_ACTM","Protozoa","F_PYRTH_ACTM","Fungi"
"Pyrotheca cuneiformis","P_PYRTH_CNFR","Protozoa","F_PYRTH_CNFR","Fungi"
"Pyrotheca cyclopis","P_PYRTH_CYCL","Protozoa","F_PYRTH_CYCL","Fungi"
"Pyrotheca incurvata","P_PYRTH_INCR","Protozoa","F_PYRTH_INCR","Fungi"
"Pyrotheca virgula","P_PYRTH_VRGL","Protozoa","F_PYRTH_VRGL","Fungi"
"Pyrotheca virgulum","P_PYRTH_RGLM","Protozoa","F_PYRTH_RGLM","Fungi"
"Rectispora","P_RCTSP","Protozoa","F_RCTSP","Fungi"
"Rectispora reticulata","P_RCTSP_RTCL","Protozoa","F_RCTSP_RTCL","Fungi"
"Resiomeria","P_RESMR","Protozoa","F_RESMR","Fungi"
"Resiomeria odonatae","P_RESMR_ODNT","Protozoa","F_RESMR_ODNT","Fungi"
"Ringueletium","P_RNGLT","Protozoa","F_RNGLT","Fungi"
"Ringueletium pillosa","P_RNGLT_PLLS","Protozoa","F_RNGLT_PLLS","Fungi"
"Schroedera","P_SCHRD","Protozoa","F_SCHRD","Fungi"
"Schroedera airthreyi","P_SCHRD_ARTH","Protozoa","F_SCHRD_ARTH","Fungi"
"Schroedera plumatellae","P_SCHRD_PLMT","Protozoa","F_SCHRD_PLMT","Fungi"
"Scipionospora","P_SCPNS","Protozoa","F_SCPNS","Fungi"
"Scipionospora tetraspora","P_SCPNS_TTRS","Protozoa","F_SCPNS_TTRS","Fungi"
"Semenovaia","P_SEMNV","Protozoa","F_SEMNV","Fungi"
"Semenovaia chironomi","P_SEMNV_CHRN","Protozoa","F_SEMNV_CHRN","Fungi"
"Senoma","P_SENOM","Protozoa","F_SENOM","Fungi"
"Senoma globulifera","P_SENOM_GLBL","Protozoa","F_SENOM_GLBL","Fungi"
"Simuliospora","P_SMLSP","Protozoa","F_SMLSP","Fungi"
"Simuliospora turgenica","P_SMLSP_TRGN","Protozoa","F_SMLSP_TRGN","Fungi"
"Simuliospora uzbekistanica","P_SMLSP_UZBK","Protozoa","F_SMLSP_UZBK","Fungi"
"Sorodiplophryidae","F_[FAM]_SRDPLPHR","Fungi","C_[FAM]_SRDPLPHR","Chromista"
"Sorodiplophrys","F_SRDPL","Fungi","C_SRDPL","Chromista"
"Sorodiplophrys stercorea","F_SRDPL_STRC","Fungi","C_SRDPL_STRC","Chromista"
"Spherospora","P_SPHRS","Protozoa","F_SSPRA","Fungi"
"Spherospora andinae","P_SPHRS_ANDN","Protozoa","F_SSPRA_ANDN","Fungi"
"Spirospora","P_SPRSP","Protozoa","F_SPRSP","Fungi"
"Spirospora paradoxa","P_SPRSP_PRDX","Protozoa","F_SPRSP_PRDX","Fungi"
"Sporanauta","P_SPRNT","Protozoa","F_SPRNT","Fungi"
"Sporanauta perivermis","P_SPRNT_PRVR","Protozoa","F_SPRNT_PRVR","Fungi"
"Spraguea","P_SPRAG","Protozoa","F_SPRAG","Fungi"
"Spraguea americanus","P_SPRAG_AMRC","Protozoa","F_SPRAG_AMRC","Fungi"
"Spraguea gastrophysus","P_SPRAG_GSTR","Protozoa","F_SPRAG_GSTR","Fungi"
"Spraguea lophi","P_SPRAG_LOPHI","Protozoa","F_SPRAG_LPHI","Fungi"
"Spraguea lophii","P_SPRAG_LOPH","Protozoa","F_SPRAG_LOPH","Fungi"
"Spragueidae","P_[FAM]_SPRAGUED","Protozoa","F_[FAM]_SPRAGUED","Fungi"
"Steinhausia","P_STNHS","Protozoa","F_STNHS","Fungi"
"Steinhausia brachynema","P_STNHS_BRCH","Protozoa","F_STNHS_BRCH","Fungi"
"Steinhausia mytilovum","P_STNHS_MYTL","Protozoa","F_STNHS_MYTL","Fungi"
"Steinhausia ovicola","P_STNHS_OVCL","Protozoa","F_STNHS_OVCL","Fungi"
"Steinhausia spraguei","P_STNHS_SPRG","Protozoa","F_STNHS_SPRG","Fungi"
"Stempellia","P_STMPL","Protozoa","F_STMPL","Fungi"
"Stempellia amasiae","P_STMPL_AMAS","Protozoa","F_STMPL_AMAS","Fungi"
"Stempellia lairdi","P_STMPL_LARD","Protozoa","F_STMPL_LARD","Fungi"
"Stempellia mucilaginosus","P_STMPL_MCLG","Protozoa","F_STMPL_MCLG","Fungi"
"Stempellia mutabilis","P_STMPL_MTBL","Protozoa","F_STMPL_MTBL","Fungi"
"Stempellia odontotermi","P_STMPL_ODNT","Protozoa","F_STMPL_ODNT","Fungi"
"Striatospora","P_STRTS","Protozoa","F_STRTS","Fungi"
"Striatospora chironomi","P_STRTS_CHRN","Protozoa","F_STRTS_CHRN","Fungi"
"Striatosporidae","P_[FAM]_STRTSPRD","Protozoa","F_[FAM]_STRTSPRD","Fungi"
"Systenostrema","P_SYSTN","Protozoa","F_SYSTN","Fungi"
"Systenostrema alba","P_SYSTN_ALBA","Protozoa","F_SYSTN_ALBA","Fungi"
"Systenostrema candida","P_SYSTN_CNDD","Protozoa","F_SYSTN_CNDD","Fungi"
"Systenostrema corethrae","P_SYSTN_CRTH","Protozoa","F_SYSTN_CRTH","Fungi"
"Systenostrema tabani","P_SYSTN_TABN","Protozoa","F_SYSTN_TABN","Fungi"
"Systenostrema trichostegiae","P_SYSTN_TRCH","Protozoa","F_SYSTN_TRCH","Fungi"
"Tabanispora","P_TBNSP","Protozoa","F_TBNSP","Fungi"
"Tabanispora bacillifera","P_TBNSP_BCLL","Protozoa","F_TBNSP_BCLL","Fungi"
"Tabanispora hybomitrae","P_TBNSP_HYBM","Protozoa","F_TBNSP_HYBM","Fungi"
"Takaokaspora","P_TKKSP","Protozoa","F_TKKSP","Fungi"
"Takaokaspora nipponicus","P_TKKSP_NPPN","Protozoa","F_TKKSP_NPPN","Fungi"
"Tardivesicula","P_TRDVS","Protozoa","F_TRDVS","Fungi"
"Tardivesicula duplicata","P_TRDVS_DPLC","Protozoa","F_TRDVS_DPLC","Fungi"
"Telomyxa","P_TLMYX","Protozoa","F_TLMYX","Fungi"
"Telomyxa campanellae","P_TLMYX_CMPN","Protozoa","F_TLMYX_CMPN","Fungi"
"Telomyxa glugeiformis","P_TLMYX_GLGF","Protozoa","F_TLMYX_GLGF","Fungi"
"Telomyxa muscarum","P_TLMYX_MSCR","Protozoa","F_TLMYX_MSCR","Fungi"
"Telomyxa orae","P_TLMYX_ORAE","Protozoa","F_TLMYX_ORAE","Fungi"
"Telomyxidae","P_[FAM]_TELOMYXD","Protozoa","F_[FAM]_TELOMYXD","Fungi"
"Tetramicra","P_TTRMC","Protozoa","F_TTRMC","Fungi"
"Tetramicra brevifilum","P_TTRMC_BRVF","Protozoa","F_TTRMC_BRVF","Fungi"
"Tetramicridae","P_[FAM]_TETRMCRD","Protozoa","F_[FAM]_TETRMCRD","Fungi"
"Thelohania","P_THLHN","Protozoa","F_THLHN","Fungi"
"Thelohania apodema","P_THLHN_APDM","Protozoa","F_THLHN_APDM","Fungi"
"Thelohania argyresthiae","P_THLHN_ARGY","Protozoa","F_THLHN_ARGY","Fungi"
"Thelohania assovi","P_THLHN_ASSV","Protozoa","F_THLHN_ASSV","Fungi"
"Thelohania avacuolata","P_THLHN_AVCL","Protozoa","F_THLHN_AVCL","Fungi"
"Thelohania baetica","P_THLHN_BATC","Protozoa","F_THLHN_BATC","Fungi"
"Thelohania baueri","P_THLHN_BAUR","Protozoa","F_THLHN_BAUR","Fungi"
"Thelohania bertrami","P_THLHN_BRTR","Protozoa","F_THLHN_BRTR","Fungi"
"Thelohania bomboschi","P_THLHN_BMBS","Protozoa","F_THLHN_BMBS","Fungi"
"Thelohania braziliensis","P_THLHN_BRZL","Protozoa","F_THLHN_BRZL","Fungi"
"Thelohania breindli","P_THLHN_BRND","Protozoa","F_THLHN_BRND","Fungi"
"Thelohania butleri","P_THLHN_BTLR","Protozoa","F_THLHN_BTLR","Fungi"
"Thelohania californica","P_THLHN_CLFR","Protozoa","F_THLHN_CLFR","Fungi"
"Thelohania cambari","P_THLHN_CMBR","Protozoa","F_THLHN_CMBR","Fungi"
"Thelohania canningi","P_THLHN_CNNN","Protozoa","F_THLHN_CNNN","Fungi"
"Thelohania ceccaldii","P_THLHN_CCCL","Protozoa","F_THLHN_CCCL","Fungi"
"Thelohania cepedei","P_THLHN_CEPD","Protozoa","F_THLHN_CEPD","Fungi"
"Thelohania chaetogastris","P_THLHN_CHTG","Protozoa","F_THLHN_CHTG","Fungi"
"Thelohania cheimatobiae","P_THLHN_CHMT","Protozoa","F_THLHN_CHMT","Fungi"
"Thelohania chironomi","P_THLHN_CHRN","Protozoa","F_THLHN_CHRN","Fungi"
"Thelohania chydoricola","P_THLHN_CHYD","Protozoa","F_THLHN_CHYD","Fungi"
"Thelohania cincta","P_THLHN_CNCT","Protozoa","F_THLHN_CNCT","Fungi"
"Thelohania collembolae","P_THLHN_CLLM","Protozoa","F_THLHN_CLLM","Fungi"
"Thelohania columbaczense","P_THLHN_CLMB","Protozoa","F_THLHN_CLMB","Fungi"
"Thelohania contejeani","P_THLHN_CNTJ","Protozoa","F_THLHN_CNTJ","Fungi"
"Thelohania corynoneurae","P_THLHN_CRYN","Protozoa","F_THLHN_CRYN","Fungi"
"Thelohania cyclopis","P_THLHN_CYCL","Protozoa","F_THLHN_CYCL","Fungi"
"Thelohania dasychirae","P_THLHN_DSYC","Protozoa","F_THLHN_DSYC","Fungi"
"Thelohania diazoma","P_THLHN_DIZM","Protozoa","F_THLHN_DIZM","Fungi"
"Thelohania disparis","P_THLHN_DSPR","Protozoa","F_THLHN_DSPR","Fungi"
"Thelohania georgevitchi","P_THLHN_GRGV","Protozoa","F_THLHN_GRGV","Fungi"
"Thelohania giardi","P_THLHN_GIRD","Protozoa","F_THLHN_GIRD","Fungi"
"Thelohania gigantea","P_THLHN_GGNT","Protozoa","F_THLHN_GGNT","Fungi"
"Thelohania giganteum","P_THLHN_GNTM","Protozoa","F_THLHN_GNTM","Fungi"
"Thelohania grapsi","P_THLHN_GRPS","Protozoa","F_THLHN_GRPS","Fungi"
"Thelohania grassii","P_THLHN_GRSS","Protozoa","F_THLHN_GRSS","Fungi"
"Thelohania hereditaria","P_THLHN_HRDTR","Protozoa","F_THLHN_DTRA","Fungi"
"Thelohania herediteria","P_THLHN_HRDT","Protozoa","F_THLHN_HRDT","Fungi"
"Thelohania hessei","P_THLHN_HESS","Protozoa","F_THLHN_HESS","Fungi"
"Thelohania hunterae","P_THLHN_HNTR","Protozoa","F_THLHN_HNTR","Fungi"
"Thelohania hybomitrae","P_THLHN_HYBM","Protozoa","F_THLHN_HYBM","Fungi"
"Thelohania janus","P_THLHN_JANS","Protozoa","F_THLHN_JANS","Fungi"
"Thelohania jungarica","P_THLHN_JNGR","Protozoa","F_THLHN_JNGR","Fungi"
"Thelohania kaunensis","P_THLHN_KNNS","Protozoa","F_THLHN_KNNS","Fungi"
"Thelohania macrocystis","P_THLHN_MCRC","Protozoa","F_THLHN_MCRC","Fungi"
"Thelohania maenadis","P_THLHN_MNDS","Protozoa","F_THLHN_MNDS","Fungi"
"Thelohania merguiensis","P_THLHN_MRGN","Protozoa","F_THLHN_MRGN","Fungi"
"Thelohania microtritiae","P_THLHN_MCRT","Protozoa","F_THLHN_MCRT","Fungi"
"Thelohania minispora","P_THLHN_MNSP","Protozoa","F_THLHN_MNSP","Fungi"
"Thelohania minor","P_THLHN_MINR","Protozoa","F_THLHN_MINR","Fungi"
"Thelohania minuta","P_THLHN_MINT","Protozoa","F_THLHN_MINT","Fungi"
"Thelohania montirivulorum","P_THLHN_MNTR","Protozoa","F_THLHN_MNTR","Fungi"
"Thelohania muelleri","P_THLHN_MLLR","Protozoa","F_THLHN_MLLR","Fungi"
"Thelohania multispora","P_THLHN_MLTS","Protozoa","F_THLHN_MLTS","Fungi"
"Thelohania nana","P_THLHN_NANA","Protozoa","F_THLHN_NANA","Fungi"
"Thelohania ochridensis","P_THLHN_OCHR","Protozoa","F_THLHN_OCHR","Fungi"
"Thelohania opacita","P_THLHN_OPACT","Protozoa","F_THLHN_OPCT","Fungi"
"Thelohania opacitor","P_THLHN_OPCT","Protozoa","F_THLHN_PCTR","Fungi"
"Thelohania orchestii","P_THLHN_ORCH","Protozoa","F_THLHN_ORCH","Fungi"
"Thelohania ostriniae","P_THLHN_OSTR","Protozoa","F_THLHN_OSTR","Fungi"
"Thelohania ovata","P_THLHN_OVAT","Protozoa","F_THLHN_OVAT","Fungi"
"Thelohania ovicola","P_THLHN_OVCL","Protozoa","F_THLHN_OVCL","Fungi"
"Thelohania paguri","P_THLHN_PAGR","Protozoa","F_THLHN_PAGR","Fungi"
"Thelohania palaemonetes","P_THLHN_PLMN","Protozoa","F_THLHN_PLMN","Fungi"
"Thelohania pallipedis","P_THLHN_PLLP","Protozoa","F_THLHN_PLLP","Fungi"
"Thelohania parastaci","P_THLHN_PRST","Protozoa","F_THLHN_PRST","Fungi"
"Thelohania petrolisthis","P_THLHN_PTRL","Protozoa","F_THLHN_PTRL","Fungi"
"Thelohania pinguis","P_THLHN_PNGS","Protozoa","F_THLHN_PNGS","Fungi"
"Thelohania plectrocnemiae","P_THLHN_PLCT","Protozoa","F_THLHN_PLCT","Fungi"
"Thelohania pyriformis","P_THLHN_PYRF","Protozoa","F_THLHN_PYRF","Fungi"
"Thelohania reniformis","P_THLHN_RNFR","Protozoa","F_THLHN_RNFR","Fungi"
"Thelohania rhithrogenae","P_THLHN_RHTH","Protozoa","F_THLHN_RHTH","Fungi"
"Thelohania rotunda","P_THLHN_RTND","Protozoa","F_THLHN_RTND","Fungi"
"Thelohania ryckeghemi","P_THLHN_RYCK","Protozoa","F_THLHN_RYCK","Fungi"
"Thelohania scapholeberi","P_THLHN_SCPH","Protozoa","F_THLHN_SCPH","Fungi"
"Thelohania siamensis","P_THLHN_SMNS","Protozoa","F_THLHN_SMNS","Fungi"
"Thelohania similis","P_THLHN_SMLS","Protozoa","F_THLHN_SMLS","Fungi"
"Thelohania simocephali","P_THLHN_SMCP","Protozoa","F_THLHN_SMCP","Fungi"
"Thelohania simulii","P_THLHN_SIML","Protozoa","F_THLHN_SIML","Fungi"
"Thelohania sogandaresi","P_THLHN_SGND","Protozoa","F_THLHN_SGND","Fungi"
"Thelohania strelkovi","P_THLHN_STRL","Protozoa","F_THLHN_STRL","Fungi"
"Thelohania tipulae","P_THLHN_TIPL","Protozoa","F_THLHN_TIPL","Fungi"
"Thelohania vandeli","P_THLHN_VNDL","Protozoa","F_THLHN_VNDL","Fungi"
"Thelohania vanessae","P_THLHN_VNSS","Protozoa","F_THLHN_VNSS","Fungi"
"Thelohania varians","P_THLHN_VRNS","Protozoa","F_THLHN_VRNS","Fungi"
"Thelohania virgula","P_THLHN_VRGL","Protozoa","F_THLHN_VRGL","Fungi"
"Thelohania volgensis","P_THLHN_VLGN","Protozoa","F_THLHN_VLGN","Fungi"
"Thelohania weiseri","P_THLHN_WESR","Protozoa","F_THLHN_WESR","Fungi"
"Thelohania wurmi","P_THLHN_WURM","Protozoa","F_THLHN_WURM","Fungi"
"Thelohaniidae","P_[FAM]_THELOHND","Protozoa","F_[FAM]_THELOHND","Fungi"
"Toxoglugea","P_TXGLG","Protozoa","F_TXGLG","Fungi"
"Toxoglugea bacilliforme","P_TXGLG_BCLLF","Protozoa","F_TXGLG_FRME","Fungi"
"Toxoglugea bacilliformis","P_TXGLG_BCLL","Protozoa","F_TXGLG_BCLL","Fungi"
"Toxoglugea calliphorae","P_TXGLG_CLLP","Protozoa","F_TXGLG_CLLP","Fungi"
"Toxoglugea chironomi","P_TXGLG_CHRN","Protozoa","F_TXGLG_CHRN","Fungi"
"Toxoglugea chloroperlae","P_TXGLG_CHLR","Protozoa","F_TXGLG_CHLR","Fungi"
"Toxoglugea corynoneurae","P_TXGLG_CRYN","Protozoa","F_TXGLG_CRYN","Fungi"
"Toxoglugea fanthami","P_TXGLG_FNTH","Protozoa","F_TXGLG_FNTH","Fungi"
"Toxoglugea gerridis","P_TXGLG_GRRD","Protozoa","F_TXGLG_GRRD","Fungi"
"Toxoglugea mercieri","P_TXGLG_MRCR","Protozoa","F_TXGLG_MRCR","Fungi"
"Toxoglugea missiroli","P_TXGLG_MSSR","Protozoa","F_TXGLG_MSSR","Fungi"
"Toxoglugea octospora","P_TXGLG_OCTS","Protozoa","F_TXGLG_OCTS","Fungi"
"Toxoglugea porterae","P_TXGLG_PRTR","Protozoa","F_TXGLG_PRTR","Fungi"
"Toxoglugea tillargi","P_TXGLG_TLLR","Protozoa","F_TXGLG_TLLR","Fungi"
"Toxoglugea variabilis","P_TXGLG_VRBL","Protozoa","F_TXGLG_VRBL","Fungi"
"Toxoglugeidae","P_[FAM]_TOXOGLGD","Protozoa","F_[FAM]_TOXOGLGD","Fungi"
"Toxospora","P_TXSPR","Protozoa","F_TOXSPR","Fungi"
"Toxospora vibrio","P_TXSPR_VIBR","Protozoa","F_TOXSPR_VIBR","Fungi"
"Toxospora volgae","P_TXSPR_VOLG","Protozoa","F_TOXSPR_VOLG","Fungi"
"Trachipleistophora","P_TRCHP","Protozoa","F_TRCHPLS","Fungi"
"Trachipleistophora anthropophthera","P_TRCHP_ANTH","Protozoa","F_TRCHPLS_ANTH","Fungi"
"Trachipleistophora extenrec","P_TRCHP_EXTN","Protozoa","F_TRCHPLS_EXTN","Fungi"
"Trachipleistophora hominis","P_TRCHP_HMNS","Protozoa","F_TRCHPLS_HMNS","Fungi"
"Trichoctosporea","P_TRCHC","Protozoa","F_TRCHCT","Fungi"
"Trichoctosporea pygopellita","P_TRCHC_PYGP","Protozoa","F_TRCHCT_PYGP","Fungi"
"Trichoduboscqia","P_TSCQA","Protozoa","F_TSCQA","Fungi"
"Trichoduboscqia epeori","P_TSCQA_EPER","Protozoa","F_TSCQA_EPER","Fungi"
"Trichonosema","P_TRCHN","Protozoa","F_TNSMA","Fungi"
"Trichotuzetia","P_TRCHT","Protozoa","F_TTZTA","Fungi"
"Trichotuzetia guttata","P_TRCHT_GTTT","Protozoa","F_TTZTA_GTTT","Fungi"
"Tricornia","P_TRCRN","Protozoa","F_TRCRN","Fungi"
"Tricornia muhezae","P_TRCRN_MUHZ","Protozoa","F_TRCRN_MUHZ","Fungi"
"Triwangia","P_TRWNG","Protozoa","F_TRWNG","Fungi"
"Triwangia caridinae","P_TRWNG_CRDN","Protozoa","F_TRWNG_CRDN","Fungi"
"Tubercularia","B_TBRCL","Bacteria","F_TBRCL","Fungi"
"Tubulinosema","P_TBLNS","Protozoa","F_TBLNS","Fungi"
"Tubulinosema acridophagus","P_TBLNS_ACRD","Protozoa","F_TBLNS_ACRD","Fungi"
"Tubulinosema kingi","P_TBLNS_KING","Protozoa","F_TBLNS_KING","Fungi"
"Tubulinosema maroccanus","P_TBLNS_MRCC","Protozoa","F_TBLNS_MRCC","Fungi"
"Tubulinosema ratisbonensis","P_TBLNS_RTSB","Protozoa","F_TBLNS_RTSB","Fungi"
"Tubulinosematidae","P_[FAM]_TBLNSMTD","Protozoa","F_[FAM]_TBLNSMTD","Fungi"
"Tuzetia","P_TUZET","Protozoa","F_TUZET","Fungi"
"Tuzetia ceriodaphniae","P_TUZET_CRDP","Protozoa","F_TUZET_CRDP","Fungi"
"Tuzetia cyclopis","P_TUZET_CYCL","Protozoa","F_TUZET_CYCL","Fungi"
"Tuzetia diaphanosomae","P_TUZET_DPHN","Protozoa","F_TUZET_DPHN","Fungi"
"Tuzetia ecdyonuri","P_TUZET_ECDY","Protozoa","F_TUZET_ECDY","Fungi"
"Tuzetia entericola","P_TUZET_ENTR","Protozoa","F_TUZET_ENTR","Fungi"
"Tuzetia infirma","P_TUZET_INFRM","Protozoa","F_TUZET_INFR","Fungi"
"Tuzetia infirmum","P_TUZET_INFR","Protozoa","F_TUZET_FRMM","Fungi"
"Tuzetia juntschisi","P_TUZET_JNTS","Protozoa","F_TUZET_JNTS","Fungi"
"Tuzetia lipotropha","P_TUZET_LPTR","Protozoa","F_TUZET_LPTR","Fungi"
"Tuzetia schneideri","P_TUZET_SCHN","Protozoa","F_TUZET_SCHN","Fungi"
"Tuzetia skuldae","P_TUZET_SKLD","Protozoa","F_TUZET_SKLD","Fungi"
"Tuzetia tschernischovae","P_TUZET_TSCH","Protozoa","F_TUZET_TSCH","Fungi"
"Tuzetia urdae","P_TUZET_URDA","Protozoa","F_TUZET_URDA","Fungi"
"Tuzetia verdandiae","P_TUZET_VRDN","Protozoa","F_TUZET_VRDN","Fungi"
"Tuzetia weidneri","P_TUZET_WDNR","Protozoa","F_TUZET_WDNR","Fungi"
"Tuzetiidae","P_[FAM]_TUZETIID","Protozoa","F_[FAM]_TUZETIID","Fungi"
"Tylogonus","P_TYLGN","Protozoa","F_TYLGN","Fungi"
"Tylogonus agaves","P_TYLGN_AGVS","Protozoa","F_TYLGN_AGVS","Fungi"
"Unikaryon","P_UNKRY","Protozoa","F_UNKRY","Fungi"
"Unikaryon allocreadii","P_UNKRY_ALLC","Protozoa","F_UNKRY_ALLC","Fungi"
"Unikaryon arachnicola","P_UNKRY_ARCH","Protozoa","F_UNKRY_ARCH","Fungi"
"Unikaryon bouixi","P_UNKRY_BOUX","Protozoa","F_UNKRY_BOUX","Fungi"
"Unikaryon diplostomi","P_UNKRY_DPLS","Protozoa","F_UNKRY_DPLS","Fungi"
"Unikaryon euzeti","P_UNKRY_EUZT","Protozoa","F_UNKRY_EUZT","Fungi"
"Unikaryon exigua","P_UNKRY_EXIG","Protozoa","F_UNKRY_EXIG","Fungi"
"Unikaryon exiguum","P_UNKRY_EXGM","Protozoa","F_UNKRY_EXGM","Fungi"
"Unikaryon ixodis","P_UNKRY_IXDS","Protozoa","F_UNKRY_IXDS","Fungi"
"Unikaryon legeri","P_UNKRY_LEGR","Protozoa","F_UNKRY_LEGR","Fungi"
"Unikaryon matteii","P_UNKRY_MATT","Protozoa","F_UNKRY_MATT","Fungi"
"Unikaryon minutum","P_UNKRY_MNTM","Protozoa","F_UNKRY_MNTM","Fungi"
"Unikaryon montanum","P_UNKRY_MNTN","Protozoa","F_UNKRY_MNTN","Fungi"
"Unikaryon mytilicolae","P_UNKRY_MYTL","Protozoa","F_UNKRY_MYTL","Fungi"
"Unikaryon nisotrae","P_UNKRY_NSTR","Protozoa","F_UNKRY_NSTR","Fungi"
"Unikaryon nomimoscolexi","P_UNKRY_NMMS","Protozoa","F_UNKRY_NMMS","Fungi"
"Unikaryon oulemi","P_UNKRY_OULM","Protozoa","F_UNKRY_OULM","Fungi"
"Unikaryon piriformis","P_UNKRY_PRFR","Protozoa","F_UNKRY_PRFR","Fungi"
"Unikaryon polygraphi","P_UNKRY_PLYG","Protozoa","F_UNKRY_PLYG","Fungi"
"Unikaryon slaptonleyi","P_UNKRY_SLPT","Protozoa","F_UNKRY_SLPT","Fungi"
"Unikaryonidae","P_[FAM]_UNIKRYND","Protozoa","F_[FAM]_UNIKRYND","Fungi"
"Vairimorpha","P_VRMRP","Protozoa","F_VRMRP","Fungi"
"Vairimorpha antheraeae","P_VRMRP_ANTH","Protozoa","F_VRMRP_ANTH","Fungi"
"Vairimorpha ceraces","P_VRMRP_CRCS","Protozoa","F_VRMRP_CRCS","Fungi"
"Vairimorpha cheracis","P_VRMRP_CHRC","Protozoa","F_VRMRP_CHRC","Fungi"
"Vairimorpha disparis","P_VRMRP_DSPR","Protozoa","F_VRMRP_DSPR","Fungi"
"Vairimorpha ephestiae","P_VRMRP_EPHS","Protozoa","F_VRMRP_EPHS","Fungi"
"Vairimorpha heterosporum","P_VRMRP_HTRS","Protozoa","F_VRMRP_HTRS","Fungi"
"Vairimorpha hybomitrae","P_VRMRP_HYBM","Protozoa","F_VRMRP_HYBM","Fungi"
"Vairimorpha hyphantriae","P_VRMRP_HYPH","Protozoa","F_VRMRP_HYPH","Fungi"
"Vairimorpha imperfecta","P_VRMRP_IMPR","Protozoa","F_VRMRP_IMPR","Fungi"
"Vairimorpha invictae","P_VRMRP_INVC","Protozoa","F_VRMRP_INVC","Fungi"
"Vairimorpha lymantriae","P_VRMRP_LYMN","Protozoa","F_VRMRP_LYMN","Fungi"
"Vairimorpha mesnii","P_VRMRP_MESN","Protozoa","F_VRMRP_MESN","Fungi"
"Vairimorpha mesnili","P_VRMRP_MSNL","Protozoa","F_VRMRP_MSNL","Fungi"
"Vairimorpha ocinarae","P_VRMRP_OCNR","Protozoa","F_VRMRP_OCNR","Fungi"
"Vairimorpha plodiae","P_VRMRP_PLOD","Protozoa","F_VRMRP_PLOD","Fungi"
"Vavraia","P_VAVRA","Protozoa","F_VAVRA","Fungi"
"Vavraia anostraca","P_VAVRA_ANST","Protozoa","F_VAVRA_ANST","Fungi"
"Vavraia culicis","P_VAVRA_CLCS","Protozoa","F_VAVRA_CLCS","Fungi"
"Vavraia cyclocypris","P_VAVRA_CYCL","Protozoa","F_VAVRA_CYCL","Fungi"
"Vavraia holocentropi","P_VAVRA_HLCN","Protozoa","F_VAVRA_HLCN","Fungi"
"Vavraia lutzomyiae","P_VAVRA_LTZM","Protozoa","F_VAVRA_LTZM","Fungi"
"Vavraia mediterranica","P_VAVRA_MDTR","Protozoa","F_VAVRA_MDTR","Fungi"
"Vavraia oncoperae","P_VAVRA_ONCP","Protozoa","F_VAVRA_ONCP","Fungi"
"Vavraia parastacida","P_VAVRA_PRST","Protozoa","F_VAVRA_PRST","Fungi"
"Vittaforma","P_VTTFR","Protozoa","F_VTTFR","Fungi"
"Vittaforma corneae","P_VTTFR_CORN","Protozoa","F_VTTFR_CORN","Fungi"
"Vittaforma corneum","P_VTTFR_CRNM","Protozoa","F_VTTFR_CRNM","Fungi"
"Weiseria","P_WEISR","Protozoa","F_WEISR","Fungi"
"Weiseria laurentii","P_WEISR_LRNT","Protozoa","F_WEISR_LRNT","Fungi"
"Weiseria palustris","P_WEISR_PLST","Protozoa","F_WEISR_PLST","Fungi"
"Weiseria sommermanae","P_WEISR_SMMR","Protozoa","F_WEISR_SMMR","Fungi"
"Wittmannia","P_WTTMN","Protozoa","F_WTTMN","Fungi"
"Wittmannia antarctica","P_WTTMN_ANTR","Protozoa","F_WTTMN_ANTR","Fungi"
"Zelenkaia","P_ZELNK","Protozoa","F_ZELNK","Fungi"
"Zelenkaia trichopterae","P_ZELNK_TRCH","Protozoa","F_ZELNK_TRCH","Fungi"
