"mo","fullname","reason","decided_by","date"
"AN_ANSKS_BCLR","Anisakis bicolor","synonym without a current name, in no current source as a current name","taxonomy build (automatic, synonym without a current name)","2026-10-07"
"AN_ANSKS_DIMD","Anisakis diomedeae","synonym without a current name, in no current source as a current name","taxonomy build (automatic, synonym without a current name)","2026-10-07"
"AN_ANSKS_MRNM","Anisakis marinum","synonym without a current name, in no current source as a current name","taxonomy build (automatic, synonym without a current name)","2026-10-07"
"AN_CNTRC_AQLL","Contracaecum aquillae","synonym without a current name, in no current source as a current name","taxonomy build (automatic, synonym without a current name)","2026-10-07"
"AN_CNTRC_FLCG","Contracaecum falcigera","synonym without a current name, in no current source as a current name","taxonomy build (automatic, synonym without a current name)","2026-10-07"
"AN_CNTRC_HYDR","Contracaecum hydrurgae","synonym without a current name, in no current source as a current name","taxonomy build (automatic, synonym without a current name)","2026-10-07"
"AN_CNTRC_PEDM","Contracaecum pedum","synonym without a current name, in no current source as a current name","taxonomy build (automatic, synonym without a current name)","2026-10-07"
"AN_CNTRC_SPCLG","Contracaecum spiculigera","synonym without a current name, in no current source as a current name","taxonomy build (automatic, synonym without a current name)","2026-10-07"
"AN_CNTRC_SQUL","Contracaecum squalii","synonym without a current name, in no current source as a current name","taxonomy build (automatic, synonym without a current name)","2026-10-07"
"AN_CRDYL_LVNG","Cordylobia livingstonii","synonym without a current name, in no current source as a current name","taxonomy build (automatic, synonym without a current name)","2026-10-07"
"AN_DPHYL_BRAN","Diphyllobothrium brauni","synonym without a current name, in no current source as a current name","taxonomy build (automatic, synonym without a current name)","2026-10-07"
"AN_DPHYL_FKKN","Diphyllobothrium fukuokaensis","synonym without a current name, in no current source as a current name","taxonomy build (automatic, synonym without a current name)","2026-10-07"
"AN_DPHYL_GRND","Diphyllobothrium grandis","synonym without a current name, in no current source as a current name","taxonomy build (automatic, synonym without a current name)","2026-10-07"
"AN_DPHYL_PTRS","Diphyllobothrium tetrapterus","synonym without a current name, in no current source as a current name","taxonomy build (automatic, synonym without a current name)","2026-10-07"
"AN_DPHYL_SCTT","Diphyllobothrium scotti","synonym without a current name, in no current source as a current name","taxonomy build (automatic, synonym without a current name)","2026-10-07"
"AN_DPHYL_VRBL","Diphyllobothrium variabilis","synonym without a current name, in no current source as a current name","taxonomy build (automatic, synonym without a current name)","2026-10-07"
"AN_DRFLR_CNJN","Dirofilaria conjonctivae","synonym without a current name, in no current source as a current name","taxonomy build (automatic, synonym without a current name)","2026-10-07"
"AN_DRFLR_CTVE","Dirofilaria conjunctivae","synonym without a current name, in no current source as a current name","taxonomy build (automatic, synonym without a current name)","2026-10-07"
"AN_DRMTB_CYNV","Dermatobia cyaniventris","synonym without a current name, in no current source as a current name","taxonomy build (automatic, synonym without a current name)","2026-10-07"
"AN_DRMTB_HUMNS","Dermatobia humanus","synonym without a current name, in no current source as a current name","taxonomy build (automatic, synonym without a current name)","2026-10-07"
"AN_DRMTB_NXLS","Dermatobia noxialis","synonym without a current name, in no current source as a current name","taxonomy build (automatic, synonym without a current name)","2026-10-07"
"AN_ECHNS_LNDNN","Echinostoma londonensis","synonym without a current name, in no current source as a current name","taxonomy build (automatic, synonym without a current name)","2026-10-07"
"AN_ECHNS_SYRD_AQTC","Echinostoma syrdariense aquatica","synonym without a current name, in no current source as a current name","taxonomy build (automatic, synonym without a current name)","2026-10-07"
"AN_HYMNL_TTRN","Hymenolepis tetraonis","synonym without a current name, in no current source as a current name","taxonomy build (automatic, synonym without a current name)","2026-10-07"
"AN_HYSTR_ASSI","Hysterothylacium assi","synonym without a current name, in no current source as a current name","taxonomy build (automatic, synonym without a current name)","2026-10-07"
"AN_HYSTR_BNMS","Hysterothylacium benimasu","synonym without a current name, in no current source as a current name","taxonomy build (automatic, synonym without a current name)","2026-10-07"
"AN_HYSTR_CRSS","Hysterothylacium crassicaudatum","synonym without a current name, in no current source as a current name","taxonomy build (automatic, synonym without a current name)","2026-10-07"
"AN_HYSTR_ELNG","Hysterothylacium elongatum","synonym without a current name, in no current source as a current name","taxonomy build (automatic, synonym without a current name)","2026-10-07"
"AN_HYSTR_HPPG","Hysterothylacium hippoglossi","synonym without a current name, in no current source as a current name","taxonomy build (automatic, synonym without a current name)","2026-10-07"
"AN_HYSTR_HYPM","Hysterothylacium hypomesi","synonym without a current name, in no current source as a current name","taxonomy build (automatic, synonym without a current name)","2026-10-07"
"AN_HYSTR_MESP","Hysterothylacium mesopi","synonym without a current name, in no current source as a current name","taxonomy build (automatic, synonym without a current name)","2026-10-07"
"AN_HYSTR_OCHT","Hysterothylacium ochotense","synonym without a current name, in no current source as a current name","taxonomy build (automatic, synonym without a current name)","2026-10-07"
"AN_HYSTR_OSHR","Hysterothylacium oshoroensis","synonym without a current name, in no current source as a current name","taxonomy build (automatic, synonym without a current name)","2026-10-07"
"AN_NCTRA_LFRS","Nectria ocelliferus","synonym without a current name, in no current source as a current name","taxonomy build (automatic, synonym without a current name)","2026-10-07"
"AN_NCTRA_MNTS","Nectria munitus","synonym without a current name, in no current source as a current name","taxonomy build (automatic, synonym without a current name)","2026-10-07"
"AN_OPSTH_CONS","Opisthorchis conus","synonym without a current name, in no current source as a current name","taxonomy build (automatic, synonym without a current name)","2026-10-07"
"AN_OPSTH_WNGR","Opisthorchis winogradoffi","synonym without a current name, in no current source as a current name","taxonomy build (automatic, synonym without a current name)","2026-10-07"
"AN_PHLBT_KRMN","Phlebotomus krimensis","synonym without a current name, in no current source as a current name","taxonomy build (automatic, synonym without a current name)","2026-10-07"
"AN_PHLBT_MLST","Phlebotomus molesta","synonym without a current name, in no current source as a current name","taxonomy build (automatic, synonym without a current name)","2026-10-07"
"AN_PHLBT_MNTS","Phlebotomus minutus","synonym without a current name, in no current source as a current name","taxonomy build (automatic, synonym without a current name)","2026-10-07"
"AN_PHLBT_NTZL","Phlebotomus nitzulescui","synonym without a current name, in no current source as a current name","taxonomy build (automatic, synonym without a current name)","2026-10-07"
"AN_PHLBT_RTNI","Phlebotomus fourtoni","synonym without a current name, in no current source as a current name","taxonomy build (automatic, synonym without a current name)","2026-10-07"
"AN_PHLBT_TAUR","Phlebotomus tauriae","synonym without a current name, in no current source as a current name","taxonomy build (automatic, synonym without a current name)","2026-10-07"
"AN_SPRMT_FAST","Spirometra fausti","synonym without a current name, in no current source as a current name","taxonomy build (automatic, synonym without a current name)","2026-10-07"
"AN_SRCPT_SIRA_SCAB","Sarcoptes sira scabiei","synonym without a current name, in no current source as a current name","taxonomy build (automatic, synonym without a current name)","2026-10-07"
"AN_TAENI_CLLL","Taenia cellulosae","synonym without a current name, in no current source as a current name","taxonomy build (automatic, synonym without a current name)","2026-10-07"
"AN_TAENI_CRBR","Taenia cerebralis","synonym without a current name, in no current source as a current name","taxonomy build (automatic, synonym without a current name)","2026-10-07"
"AN_TAENI_GAGR","Taenia gaigeri","synonym without a current name, in no current source as a current name","taxonomy build (automatic, synonym without a current name)","2026-10-07"
"AN_TAENI_RDNS","Taenia radians","synonym without a current name, in no current source as a current name","taxonomy build (automatic, synonym without a current name)","2026-10-07"
"AN_TAENI_RMSS","Taenia ramosus","synonym without a current name, in no current source as a current name","taxonomy build (automatic, synonym without a current name)","2026-10-07"
"AN_TAENI_SKRJ","Taenia skrjabini","synonym without a current name, in no current source as a current name","taxonomy build (automatic, synonym without a current name)","2026-10-07"
"AN_TAENI_TNCL","Taenia tenuicollis","synonym without a current name, in no current source as a current name","taxonomy build (automatic, synonym without a current name)","2026-10-07"
"AN_TOXCR_CRCM","Toxocara circumflexa","synonym without a current name, in no current source as a current name","taxonomy build (automatic, synonym without a current name)","2026-10-07"
"AN_TOXCR_MRGN","Toxocara marginata","synonym without a current name, in no current source as a current name","taxonomy build (automatic, synonym without a current name)","2026-10-07"
"AN_TOXCR_TRQT","Toxocara triquetra","synonym without a current name, in no current source as a current name","taxonomy build (automatic, synonym without a current name)","2026-10-07"
"AN_TOXCR_VLPS","Toxocara vulpis","synonym without a current name, in no current source as a current name","taxonomy build (automatic, synonym without a current name)","2026-10-07"
"AN_TRCHR_AFFN","Trichuris affinis","synonym without a current name, in no current source as a current name","taxonomy build (automatic, synonym without a current name)","2026-10-07"
"AN_TRCHR_NUTR","Trichuris nutria","synonym without a current name, in no current source as a current name","taxonomy build (automatic, synonym without a current name)","2026-10-07"
"AN_TRCHR_UNGC","Trichuris unguiculatus","synonym without a current name, in no current source as a current name","taxonomy build (automatic, synonym without a current name)","2026-10-07"
"AN_TUNGA_LGRN","Tunga lagrangei","synonym without a current name, in no current source as a current name","taxonomy build (automatic, synonym without a current name)","2026-10-07"
"AN_TUNGA_RPTN","Tunga reptans","synonym without a current name, in no current source as a current name","taxonomy build (automatic, synonym without a current name)","2026-10-07"
"A_HLRCL_CLFR","Haloarcula californiae","synonym without a current name, in no current source as a current name (LPSN: preferred name)","taxonomy build (automatic, synonym without a current name)","2026-10-07"
"A_HLRCL_SNNS","Haloarcula sinaiiensis","synonym without a current name, in no current source as a current name (LPSN: preferred name)","taxonomy build (automatic, synonym without a current name)","2026-10-07"
"A_MBCTR_ARBP","Methanobrevibacter arbophilicum","synonym without a current name, in no current source as a current name (not in LPSN)","taxonomy build (automatic, synonym without a current name)","2026-10-07"
"A_MCLLS_FRTT","Methanoculleus frittonii","synonym without a current name, in no current source as a current name (not in LPSN)","taxonomy build (automatic, synonym without a current name)","2026-10-07"
"A_MCLLS_HLCM","Methanoculleus thermophilicum","synonym without a current name, in no current source as a current name (not in LPSN)","taxonomy build (automatic, synonym without a current name)","2026-10-07"
"A_MRCNA_FRSS","Methanosarcina frisius","synonym without a current name, in no current source as a current name (not in LPSN)","taxonomy build (automatic, synonym without a current name)","2026-10-07"
"A_MTHNCC_VLTI","Methanococcus voltaei","synonym without a current name, in no current source as a current name (not in LPSN)","taxonomy build (automatic, synonym without a current name)","2026-10-07"
"A_MTHNT_LPHLM","Methanothermobacter thermoalcaliphilum","synonym without a current name, in no current source as a current name (not in LPSN)","taxonomy build (automatic, synonym without a current name)","2026-10-07"
"A_MTHNT_MCCM","Methanothermobacter thermoformicicum","synonym without a current name, in no current source as a current name (not in LPSN)","taxonomy build (automatic, synonym without a current name)","2026-10-07"
"A_MTHNT_RPHCM","Methanothermobacter thermoautotrophicum","synonym without a current name, in no current source as a current name (not in LPSN)","taxonomy build (automatic, synonym without a current name)","2026-10-07"
"A_MTHNT_THRML","Methanothermobacter thermalcaliphilum","synonym without a current name, in no current source as a current name (not in LPSN)","taxonomy build (automatic, synonym without a current name)","2026-10-07"
"A_NTRNM_JTGL","Natrinema jeotgali","synonym without a current name, in no current source as a current name (not in LPSN)","taxonomy build (automatic, synonym without a current name)","2026-10-07"
"B_ABYSSC_INDC","Abyssicoccus indicus","synonym without a current name, in no current source as a current name (not in LPSN)","taxonomy build (automatic, synonym without a current name)","2026-10-07"
"B_ACDCLL_AMNLY","Acidocella aminilyticum","synonym without a current name, in no current source as a current name (not in LPSN)","taxonomy build (automatic, synonym without a current name)","2026-10-07"
"B_ACDVR_AVEN_KNJC","Acidovorax avenae konjaci","synonym without a current name, in no current source as a current name (not in LPSN)","taxonomy build (automatic, synonym without a current name)","2026-10-07"
"B_ACDVR_PSDL_CTRL","Acidovorax pseudoalcaligenes citrulli","synonym without a current name, in no current source as a current name (not in LPSN)","taxonomy build (automatic, synonym without a current name)","2026-10-07"
"B_ACDVR_PSDL_KNJC","Acidovorax pseudoalcaligenes konjaci","synonym without a current name, in no current source as a current name (not in LPSN)","taxonomy build (automatic, synonym without a current name)","2026-10-07"
"B_ACDVR_RBRL","Acidovorax rubrilineans","synonym without a current name, in no current source as a current name (not in LPSN)","taxonomy build (automatic, synonym without a current name)","2026-10-07"
"B_ACHRMB_DNTR_XYLS","Achromobacter denitrificans xylosoxydans","synonym without a current name, in no current source as a current name (not in LPSN)","taxonomy build (automatic, synonym without a current name)","2026-10-07"
"B_ACNTB_BERZN","Acinetobacter berezinae","synonym without a current name, in no current source as a current name (not in LPSN)","taxonomy build (automatic, synonym without a current name)","2026-10-07"
"B_AGGRG_PRPH","Aggregatibacter paraphrophilus","synonym without a current name, in no current source as a current name (not in LPSN)","taxonomy build (automatic, synonym without a current name)","2026-10-07"
"B_AGTHBC_FCHM","Agathobaculum faecihominis","synonym without a current name, in no current source as a current name (not in LPSN)","taxonomy build (automatic, synonym without a current name)","2026-10-07"
"B_AMMTD_MNNI","Ammatoidea normanni","synonym without a current name, in no current source as a current name (not in LPSN)","taxonomy build (automatic, synonym without a current name)","2026-10-07"
"B_ANABN_LAXA_CLFR","Anabaena laxa californica","synonym without a current name, in no current source as a current name (not in LPSN)","taxonomy build (automatic, synonym without a current name)","2026-10-07"
"B_ANABN_SLTR_PLNK","Anabaena solitaria planktonica","synonym without a current name, in no current source as a current name (not in LPSN)","taxonomy build (automatic, synonym without a current name)","2026-10-07"
"B_ANBNP_FLSA_CRCL","Anabaenopsis flos-aquae circularis","synonym without a current name, in no current source as a current name (not in LPSN)","taxonomy build (automatic, synonym without a current name)","2026-10-07"
"B_ANBNP_NKNI_CRCL","Anabaenopsis elenkinii circularis","synonym without a current name, in no current source as a current name (not in LPSN)","taxonomy build (automatic, synonym without a current name)","2026-10-07"
"B_ANGNS_LMNS_AMPH","Anagnostidinema laminosa amphibia","synonym without a current name, in no current source as a current name (not in LPSN)","taxonomy build (automatic, synonym without a current name)","2026-10-07"
"B_ANPLS_EQUI","Anaplasma equi","synonym without a current name, in no current source as a current name (not in LPSN)","taxonomy build (automatic, synonym without a current name)","2026-10-07"
"B_ANRBC_LNTS","Anaerobacillus arsenicoselenatis","synonym without a current name, in no current source as a current name (not in LPSN)","taxonomy build (automatic, synonym without a current name)","2026-10-07"
"B_ANRCC_MSSL","Anaerococcus massiliensis","synonym without a current name, in no current source as a current name (LPSN: pro)","taxonomy build (automatic, synonym without a current name)","2026-10-07"
"B_ANRMS_BRKN","Anaeromusa burkinabensis","synonym without a current name, in no current source as a current name (not in LPSN)","taxonomy build (automatic, synonym without a current name)","2026-10-07"
"B_ANRST_HDRM","Anaerostipes hadrum","synonym without a current name, in no current source as a current name (not in LPSN)","taxonomy build (automatic, synonym without a current name)","2026-10-07"
"B_ANTHC_GRCL","Anathece gracilis","synonym without a current name, in no current source as a current name (not in LPSN)","taxonomy build (automatic, synonym without a current name)","2026-10-07"
"B_ANXYB_SRYK","Anoxybacillus suryakundensis","synonym without a current name, in no current source as a current name (LPSN: preferred name)","taxonomy build (automatic, synonym without a current name)","2026-10-07"
"B_APHNC_ANDN_RVLR","Aphanocapsa anodontae rivulorum","synonym without a current name, in no current source as a current name (not in LPSN)","taxonomy build (automatic, synonym without a current name)","2026-10-07"
"B_APHNC_CLCP","Aphanocapsa calciphila","synonym without a current name, in no current source as a current name (not in LPSN)","taxonomy build (automatic, synonym without a current name)","2026-10-07"
"B_APHNC_ELCH_PLNC","Aphanocapsa elachista planctonica","synonym without a current name, in no current source as a current name (not in LPSN)","taxonomy build (automatic, synonym without a current name)","2026-10-07"
"B_APHNC_ENDL_RVLR","Aphanocapsa endolithica rivulorum","synonym without a current name, in no current source as a current name (not in LPSN)","taxonomy build (automatic, synonym without a current name)","2026-10-07"
"B_APHNC_GRVLL","Aphanocapsa grevellei","synonym without a current name, in no current source as a current name (not in LPSN)","taxonomy build (automatic, synonym without a current name)","2026-10-07"
"B_APHNC_HLPH","Aphanocapsa halophila","synonym without a current name, in no current source as a current name (not in LPSN)","taxonomy build (automatic, synonym without a current name)","2026-10-07"
"B_APHNC_HNSG","Aphanocapsa hansgirgiana","synonym without a current name, in no current source as a current name (not in LPSN)","taxonomy build (automatic, synonym without a current name)","2026-10-07"
"B_APHNC_PLVR_CNFR","Aphanocapsa pulverea conferta","synonym without a current name, in no current source as a current name (not in LPSN)","taxonomy build (automatic, synonym without a current name)","2026-10-07"
"B_APHNC_PLVR_DLCT","Aphanocapsa pulverea delicatissima","synonym without a current name, in no current source as a current name (not in LPSN)","taxonomy build (automatic, synonym without a current name)","2026-10-07"
"B_APHNC_PLVR_ELCH","Aphanocapsa pulverea elachista","synonym without a current name, in no current source as a current name (not in LPSN)","taxonomy build (automatic, synonym without a current name)","2026-10-07"
"B_APHNC_PLVR_INCR","Aphanocapsa pulverea incerta","synonym without a current name, in no current source as a current name (not in LPSN)","taxonomy build (automatic, synonym without a current name)","2026-10-07"
"B_APHNC_PLVR_PRST","Aphanocapsa pulverea parasitica","synonym without a current name, in no current source as a current name (not in LPSN)","taxonomy build (automatic, synonym without a current name)","2026-10-07"
"B_APHNT_APHN","Aphanothece aphanothecoides","synonym without a current name, in no current source as a current name (not in LPSN)","taxonomy build (automatic, synonym without a current name)","2026-10-07"
"B_APHNT_ELBN_MAIR","Aphanothece elabens maior","synonym without a current name, in no current source as a current name (not in LPSN)","taxonomy build (automatic, synonym without a current name)","2026-10-07"
"B_APHNT_ELBN_MINR","Aphanothece elabens minor","synonym without a current name, in no current source as a current name (not in LPSN)","taxonomy build (automatic, synonym without a current name)","2026-10-07"
"B_APHNT_HFLR","Aphanothece heufleri","synonym without a current name, in no current source as a current name (not in LPSN)","taxonomy build (automatic, synonym without a current name)","2026-10-07"
"B_APHNT_SXCL_NDLN","Aphanothece saxicola nidulans","synonym without a current name, in no current source as a current name (not in LPSN)","taxonomy build (automatic, synonym without a current name)","2026-10-07"
"B_APHNZ_SQRE","Aphanizomenon flos-aqure","synonym without a current name, in no current source as a current name (not in LPSN)","taxonomy build (automatic, synonym without a current name)","2026-10-07"
"B_APLNS_GLBSP","Actinoplanes globisporum","synonym without a current name, in no current source as a current name (not in LPSN)","taxonomy build (automatic, synonym without a current name)","2026-10-07"
"B_AQMCR_LUST","Aquamicrobium lusatiae","synonym without a current name, in no current source as a current name (not in LPSN)","taxonomy build (automatic, synonym without a current name)","2026-10-07"
"B_ARLLM_FAUR","Azospirillum fauriae","synonym without a current name, in no current source as a current name (not in LPSN)","taxonomy build (automatic, synonym without a current name)","2026-10-07"
"B_ARTHRS_JNNR_PLTN","Arthrospira jenneri platensis","synonym without a current name, in no current source as a current name (not in LPSN)","taxonomy build (automatic, synonym without a current name)","2026-10-07"
"B_ARTHRS_SSNI","Arthrospira ardissoni","synonym without a current name, in no current source as a current name (not in LPSN)","taxonomy build (automatic, synonym without a current name)","2026-10-07"
"B_ATPBM_RVLS","Atopobium parvulus","synonym without a current name, in no current source as a current name (not in LPSN)","taxonomy build (automatic, synonym without a current name)","2026-10-07"
"B_AZSPR_SLLM","Azospira suillum","synonym without a current name, in no current source as a current name (LPSN: preferred name)","taxonomy build (automatic, synonym without a current name)","2026-10-07"
"B_BCLLS_RGSS","Bacillus rugosus","synonym without a current name, in no current source as a current name (LPSN: preferred name)","taxonomy build (automatic, synonym without a current name)","2026-10-07"
"B_BCLLS_TQLNS","Bacillus tequilaensis","synonym without a current name, in no current source as a current name (not in LPSN)","taxonomy build (automatic, synonym without a current name)","2026-10-07"
"B_BCMNS_VGNL","Butyricimonas vaginalis","synonym without a current name, in no current source as a current name (LPSN: preferred name)","taxonomy build (automatic, synonym without a current name)","2026-10-07"
"B_BCTRD_CACMR","Bacteroides caecimuri","synonym without a current name, in no current source as a current name (not in LPSN)","taxonomy build (automatic, synonym without a current name)","2026-10-07"
"B_BLAUT_MRSM","Blautia marasmi","synonym without a current name, in no current source as a current name (LPSN: preferred name)","taxonomy build (automatic, synonym without a current name)","2026-10-07"
"B_BLNNT_BYCE","Blennothrix lyngbyaceae","synonym without a current name, in no current source as a current name (not in LPSN)","taxonomy build (automatic, synonym without a current name)","2026-10-07"
"B_BLNNT_RDSM","Blennothrix cantharidosum","synonym without a current name, in no current source as a current name (not in LPSN)","taxonomy build (automatic, synonym without a current name)","2026-10-07"
"B_BRDYR_BRSL","Bradyrhizobium brasilense","synonym without a current name, in no current source as a current name (LPSN: preferred name)","taxonomy build (automatic, synonym without a current name)","2026-10-07"
"B_BRKHL_ANTM","Burkholderia antimicrobica","synonym without a current name, in no current source as a current name (not in LPSN)","taxonomy build (automatic, synonym without a current name)","2026-10-07"
"B_BRKHL_RMSS","Burkholderia reimsis","synonym without a current name, in no current source as a current name (LPSN: preferred name)","taxonomy build (automatic, synonym without a current name)","2026-10-07"
"B_BRRLL_TURD","Borreliella turdi","synonym without a current name, in no current source as a current name (LPSN: synonym of Borrelia turdi corrig)","taxonomy build (automatic, synonym without a current name)","2026-10-07"
"B_BRTNL_MSTM","Bartonella mastomydis","synonym without a current name, in no current source as a current name (LPSN: synonym)","taxonomy build (automatic, synonym without a current name)","2026-10-07"
"B_BRVBC_GLCT","Brevibacillus galactophilus","synonym without a current name, in no current source as a current name (not in LPSN)","taxonomy build (automatic, synonym without a current name)","2026-10-07"
"B_BRVRH_MNGN","Brevirhabdus manganoxidans","synonym without a current name, in no current source as a current name (not in LPSN)","taxonomy build (automatic, synonym without a current name)","2026-10-07"
"B_CHMRB_ARCH","Chimaeribacter archeti","synonym without a current name, in no current source as a current name (not in LPSN)","taxonomy build (automatic, synonym without a current name)","2026-10-07"
"B_CHMSP_GRACL","Chamaesiphon gracile","synonym without a current name, in no current source as a current name (not in LPSN)","taxonomy build (automatic, synonym without a current name)","2026-10-07"
"B_CHMSP_GRCL_ELNG","Chamaesiphon gracilis elongatus","synonym without a current name, in no current source as a current name (not in LPSN)","taxonomy build (automatic, synonym without a current name)","2026-10-07"
"B_CHMSP_GRCL_MAIR","Chamaesiphon gracilis maior","synonym without a current name, in no current source as a current name (not in LPSN)","taxonomy build (automatic, synonym without a current name)","2026-10-07"
"B_CHMSP_MNTS_MAIR","Chamaesiphon minutus maior","synonym without a current name, in no current source as a current name (not in LPSN)","taxonomy build (automatic, synonym without a current name)","2026-10-07"
"B_CHMSP_REGLR","Chamaesiphon regulari","synonym without a current name, in no current source as a current name (not in LPSN)","taxonomy build (automatic, synonym without a current name)","2026-10-07"
"B_CHRCCC_BRMN","Chroococcidiopsis burmensis","synonym without a current name, in no current source as a current name (not in LPSN)","taxonomy build (automatic, synonym without a current name)","2026-10-07"
"B_CHRCC_MINM_SMTH","Chroococcus minima smithii","synonym without a current name, in no current source as a current name (not in LPSN)","taxonomy build (automatic, synonym without a current name)","2026-10-07"
"B_CHRCC_MINR_DSPR","Chroococcus minor dispersa","synonym without a current name, in no current source as a current name (not in LPSN)","taxonomy build (automatic, synonym without a current name)","2026-10-07"
"B_CHRCC_MINR_PRSS","Chroococcus minor dispersus","synonym without a current name, in no current source as a current name (not in LPSN)","taxonomy build (automatic, synonym without a current name)","2026-10-07"
"B_CHRCC_MNTS_MNMS","Chroococcus minutus minimus","synonym without a current name, in no current source as a current name (not in LPSN)","taxonomy build (automatic, synonym without a current name)","2026-10-07"
"B_CHRCC_PRRP_LTCP","Chroococcus praerupta laticeps","synonym without a current name, in no current source as a current name (not in LPSN)","taxonomy build (automatic, synonym without a current name)","2026-10-07"
"B_CHRCC_RFSC_TRCN","Chroococcus rufescens turicensis","synonym without a current name, in no current source as a current name (not in LPSN)","taxonomy build (automatic, synonym without a current name)","2026-10-07"
"B_CHRCC_TRGD_MPTN","Chroococcus turgidus mipitanensis","synonym without a current name, in no current source as a current name (not in LPSN)","taxonomy build (automatic, synonym without a current name)","2026-10-07"
"B_CHRCC_TRGD_TENX","Chroococcus turgidus tenax","synonym without a current name, in no current source as a current name (not in LPSN)","taxonomy build (automatic, synonym without a current name)","2026-10-07"
"B_CHRCC_TRGD_THRM","Chroococcus turgidus thermalis","synonym without a current name, in no current source as a current name (not in LPSN)","taxonomy build (automatic, synonym without a current name)","2026-10-07"
"B_CLDNR_PCFC","Caldanaerobacter pacificum","synonym without a current name, in no current source as a current name (not in LPSN)","taxonomy build (automatic, synonym without a current name)","2026-10-07"
"B_CLDNR_TNGC","Caldanaerobacter tengcongensis","synonym without a current name, in no current source as a current name (not in LPSN)","taxonomy build (automatic, synonym without a current name)","2026-10-07"
"B_CLDNR_YNSN","Caldanaerobacter yonseiensis","synonym without a current name, in no current source as a current name (not in LPSN)","taxonomy build (automatic, synonym without a current name)","2026-10-07"
"B_CLDSM_FRMY","Coleodesmium fremyi","synonym without a current name, in no current source as a current name (not in LPSN)","taxonomy build (automatic, synonym without a current name)","2026-10-07"
"B_CLLLSM_CART","Cellulosimicrobium cartae","synonym without a current name, in no current source as a current name (not in LPSN)","taxonomy build (automatic, synonym without a current name)","2026-10-07"
"B_CLLLSM_FRMN","Cellulosimicrobium fermentans","synonym without a current name, in no current source as a current name (not in LPSN)","taxonomy build (automatic, synonym without a current name)","2026-10-07"
"B_CLLLSM_LYTC","Cellulosimicrobium lyticum","synonym without a current name, in no current source as a current name (not in LPSN)","taxonomy build (automatic, synonym without a current name)","2026-10-07"
"B_CLLLSM_XNTH","Cellulosimicrobium xanthineolytica","synonym without a current name, in no current source as a current name (not in LPSN)","taxonomy build (automatic, synonym without a current name)","2026-10-07"
"B_CLRBM_PHCL","Chlorobium phaeoclathratiforme","synonym without a current name, in no current source as a current name (not in LPSN)","taxonomy build (automatic, synonym without a current name)","2026-10-07"
"B_CLSTD_STGR_RVLR","Clastidium setigerum rivulare","synonym without a current name, in no current source as a current name (not in LPSN)","taxonomy build (automatic, synonym without a current name)","2026-10-07"
"B_CLTHR_AMBG","Calothrix ambigua","synonym without a current name, in no current source as a current name (not in LPSN)","taxonomy build (automatic, synonym without a current name)","2026-10-07"
"B_CLTHR_CLTH","Calothrix calothrichoides","synonym without a current name, in no current source as a current name (not in LPSN)","taxonomy build (automatic, synonym without a current name)","2026-10-07"
"B_CLTHR_FLGN","Calothrix fuliginosa","synonym without a current name, in no current source as a current name (not in LPSN)","taxonomy build (automatic, synonym without a current name)","2026-10-07"
"B_CLTHR_INCR","Calothrix incerta","synonym without a current name, in no current source as a current name (not in LPSN)","taxonomy build (automatic, synonym without a current name)","2026-10-07"
"B_CLTHR_SPEC","Calothrix spec","synonym without a current name, in no current source as a current name (not in LPSN)","taxonomy build (automatic, synonym without a current name)","2026-10-07"
"B_CMPNL_TERR","Companilactobacillus terrae","synonym without a current name, in no current source as a current name (not in LPSN)","taxonomy build (automatic, synonym without a current name)","2026-10-07"
"B_COBET_HLDR","Cobetia halodurans","synonym without a current name, in no current source as a current name (not in LPSN)","taxonomy build (automatic, synonym without a current name)","2026-10-07"
"B_CPRBCT_MSSL","Coprobacter massiliensis","synonym without a current name, in no current source as a current name (not in LPSN)","taxonomy build (automatic, synonym without a current name)","2026-10-07"
"B_CPRMM_MAJR","Cylindrospermum major","synonym without a current name, in no current source as a current name (not in LPSN)","taxonomy build (automatic, synonym without a current name)","2026-10-07"
"B_CPRMM_SPMG_MAJR","Cylindrospermum spumigena major","synonym without a current name, in no current source as a current name (not in LPSN)","taxonomy build (automatic, synonym without a current name)","2026-10-07"
"B_CPRVD_ETRP","Cupriavidus eutropha","synonym without a current name, in no current source as a current name (not in LPSN)","taxonomy build (automatic, synonym without a current name)","2026-10-07"
"B_CPRVD_RPHS","Cupriavidus eutrophus","synonym without a current name, in no current source as a current name (LPSN: preferred name)","taxonomy build (automatic, synonym without a current name)","2026-10-07"
"B_CRBCT_MGLP","Cereibacter megalophilus","synonym without a current name, in no current source as a current name (not in LPSN)","taxonomy build (automatic, synonym without a current name)","2026-10-07"
"B_CRLLN_SPNG","Corallincola spongiicola","synonym without a current name, in no current source as a current name (LPSN: preferred name)","taxonomy build (automatic, synonym without a current name)","2026-10-07"
"B_CRNBCT_CRNS","Carnobacterium carnis","synonym without a current name, in no current source as a current name (not in LPSN)","taxonomy build (automatic, synonym without a current name)","2026-10-07"
"B_CRNBCT_RMCS","Carnobacterium maltaromicus","synonym without a current name, in no current source as a current name (not in LPSN)","taxonomy build (automatic, synonym without a current name)","2026-10-07"
"B_CRTBC_BETA","Curtobacterium betae","synonym without a current name, in no current source as a current name (not in LPSN)","taxonomy build (automatic, synonym without a current name)","2026-10-07"
"B_CRTBC_FLCC_BETA","Curtobacterium flaccumfaciens betae","synonym without a current name, in no current source as a current name (not in LPSN)","taxonomy build (automatic, synonym without a current name)","2026-10-07"
"B_CRTBC_OORT","Curtobacterium oortii","synonym without a current name, in no current source as a current name (not in LPSN)","taxonomy build (automatic, synonym without a current name)","2026-10-07"
"B_CRYNB_CRNT","Corynebacterium crenatum","synonym without a current name, in no current source as a current name (LPSN: preferred name)","taxonomy build (automatic, synonym without a current name)","2026-10-07"
"B_CRYNB_DVRC","Corynebacterium divaricatum","synonym without a current name, in no current source as a current name (not in LPSN)","taxonomy build (automatic, synonym without a current name)","2026-10-07"
"B_CRYNB_PLYM","Corynebacterium polymorphus","synonym without a current name, in no current source as a current name (not in LPSN)","taxonomy build (automatic, synonym without a current name)","2026-10-07"
"B_CRYNB_SGMN","Corynebacterium segmentosum","synonym without a current name, in no current source as a current name (not in LPSN)","taxonomy build (automatic, synonym without a current name)","2026-10-07"
"B_CTBCTR_HMRS","Cutibacterium humerusii","synonym without a current name, in no current source as a current name (not in LPSN)","taxonomy build (automatic, synonym without a current name)","2026-10-07"
"B_CTHCE_CRSS","Cyanothece crassus","synonym without a current name, in no current source as a current name (not in LPSN)","taxonomy build (automatic, synonym without a current name)","2026-10-07"
"B_CTHCE_FSCS","Cyanothece fuscus","synonym without a current name, in no current source as a current name (not in LPSN)","taxonomy build (automatic, synonym without a current name)","2026-10-07"
"B_CTHCE_GNSS_MXMS","Cyanothece aeruginosus maximus","synonym without a current name, in no current source as a current name (not in LPSN)","taxonomy build (automatic, synonym without a current name)","2026-10-07"
"B_CTHCE_GRND","Cyanothece grandis","synonym without a current name, in no current source as a current name (not in LPSN)","taxonomy build (automatic, synonym without a current name)","2026-10-07"
"B_CTHCE_MAJR_CRSS","Cyanothece major crassior","synonym without a current name, in no current source as a current name (not in LPSN)","taxonomy build (automatic, synonym without a current name)","2026-10-07"
"B_CTHCE_MAJR_MXMS","Cyanothece major maximus","synonym without a current name, in no current source as a current name (not in LPSN)","taxonomy build (automatic, synonym without a current name)","2026-10-07"
"B_CTRBC_MLNT","Citrobacter malonatica","synonym without a current name, in no current source as a current name (not in LPSN)","taxonomy build (automatic, synonym without a current name)","2026-10-07"
"B_CTRDM_ATTH","Clostridium autoethanogenum","synonym without a current name, in no current source as a current name (LPSN: preferred name)","taxonomy build (automatic, synonym without a current name)","2026-10-07"
"B_CTRDM_LPTS","Clostridium leptospartum","synonym without a current name, in no current source as a current name (not in LPSN)","taxonomy build (automatic, synonym without a current name)","2026-10-07"
"B_CTRDM_PLYND","Clostridium polyendosporus","synonym without a current name, in no current source as a current name (not in LPSN)","taxonomy build (automatic, synonym without a current name)","2026-10-07"
"B_CYCLC_ZNCL","Cycloclasticus zancles","synonym without a current name, in no current source as a current name (not in LPSN)","taxonomy build (automatic, synonym without a current name)","2026-10-07"
"B_CYNBM_CDRR","Cyanobium cedrorum","synonym without a current name, in no current source as a current name (not in LPSN)","taxonomy build (automatic, synonym without a current name)","2026-10-07"
"B_CYTBC_MSPH","Cytobacillus mesophilum","synonym without a current name, in no current source as a current name (not in LPSN)","taxonomy build (automatic, synonym without a current name)","2026-10-07"
"B_DLCHS_AGST_INCR","Dolichospermum augstumnalis incrassata","synonym without a current name, in no current source as a current name (not in LPSN)","taxonomy build (automatic, synonym without a current name)","2026-10-07"
"B_DLCHS_ARCN","Dolichospermum arcinalis","synonym without a current name, in no current source as a current name (not in LPSN)","taxonomy build (automatic, synonym without a current name)","2026-10-07"
"B_DLCHS_CTNL_SLTR","Dolichospermum catenula solitaria","synonym without a current name, in no current source as a current name (not in LPSN)","taxonomy build (automatic, synonym without a current name)","2026-10-07"
"B_DLCHS_FLSQ_CRCN","Dolichospermum flosaquae circinalis","synonym without a current name, in no current source as a current name (not in LPSN)","taxonomy build (automatic, synonym without a current name)","2026-10-07"
"B_DLCHS_HSSL","Dolichospermum hassallii","synonym without a current name, in no current source as a current name (not in LPSN)","taxonomy build (automatic, synonym without a current name)","2026-10-07"
"B_DLCHS_INCR","Dolichospermum incrassata","synonym without a current name, in no current source as a current name (not in LPSN)","taxonomy build (automatic, synonym without a current name)","2026-10-07"
"B_DLCHS_LMMR_MINR","Dolichospermum lemmermannii minor","synonym without a current name, in no current source as a current name (not in LPSN)","taxonomy build (automatic, synonym without a current name)","2026-10-07"
"B_DLCHS_SCHR","Dolichospermum scheremetievi","synonym without a current name, in no current source as a current name (not in LPSN)","taxonomy build (automatic, synonym without a current name)","2026-10-07"
"B_DLCHS_SPRD_CRSS","Dolichospermum spiroides crassa","synonym without a current name, in no current source as a current name (not in LPSN)","taxonomy build (automatic, synonym without a current name)","2026-10-07"
"B_DLCHS_SPRD_LNGC","Dolichospermum spiroides longicellulare","synonym without a current name, in no current source as a current name (not in LPSN)","taxonomy build (automatic, synonym without a current name)","2026-10-07"
"B_DLCHS_UCRN","Dolichospermum ucrainica","synonym without a current name, in no current source as a current name (not in LPSN)","taxonomy build (automatic, synonym without a current name)","2026-10-07"
"B_DLCHS_UTRM","Dolichospermum utermohlii","synonym without a current name, in no current source as a current name (not in LPSN)","taxonomy build (automatic, synonym without a current name)","2026-10-07"
"B_DLCHS_VIGR","Dolichospermum vigueri","synonym without a current name, in no current source as a current name (not in LPSN)","taxonomy build (automatic, synonym without a current name)","2026-10-07"
"B_DNCCC_XNGN","Deinococcus xianganensis","synonym without a current name, in no current source as a current name (LPSN: preferred name)","taxonomy build (automatic, synonym without a current name)","2026-10-07"
"B_DOKDN_PHRS","Dokdonia diaphorus","synonym without a current name, in no current source as a current name (not in LPSN)","taxonomy build (automatic, synonym without a current name)","2026-10-07"
"B_DPHRB_EBRS","Diaphorobacter ebreus","synonym without a current name, in no current source as a current name (not in LPSN)","taxonomy build (automatic, synonym without a current name)","2026-10-07"
"B_DPLLA_BSCY","Dermocarpella biscayensis","synonym without a current name, in no current source as a current name (not in LPSN)","taxonomy build (automatic, synonym without a current name)","2026-10-07"
"B_ECPSS_CUBC","Eucapsis cubica","synonym without a current name, in no current source as a current name (not in LPSN)","taxonomy build (automatic, synonym without a current name)","2026-10-07"
"B_ENSFR_XNJN","Ensifer xinjiangense","synonym without a current name, in no current source as a current name (not in LPSN)","taxonomy build (automatic, synonym without a current name)","2026-10-07"
"B_ERWIN_LVRS","Erwinia amylovorus","synonym without a current name, in no current source as a current name (not in LPSN)","taxonomy build (automatic, synonym without a current name)","2026-10-07"
"B_ERWIN_RHPNT","Erwinia rhapontica","synonym without a current name, in no current source as a current name (not in LPSN)","taxonomy build (automatic, synonym without a current name)","2026-10-07"
"B_ESNBR_MSSL","Eisenbergiella massiliensis","synonym without a current name, in no current source as a current name (LPSN: synonym)","taxonomy build (automatic, synonym without a current name)","2026-10-07"
"B_FLMCR_MRNM","Filomicrobium marinum","synonym without a current name, in no current source as a current name (LPSN: pro)","taxonomy build (automatic, synonym without a current name)","2026-10-07"
"B_FLPSS_FRMS","Fischerellopsis monoliformis","synonym without a current name, in no current source as a current name (not in LPSN)","taxonomy build (automatic, synonym without a current name)","2026-10-07"
"B_FLRBC_ZMNI","Fluoribacter bozemanii","synonym without a current name, in no current source as a current name (not in LPSN)","taxonomy build (automatic, synonym without a current name)","2026-10-07"
"B_FLVBC_ARNTC","Flavobacterium aurantiacus","synonym without a current name, in no current source as a current name (not in LPSN)","taxonomy build (automatic, synonym without a current name)","2026-10-07"
"B_FLVNF_ORBS","Flavonifractor orbiscindens","synonym without a current name, in no current source as a current name (not in LPSN)","taxonomy build (automatic, synonym without a current name)","2026-10-07"
"B_FLVNF_PLAUT","Flavonifractor plauti","synonym without a current name, in no current source as a current name (not in LPSN)","taxonomy build (automatic, synonym without a current name)","2026-10-07"
"B_FLXTH_AGGR","Flexithrix aggregans","synonym without a current name, in no current source as a current name (not in LPSN)","taxonomy build (automatic, synonym without a current name)","2026-10-07"
"B_FRANK_DTSC","Frankia datiscae","synonym without a current name, in no current source as a current name (LPSN: pro)","taxonomy build (automatic, synonym without a current name)","2026-10-07"
"B_FRCTL_HMHC","Fructilactobacillus homohiochii","synonym without a current name, in no current source as a current name (not in LPSN)","taxonomy build (automatic, synonym without a current name)","2026-10-07"
"B_FRDMN_SLTS","Friedmanniella capsulatus","synonym without a current name, in no current source as a current name (not in LPSN)","taxonomy build (automatic, synonym without a current name)","2026-10-07"
"B_FSBCTR_RCTM","Fusobacterium rectum","synonym without a current name, in no current source as a current name (not in LPSN)","taxonomy build (automatic, synonym without a current name)","2026-10-07"
"B_FSCCH","Fascichnus","synonym without a current name, in no current source as a current name (not in LPSN)","taxonomy build (automatic, synonym without a current name)","2026-10-07"
"B_FSCHR_CLCC_PRTN","Fischerella calcicola parietina","synonym without a current name, in no current source as a current name (not in LPSN)","taxonomy build (automatic, synonym without a current name)","2026-10-07"
"B_FSCHR_CORC_PRTN","Fischerella coriacea parietina","synonym without a current name, in no current source as a current name (not in LPSN)","taxonomy build (automatic, synonym without a current name)","2026-10-07"
"B_FSCHR_MRBL_AMBG","Fischerella mirabile ambiguum","synonym without a current name, in no current source as a current name (not in LPSN)","taxonomy build (automatic, synonym without a current name)","2026-10-07"
"B_FSCHR_PRTN","Fischerella parietina","synonym without a current name, in no current source as a current name (not in LPSN)","taxonomy build (automatic, synonym without a current name)","2026-10-07"
"B_GBCLL_CTCS","Geobacillus thermoantarcticus","synonym without a current name, in no current source as a current name (not in LPSN)","taxonomy build (automatic, synonym without a current name)","2026-10-07"
"B_GBNBC_JSTS","Gabonibacter justesenii","synonym without a current name, in no current source as a current name (not in LPSN)","taxonomy build (automatic, synonym without a current name)","2026-10-07"
"B_GLBCTR_CLDR","Gloeobacter caldariorum","synonym without a current name, in no current source as a current name (not in LPSN)","taxonomy build (automatic, synonym without a current name)","2026-10-07"
"B_GLBCTR_CORL","Gloeobacter coerulea","synonym without a current name, in no current source as a current name (not in LPSN)","taxonomy build (automatic, synonym without a current name)","2026-10-07"
"B_GLBCTR_LNRS","Gloeobacter linearis","synonym without a current name, in no current source as a current name (not in LPSN)","taxonomy build (automatic, synonym without a current name)","2026-10-07"
"B_GLBCTR_MCRS","Gloeobacter microspora","synonym without a current name, in no current source as a current name (not in LPSN)","taxonomy build (automatic, synonym without a current name)","2026-10-07"
"B_GLCNC_ACET_LQFC","Gluconacetobacter aceti liquefaciens","synonym without a current name, in no current source as a current name (not in LPSN)","taxonomy build (automatic, synonym without a current name)","2026-10-07"
"B_GLCPS_ATRA","Gloeocapsa atra","synonym without a current name, in no current source as a current name (not in LPSN)","taxonomy build (automatic, synonym without a current name)","2026-10-07"
"B_GLTHC_RNCE","Gloeothece membranaceae","synonym without a current name, in no current source as a current name (not in LPSN)","taxonomy build (automatic, synonym without a current name)","2026-10-07"
"B_GLTHC_RPST_MAXM","Gloeothece rupestris maxima","synonym without a current name, in no current source as a current name (not in LPSN)","taxonomy build (automatic, synonym without a current name)","2026-10-07"
"B_GLTMC_LQFC","Glutamicibacter liquefaciens","synonym without a current name, in no current source as a current name (not in LPSN)","taxonomy build (automatic, synonym without a current name)","2026-10-07"
"B_GORDN_AJCC","Gordonia ajococcus","synonym without a current name, in no current source as a current name (not in LPSN)","taxonomy build (automatic, synonym without a current name)","2026-10-07"
"B_GRNLC_ADJC","Granulicatella adjacens","synonym without a current name, in no current source as a current name (not in LPSN)","taxonomy build (automatic, synonym without a current name)","2026-10-07"
"B_GSPSS_CSDS","Gloeocapsopsis pleurocasoides","synonym without a current name, in no current source as a current name (not in LPSN)","taxonomy build (automatic, synonym without a current name)","2026-10-07"
"B_GTLRN_SPLN","Geitlerinema splendens","synonym without a current name, in no current source as a current name (not in LPSN)","taxonomy build (automatic, synonym without a current name)","2026-10-07"
"B_GTTSC_ACDRC","Gottschalkia acidiurici","synonym without a current name, in no current source as a current name (not in LPSN)","taxonomy build (automatic, synonym without a current name)","2026-10-07"
"B_GTTSC_LYTCM","Gottschalkia purinolyticum","synonym without a current name, in no current source as a current name (not in LPSN)","taxonomy build (automatic, synonym without a current name)","2026-10-07"
"B_HAFNI_AERG_HAFN","Hafnia aerogenes hafniae","synonym without a current name, in no current source as a current name (not in LPSN)","taxonomy build (automatic, synonym without a current name)","2026-10-07"
"B_HAFNI_HAFN","Hafnia hafniae","synonym without a current name, in no current source as a current name (not in LPSN)","taxonomy build (automatic, synonym without a current name)","2026-10-07"
"B_HALMNS_AESTA","Halomonas aesta","synonym without a current name, in no current source as a current name (not in LPSN)","taxonomy build (automatic, synonym without a current name)","2026-10-07"
"B_HALMNS_AESTS","Halomonas aestus","synonym without a current name, in no current source as a current name (not in LPSN)","taxonomy build (automatic, synonym without a current name)","2026-10-07"
"B_HALMNS_FCLS_HOMR","Halomonas faecalis homari","synonym without a current name, in no current source as a current name (not in LPSN)","taxonomy build (automatic, synonym without a current name)","2026-10-07"
"B_HALMNS_GLAC","Halomonas glaciei","synonym without a current name, in no current source as a current name (LPSN: synonym of Vreelandella glaciei de)","taxonomy build (automatic, synonym without a current name)","2026-10-07"
"B_HALMNS_HLMPH","Halomonas halmephilium","synonym without a current name, in no current source as a current name (not in LPSN)","taxonomy build (automatic, synonym without a current name)","2026-10-07"
"B_HALMNS_HMDS","Halomonas humidisoli","synonym without a current name, in no current source as a current name (LPSN: preferred name)","taxonomy build (automatic, synonym without a current name)","2026-10-07"
"B_HALMNS_LNNS","Halomonas lionensis","synonym without a current name, in no current source as a current name (LPSN: synonym of Vreelandella lionensis de)","taxonomy build (automatic, synonym without a current name)","2026-10-07"
"B_HALMNS_MSSL","Halomonas massiliensis","synonym without a current name, in no current source as a current name (LPSN: synonym of Vreelandella massiliensis de)","taxonomy build (automatic, synonym without a current name)","2026-10-07"
"B_HALMNS_ZHDN","Halomonas zhaodongensis","synonym without a current name, in no current source as a current name (LPSN: synonym of Vreelandella zhaodongensis de)","taxonomy build (automatic, synonym without a current name)","2026-10-07"
"B_HCCCS_CSTN","Hydrococcus cesatiana","synonym without a current name, in no current source as a current name (not in LPSN)","taxonomy build (automatic, synonym without a current name)","2026-10-07"
"B_HCCCS_RIVLRS","Hydrococcus riivularis","synonym without a current name, in no current source as a current name (not in LPSN)","taxonomy build (automatic, synonym without a current name)","2026-10-07"
"B_HGNHL_RSLS","Hugenholtzia roseolus","synonym without a current name, in no current source as a current name (not in LPSN)","taxonomy build (automatic, synonym without a current name)","2026-10-07"
"B_HLCBCT_PYLR_MSTL","Helicobacter pylori mustelae","synonym without a current name, in no current source as a current name (not in LPSN)","taxonomy build (automatic, synonym without a current name)","2026-10-07"
"B_HLDSL_ACRY","Halodesulfovibrio acrylicus","synonym without a current name, in no current source as a current name (not in LPSN)","taxonomy build (automatic, synonym without a current name)","2026-10-07"
"B_HLDSL_DSLF_AEST","Halodesulfovibrio desulfuricans aestuarii","synonym without a current name, in no current source as a current name (not in LPSN)","taxonomy build (automatic, synonym without a current name)","2026-10-07"
"B_HNRBM_YLCS","Halanaerobium acetoethylicus","synonym without a current name, in no current source as a current name (not in LPSN)","taxonomy build (automatic, synonym without a current name)","2026-10-07"
"B_HRBDS_CLVF","Herbidospora claviforme","synonym without a current name, in no current source as a current name (not in LPSN)","taxonomy build (automatic, synonym without a current name)","2026-10-07"
"B_HRRYF_MSSL","Harryflintia massiliense","synonym without a current name, in no current source as a current name (not in LPSN)","taxonomy build (automatic, synonym without a current name)","2026-10-07"
"B_HTRLB_STCH","Heteroleibleinia setchellii","synonym without a current name, in no current source as a current name (not in LPSN)","taxonomy build (automatic, synonym without a current name)","2026-10-07"
"B_HYNDR_FRRG","Heyndrickxia farraginis","synonym without a current name, in no current source as a current name (not in LPSN)","taxonomy build (automatic, synonym without a current name)","2026-10-07"
"B_HYNDR_OBST","Heyndrickxia obstructivus","synonym without a current name, in no current source as a current name (not in LPSN)","taxonomy build (automatic, synonym without a current name)","2026-10-07"
"B_JAGNM_MCRS","Jaaginema microscopica","synonym without a current name, in no current source as a current name (not in LPSN)","taxonomy build (automatic, synonym without a current name)","2026-10-07"
"B_JCLLS_GLBS_MRNS","Jeotgalibacillus globisporus marinus","synonym without a current name, in no current source as a current name (not in LPSN)","taxonomy build (automatic, synonym without a current name)","2026-10-07"
"B_JNTHN_MPHT","Janthinobacterium mephitica","synonym without a current name, in no current source as a current name (not in LPSN)","taxonomy build (automatic, synonym without a current name)","2026-10-07"
"B_KHDDP_TMNN","Khoudiadiopia timonensis","synonym without a current name, in no current source as a current name (not in LPSN)","taxonomy build (automatic, synonym without a current name)","2026-10-07"
"B_KMGTB_ACET_XYLN","Komagataeibacter aceti xylinum","synonym without a current name, in no current source as a current name (not in LPSN)","taxonomy build (automatic, synonym without a current name)","2026-10-07"
"B_KMGTB_ACET_YLNS","Komagataeibacter aceti xylinus","synonym without a current name, in no current source as a current name (not in LPSN)","taxonomy build (automatic, synonym without a current name)","2026-10-07"
"B_KMGTB_XYLN_SCRF","Komagataeibacter xylinus sucrofermentans","synonym without a current name, in no current source as a current name (not in LPSN)","taxonomy build (automatic, synonym without a current name)","2026-10-07"
"B_KMPTN_TENS_FRMS","Kamptonema tenuis formosa","synonym without a current name, in no current source as a current name (not in LPSN)","taxonomy build (automatic, synonym without a current name)","2026-10-07"
"B_KOCUR_SDMN","Kocuria sediminis","synonym without a current name, in no current source as a current name (LPSN: preferred name)","taxonomy build (automatic, synonym without a current name)","2026-10-07"
"B_KSHNR_MRSFL","Kushneria marisflavae","synonym without a current name, in no current source as a current name (not in LPSN)","taxonomy build (automatic, synonym without a current name)","2026-10-07"
"B_KSTLL_MNSQ","Kaistella manosquense","synonym without a current name, in no current source as a current name (not in LPSN)","taxonomy build (automatic, synonym without a current name)","2026-10-07"
"B_KTSTS_AVLL","Kitasatospora avellaneus","synonym without a current name, in no current source as a current name (not in LPSN)","taxonomy build (automatic, synonym without a current name)","2026-10-07"
"B_KTSTS_CCHLT","Kitasatospora cochleatus","synonym without a current name, in no current source as a current name (not in LPSN)","taxonomy build (automatic, synonym without a current name)","2026-10-07"
"B_KTSTS_MTCS","Kitasatospora psammoticus","synonym without a current name, in no current source as a current name (not in LPSN)","taxonomy build (automatic, synonym without a current name)","2026-10-07"
"B_KTSTS_SPRS","Kitasatospora griseolosporeus","synonym without a current name, in no current source as a current name (not in LPSN)","taxonomy build (automatic, synonym without a current name)","2026-10-07"
"B_KTSTS_VRDF","Kitasatospora viridifaciens","synonym without a current name, in no current source as a current name (LPSN: preferred name)","taxonomy build (automatic, synonym without a current name)","2026-10-07"
"B_KTZNR_GRSM_KFNS","Kutzneria viridogriseum kofuense","synonym without a current name, in no current source as a current name (not in LPSN)","taxonomy build (automatic, synonym without a current name)","2026-10-07"
"B_KTZNR_LBDM","Kutzneria albidum","synonym without a current name, in no current source as a current name (not in LPSN)","taxonomy build (automatic, synonym without a current name)","2026-10-07"
"B_LCHVL_AERC_AERC","Lechevalieria aerocolonigenes aerocolonigenes","synonym without a current name, in no current source as a current name (not in LPSN)","taxonomy build (automatic, synonym without a current name)","2026-10-07"
"B_LCTCC_LCTS_DCTL","Lactococcus lactis diacetilactis","synonym without a current name, in no current source as a current name (not in LPSN)","taxonomy build (automatic, synonym without a current name)","2026-10-07"
"B_LCTCC_SRLC","Lactococcus seriolicida","synonym without a current name, in no current source as a current name (not in LPSN)","taxonomy build (automatic, synonym without a current name)","2026-10-07"
"B_LCTCC_XYLS","Lactococcus xylosus","synonym without a current name, in no current source as a current name (not in LPSN)","taxonomy build (automatic, synonym without a current name)","2026-10-07"
"B_LCTPL_JPNC","Lactiplantibacillus japonicus","synonym without a current name, in no current source as a current name (not in LPSN)","taxonomy build (automatic, synonym without a current name)","2026-10-07"
"B_LCYLL_THLP","Laceyella thalpophilus","synonym without a current name, in no current source as a current name (not in LPSN)","taxonomy build (automatic, synonym without a current name)","2026-10-07"
"B_LMMRM_PLLC","Lemmermanniella pellucida","synonym without a current name, in no current source as a current name (not in LPSN)","taxonomy build (automatic, synonym without a current name)","2026-10-07"
"B_LMNRP_HRNY_RBST","Limnoraphis hieronymusii robusta","synonym without a current name, in no current source as a current name (not in LPSN)","taxonomy build (automatic, synonym without a current name)","2026-10-07"
"B_LMNTH_MHLI","Limnothrix utermoehlii","synonym without a current name, in no current source as a current name (not in LPSN)","taxonomy build (automatic, synonym without a current name)","2026-10-07"
"B_LMNTH_UTRM","Limnothrix utermoehliana","synonym without a current name, in no current source as a current name (not in LPSN)","taxonomy build (automatic, synonym without a current name)","2026-10-07"
"B_LPTLY_MRTN_DSTN","Leptolyngbya martensiana distincta","synonym without a current name, in no current source as a current name (not in LPSN)","taxonomy build (automatic, synonym without a current name)","2026-10-07"
"B_LPTLY_RGDM","Leptolyngbya frigidum","synonym without a current name, in no current source as a current name (not in LPSN)","taxonomy build (automatic, synonym without a current name)","2026-10-07"
"B_LPTLY_ROSL","Leptolyngbya roseola","synonym without a current name, in no current source as a current name (not in LPSN)","taxonomy build (automatic, synonym without a current name)","2026-10-07"
"B_LPTLY_TENU_MRNM","Leptolyngbya tenue marinum","synonym without a current name, in no current source as a current name (not in LPSN)","taxonomy build (automatic, synonym without a current name)","2026-10-07"
"B_LPTLY_VLDR","Leptolyngbya valderiae","synonym without a current name, in no current source as a current name (not in LPSN)","taxonomy build (automatic, synonym without a current name)","2026-10-07"
"B_LTBCTR_JNGD","Lutibacter jeungdoensis","synonym without a current name, in no current source as a current name (not in LPSN)","taxonomy build (automatic, synonym without a current name)","2026-10-07"
"B_LWSNB_PHCN","Lawsonibacter phoceensis","synonym without a current name, in no current source as a current name (not in LPSN)","taxonomy build (automatic, synonym without a current name)","2026-10-07"
"B_LYNGB_AEST_ATRV","Lyngbya aestuarii atrovirens","synonym without a current name, in no current source as a current name (not in LPSN)","taxonomy build (automatic, synonym without a current name)","2026-10-07"
"B_LYNGB_BSTR","Lyngbya bostrychicola","synonym without a current name, in no current source as a current name (not in LPSN)","taxonomy build (automatic, synonym without a current name)","2026-10-07"
"B_LYNGB_CPLL","Lyngbya capillacea","synonym without a current name, in no current source as a current name (not in LPSN)","taxonomy build (automatic, synonym without a current name)","2026-10-07"
"B_LYNGB_MAJR_KRGL","Lyngbya major kerguelenensis","synonym without a current name, in no current source as a current name (not in LPSN)","taxonomy build (automatic, synonym without a current name)","2026-10-07"
"B_LYNGB_MJSC_KRGL","Lyngbya majuscula kerguelenensis","synonym without a current name, in no current source as a current name (not in LPSN)","taxonomy build (automatic, synonym without a current name)","2026-10-07"
"B_LYNGB_MRTNN","Lyngbya martenianus","synonym without a current name, in no current source as a current name (not in LPSN)","taxonomy build (automatic, synonym without a current name)","2026-10-07"
"B_LYNGB_PLYC","Lyngbya polychroa","synonym without a current name, in no current source as a current name (LPSN: synonym)","taxonomy build (automatic, synonym without a current name)","2026-10-07"
"B_LYNGB_SMPLN","Lyngbya semiplana","synonym without a current name, in no current source as a current name (not in LPSN)","taxonomy build (automatic, synonym without a current name)","2026-10-07"
"B_LYNGB_SRDD_BSTR","Lyngbya sordida bostrychicola","synonym without a current name, in no current source as a current name (not in LPSN)","taxonomy build (automatic, synonym without a current name)","2026-10-07"
"B_LYNGB_SRDD_ROSE","Lyngbya sordida rosea","synonym without a current name, in no current source as a current name (not in LPSN)","taxonomy build (automatic, synonym without a current name)","2026-10-07"
"B_MARCLS_HLBC","Maricaulis halobacteroides","synonym without a current name, in no current source as a current name (not in LPSN)","taxonomy build (automatic, synonym without a current name)","2026-10-07"
"B_MBLNC_GRND","Mobiluncus grandis","synonym without a current name, in no current source as a current name (not in LPSN)","taxonomy build (automatic, synonym without a current name)","2026-10-07"
"B_MBLNC_VGNL","Mobiluncus vaginalis","synonym without a current name, in no current source as a current name (not in LPSN)","taxonomy build (automatic, synonym without a current name)","2026-10-07"
"B_MCLLB_CHRT","Macellibacteroides chartae","synonym without a current name, in no current source as a current name (not in LPSN)","taxonomy build (automatic, synonym without a current name)","2026-10-07"
"B_MCRBS_TRITC","Microbispora tritici","synonym without a current name, in no current source as a current name (LPSN: preferred name)","taxonomy build (automatic, synonym without a current name)","2026-10-07"
"B_MCRCLS_LCDM_AMNM","Microcoleus lucidum amoenum","synonym without a current name, in no current source as a current name (not in LPSN)","taxonomy build (automatic, synonym without a current name)","2026-10-07"
"B_MCRCLS_SNDB","Microcoleus sandbergii","synonym without a current name, in no current source as a current name (not in LPSN)","taxonomy build (automatic, synonym without a current name)","2026-10-07"
"B_MCRCLS_STCH","Microcoleus setcheliana","synonym without a current name, in no current source as a current name (not in LPSN)","taxonomy build (automatic, synonym without a current name)","2026-10-07"
"B_MCRCLS_TRRS","Microcoleus terrestris","synonym without a current name, in no current source as a current name (LPSN: preferred name)","taxonomy build (automatic, synonym without a current name)","2026-10-07"
"B_MCRCY_AERG_FLSA","Microcystis aeruginosa flos-aquae","synonym without a current name, in no current source as a current name (not in LPSN)","taxonomy build (automatic, synonym without a current name)","2026-10-07"
"B_MCRCY_AERG_PRTC","Microcystis aeruginosa protocystis","synonym without a current name, in no current source as a current name (not in LPSN)","taxonomy build (automatic, synonym without a current name)","2026-10-07"
"B_MCRCY_AERG_VRDS","Microcystis aeruginosa viridis","synonym without a current name, in no current source as a current name (not in LPSN)","taxonomy build (automatic, synonym without a current name)","2026-10-07"
"B_MCRCY_CYAN","Microcystis cyanea","synonym without a current name, in no current source as a current name (not in LPSN)","taxonomy build (automatic, synonym without a current name)","2026-10-07"
"B_MCRCY_GRVL_PLCH","Microcystis grevillei pulchra","synonym without a current name, in no current source as a current name (not in LPSN)","taxonomy build (automatic, synonym without a current name)","2026-10-07"
"B_MCRVRG_DSPR","Microvirgula dispar","synonym without a current name, in no current source as a current name (not in LPSN)","taxonomy build (automatic, synonym without a current name)","2026-10-07"
"B_MLSSC_PLUTNS","Melissococcus plutonis","synonym without a current name, in no current source as a current name (not in LPSN)","taxonomy build (automatic, synonym without a current name)","2026-10-07"
"B_MORLL_CTCM","Moorella thermoaceticum","synonym without a current name, in no current source as a current name (not in LPSN)","taxonomy build (automatic, synonym without a current name)","2026-10-07"
"B_MORLL_RPHCM","Moorella thermoautotrophicum","synonym without a current name, in no current source as a current name (not in LPSN)","taxonomy build (automatic, synonym without a current name)","2026-10-07"
"B_MORLL_THRMC","Moorella thermaceticum","synonym without a current name, in no current source as a current name (not in LPSN)","taxonomy build (automatic, synonym without a current name)","2026-10-07"
"B_MORLL_THRMT","Moorella thermautotrophicum","synonym without a current name, in no current source as a current name (not in LPSN)","taxonomy build (automatic, synonym without a current name)","2026-10-07"
"B_MPHLS_CLAR","Methylophilus clara","synonym without a current name, in no current source as a current name (not in LPSN)","taxonomy build (automatic, synonym without a current name)","2026-10-07"
"B_MRGNL_BNJM","Morganella benjamin","synonym without a current name, in no current source as a current name (not in LPSN)","taxonomy build (automatic, synonym without a current name)","2026-10-07"
"B_MRNBCT_JMTH","Marinobacter jomthongense","synonym without a current name, in no current source as a current name (not in LPSN)","taxonomy build (automatic, synonym without a current name)","2026-10-07"
"B_MRNMN_VAGM","Marinomonas vagum","synonym without a current name, in no current source as a current name (not in LPSN)","taxonomy build (automatic, synonym without a current name)","2026-10-07"
"B_MRSMP_ELGN_MNDL","Merismopedia elegans mandalensis","synonym without a current name, in no current source as a current name (not in LPSN)","taxonomy build (automatic, synonym without a current name)","2026-10-07"
"B_MRSMP_GLAC_MDTR","Merismopedia glauca mediterranea","synonym without a current name, in no current source as a current name (not in LPSN)","taxonomy build (automatic, synonym without a current name)","2026-10-07"
"B_MSPRA_LBSA","Micromonospora globosa","synonym without a current name, in no current source as a current name (not in LPSN)","taxonomy build (automatic, synonym without a current name)","2026-10-07"
"B_MSRHZ_HNGR","Mesorhizobium hungaricum","synonym without a current name, in no current source as a current name (LPSN: preferred name)","taxonomy build (automatic, synonym without a current name)","2026-10-07"
"B_MTHYLB_PRPR","Methylobacterium purpurogena","synonym without a current name, in no current source as a current name (not in LPSN)","taxonomy build (automatic, synonym without a current name)","2026-10-07"
"B_MTHYLB_RTCS","Methylobacterium purpurogeneiscleroticus","synonym without a current name, in no current source as a current name (not in LPSN)","taxonomy build (automatic, synonym without a current name)","2026-10-07"
"B_MTHYL_BOVS","Methylobacter bovis","synonym without a current name, in no current source as a current name (not in LPSN)","taxonomy build (automatic, synonym without a current name)","2026-10-07"
"B_MTHYL_CHRC","Methylobacter chroococcus","synonym without a current name, in no current source as a current name (not in LPSN)","taxonomy build (automatic, synonym without a current name)","2026-10-07"
"B_MTHYL_VNLN","Methylobacter vinelandii","synonym without a current name, in no current source as a current name (LPSN: preferred name)","taxonomy build (automatic, synonym without a current name)","2026-10-07"
"B_MYCBC_ACPL","Mycobacterium acapulense","synonym without a current name, in no current source as a current name (not in LPSN)","taxonomy build (automatic, synonym without a current name)","2026-10-07"
"B_MYCBC_NOVM","Mycobacterium novum","synonym without a current name, in no current source as a current name (not in LPSN)","taxonomy build (automatic, synonym without a current name)","2026-10-07"
"B_MYCPLS_RMDS","Mycoplasma zalophidermidis","synonym without a current name, in no current source as a current name (not in LPSN)","taxonomy build (automatic, synonym without a current name)","2026-10-07"
"B_MYCPLS_WNYN","Mycoplasma wenyonii","synonym without a current name, in no current source as a current name (LPSN: synonym of Eperythrozoon wenyonii corrig)","taxonomy build (automatic, synonym without a current name)","2026-10-07"
"B_MYLMNS_DNTR","Methylomonas denitrificans","synonym without a current name, in no current source as a current name (LPSN: preferred name)","taxonomy build (automatic, synonym without a current name)","2026-10-07"
"B_NCRDP_FLVD","Nocardiopsis flavidofuscus","synonym without a current name, in no current source as a current name (not in LPSN)","taxonomy build (automatic, synonym without a current name)","2026-10-07"
"B_NNCLA_NTRT","Nitrincola nitratireducens","synonym without a current name, in no current source as a current name (LPSN: preferred name)","taxonomy build (automatic, synonym without a current name)","2026-10-07"
"B_NOCRD_VLCF","Nocardia violaceofusca","synonym without a current name, in no current source as a current name (not in LPSN)","taxonomy build (automatic, synonym without a current name)","2026-10-07"
"B_NODLR_HRVY_SPHR","Nodularia harveyana sphaerocarpa","synonym without a current name, in no current source as a current name (not in LPSN)","taxonomy build (automatic, synonym without a current name)","2026-10-07"
"B_NONMR_CRMN","Nonomuraea carminata","synonym without a current name, in no current source as a current name (not in LPSN)","taxonomy build (automatic, synonym without a current name)","2026-10-07"
"B_NOSTC_CNFS","Nostoc confusum","synonym without a current name, in no current source as a current name (not in LPSN)","taxonomy build (automatic, synonym without a current name)","2026-10-07"
"B_NOSTC_CORLM_PLNC","Nostoc coeruleum planctonicum","synonym without a current name, in no current source as a current name (not in LPSN)","taxonomy build (automatic, synonym without a current name)","2026-10-07"
"B_NOSTC_NSTC","Nostoc nostoc","synonym without a current name, in no current source as a current name (not in LPSN)","taxonomy build (automatic, synonym without a current name)","2026-10-07"
"B_NOSTC_RCTA","Nostoc intricata","synonym without a current name, in no current source as a current name (not in LPSN)","taxonomy build (automatic, synonym without a current name)","2026-10-07"
"B_NOSTC_RCTM","Nostoc intricatum","synonym without a current name, in no current source as a current name (not in LPSN)","taxonomy build (automatic, synonym without a current name)","2026-10-07"
"B_NVSPH_SBRC","Novosphingobium subarctica","synonym without a current name, in no current source as a current name (not in LPSN)","taxonomy build (automatic, synonym without a current name)","2026-10-07"
"B_NVSPH_STYG","Novosphingobium stygia","synonym without a current name, in no current source as a current name (not in LPSN)","taxonomy build (automatic, synonym without a current name)","2026-10-07"
"B_OCLLA_XMNN","Oceanicella xiamenense","synonym without a current name, in no current source as a current name (not in LPSN)","taxonomy build (automatic, synonym without a current name)","2026-10-07"
"B_OLTRA_AMON_CHLR","Oscillatoria amoena chlorina","synonym without a current name, in no current source as a current name (not in LPSN)","taxonomy build (automatic, synonym without a current name)","2026-10-07"
"B_OLTRA_CLBR","Oscillatoria colubrina","synonym without a current name, in no current source as a current name (not in LPSN)","taxonomy build (automatic, synonym without a current name)","2026-10-07"
"B_OLTRA_CRVC_ANGS","Oscillatoria curviceps angusta","synonym without a current name, in no current source as a current name (not in LPSN)","taxonomy build (automatic, synonym without a current name)","2026-10-07"
"B_OLTRA_MNTM","Oscillatoria acuminatum","synonym without a current name, in no current source as a current name (not in LPSN)","taxonomy build (automatic, synonym without a current name)","2026-10-07"
"B_OLTRA_MTPH","Oscillatoria metaphyticum","synonym without a current name, in no current source as a current name (not in LPSN)","taxonomy build (automatic, synonym without a current name)","2026-10-07"
"B_OLTRA_NETN","Oscillatoria neotenue","synonym without a current name, in no current source as a current name (not in LPSN)","taxonomy build (automatic, synonym without a current name)","2026-10-07"
"B_OLTRA_NLTM","Oscillatoria grossegranulatum","synonym without a current name, in no current source as a current name (not in LPSN)","taxonomy build (automatic, synonym without a current name)","2026-10-07"
"B_OLTRA_ORNT_CRSS","Oscillatoria ornata crassa","synonym without a current name, in no current source as a current name (not in LPSN)","taxonomy build (automatic, synonym without a current name)","2026-10-07"
"B_OLTRA_TENS_LEVS","Oscillatoria tenuis levis","synonym without a current name, in no current source as a current name (not in LPSN)","taxonomy build (automatic, synonym without a current name)","2026-10-07"
"B_OLTRA_TENS_LIMS","Oscillatoria tenuis limosa","synonym without a current name, in no current source as a current name (not in LPSN)","taxonomy build (automatic, synonym without a current name)","2026-10-07"
"B_OLTRA_TRBR_BGGT","Oscillatoria terebriformis beggiatoiformis","synonym without a current name, in no current source as a current name (not in LPSN)","taxonomy build (automatic, synonym without a current name)","2026-10-07"
"B_PANNS_PNCT","Pannus punctiferum","synonym without a current name, in no current source as a current name (not in LPSN)","taxonomy build (automatic, synonym without a current name)","2026-10-07"
"B_PANTO_HERC","Pantoea hericii","synonym without a current name, in no current source as a current name (LPSN: preferred name)","taxonomy build (automatic, synonym without a current name)","2026-10-07"
"B_PANTO_HRBC","Pantoea herbicola","synonym without a current name, in no current source as a current name (LPSN: preferred name)","taxonomy build (automatic, synonym without a current name)","2026-10-07"
"B_PANTO_MLLT","Pantoea milletiae","synonym without a current name, in no current source as a current name (not in LPSN)","taxonomy build (automatic, synonym without a current name)","2026-10-07"
"B_PANTO_PLRT","Pantoea pleuroti","synonym without a current name, in no current source as a current name (LPSN: preferred name)","taxonomy build (automatic, synonym without a current name)","2026-10-07"
"B_PANTO_URDV","Pantoea uredovora","synonym without a current name, in no current source as a current name (not in LPSN)","taxonomy build (automatic, synonym without a current name)","2026-10-07"
"B_PBCLLS_QSQL","Psychrobacillus quisquiliarum","synonym without a current name, in no current source as a current name (not in LPSN)","taxonomy build (automatic, synonym without a current name)","2026-10-07"
"B_PCTBC_CRTVR_ATRS","Pectobacterium carotovora atroseptica","synonym without a current name, in no current source as a current name (not in LPSN)","taxonomy build (automatic, synonym without a current name)","2026-10-07"
"B_PCTBC_CRTVR_BTVS","Pectobacterium carotovora betavasculorum","synonym without a current name, in no current source as a current name (not in LPSN)","taxonomy build (automatic, synonym without a current name)","2026-10-07"
"B_PCTBC_CRTVR_CRTV","Pectobacterium carotovora carotovora","synonym without a current name, in no current source as a current name (not in LPSN)","taxonomy build (automatic, synonym without a current name)","2026-10-07"
"B_PCTBC_CRTVR_ODRF","Pectobacterium carotovora odorifera","synonym without a current name, in no current source as a current name (not in LPSN)","taxonomy build (automatic, synonym without a current name)","2026-10-07"
"B_PCTBC_CRTVR_WASB","Pectobacterium carotovora wasabiae","synonym without a current name, in no current source as a current name (not in LPSN)","taxonomy build (automatic, synonym without a current name)","2026-10-07"
"B_PHCCL_GLLN","Phocaeicola gallinaceus","synonym without a current name, in no current source as a current name (LPSN: synonym of Bacteroides gallinaceus corrig)","taxonomy build (automatic, synonym without a current name)","2026-10-07"
"B_PHRMD_ALLR_CRSS","Phormidium allorgei crassior","synonym without a current name, in no current source as a current name (not in LPSN)","taxonomy build (automatic, synonym without a current name)","2026-10-07"
"B_PHRMD_AMON","Phormidium amoena","synonym without a current name, in no current source as a current name (not in LPSN)","taxonomy build (automatic, synonym without a current name)","2026-10-07"
"B_PHRMD_BRRL","Phormidium bourrellyana","synonym without a current name, in no current source as a current name (not in LPSN)","taxonomy build (automatic, synonym without a current name)","2026-10-07"
"B_PHRMD_BRVS_NPLT","Phormidium brevis neapolitana","synonym without a current name, in no current source as a current name (not in LPSN)","taxonomy build (automatic, synonym without a current name)","2026-10-07"
"B_PHRMD_CHLR","Phormidium chlorina","synonym without a current name, in no current source as a current name (not in LPSN)","taxonomy build (automatic, synonym without a current name)","2026-10-07"
"B_PHRMD_CORM_CPTT","Phormidium corium capitatum","synonym without a current name, in no current source as a current name (not in LPSN)","taxonomy build (automatic, synonym without a current name)","2026-10-07"
"B_PHRMD_EXPS","Phormidium exposirum","synonym without a current name, in no current source as a current name (not in LPSN)","taxonomy build (automatic, synonym without a current name)","2026-10-07"
"B_PHRMD_FAVS","Phormidium favosa","synonym without a current name, in no current source as a current name (not in LPSN)","taxonomy build (automatic, synonym without a current name)","2026-10-07"
"B_PHRMD_FRMS_BRVS","Phormidium terebriformis brevis","synonym without a current name, in no current source as a current name (not in LPSN)","taxonomy build (automatic, synonym without a current name)","2026-10-07"
"B_PHRMD_GMNT","Phormidium gomontiana","synonym without a current name, in no current source as a current name (not in LPSN)","taxonomy build (automatic, synonym without a current name)","2026-10-07"
"B_PHRMD_GRNW_ARTC","Phormidium grunowiana articulata","synonym without a current name, in no current source as a current name (not in LPSN)","taxonomy build (automatic, synonym without a current name)","2026-10-07"
"B_PHRMD_HODN","Phormidium hodenii","synonym without a current name, in no current source as a current name (not in LPSN)","taxonomy build (automatic, synonym without a current name)","2026-10-07"
"B_PHRMD_LURD","Phormidium lurida","synonym without a current name, in no current source as a current name (not in LPSN)","taxonomy build (automatic, synonym without a current name)","2026-10-07"
"B_PHRMD_NGRV","Phormidium nigro-viridis","synonym without a current name, in no current source as a current name (not in LPSN)","taxonomy build (automatic, synonym without a current name)","2026-10-07"
"B_PHRMD_NPLT","Phormidium neapolitana","synonym without a current name, in no current source as a current name (not in LPSN)","taxonomy build (automatic, synonym without a current name)","2026-10-07"
"B_PHRMD_PHRM","Phormidium phormidium","synonym without a current name, in no current source as a current name (not in LPSN)","taxonomy build (automatic, synonym without a current name)","2026-10-07"
"B_PHRMD_PRDC","Phormidium producta","synonym without a current name, in no current source as a current name (not in LPSN)","taxonomy build (automatic, synonym without a current name)","2026-10-07"
"B_PHRMD_RCLS","Phormidium gracilis","synonym without a current name, in no current source as a current name (not in LPSN)","taxonomy build (automatic, synonym without a current name)","2026-10-07"
"B_PHRMD_RCLS_MNLS","Phormidium gracilis monilis","synonym without a current name, in no current source as a current name (not in LPSN)","taxonomy build (automatic, synonym without a current name)","2026-10-07"
"B_PHRMD_SBFS_JHNN","Phormidium subfuscum johannianum","synonym without a current name, in no current source as a current name (not in LPSN)","taxonomy build (automatic, synonym without a current name)","2026-10-07"
"B_PHRMD_TENS_NPLT","Phormidium tenuis neapolitana","synonym without a current name, in no current source as a current name (not in LPSN)","taxonomy build (automatic, synonym without a current name)","2026-10-07"
"B_PHRMD_TENS_TRGS","Phormidium tenuis tergestina","synonym without a current name, in no current source as a current name (not in LPSN)","taxonomy build (automatic, synonym without a current name)","2026-10-07"
"B_PLNKTL_SPLN_LMNT","Planktolyngbya splendida limnetica","synonym without a current name, in no current source as a current name (not in LPSN)","taxonomy build (automatic, synonym without a current name)","2026-10-07"
"B_PLNKTL_SPRD","Planktolyngbya spiroides","synonym without a current name, in no current source as a current name (not in LPSN)","taxonomy build (automatic, synonym without a current name)","2026-10-07"
"B_PLNKTL_SPRL","Planktolyngbya spiralis","synonym without a current name, in no current source as a current name (not in LPSN)","taxonomy build (automatic, synonym without a current name)","2026-10-07"
"B_PLNKTT_AGHR","Planktothrix aghardii","synonym without a current name, in no current source as a current name (not in LPSN)","taxonomy build (automatic, synonym without a current name)","2026-10-07"
"B_PLNKTT_AGRD_AEQC","Planktothrix agardhii aequicrassa","synonym without a current name, in no current source as a current name (not in LPSN)","taxonomy build (automatic, synonym without a current name)","2026-10-07"
"B_PLNKTT_AGRD_GMNT","Planktothrix agardhii gomontii","synonym without a current name, in no current source as a current name (not in LPSN)","taxonomy build (automatic, synonym without a current name)","2026-10-07"
"B_PLNKTT_AGRD_ISTH","Planktothrix agardhii isothrix","synonym without a current name, in no current source as a current name (not in LPSN)","taxonomy build (automatic, synonym without a current name)","2026-10-07"
"B_PLNKTT_AGRD_LMMR","Planktothrix agardhii lemmermannii","synonym without a current name, in no current source as a current name (not in LPSN)","taxonomy build (automatic, synonym without a current name)","2026-10-07"
"B_PLNKTT_AGRD_MOBS","Planktothrix agardhii moebiusii","synonym without a current name, in no current source as a current name (not in LPSN)","taxonomy build (automatic, synonym without a current name)","2026-10-07"
"B_PLNKTT_AGRD_WSLC","Planktothrix agardhii wislouchii","synonym without a current name, in no current source as a current name (not in LPSN)","taxonomy build (automatic, synonym without a current name)","2026-10-07"
"B_PLNKTT_LYNG","Planktothrix lyngbyaceum","synonym without a current name, in no current source as a current name (not in LPSN)","taxonomy build (automatic, synonym without a current name)","2026-10-07"
"B_PLNKTT_MGTI_CLTH","Planktothrix mougeotiii clathrata","synonym without a current name, in no current source as a current name (not in LPSN)","taxonomy build (automatic, synonym without a current name)","2026-10-07"
"B_PLNKTT_ORNT_PLNC","Planktothrix ornata planctonica","synonym without a current name, in no current source as a current name (not in LPSN)","taxonomy build (automatic, synonym without a current name)","2026-10-07"
"B_PLNMC_PHLS","Planomicrobium psychrophilus","synonym without a current name, in no current source as a current name (not in LPSN)","taxonomy build (automatic, synonym without a current name)","2026-10-07"
"B_PLNMC_STCS","Planomicrobium alkanoclasticus","synonym without a current name, in no current source as a current name (not in LPSN)","taxonomy build (automatic, synonym without a current name)","2026-10-07"
"B_PLRCP_MINS","Pleurocapsa minus","synonym without a current name, in no current source as a current name (not in LPSN)","taxonomy build (automatic, synonym without a current name)","2026-10-07"
"B_PNBCL_COOKI","Paenibacillus cookie","synonym without a current name, in no current source as a current name (not in LPSN)","taxonomy build (automatic, synonym without a current name)","2026-10-07"
"B_PNBNA_LMNT_ACCL","Pseudanabaena limnetica acicularis","synonym without a current name, in no current source as a current name (not in LPSN)","taxonomy build (automatic, synonym without a current name)","2026-10-07"
"B_PNBNA_NMNN","Pseudanabaena naumannii","synonym without a current name, in no current source as a current name (not in LPSN)","taxonomy build (automatic, synonym without a current name)","2026-10-07"
"B_PNCLS_GHONI","Paeniclostridium ghoni","synonym without a current name, in no current source as a current name (not in LPSN)","taxonomy build (automatic, synonym without a current name)","2026-10-07"
"B_PNRHD_HNGD","Paenirhodobacter hungdaonensis","synonym without a current name, in no current source as a current name (not in LPSN)","taxonomy build (automatic, synonym without a current name)","2026-10-07"
"B_PRBCLL_CHNS","Peribacillus cihuensis","synonym without a current name, in no current source as a current name (not in LPSN)","taxonomy build (automatic, synonym without a current name)","2026-10-07"
"B_PRBCT_PRVN","Parabacteroides provencensis","synonym without a current name, in no current source as a current name (LPSN: preferred name)","taxonomy build (automatic, synonym without a current name)","2026-10-07"
"B_PRCCC_RPDC","Paracoccus rapidicrescens","synonym without a current name, in no current source as a current name (not in LPSN)","taxonomy build (automatic, synonym without a current name)","2026-10-07"
"B_PRCDS_RCBR_RCBR","Planktothricoides raciborskii raciborskii","synonym without a current name, in no current source as a current name (not in LPSN)","taxonomy build (automatic, synonym without a current name)","2026-10-07"
"B_PRCLS_MSSL","Paraclostridium massiliensis","synonym without a current name, in no current source as a current name (not in LPSN)","taxonomy build (automatic, synonym without a current name)","2026-10-07"
"B_PRPHYR_LVSS","Porphyromonas salivosus","synonym without a current name, in no current source as a current name (not in LPSN)","taxonomy build (automatic, synonym without a current name)","2026-10-07"
"B_PRPHYR_MLNN_MACC","Porphyromonas melaninogenicus macacae","synonym without a current name, in no current source as a current name (not in LPSN)","taxonomy build (automatic, synonym without a current name)","2026-10-07"
"B_PRRSK_ALGA","Paraoerskovia algae","synonym without a current name, in no current source as a current name (not in LPSN)","taxonomy build (automatic, synonym without a current name)","2026-10-07"
"B_PRTCH_MSSL","Protochlamydia massiliensis","synonym without a current name, in no current source as a current name (LPSN: preferred name)","taxonomy build (automatic, synonym without a current name)","2026-10-07"
"B_PRVDN_INCN","Providencia inconstans","synonym without a current name, in no current source as a current name (not in LPSN)","taxonomy build (automatic, synonym without a current name)","2026-10-07"
"B_PRVMN_GLYC","Parvimonas glycinophilus","synonym without a current name, in no current source as a current name (not in LPSN)","taxonomy build (automatic, synonym without a current name)","2026-10-07"
"B_PRVMN_MCRS","Parvimonas micros","synonym without a current name, in no current source as a current name (LPSN: preferred name)","taxonomy build (automatic, synonym without a current name)","2026-10-07"
"B_PRVTL_CPLL","Prevotella capillus","synonym without a current name, in no current source as a current name (not in LPSN)","taxonomy build (automatic, synonym without a current name)","2026-10-07"
"B_PRVTL_GNCS_INTR","Prevotella melaninogenicus intermedius","synonym without a current name, in no current source as a current name (not in LPSN)","taxonomy build (automatic, synonym without a current name)","2026-10-07"
"B_PRVTL_PNTS","Prevotella pentosaceus","synonym without a current name, in no current source as a current name (not in LPSN)","taxonomy build (automatic, synonym without a current name)","2026-10-07"
"B_PRVTL_ZGLF","Prevotella zoogleiformans","synonym without a current name, in no current source as a current name (not in LPSN)","taxonomy build (automatic, synonym without a current name)","2026-10-07"
"B_PSDBZ_CRSS","Pseudobizionia crassostreae","synonym without a current name, in no current source as a current name (not in LPSN)","taxonomy build (automatic, synonym without a current name)","2026-10-07"
"B_PSDLT_PRPH","Pseudoalteromonas porphyrae","synonym without a current name, in no current source as a current name (LPSN: preferred name)","taxonomy build (automatic, synonym without a current name)","2026-10-07"
"B_PSDLT_SPRL","Pseudoalteromonas spiralis","synonym without a current name, in no current source as a current name (LPSN: preferred name)","taxonomy build (automatic, synonym without a current name)","2026-10-07"
"B_PSDLT_TLLR","Pseudoalteromonas telluritireducens","synonym without a current name, in no current source as a current name (LPSN: preferred name)","taxonomy build (automatic, synonym without a current name)","2026-10-07"
"B_PSDMN_PLYT","Pseudomonas polytricha","synonym without a current name, in no current source as a current name (not in LPSN)","taxonomy build (automatic, synonym without a current name)","2026-10-07"
"B_PSDMN_SDRC","Pseudomonas siderocapsulatus","synonym without a current name, in no current source as a current name (not in LPSN)","taxonomy build (automatic, synonym without a current name)","2026-10-07"
"B_PSDPRP_PNCS","Pseudopropionibacterium propionicus","synonym without a current name, in no current source as a current name (not in LPSN)","taxonomy build (automatic, synonym without a current name)","2026-10-07"
"B_PSDPRP_PRPN","Pseudopropionibacterium propionica","synonym without a current name, in no current source as a current name (not in LPSN)","taxonomy build (automatic, synonym without a current name)","2026-10-07"
"B_PTLNM_HEPP","Petalonema heppii","synonym without a current name, in no current source as a current name (not in LPSN)","taxonomy build (automatic, synonym without a current name)","2026-10-07"
"B_PTLNM_RPST","Petalonema rupestris","synonym without a current name, in no current source as a current name (not in LPSN)","taxonomy build (automatic, synonym without a current name)","2026-10-07"
"B_RHBDD_ELLP","Rhabdoderma ellipsoidea","synonym without a current name, in no current source as a current name (not in LPSN)","taxonomy build (automatic, synonym without a current name)","2026-10-07"
"B_RHBDD_PSDS","Rhabdoderma ellipsoideus","synonym without a current name, in no current source as a current name (not in LPSN)","taxonomy build (automatic, synonym without a current name)","2026-10-07"
"B_RHDCC_CLCR","Rhodococcus calcarea","synonym without a current name, in no current source as a current name (not in LPSN)","taxonomy build (automatic, synonym without a current name)","2026-10-07"
"B_RHDCC_PCLN","Rhodococcus picolinophilus","synonym without a current name, in no current source as a current name (not in LPSN)","taxonomy build (automatic, synonym without a current name)","2026-10-07"
"B_RHDCC_RSTR","Rhodococcus restricta","synonym without a current name, in no current source as a current name (not in LPSN)","taxonomy build (automatic, synonym without a current name)","2026-10-07"
"B_RHDCS_NTNM","Rhodocista centenum","synonym without a current name, in no current source as a current name (not in LPSN)","taxonomy build (automatic, synonym without a current name)","2026-10-07"
"B_RHDGL_RUBR","Rhodoglobus rubra","synonym without a current name, in no current source as a current name (not in LPSN)","taxonomy build (automatic, synonym without a current name)","2026-10-07"
"B_RHDNL_IKKN","Rhodonellum ikkaensis","synonym without a current name, in no current source as a current name (not in LPSN)","taxonomy build (automatic, synonym without a current name)","2026-10-07"
"B_RHZBM_TMFC","Rhizobium tumifaciens","synonym without a current name, in no current source as a current name (not in LPSN)","taxonomy build (automatic, synonym without a current name)","2026-10-07"
"B_RHZBM_TMFCN","Rhizobium tumefaciens","synonym without a current name, in no current source as a current name (LPSN: preferred name)","taxonomy build (automatic, synonym without a current name)","2026-10-07"
"B_RIVLR_ATRA_CDNT","Rivularia atra coadunata","synonym without a current name, in no current source as a current name (not in LPSN)","taxonomy build (automatic, synonym without a current name)","2026-10-07"
"B_RLTLL_TRVS","Raoultella trevisanii","synonym without a current name, in no current source as a current name (not in LPSN)","taxonomy build (automatic, synonym without a current name)","2026-10-07"
"B_ROBBS_WODS","Robbsia woodsii","synonym without a current name, in no current source as a current name (not in LPSN)","taxonomy build (automatic, synonym without a current name)","2026-10-07"
"B_RSMNS_ROSS","Roseomonas roseus","synonym without a current name, in no current source as a current name (not in LPSN)","taxonomy build (automatic, synonym without a current name)","2026-10-07"
"B_RSNTR_BRGZ","Roseinatronobacter barguzinensis","synonym without a current name, in no current source as a current name (not in LPSN)","taxonomy build (automatic, synonym without a current name)","2026-10-07"
"B_RTTSA_ARGS","Rickettsia argasii","synonym without a current name, in no current source as a current name (not in LPSN)","taxonomy build (automatic, synonym without a current name)","2026-10-07"
"B_RTTSA_CLMB","Rickettsia colombianensi","synonym without a current name, in no current source as a current name (LPSN: misspelling)","taxonomy build (automatic, synonym without a current name)","2026-10-07"
"B_RTTSA_PHLP","Rickettsia philipii","synonym without a current name, in no current source as a current name (LPSN: preferred name)","taxonomy build (automatic, synonym without a current name)","2026-10-07"
"B_SCCBC_ZRCH","Siccibacter zurichensis","synonym without a current name, in no current source as a current name (not in LPSN)","taxonomy build (automatic, synonym without a current name)","2026-10-07"
"B_SCCHRP_FAEN","Saccharopolyspora faeni","synonym without a current name, in no current source as a current name (not in LPSN)","taxonomy build (automatic, synonym without a current name)","2026-10-07"
"B_SCHLG_PHLM","Schlegelella thermophilum","synonym without a current name, in no current source as a current name (not in LPSN)","taxonomy build (automatic, synonym without a current name)","2026-10-07"
"B_SCHZT_FSCC_SMGL","Schizothrix fasciculata semiglobosa","synonym without a current name, in no current source as a current name (not in LPSN)","taxonomy build (automatic, synonym without a current name)","2026-10-07"
"B_SCYTN_CMPC","Scytonema compactus","synonym without a current name, in no current source as a current name (not in LPSN)","taxonomy build (automatic, synonym without a current name)","2026-10-07"
"B_SCYTN_CNCN","Scytonema cincinnata","synonym without a current name, in no current source as a current name (not in LPSN)","taxonomy build (automatic, synonym without a current name)","2026-10-07"
"B_SCYTN_CRISP","Scytonema crispa","synonym without a current name, in no current source as a current name (not in LPSN)","taxonomy build (automatic, synonym without a current name)","2026-10-07"
"B_SCYTN_NTNS","Scytonema natans","synonym without a current name, in no current source as a current name (not in LPSN)","taxonomy build (automatic, synonym without a current name)","2026-10-07"
"B_SDMNBCT_PNZB","Sediminibacterium penzbergensis","synonym without a current name, in no current source as a current name (not in LPSN)","taxonomy build (automatic, synonym without a current name)","2026-10-07"
"B_SGTCC_SOLI","Segeticoccus soli","synonym without a current name, in no current source as a current name (not in LPSN)","taxonomy build (automatic, synonym without a current name)","2026-10-07"
"B_SHNLL_SCCH","Shinella saccharophila","synonym without a current name, in no current source as a current name (not in LPSN)","taxonomy build (automatic, synonym without a current name)","2026-10-07"
"B_SHWNL_FCNS","Shewanella putrifaciens","synonym without a current name, in no current source as a current name (not in LPSN)","taxonomy build (automatic, synonym without a current name)","2026-10-07"
"B_SKRMN_LRGM_PRNS","Skermanella largomobilis parooensis","synonym without a current name, in no current source as a current name (not in LPSN)","taxonomy build (automatic, synonym without a current name)","2026-10-07"
"B_SLLMN_MSSL","Sellimonas massiliensis","synonym without a current name, in no current source as a current name (not in LPSN)","taxonomy build (automatic, synonym without a current name)","2026-10-07"
"B_SLNMN_INDC","Salinimonas indica","synonym without a current name, in no current source as a current name (not in LPSN)","taxonomy build (automatic, synonym without a current name)","2026-10-07"
"B_SLNNM_XNJN","Salininema xinjiangensis","synonym without a current name, in no current source as a current name (not in LPSN)","taxonomy build (automatic, synonym without a current name)","2026-10-07"
"B_SMYCS_ACDP","Streptomyces acidiphila","synonym without a current name, in no current source as a current name (not in LPSN)","taxonomy build (automatic, synonym without a current name)","2026-10-07"
"B_SMYCS_ALBLNG","Streptomyces albolonga","synonym without a current name, in no current source as a current name (not in LPSN)","taxonomy build (automatic, synonym without a current name)","2026-10-07"
"B_SMYCS_ALBV","Streptomyces alboverticillatum","synonym without a current name, in no current source as a current name (not in LPSN)","taxonomy build (automatic, synonym without a current name)","2026-10-07"
"B_SMYCS_BVRTC","Streptomyces biverticillatum","synonym without a current name, in no current source as a current name (not in LPSN)","taxonomy build (automatic, synonym without a current name)","2026-10-07"
"B_SMYCS_CPNS","Streptomyces capuensis","synonym without a current name, in no current source as a current name (not in LPSN)","taxonomy build (automatic, synonym without a current name)","2026-10-07"
"B_SMYCS_CRLM","Streptomyces caeruleum","synonym without a current name, in no current source as a current name (not in LPSN)","taxonomy build (automatic, synonym without a current name)","2026-10-07"
"B_SMYCS_DPLS","Streptomyces diplospora","synonym without a current name, in no current source as a current name (not in LPSN)","taxonomy build (automatic, synonym without a current name)","2026-10-07"
"B_SMYCS_DSTL","Streptomyces distallicum","synonym without a current name, in no current source as a current name (not in LPSN)","taxonomy build (automatic, synonym without a current name)","2026-10-07"
"B_SMYCS_EHMN","Streptomyces ehimense","synonym without a current name, in no current source as a current name (not in LPSN)","taxonomy build (automatic, synonym without a current name)","2026-10-07"
"B_SMYCS_FLAVA","Streptomyces flava","synonym without a current name, in no current source as a current name (not in LPSN)","taxonomy build (automatic, synonym without a current name)","2026-10-07"
"B_SMYCS_FLVP","Streptomyces flavopersicum","synonym without a current name, in no current source as a current name (not in LPSN)","taxonomy build (automatic, synonym without a current name)","2026-10-07"
"B_SMYCS_FUMGT","Streptomyces fumigata","synonym without a current name, in no current source as a current name (not in LPSN)","taxonomy build (automatic, synonym without a current name)","2026-10-07"
"B_SMYCS_GRMNIS","Streptomyces graminis","synonym without a current name, in no current source as a current name (not in LPSN)","taxonomy build (automatic, synonym without a current name)","2026-10-07"
"B_SMYCS_GRSVR","Streptomyces griseoverticillatum","synonym without a current name, in no current source as a current name (not in LPSN)","taxonomy build (automatic, synonym without a current name)","2026-10-07"
"B_SMYCS_HCHJ","Streptomyces hachijoense","synonym without a current name, in no current source as a current name (not in LPSN)","taxonomy build (automatic, synonym without a current name)","2026-10-07"
"B_SMYCS_KANSS","Streptomyces kauaiensis","synonym without a current name, in no current source as a current name (not in LPSN)","taxonomy build (automatic, synonym without a current name)","2026-10-07"
"B_SMYCS_KNTC","Streptomyces kentuckense","synonym without a current name, in no current source as a current name (not in LPSN)","taxonomy build (automatic, synonym without a current name)","2026-10-07"
"B_SMYCS_KSHW","Streptomyces kishiwadense","synonym without a current name, in no current source as a current name (not in LPSN)","taxonomy build (automatic, synonym without a current name)","2026-10-07"
"B_SMYCS_LTCL","Streptomyces luteocolor","synonym without a current name, in no current source as a current name (LPSN: preferred name)","taxonomy build (automatic, synonym without a current name)","2026-10-07"
"B_SMYCS_LTVRT","Streptomyces luteoverticillatum","synonym without a current name, in no current source as a current name (not in LPSN)","taxonomy build (automatic, synonym without a current name)","2026-10-07"
"B_SMYCS_LVDN","Streptomyces lividans","synonym without a current name, in no current source as a current name (LPSN: preferred name)","taxonomy build (automatic, synonym without a current name)","2026-10-07"
"B_SMYCS_NGSK","Streptomyces nagasakiensis","synonym without a current name, in no current source as a current name (not in LPSN)","taxonomy build (automatic, synonym without a current name)","2026-10-07"
"B_SMYCS_NMNM_ALBS","Streptomyces cinnamoneum albosporum","synonym without a current name, in no current source as a current name (not in LPSN)","taxonomy build (automatic, synonym without a current name)","2026-10-07"
"B_SMYCS_NNSE","Streptomyces indianense","synonym without a current name, in no current source as a current name (not in LPSN)","taxonomy build (automatic, synonym without a current name)","2026-10-07"
"B_SMYCS_OCHRC","Streptomyces ochracea","synonym without a current name, in no current source as a current name (not in LPSN)","taxonomy build (automatic, synonym without a current name)","2026-10-07"
"B_SMYCS_OLVRT","Streptomyces olivoreticulum","synonym without a current name, in no current source as a current name (not in LPSN)","taxonomy build (automatic, synonym without a current name)","2026-10-07"
"B_SMYCS_OLVR_CLLL","Streptomyces olivoreticuli cellulophilum","synonym without a current name, in no current source as a current name (not in LPSN)","taxonomy build (automatic, synonym without a current name)","2026-10-07"
"B_SMYCS_OLVR_PHLS","Streptomyces olivoreticuli cellulophilus","synonym without a current name, in no current source as a current name (not in LPSN)","taxonomy build (automatic, synonym without a current name)","2026-10-07"
"B_SMYCS_PHLM","Streptomyces vitaminophilum","synonym without a current name, in no current source as a current name (not in LPSN)","taxonomy build (automatic, synonym without a current name)","2026-10-07"
"B_SMYCS_PHSL","Streptomyces phosalacinea","synonym without a current name, in no current source as a current name (not in LPSN)","taxonomy build (automatic, synonym without a current name)","2026-10-07"
"B_SMYCS_RCTVRT","Streptomyces rectiverticillatum","synonym without a current name, in no current source as a current name (not in LPSN)","taxonomy build (automatic, synonym without a current name)","2026-10-07"
"B_SMYCS_RETCL","Streptomyces reticuli","synonym without a current name, in no current source as a current name (LPSN: preferred name)","taxonomy build (automatic, synonym without a current name)","2026-10-07"
"B_SMYCS_RGNA","Streptomyces purpurogena","synonym without a current name, in no current source as a current name (not in LPSN)","taxonomy build (automatic, synonym without a current name)","2026-10-07"
"B_SMYCS_RNSE","Streptomyces kashmirense","synonym without a current name, in no current source as a current name (not in LPSN)","taxonomy build (automatic, synonym without a current name)","2026-10-07"
"B_SMYCS_ROSE","Streptomyces rosea","synonym without a current name, in no current source as a current name (not in LPSN)","taxonomy build (automatic, synonym without a current name)","2026-10-07"
"B_SMYCS_RSLE","Streptomyces aureoversile","synonym without a current name, in no current source as a current name (not in LPSN)","taxonomy build (automatic, synonym without a current name)","2026-10-07"
"B_SMYCS_RSVRTC","Streptomyces roseoverticillatum","synonym without a current name, in no current source as a current name (not in LPSN)","taxonomy build (automatic, synonym without a current name)","2026-10-07"
"B_SMYCS_SPPR","Streptomyces sapporonense","synonym without a current name, in no current source as a current name (not in LPSN)","taxonomy build (automatic, synonym without a current name)","2026-10-07"
"B_SMYCS_SPTT","Streptomyces septatum","synonym without a current name, in no current source as a current name (not in LPSN)","taxonomy build (automatic, synonym without a current name)","2026-10-07"
"B_SMYCS_WDYM","Streptomyces wadayamensis","synonym without a current name, in no current source as a current name (not in LPSN)","taxonomy build (automatic, synonym without a current name)","2026-10-07"
"B_SNGMNS_DVRN","Sphingomonas devorans","synonym without a current name, in no current source as a current name (not in LPSN)","taxonomy build (automatic, synonym without a current name)","2026-10-07"
"B_SPHNGB_YBCH","Sphingobacterium yabuuchiae","synonym without a current name, in no current source as a current name (not in LPSN)","taxonomy build (automatic, synonym without a current name)","2026-10-07"
"B_STCHSP_PSDP","Stichosiphon pseudo-polymorphus","synonym without a current name, in no current source as a current name (not in LPSN)","taxonomy build (automatic, synonym without a current name)","2026-10-07"
"B_STGNM_HRMD_CRSS","Stigonema hormoides crassivaginatum","synonym without a current name, in no current source as a current name (not in LPSN)","taxonomy build (automatic, synonym without a current name)","2026-10-07"
"B_STNTR_RTRF","Stenotrophomonas retroflexus","synonym without a current name, in no current source as a current name (not in LPSN)","taxonomy build (automatic, synonym without a current name)","2026-10-07"
"B_STPHY_VRTR","Staphylococcus veratri","synonym without a current name, in no current source as a current name (not in LPSN)","taxonomy build (automatic, synonym without a current name)","2026-10-07"
"B_STRKY_VLLS","Starkeya novellus","synonym without a current name, in no current source as a current name (not in LPSN)","taxonomy build (automatic, synonym without a current name)","2026-10-07"
"B_STRPTM_ARAB","Streptomonospora arabia","synonym without a current name, in no current source as a current name (not in LPSN)","taxonomy build (automatic, synonym without a current name)","2026-10-07"
"B_SYMPL_RBNT","Symploca rubinatum","synonym without a current name, in no current source as a current name (not in LPSN)","taxonomy build (automatic, synonym without a current name)","2026-10-07"
"B_SYSTS_DDMN_ROSE","Synechocystis didemni rosea","synonym without a current name, in no current source as a current name (not in LPSN)","taxonomy build (automatic, synonym without a current name)","2026-10-07"
"B_SYSTS_ENDP","Synechocystis endophytica","synonym without a current name, in no current source as a current name (not in LPSN)","taxonomy build (automatic, synonym without a current name)","2026-10-07"
"B_TBFDA_MSVF","Thermobifida mesouviformis","synonym without a current name, in no current source as a current name (not in LPSN)","taxonomy build (automatic, synonym without a current name)","2026-10-07"
"B_TBPHY_OBSC","Tubiphytes obscura","synonym without a current name, in no current source as a current name (not in LPSN)","taxonomy build (automatic, synonym without a current name)","2026-10-07"
"B_THCYS_MINS","Thiocystis minus","synonym without a current name, in no current source as a current name (not in LPSN)","taxonomy build (automatic, synonym without a current name)","2026-10-07"
"B_THLSSS_PRMN","Thalassospira permensis","synonym without a current name, in no current source as a current name (LPSN: preferred name)","taxonomy build (automatic, synonym without a current name)","2026-10-07"
"B_THMCRS_YSRS","Thiomicrospira thyasiris","synonym without a current name, in no current source as a current name (not in LPSN)","taxonomy build (automatic, synonym without a current name)","2026-10-07"
"B_THRMNRB_FRGNS","Thermoanaerobacterium thermosulfurogenes","synonym without a current name, in no current source as a current name (LPSN: preferred name)","taxonomy build (automatic, synonym without a current name)","2026-10-07"
"B_THRMNRB_KRSH","Thermoanaerobacterium kirishiense","synonym without a current name, in no current source as a current name (not in LPSN)","taxonomy build (automatic, synonym without a current name)","2026-10-07"
"B_TLYPT_TENS_LANT","Tolypothrix tenuis lanata","synonym without a current name, in no current source as a current name (not in LPSN)","taxonomy build (automatic, synonym without a current name)","2026-10-07"
"B_TNCBC_MARN","Tenacibaculum marina","synonym without a current name, in no current source as a current name (not in LPSN)","taxonomy build (automatic, synonym without a current name)","2026-10-07"
"B_TNCLA_PTNS","Thermincola potens","synonym without a current name, in no current source as a current name (LPSN: preferred name)","taxonomy build (automatic, synonym without a current name)","2026-10-07"
"B_TNNRL_YTHS","Tannerella forsythus","synonym without a current name, in no current source as a current name (not in LPSN)","taxonomy build (automatic, synonym without a current name)","2026-10-07"
"B_TSKMR_ARNT","Tsukamurella aurantiacus","synonym without a current name, in no current source as a current name (not in LPSN)","taxonomy build (automatic, synonym without a current name)","2026-10-07"
"B_TSKMR_CLMB","Tsukamurella columbiensis","synonym without a current name, in no current source as a current name (not in LPSN)","taxonomy build (automatic, synonym without a current name)","2026-10-07"
"B_TSSBS_GLTNV","Thalassobius gelatinovora","synonym without a current name, in no current source as a current name (not in LPSN)","taxonomy build (automatic, synonym without a current name)","2026-10-07"
"B_TSSBS_NVRM","Thalassobius gelatinovorum","synonym without a current name, in no current source as a current name (not in LPSN)","taxonomy build (automatic, synonym without a current name)","2026-10-07"
"B_TSSBS_VRNS","Thalassobius gelatinovorans","synonym without a current name, in no current source as a current name (not in LPSN)","taxonomy build (automatic, synonym without a current name)","2026-10-07"
"B_TSSRL_HSTF","Tissierella hastiforme","synonym without a current name, in no current source as a current name (not in LPSN)","taxonomy build (automatic, synonym without a current name)","2026-10-07"
"B_TTLCK_PTTS","Tatlockia pittsburghensis","synonym without a current name, in no current source as a current name (not in LPSN)","taxonomy build (automatic, synonym without a current name)","2026-10-07"
"B_TYCHN_NTTI","Tychonema bornetti","synonym without a current name, in no current source as a current name (not in LPSN)","taxonomy build (automatic, synonym without a current name)","2026-10-07"
"B_VIBRI_ANTQ","Vibrio antiquarius","synonym without a current name, in no current source as a current name (LPSN: preferred name)","taxonomy build (automatic, synonym without a current name)","2026-10-07"
"B_VIBRI_CHMG","Vibrio chemaguriensis","synonym without a current name, in no current source as a current name (LPSN: preferred name)","taxonomy build (automatic, synonym without a current name)","2026-10-07"
"B_VIBRI_HYDR_PRTL","Vibrio hydrophila proteolytica","synonym without a current name, in no current source as a current name (not in LPSN)","taxonomy build (automatic, synonym without a current name)","2026-10-07"
"B_VIBRI_NERD","Vibrio nereida","synonym without a current name, in no current source as a current name (not in LPSN)","taxonomy build (automatic, synonym without a current name)","2026-10-07"
"B_VIBRI_NGRPL","Vibrio nigrapulchrituda","synonym without a current name, in no current source as a current name (not in LPSN)","taxonomy build (automatic, synonym without a current name)","2026-10-07"
"B_VIBRI_PELG","Vibrio pelagia","synonym without a current name, in no current source as a current name (not in LPSN)","taxonomy build (automatic, synonym without a current name)","2026-10-07"
"B_VIBRI_QNGH","Vibrio qinghaiensis","synonym without a current name, in no current source as a current name (LPSN: preferred name)","taxonomy build (automatic, synonym without a current name)","2026-10-07"
"B_VRGBC_DKRN","Virgibacillus dakarensis","synonym without a current name, in no current source as a current name (LPSN: preferred name)","taxonomy build (automatic, synonym without a current name)","2026-10-07"
"B_VSCLR_NDFC","Vesicularia nidifica","synonym without a current name, in no current source as a current name (LPSN: synonym of Vesiculostroma nidificum corrig)","taxonomy build (automatic, synonym without a current name)","2026-10-07"
"B_WRNCH_APNN_DLCT","Woronichinia aponina delicatula","synonym without a current name, in no current source as a current name (not in LPSN)","taxonomy build (automatic, synonym without a current name)","2026-10-07"
"B_WRNCH_NGLNUM","Woronichinia nagelianum","synonym without a current name, in no current source as a current name (not in LPSN)","taxonomy build (automatic, synonym without a current name)","2026-10-07"
"B_WRNCH_NGLN_LMMR","Woronichinia naegeliana lemmermannii","synonym without a current name, in no current source as a current name (not in LPSN)","taxonomy build (automatic, synonym without a current name)","2026-10-07"
"B_WRNCH_VIRX","Woronichinia virieuxii","synonym without a current name, in no current source as a current name (not in LPSN)","taxonomy build (automatic, synonym without a current name)","2026-10-07"
"B_XNCCC_SCHS_PLLD","Xenococcus schousboei pallidus","synonym without a current name, in no current source as a current name (not in LPSN)","taxonomy build (automatic, synonym without a current name)","2026-10-07"
"B_XNCCC_SCTT_CLDP","Xenococcus scutata cladophorae","synonym without a current name, in no current source as a current name (not in LPSN)","taxonomy build (automatic, synonym without a current name)","2026-10-07"
"B_XNTHM_CMPS_VSCT","Xanthomonas campestris vesicatoria","synonym without a current name, in no current source as a current name (not in LPSN)","taxonomy build (automatic, synonym without a current name)","2026-10-07"
"B_YKNLL_TRBL","Yokenella trabulsii","synonym without a current name, in no current source as a current name (not in LPSN)","taxonomy build (automatic, synonym without a current name)","2026-10-07"
"B_[FAM]_HYELLACE","Hyellaceae","synonym without a current name, in no current source as a current name (LPSN: synonym of Hydrococcaceae)","taxonomy build (automatic, synonym without a current name)","2026-10-07"
"C_SPNGS_SBTR_NSTR","Spongospora subterranea nasturtii","synonym without a current name, in no current source as a current name","taxonomy build (automatic, synonym without a current name)","2026-10-07"
"C_SPNGS_SBTR_SBTR","Spongospora subterranea subterranea","synonym without a current name, in no current source as a current name","taxonomy build (automatic, synonym without a current name)","2026-10-07"
"C_SPNGS_SBTR_VLDE","Spongospora subterranea valde-evoluta","synonym without a current name, in no current source as a current name","taxonomy build (automatic, synonym without a current name)","2026-10-07"
"C_SPNGS_SCBS","Spongospora scabies","synonym without a current name, in no current source as a current name","taxonomy build (automatic, synonym without a current name)","2026-10-07"
"C_SPNGS_SCBS_CSPT","Spongospora scabies caespitosum","synonym without a current name, in no current source as a current name","taxonomy build (automatic, synonym without a current name)","2026-10-07"
"F_ABSID_ALTN","Absidia altaini","synonym without a current name, in no current source as a current name","taxonomy build (automatic, synonym without a current name)","2026-10-07"
"F_ABSID_SCCR","Absidia saccardoi","synonym without a current name, in no current source as a current name","taxonomy build (automatic, synonym without a current name)","2026-10-07"
"F_ACRMN_ATRR","Acremonium aterrima","synonym without a current name, in no current source as a current name","taxonomy build (automatic, synonym without a current name)","2026-10-07"
"F_ACRMN_BLLG","Acremonium ballagii","synonym without a current name, in no current source as a current name","taxonomy build (automatic, synonym without a current name)","2026-10-07"
"F_ACRMN_BRNN","Acremonium baarnensis","synonym without a current name, in no current source as a current name","taxonomy build (automatic, synonym without a current name)","2026-10-07"
"F_ACRMN_CNVL","Acremonium convoluta","synonym without a current name, in no current source as a current name","taxonomy build (automatic, synonym without a current name)","2026-10-07"
"F_ACRMN_CNVL_FELN","Acremonium convoluta felina","synonym without a current name, in no current source as a current name","taxonomy build (automatic, synonym without a current name)","2026-10-07"
"F_ACRMN_CPHL","Acremonium cephalosporioides","synonym without a current name, in no current source as a current name","taxonomy build (automatic, synonym without a current name)","2026-10-07"
"F_ACRMN_CRMD","Acremonium coremioides","synonym without a current name, in no current source as a current name","taxonomy build (automatic, synonym without a current name)","2026-10-07"
"F_ACRMN_DCHRM","Acremonium dichromospora","synonym without a current name, in no current source as a current name","taxonomy build (automatic, synonym without a current name)","2026-10-07"
"F_ACRMN_ECHH","Acremonium eichhorniae","synonym without a current name, in no current source as a current name","taxonomy build (automatic, synonym without a current name)","2026-10-07"
"F_ACRMN_ELAT","Acremonium elata","synonym without a current name, in no current source as a current name","taxonomy build (automatic, synonym without a current name)","2026-10-07"
"F_ACRMN_FELN","Acremonium felina","synonym without a current name, in no current source as a current name","taxonomy build (automatic, synonym without a current name)","2026-10-07"
"F_ACRMN_FICI","Acremonium fici","synonym without a current name, in no current source as a current name","taxonomy build (automatic, synonym without a current name)","2026-10-07"
"F_ACRMN_FRMS","Acremonium moriformis","synonym without a current name, in no current source as a current name","taxonomy build (automatic, synonym without a current name)","2026-10-07"
"F_ACRMN_HYLNL","Acremonium hyalinula","synonym without a current name, in no current source as a current name","taxonomy build (automatic, synonym without a current name)","2026-10-07"
"F_ACRMN_MLLE","Acremonium meliolae","synonym without a current name, in no current source as a current name","taxonomy build (automatic, synonym without a current name)","2026-10-07"
"F_ACRMN_MLRM","Acremonium malorum","synonym without a current name, in no current source as a current name","taxonomy build (automatic, synonym without a current name)","2026-10-07"
"F_ACRMN_MRRM_FELN","Acremonium murorum felina","synonym without a current name, in no current source as a current name","taxonomy build (automatic, synonym without a current name)","2026-10-07"
"F_ACRMN_MRRM_FULV","Acremonium murorum fulva","synonym without a current name, in no current source as a current name","taxonomy build (automatic, synonym without a current name)","2026-10-07"
"F_ACRMN_MRRM_PLYC","Acremonium murorum polychroma","synonym without a current name, in no current source as a current name","taxonomy build (automatic, synonym without a current name)","2026-10-07"
"F_ACRMN_PNSS","Acremonium spinosus","synonym without a current name, in no current source as a current name","taxonomy build (automatic, synonym without a current name)","2026-10-07"
"F_ACRMN_PRSC","Acremonium persicinus","synonym without a current name, in no current source as a current name","taxonomy build (automatic, synonym without a current name)","2026-10-07"
"F_ACRMN_PSDZY","Acremonium pseudozeylanica","synonym without a current name, in no current source as a current name","taxonomy build (automatic, synonym without a current name)","2026-10-07"
"F_ACRMN_ROSL","Acremonium roseola","synonym without a current name, in no current source as a current name","taxonomy build (automatic, synonym without a current name)","2026-10-07"
"F_ACRMN_RRMM","Acremonium aterrimum","synonym without a current name, in no current source as a current name","taxonomy build (automatic, synonym without a current name)","2026-10-07"
"F_ACRMN_RSLS","Acremonium roseolus","synonym without a current name, in no current source as a current name","taxonomy build (automatic, synonym without a current name)","2026-10-07"
"F_ACRMN_ZYLN_CRVS","Acremonium zeylanicum curvisporum","synonym without a current name, in no current source as a current name","taxonomy build (automatic, synonym without a current name)","2026-10-07"
"F_ADRMA_GYPS","Arthroderma gypsea","synonym without a current name, in no current source as a current name","taxonomy build (automatic, synonym without a current name)","2026-10-07"
"F_ADRMA_YPSS","Arthroderma gypseus","synonym without a current name, in no current source as a current name","taxonomy build (automatic, synonym without a current name)","2026-10-07"
"F_ALTRN_AMRN_CELS","Alternaria amaranthi celosiae","synonym without a current name, in no current source as a current name","taxonomy build (automatic, synonym without a current name)","2026-10-07"
"F_ALTRN_BRSS_RSDC","Alternaria brassicae resedacearum","synonym without a current name, in no current source as a current name","taxonomy build (automatic, synonym without a current name)","2026-10-07"
"F_ALTRN_BRSS_SPRM","Alternaria brassicae macrosporum","synonym without a current name, in no current source as a current name","taxonomy build (automatic, synonym without a current name)","2026-10-07"
"F_ALTRN_CAVR","Alternaria cavarae","synonym without a current name, in no current source as a current name","taxonomy build (automatic, synonym without a current name)","2026-10-07"
"F_ALTRN_CDTM","Alternaria caudatum","synonym without a current name, in no current source as a current name","taxonomy build (automatic, synonym without a current name)","2026-10-07"
"F_ALTRN_CDTM_OPNT","Alternaria caudatum opuntiae","synonym without a current name, in no current source as a current name","taxonomy build (automatic, synonym without a current name)","2026-10-07"
"F_ALTRN_CHRN_ASPR","Alternaria cheiranthi asparagi","synonym without a current name, in no current source as a current name","taxonomy build (automatic, synonym without a current name)","2026-10-07"
"F_ALTRN_CHRN_BETA","Alternaria cheiranthi betae","synonym without a current name, in no current source as a current name","taxonomy build (automatic, synonym without a current name)","2026-10-07"
"F_ALTRN_CHRN_CRCN","Alternaria cheiranthi circinans","synonym without a current name, in no current source as a current name","taxonomy build (automatic, synonym without a current name)","2026-10-07"
"F_ALTRN_CHRN_PTRS","Alternaria cheiranthi petroselini","synonym without a current name, in no current source as a current name","taxonomy build (automatic, synonym without a current name)","2026-10-07"
"F_ALTRN_CMMN_CRCN","Alternaria commune circinans","synonym without a current name, in no current source as a current name","taxonomy build (automatic, synonym without a current name)","2026-10-07"
"F_ALTRN_CNSR_MINR","Alternaria consortiale minor","synonym without a current name, in no current source as a current name","taxonomy build (automatic, synonym without a current name)","2026-10-07"
"F_ALTRN_CRSS_SLNN","Alternaria crassa solani-nigri","synonym without a current name, in no current source as a current name","taxonomy build (automatic, synonym without a current name)","2026-10-07"
"F_ALTRN_CRSS_SNCH","Alternaria crassa sonchi","synonym without a current name, in no current source as a current name","taxonomy build (automatic, synonym without a current name)","2026-10-07"
"F_ALTRN_DACNM","Alternaria daucinum","synonym without a current name, in no current source as a current name","taxonomy build (automatic, synonym without a current name)","2026-10-07"
"F_ALTRN_DCHR_NGRS","Alternaria dichromotricha nigriseda","synonym without a current name, in no current source as a current name","taxonomy build (automatic, synonym without a current name)","2026-10-07"
"F_ALTRN_ERYNG","Alternaria eryngianum","synonym without a current name, in no current source as a current name","taxonomy build (automatic, synonym without a current name)","2026-10-07"
"F_ALTRN_FSCCL","Alternaria fasciculatum","synonym without a current name, in no current source as a current name","taxonomy build (automatic, synonym without a current name)","2026-10-07"
"F_ALTRN_GSTM","Alternaria congestum","synonym without a current name, in no current source as a current name","taxonomy build (automatic, synonym without a current name)","2026-10-07"
"F_ALTRN_GSTM_MINR","Alternaria congestum minor","synonym without a current name, in no current source as a current name","taxonomy build (automatic, synonym without a current name)","2026-10-07"
"F_ALTRN_HRBR_SCRP","Alternaria herbarum scrophulariae","synonym without a current name, in no current source as a current name","taxonomy build (automatic, synonym without a current name)","2026-10-07"
"F_ALTRN_HTRSC","Alternaria heteroschemon","synonym without a current name, in no current source as a current name","taxonomy build (automatic, synonym without a current name)","2026-10-07"
"F_ALTRN_ILCS","Alternaria ilicis","synonym without a current name, in no current source as a current name","taxonomy build (automatic, synonym without a current name)","2026-10-07"
"F_ALTRN_ILCS_MINR","Alternaria ilicis minor","synonym without a current name, in no current source as a current name","taxonomy build (automatic, synonym without a current name)","2026-10-07"
"F_ALTRN_INFC_ACBC","Alternaria infectoria aucubicola","synonym without a current name, in no current source as a current name","taxonomy build (automatic, synonym without a current name)","2026-10-07"
"F_ALTRN_INFC_NGRS","Alternaria infectoria nigriseda","synonym without a current name, in no current source as a current name","taxonomy build (automatic, synonym without a current name)","2026-10-07"
"F_ALTRN_INFC_PHCL","Alternaria infectoria phaceliae","synonym without a current name, in no current source as a current name","taxonomy build (automatic, synonym without a current name)","2026-10-07"
"F_ALTRN_INFC_SCCH","Alternaria infectoria sacchari","synonym without a current name, in no current source as a current name","taxonomy build (automatic, synonym without a current name)","2026-10-07"
"F_ALTRN_INFC_STIP","Alternaria infectoria stipae","synonym without a current name, in no current source as a current name","taxonomy build (automatic, synonym without a current name)","2026-10-07"
"F_ALTRN_LEPD","Alternaria lepidii","synonym without a current name, in no current source as a current name","taxonomy build (automatic, synonym without a current name)","2026-10-07"
"F_ALTRN_LGRS_DSTC","Alternaria vulgaris disticha","synonym without a current name, in no current source as a current name","taxonomy build (automatic, synonym without a current name)","2026-10-07"
"F_ALTRN_LGRS_FRRG","Alternaria vulgaris ferruginea","synonym without a current name, in no current source as a current name","taxonomy build (automatic, synonym without a current name)","2026-10-07"
"F_ALTRN_LGRS_MNST","Alternaria vulgaris monostica","synonym without a current name, in no current source as a current name","taxonomy build (automatic, synonym without a current name)","2026-10-07"
"F_ALTRN_LGRS_PTMN","Alternaria vulgaris putaminum","synonym without a current name, in no current source as a current name","taxonomy build (automatic, synonym without a current name)","2026-10-07"
"F_ALTRN_LGRS_TCHA","Alternaria vulgaris monosticha","synonym without a current name, in no current source as a current name","taxonomy build (automatic, synonym without a current name)","2026-10-07"
"F_ALTRN_LVCM","Alternaria olivaceum","synonym without a current name, in no current source as a current name","taxonomy build (automatic, synonym without a current name)","2026-10-07"
"F_ALTRN_MAJR","Alternaria major","synonym without a current name, in no current source as a current name","taxonomy build (automatic, synonym without a current name)","2026-10-07"
"F_ALTRN_MCSM_PLRS","Alternaria mucosum pluriseptatum","synonym without a current name, in no current source as a current name","taxonomy build (automatic, synonym without a current name)","2026-10-07"
"F_ALTRN_MLDV","Alternaria moldavica","synonym without a current name, in no current source as a current name","taxonomy build (automatic, synonym without a current name)","2026-10-07"
"F_ALTRN_MLSM_SRDM","Alternaria ramulosum sardoum","synonym without a current name, in no current source as a current name","taxonomy build (automatic, synonym without a current name)","2026-10-07"
"F_ALTRN_NLSM","Alternaria granulosum","synonym without a current name, in no current source as a current name","taxonomy build (automatic, synonym without a current name)","2026-10-07"
"F_ALTRN_ODMNS","Alternaria oudemansia","synonym without a current name, in no current source as a current name","taxonomy build (automatic, synonym without a current name)","2026-10-07"
"F_ALTRN_ONNI","Alternaria onnii","synonym without a current name, in no current source as a current name","taxonomy build (automatic, synonym without a current name)","2026-10-07"
"F_ALTRN_PCTM","Alternaria compactum","synonym without a current name, in no current source as a current name","taxonomy build (automatic, synonym without a current name)","2026-10-07"
"F_ALTRN_PHCM","Alternaria phaeocomoides","synonym without a current name, in no current source as a current name","taxonomy build (automatic, synonym without a current name)","2026-10-07"
"F_ALTRN_PHCM_INFC","Alternaria phaeocomoides infectoria","synonym without a current name, in no current source as a current name","taxonomy build (automatic, synonym without a current name)","2026-10-07"
"F_ALTRN_PLRSP","Alternaria pluriseptatum","synonym without a current name, in no current source as a current name","taxonomy build (automatic, synonym without a current name)","2026-10-07"
"F_ALTRN_PPCR","Alternaria papaceracea","synonym without a current name, in no current source as a current name","taxonomy build (automatic, synonym without a current name)","2026-10-07"
"F_ALTRN_PPVRC","Alternaria papaveracea","synonym without a current name, in no current source as a current name","taxonomy build (automatic, synonym without a current name)","2026-10-07"
"F_ALTRN_RCLM","Alternaria herculeum","synonym without a current name, in no current source as a current name","taxonomy build (automatic, synonym without a current name)","2026-10-07"
"F_ALTRN_RDCNM_PTRS","Alternaria radicinum petroselini","synonym without a current name, in no current source as a current name","taxonomy build (automatic, synonym without a current name)","2026-10-07"
"F_ALTRN_RGNM","Alternaria florigenum","synonym without a current name, in no current source as a current name","taxonomy build (automatic, synonym without a current name)","2026-10-07"
"F_ALTRN_RPHM_CHRT","Alternaria polymorphum chartarum","synonym without a current name, in no current source as a current name","taxonomy build (automatic, synonym without a current name)","2026-10-07"
"F_ALTRN_RUDS_NGRS","Alternaria rudis nigriseda","synonym without a current name, in no current source as a current name","taxonomy build (automatic, synonym without a current name)","2026-10-07"
"F_ALTRN_RYSM_BTRY","Alternaria botryosum botrytis","synonym without a current name, in no current source as a current name","taxonomy build (automatic, synonym without a current name)","2026-10-07"
"F_ALTRN_RYSM_ULCL","Alternaria botryosum ulocladium","synonym without a current name, in no current source as a current name","taxonomy build (automatic, synonym without a current name)","2026-10-07"
"F_ALTRN_SARP","Alternaria sauropi","synonym without a current name, in no current source as a current name","taxonomy build (automatic, synonym without a current name)","2026-10-07"
"F_ALTRN_SCPH","Alternaria scophulariae","synonym without a current name, in no current source as a current name","taxonomy build (automatic, synonym without a current name)","2026-10-07"
"F_ALTRN_SPDM","Alternaria hispidum","synonym without a current name, in no current source as a current name","taxonomy build (automatic, synonym without a current name)","2026-10-07"
"F_ALTRN_TCTA","Alternaria photosticta","synonym without a current name, in no current source as a current name","taxonomy build (automatic, synonym without a current name)","2026-10-07"
"F_ALTRN_TENS_TABC","Alternaria tenuis tabaci","synonym without a current name, in no current source as a current name","taxonomy build (automatic, synonym without a current name)","2026-10-07"
"F_ALTRN_TLLST","Alternaria telluster","synonym without a current name, in no current source as a current name","taxonomy build (automatic, synonym without a current name)","2026-10-07"
"F_ALTRN_TNSSM","Alternaria tenuissimum","synonym without a current name, in no current source as a current name","taxonomy build (automatic, synonym without a current name)","2026-10-07"
"F_ALTRN_TRCM","Alternaria concentricum","synonym without a current name, in no current source as a current name","taxonomy build (automatic, synonym without a current name)","2026-10-07"
"F_ALTRN_XTSM","Alternaria exitiosum","synonym without a current name, in no current source as a current name","taxonomy build (automatic, synonym without a current name)","2026-10-07"
"F_ALTRN_XTSM_ALTR","Alternaria exitiosum alternarioides","synonym without a current name, in no current source as a current name","taxonomy build (automatic, synonym without a current name)","2026-10-07"
"F_ALTRN_XTSM_DAUC","Alternaria exitiosum dauci","synonym without a current name, in no current source as a current name","taxonomy build (automatic, synonym without a current name)","2026-10-07"
"F_ALTRN_XTSM_LXRS","Alternaria exitiosum luxuriosum","synonym without a current name, in no current source as a current name","taxonomy build (automatic, synonym without a current name)","2026-10-07"
"F_ALTRN_XTSM_SOLN","Alternaria exitiosum solani","synonym without a current name, in no current source as a current name","taxonomy build (automatic, synonym without a current name)","2026-10-07"
"F_ALTRN_XTSS","Alternaria exitiosus","synonym without a current name, in no current source as a current name","taxonomy build (automatic, synonym without a current name)","2026-10-07"
"F_ALTRN_XTSS_ALTR","Alternaria exitiosus alternarioides","synonym without a current name, in no current source as a current name","taxonomy build (automatic, synonym without a current name)","2026-10-07"
"F_ALTRN_XTSS_DAUC","Alternaria exitiosus dauci","synonym without a current name, in no current source as a current name","taxonomy build (automatic, synonym without a current name)","2026-10-07"
"F_ALTRN_XTSS_LXRS","Alternaria exitiosus luxuriosum","synonym without a current name, in no current source as a current name","taxonomy build (automatic, synonym without a current name)","2026-10-07"
"F_ARBSD_FRMN_BNDK","Aureobasidium fermentans benedekii","synonym without a current name, in no current source as a current name","taxonomy build (automatic, synonym without a current name)","2026-10-07"
"F_ARBSD_FRMN_CNDD","Aureobasidium fermentans candida","synonym without a current name, in no current source as a current name","taxonomy build (automatic, synonym without a current name)","2026-10-07"
"F_ARBSD_FRMN_CSTL","Aureobasidium fermentans castellani","synonym without a current name, in no current source as a current name","taxonomy build (automatic, synonym without a current name)","2026-10-07"
"F_ARBSD_FRMN_FRMN","Aureobasidium fermentans fermentans","synonym without a current name, in no current source as a current name","taxonomy build (automatic, synonym without a current name)","2026-10-07"
"F_ARBSD_FRMN_FUSC","Aureobasidium fermentans fusca","synonym without a current name, in no current source as a current name","taxonomy build (automatic, synonym without a current name)","2026-10-07"
"F_ARBSD_FRMN_LEAO","Aureobasidium fermentans leaoi","synonym without a current name, in no current source as a current name","taxonomy build (automatic, synonym without a current name)","2026-10-07"
"F_ARBSD_FRMN_LLNI","Aureobasidium fermentans castellanii","synonym without a current name, in no current source as a current name","taxonomy build (automatic, synonym without a current name)","2026-10-07"
"F_ARBSD_FRMN_SCCH","Aureobasidium fermentans saccharofermentans","synonym without a current name, in no current source as a current name","taxonomy build (automatic, synonym without a current name)","2026-10-07"
"F_ARBSD_FRMN_SCHN","Aureobasidium fermentans schoenii","synonym without a current name, in no current source as a current name","taxonomy build (automatic, synonym without a current name)","2026-10-07"
"F_ARBSD_FUSC","Aureobasidium fusca","synonym without a current name, in no current source as a current name","taxonomy build (automatic, synonym without a current name)","2026-10-07"
"F_ARBSD_HORD","Aureobasidium hordei","synonym without a current name, in no current source as a current name","taxonomy build (automatic, synonym without a current name)","2026-10-07"
"F_ARBSD_HRPS_PHRD","Aureobasidium harposporum phoradendri","synonym without a current name, in no current source as a current name","taxonomy build (automatic, synonym without a current name)","2026-10-07"
"F_ARBSD_MCRST","Aureobasidium microsticta","synonym without a current name, in no current source as a current name","taxonomy build (automatic, synonym without a current name)","2026-10-07"
"F_ARBSD_MLCL","Aureobasidium malicola","synonym without a current name, in no current source as a current name","taxonomy build (automatic, synonym without a current name)","2026-10-07"
"F_ARBSD_MTNG","Aureobasidium metaniger","synonym without a current name, in no current source as a current name","taxonomy build (automatic, synonym without a current name)","2026-10-07"
"F_ARBSD_NGRA","Aureobasidium nigra","synonym without a current name, in no current source as a current name","taxonomy build (automatic, synonym without a current name)","2026-10-07"
"F_ARBSD_NGRS_PLLL","Aureobasidium nigrescens pullulans","synonym without a current name, in no current source as a current name","taxonomy build (automatic, synonym without a current name)","2026-10-07"
"F_ARBSD_NIGR","Aureobasidium niger","synonym without a current name, in no current source as a current name","taxonomy build (automatic, synonym without a current name)","2026-10-07"
"F_ARBSD_PHRD","Aureobasidium phoradendri","synonym without a current name, in no current source as a current name","taxonomy build (automatic, synonym without a current name)","2026-10-07"
"F_ARBSD_PHRD_UMBL","Aureobasidium phoradendri umbellulariae","synonym without a current name, in no current source as a current name","taxonomy build (automatic, synonym without a current name)","2026-10-07"
"F_ARBSD_PLLL_FUSC","Aureobasidium pullulans fusca","synonym without a current name, in no current source as a current name","taxonomy build (automatic, synonym without a current name)","2026-10-07"
"F_ARBSD_SCHN","Aureobasidium schoenii","synonym without a current name, in no current source as a current name","taxonomy build (automatic, synonym without a current name)","2026-10-07"
"F_ASPRG_ACRS","Aspergillus acristata","synonym without a current name, in no current source as a current name","taxonomy build (automatic, synonym without a current name)","2026-10-07"
"F_ASPRG_ALBS_SPNS","Aspergillus albus spinosus","synonym without a current name, in no current source as a current name","taxonomy build (automatic, synonym without a current name)","2026-10-07"
"F_ASPRG_AMST_MNTV","Aspergillus amstelodami montevidense","synonym without a current name, in no current source as a current name","taxonomy build (automatic, synonym without a current name)","2026-10-07"
"F_ASPRG_ANCP","Aspergillus anceps","synonym without a current name, in no current source as a current name","taxonomy build (automatic, synonym without a current name)","2026-10-07"
"F_ASPRG_ATHEC","Aspergillus athecia","synonym without a current name, in no current source as a current name","taxonomy build (automatic, synonym without a current name)","2026-10-07"
"F_ASPRG_CEJP_SPNS","Aspergillus cejpii spinosus","synonym without a current name, in no current source as a current name","taxonomy build (automatic, synonym without a current name)","2026-10-07"
"F_ASPRG_CHLMY","Aspergillus chlamydospora","synonym without a current name, in no current source as a current name","taxonomy build (automatic, synonym without a current name)","2026-10-07"
"F_ASPRG_CHRI","Aspergillus pseudofischeri","synonym without a current name, in no current source as a current name","taxonomy build (automatic, synonym without a current name)","2026-10-07"
"F_ASPRG_CHVL_INTR","Aspergillus chevalieri intermedium","synonym without a current name, in no current source as a current name","taxonomy build (automatic, synonym without a current name)","2026-10-07"
"F_ASPRG_CRLLG","Aspergillus corolligena","synonym without a current name, in no current source as a current name","taxonomy build (automatic, synonym without a current name)","2026-10-07"
"F_ASPRG_CTRSP","Aspergillus citrispora","synonym without a current name, in no current source as a current name","taxonomy build (automatic, synonym without a current name)","2026-10-07"
"F_ASPRG_DNTT","Aspergillus dentata","synonym without a current name, in no current source as a current name","taxonomy build (automatic, synonym without a current name)","2026-10-07"
"F_ASPRG_DSCPH","Aspergillus discophora","synonym without a current name, in no current source as a current name","taxonomy build (automatic, synonym without a current name)","2026-10-07"
"F_ASPRG_DYBW_LVSP","Aspergillus dybowskii levisporum","synonym without a current name, in no current source as a current name","taxonomy build (automatic, synonym without a current name)","2026-10-07"
"F_ASPRG_DYBW_MCRS","Aspergillus dybowskii macrospora","synonym without a current name, in no current source as a current name","taxonomy build (automatic, synonym without a current name)","2026-10-07"
"F_ASPRG_ECHNL","Aspergillus echinulata","synonym without a current name, in no current source as a current name","taxonomy build (automatic, synonym without a current name)","2026-10-07"
"F_ASPRG_FSCF","Aspergillus fuscoflavum","synonym without a current name, in no current source as a current name","taxonomy build (automatic, synonym without a current name)","2026-10-07"
"F_ASPRG_FSCH_LBRA","Aspergillus fischeri glabra","synonym without a current name, in no current source as a current name","taxonomy build (automatic, synonym without a current name)","2026-10-07"
"F_ASPRG_FSCH_SPNS","Aspergillus fischeri spinosa","synonym without a current name, in no current source as a current name","taxonomy build (automatic, synonym without a current name)","2026-10-07"
"F_ASPRG_FSCH_VRRC","Aspergillus fischeri verrucosa","synonym without a current name, in no current source as a current name","taxonomy build (automatic, synonym without a current name)","2026-10-07"
"F_ASPRG_FUMGT_GLBR","Aspergillus fumigata glabra","synonym without a current name, in no current source as a current name","taxonomy build (automatic, synonym without a current name)","2026-10-07"
"F_ASPRG_FUMGT_SPNS","Aspergillus fumigata spinosa","synonym without a current name, in no current source as a current name","taxonomy build (automatic, synonym without a current name)","2026-10-07"
"F_ASPRG_FUMGT_VRRC","Aspergillus fumigata verrucosa","synonym without a current name, in no current source as a current name","taxonomy build (automatic, synonym without a current name)","2026-10-07"
"F_ASPRG_GLCS_GRP","Aspergillus glaucus grp","synonym without a current name, in no current source as a current name","taxonomy build (automatic, synonym without a current name)","2026-10-07"
"F_ASPRG_HRBR_FGNM","Aspergillus herbariorum fuegianum","synonym without a current name, in no current source as a current name","taxonomy build (automatic, synonym without a current name)","2026-10-07"
"F_ASPRG_HRBR_MGLS","Aspergillus herbariorum megalospora","synonym without a current name, in no current source as a current name","taxonomy build (automatic, synonym without a current name)","2026-10-07"
"F_ASPRG_HRBR_MINR","Aspergillus herbariorum minor","synonym without a current name, in no current source as a current name","taxonomy build (automatic, synonym without a current name)","2026-10-07"
"F_ASPRG_HRBR_VLCM","Aspergillus herbariorum violaceum","synonym without a current name, in no current source as a current name","taxonomy build (automatic, synonym without a current name)","2026-10-07"
"F_ASPRG_LFRA","Aspergillus filifera","synonym without a current name, in no current source as a current name","taxonomy build (automatic, synonym without a current name)","2026-10-07"
"F_ASPRG_LNTA","Aspergillus pulverulenta","synonym without a current name, in no current source as a current name","taxonomy build (automatic, synonym without a current name)","2026-10-07"
"F_ASPRG_LUPP","Aspergillus luppii","synonym without a current name, in no current source as a current name","taxonomy build (automatic, synonym without a current name)","2026-10-07"
"F_ASPRG_LUTE","Aspergillus lutea","synonym without a current name, in no current source as a current name","taxonomy build (automatic, synonym without a current name)","2026-10-07"
"F_ASPRG_MINS","Aspergillus minus","synonym without a current name, in no current source as a current name","taxonomy build (automatic, synonym without a current name)","2026-10-07"
"F_ASPRG_NDLN_ACRS","Aspergillus nidulans acristata","synonym without a current name, in no current source as a current name","taxonomy build (automatic, synonym without a current name)","2026-10-07"
"F_ASPRG_NDLN_ARNT","Aspergillus nidulans aurantiobrunnea","synonym without a current name, in no current source as a current name","taxonomy build (automatic, synonym without a current name)","2026-10-07"
"F_ASPRG_NDLN_DNTT","Aspergillus nidulans dentata","synonym without a current name, in no current source as a current name","taxonomy build (automatic, synonym without a current name)","2026-10-07"
"F_ASPRG_NDLN_ECHN","Aspergillus nidulans echinulata","synonym without a current name, in no current source as a current name","taxonomy build (automatic, synonym without a current name)","2026-10-07"
"F_ASPRG_NDLN_FRTL","Aspergillus nidulans fertilion","synonym without a current name, in no current source as a current name","taxonomy build (automatic, synonym without a current name)","2026-10-07"
"F_ASPRG_NDLN_LATA","Aspergillus nidulans lata","synonym without a current name, in no current source as a current name","taxonomy build (automatic, synonym without a current name)","2026-10-07"
"F_ASPRG_NIGR_SCHM","Aspergillus niger schiemanni","synonym without a current name, in no current source as a current name","taxonomy build (automatic, synonym without a current name)","2026-10-07"
"F_ASPRG_NLTM","Aspergillus echinulatum","synonym without a current name, in no current source as a current name","taxonomy build (automatic, synonym without a current name)","2026-10-07"
"F_ASPRG_NVGLC","Aspergillus niveoglaucum","synonym without a current name, in no current source as a current name","taxonomy build (automatic, synonym without a current name)","2026-10-07"
"F_ASPRG_OCHRAC_MCRS","Aspergillus ochracea microspora","synonym without a current name, in no current source as a current name","taxonomy build (automatic, synonym without a current name)","2026-10-07"
"F_ASPRG_OSTN_CPPR","Aspergillus ostianus capparidis","synonym without a current name, in no current source as a current name","taxonomy build (automatic, synonym without a current name)","2026-10-07"
"F_ASPRG_PRVTH","Aspergillus parvathecia","synonym without a current name, in no current source as a current name","taxonomy build (automatic, synonym without a current name)","2026-10-07"
"F_ASPRG_QDRCN","Aspergillus quadricincta","synonym without a current name, in no current source as a current name","taxonomy build (automatic, synonym without a current name)","2026-10-07"
"F_ASPRG_QRCN","Aspergillus quercina","synonym without a current name, in no current source as a current name","taxonomy build (automatic, synonym without a current name)","2026-10-07"
"F_ASPRG_RPNS_AMST","Aspergillus repens amstelodami","synonym without a current name, in no current source as a current name","taxonomy build (automatic, synonym without a current name)","2026-10-07"
"F_ASPRG_RPNS_CHVL","Aspergillus repens chevalieri","synonym without a current name, in no current source as a current name","taxonomy build (automatic, synonym without a current name)","2026-10-07"
"F_ASPRG_RPNS_CLMN","Aspergillus repens columnare","synonym without a current name, in no current source as a current name","taxonomy build (automatic, synonym without a current name)","2026-10-07"
"F_ASPRG_RPNS_PRVV","Aspergillus repens parvivesiculosum","synonym without a current name, in no current source as a current name","taxonomy build (automatic, synonym without a current name)","2026-10-07"
"F_ASPRG_RPNS_PSDG","Aspergillus repens pseudoglaucum","synonym without a current name, in no current source as a current name","taxonomy build (automatic, synonym without a current name)","2026-10-07"
"F_ASPRG_RSTR_EBRN","Aspergillus restrictus eborinus","synonym without a current name, in no current source as a current name","taxonomy build (automatic, synonym without a current name)","2026-10-07"
"F_ASPRG_RUGLS_LZLN","Aspergillus rugulosa lazulina","synonym without a current name, in no current source as a current name","taxonomy build (automatic, synonym without a current name)","2026-10-07"
"F_ASPRG_SBLVS","Aspergillus sublevispora","synonym without a current name, in no current source as a current name","taxonomy build (automatic, synonym without a current name)","2026-10-07"
"F_ASPRG_SLNR","Aspergillus salinarus","synonym without a current name, in no current source as a current name","taxonomy build (automatic, synonym without a current name)","2026-10-07"
"F_ASPRG_SPINLS","Aspergillus spinulosa","synonym without a current name, in no current source as a current name","taxonomy build (automatic, synonym without a current name)","2026-10-07"
"F_ASPRG_STRMN","Aspergillus stramenia","synonym without a current name, in no current source as a current name","taxonomy build (automatic, synonym without a current name)","2026-10-07"
"F_ASPRG_SUBLT","Aspergillus sublata","synonym without a current name, in no current source as a current name","taxonomy build (automatic, synonym without a current name)","2026-10-07"
"F_ASPRG_THCM","Aspergillus athecium","synonym without a current name, in no current source as a current name","taxonomy build (automatic, synonym without a current name)","2026-10-07"
"F_ASPRG_TNTN","Aspergillus tunetana","synonym without a current name, in no current source as a current name","taxonomy build (automatic, synonym without a current name)","2026-10-07"
"F_ASPRG_UMBRS","Aspergillus umbrosum","synonym without a current name, in no current source as a current name","taxonomy build (automatic, synonym without a current name)","2026-10-07"
"F_ASPRG_USTA","Aspergillus usta","synonym without a current name, in no current source as a current name","taxonomy build (automatic, synonym without a current name)","2026-10-07"
"F_ASPRG_VRCL_ASTL","Aspergillus variecolor astellata","synonym without a current name, in no current source as a current name","taxonomy build (automatic, synonym without a current name)","2026-10-07"
"F_BATKO_OBSC","Batkoa obscurus","synonym without a current name, in no current source as a current name","taxonomy build (automatic, synonym without a current name)","2026-10-07"
"F_BEAVR_BRNG_DLCR","Beauveria brongniartii delacroixii","synonym without a current name, in no current source as a current name","taxonomy build (automatic, synonym without a current name)","2026-10-07"
"F_BEAVR_BSSN_LNZN","Beauveria bassiana lunzinensis","synonym without a current name, in no current source as a current name","taxonomy build (automatic, synonym without a current name)","2026-10-07"
"F_BEAVR_BSSN_TNLL","Beauveria bassiana tenella","synonym without a current name, in no current source as a current name","taxonomy build (automatic, synonym without a current name)","2026-10-07"
"F_BEAVR_DNSM","Beauveria densum","synonym without a current name, in no current source as a current name","taxonomy build (automatic, synonym without a current name)","2026-10-07"
"F_BEAVR_EPGM_TRRS","Beauveria epigaeum terrestre","synonym without a current name, in no current source as a current name","taxonomy build (automatic, synonym without a current name)","2026-10-07"
"F_BEAVR_FELN_AVIR","Beauveria felina aviaria","synonym without a current name, in no current source as a current name","taxonomy build (automatic, synonym without a current name)","2026-10-07"
"F_BEAVR_FELN_CNCL","Beauveria felina cuniculina","synonym without a current name, in no current source as a current name","taxonomy build (automatic, synonym without a current name)","2026-10-07"
"F_BEAVR_FELN_DMST","Beauveria felina domestica","synonym without a current name, in no current source as a current name","taxonomy build (automatic, synonym without a current name)","2026-10-07"
"F_BEAVR_FELN_PIRN","Beauveria felina pirina","synonym without a current name, in no current source as a current name","taxonomy build (automatic, synonym without a current name)","2026-10-07"
"F_BEAVR_FELN_SUIN","Beauveria felina suina","synonym without a current name, in no current source as a current name","taxonomy build (automatic, synonym without a current name)","2026-10-07"
"F_BEAVR_FLNM","Beauveria felinum","synonym without a current name, in no current source as a current name","taxonomy build (automatic, synonym without a current name)","2026-10-07"
"F_BEAVR_FLVC_SPCT","Beauveria flavicans spicatum","synonym without a current name, in no current source as a current name","taxonomy build (automatic, synonym without a current name)","2026-10-07"
"F_BEAVR_KOGN","Beauveria kogane","synonym without a current name, in no current source as a current name","taxonomy build (automatic, synonym without a current name)","2026-10-07"
"F_BEAVR_LFRM","Beauveria globuliferum","synonym without a current name, in no current source as a current name","taxonomy build (automatic, synonym without a current name)","2026-10-07"
"F_BEAVR_LRVC","Beauveria larvicola","synonym without a current name, in no current source as a current name","taxonomy build (automatic, synonym without a current name)","2026-10-07"
"F_BEAVR_LRVT","Beauveria larvatum","synonym without a current name, in no current source as a current name","taxonomy build (automatic, synonym without a current name)","2026-10-07"
"F_BEAVR_NDRS_MCRC","Beauveria stephanoderis macroconidiana","synonym without a current name, in no current source as a current name","taxonomy build (automatic, synonym without a current name)","2026-10-07"
"F_BEAVR_PRNNS","Beauveria paranaense","synonym without a current name, in no current source as a current name","taxonomy build (automatic, synonym without a current name)","2026-10-07"
"F_BEAVR_RNRM","Beauveria arenarium","synonym without a current name, in no current source as a current name","taxonomy build (automatic, synonym without a current name)","2026-10-07"
"F_BPLRS_ACRT","Bipolaris acrothecioides","synonym without a current name, in no current source as a current name","taxonomy build (automatic, synonym without a current name)","2026-10-07"
"F_BPLRS_CLFR","Bipolaris californica","synonym without a current name, in no current source as a current name","taxonomy build (automatic, synonym without a current name)","2026-10-07"
"F_BPLRS_CRBN","Bipolaris carbonum","synonym without a current name, in no current source as a current name","taxonomy build (automatic, synonym without a current name)","2026-10-07"
"F_BPLRS_LLDM","Bipolaris flagelloideum","synonym without a current name, in no current source as a current name","taxonomy build (automatic, synonym without a current name)","2026-10-07"
"F_BPLRS_MCRC","Bipolaris macrocarpum","synonym without a current name, in no current source as a current name","taxonomy build (automatic, synonym without a current name)","2026-10-07"
"F_BPLRS_MYBN","Bipolaris miyabeanus","synonym without a current name, in no current source as a current name","taxonomy build (automatic, synonym without a current name)","2026-10-07"
"F_BPLRS_RNCM","Bipolaris californicum","synonym without a current name, in no current source as a current name","taxonomy build (automatic, synonym without a current name)","2026-10-07"
"F_BPLRS_SRGH","Bipolaris sorghi","synonym without a current name, in no current source as a current name","taxonomy build (automatic, synonym without a current name)","2026-10-07"
"F_BPLRS_STVM","Bipolaris sativum","synonym without a current name, in no current source as a current name","taxonomy build (automatic, synonym without a current name)","2026-10-07"
"F_BPLRS_STVS","Bipolaris sativus","synonym without a current name, in no current source as a current name","taxonomy build (automatic, synonym without a current name)","2026-10-07"
"F_CANDD_ACTN","Candida actoni","synonym without a current name, in no current source as a current name","taxonomy build (automatic, synonym without a current name)","2026-10-07"
"F_CANDD_AEGY","Candida aegyptiaca","synonym without a current name, in no current source as a current name","taxonomy build (automatic, synonym without a current name)","2026-10-07"
"F_CANDD_ALBC_NNLQ","Candida albicans non-liquefaciens","synonym without a current name, in no current source as a current name","taxonomy build (automatic, synonym without a current name)","2026-10-07"
"F_CANDD_ALBC_VLLM","Candida albicans vuilleminii","synonym without a current name, in no current source as a current name","taxonomy build (automatic, synonym without a current name)","2026-10-07"
"F_CANDD_ALBS","Candida albus","synonym without a current name, in no current source as a current name","taxonomy build (automatic, synonym without a current name)","2026-10-07"
"F_CANDD_ALVR","Candida alvarezsotoi","synonym without a current name, in no current source as a current name","taxonomy build (automatic, synonym without a current name)","2026-10-07"
"F_CANDD_APPN","Candida appendiculare","synonym without a current name, in no current source as a current name","taxonomy build (automatic, synonym without a current name)","2026-10-07"
"F_CANDD_ARTH","Candida arthurii","synonym without a current name, in no current source as a current name","taxonomy build (automatic, synonym without a current name)","2026-10-07"
"F_CANDD_ASHF","Candida ashfordii","synonym without a current name, in no current source as a current name","taxonomy build (automatic, synonym without a current name)","2026-10-07"
"F_CANDD_BCCL","Candida buccale","synonym without a current name, in no current source as a current name","taxonomy build (automatic, synonym without a current name)","2026-10-07"
"F_CANDD_BMND_CHLM","Candida bimundalis chlamydospora","synonym without a current name, in no current source as a current name","taxonomy build (automatic, synonym without a current name)","2026-10-07"
"F_CANDD_BRGS","Candida burgessii","synonym without a current name, in no current source as a current name","taxonomy build (automatic, synonym without a current name)","2026-10-07"
"F_CANDD_BRNCH","Candida bronchiale","synonym without a current name, in no current source as a current name","taxonomy build (automatic, synonym without a current name)","2026-10-07"
"F_CANDD_BTHL","Candida bethaliense","synonym without a current name, in no current source as a current name","taxonomy build (automatic, synonym without a current name)","2026-10-07"
"F_CANDD_CANS","Candida canis","synonym without a current name, in no current source as a current name","taxonomy build (automatic, synonym without a current name)","2026-10-07"
"F_CANDD_CBRL","Candida cabralensis","synonym without a current name, in no current source as a current name","taxonomy build (automatic, synonym without a current name)","2026-10-07"
"F_CANDD_CCLS","Candida buccalis","synonym without a current name, in no current source as a current name","taxonomy build (automatic, synonym without a current name)","2026-10-07"
"F_CANDD_CLLB","Candida cellobiovorus","synonym without a current name, in no current source as a current name","taxonomy build (automatic, synonym without a current name)","2026-10-07"
"F_CANDD_CLLCL","Candida colliculosus","synonym without a current name, in no current source as a current name","taxonomy build (automatic, synonym without a current name)","2026-10-07"
"F_CANDD_CLRD","Candida colardii","synonym without a current name, in no current source as a current name","taxonomy build (automatic, synonym without a current name)","2026-10-07"
"F_CANDD_CNDD","Candida candida","synonym without a current name, in no current source as a current name","taxonomy build (automatic, synonym without a current name)","2026-10-07"
"F_CANDD_CNDD_CNCL","Candida candida cuniculi","synonym without a current name, in no current source as a current name","taxonomy build (automatic, synonym without a current name)","2026-10-07"
"F_CANDD_CNDD_MARN","Candida candida marina","synonym without a current name, in no current source as a current name","taxonomy build (automatic, synonym without a current name)","2026-10-07"
"F_CANDD_CNDD_NTRT","Candida candida nitratophila","synonym without a current name, in no current source as a current name","taxonomy build (automatic, synonym without a current name)","2026-10-07"
"F_CANDD_CPLL","Candida copellii","synonym without a current name, in no current source as a current name","taxonomy build (automatic, synonym without a current name)","2026-10-07"
"F_CANDD_CRUZ","Candida cruzii","synonym without a current name, in no current source as a current name","taxonomy build (automatic, synonym without a current name)","2026-10-07"
"F_CANDD_CTNM","Candida cutaneum","synonym without a current name, in no current source as a current name","taxonomy build (automatic, synonym without a current name)","2026-10-07"
"F_CANDD_CTNM_CTNM","Candida cutaneum cutaneum","synonym without a current name, in no current source as a current name","taxonomy build (automatic, synonym without a current name)","2026-10-07"
"F_CANDD_CTNM_FUJI","Candida cutaneum fujii","synonym without a current name, in no current source as a current name","taxonomy build (automatic, synonym without a current name)","2026-10-07"
"F_CANDD_CUTN","Candida cutanea","synonym without a current name, in no current source as a current name","taxonomy build (automatic, synonym without a current name)","2026-10-07"
"F_CANDD_DCLR","Candida decolorans","synonym without a current name, in no current source as a current name","taxonomy build (automatic, synonym without a current name)","2026-10-07"
"F_CANDD_DMRP","Candida dimorpha","synonym without a current name, in no current source as a current name","taxonomy build (automatic, synonym without a current name)","2026-10-07"
"F_CANDD_DNDS","Candida pseudolondinoides","synonym without a current name, in no current source as a current name","taxonomy build (automatic, synonym without a current name)","2026-10-07"
"F_CANDD_DRMT","Candida dermatensis","synonym without a current name, in no current source as a current name","taxonomy build (automatic, synonym without a current name)","2026-10-07"
"F_CANDD_EGYP","Candida egyptiaca","synonym without a current name, in no current source as a current name","taxonomy build (automatic, synonym without a current name)","2026-10-07"
"F_CANDD_EPDR","Candida epidermica","synonym without a current name, in no current source as a current name","taxonomy build (automatic, synonym without a current name)","2026-10-07"
"F_CANDD_ERCT","Candida erectum","synonym without a current name, in no current source as a current name","taxonomy build (automatic, synonym without a current name)","2026-10-07"
"F_CANDD_FCLS","Candida faecalis","synonym without a current name, in no current source as a current name","taxonomy build (automatic, synonym without a current name)","2026-10-07"
"F_CANDD_FICC","Candida fioccoi","synonym without a current name, in no current source as a current name","taxonomy build (automatic, synonym without a current name)","2026-10-07"
"F_CANDD_FNSS","Candida gifuensis","synonym without a current name, in no current source as a current name","taxonomy build (automatic, synonym without a current name)","2026-10-07"
"F_CANDD_GFNS","Candida gifuense","synonym without a current name, in no current source as a current name","taxonomy build (automatic, synonym without a current name)","2026-10-07"
"F_CANDD_GRBY","Candida grubyi","synonym without a current name, in no current source as a current name","taxonomy build (automatic, synonym without a current name)","2026-10-07"
"F_CANDD_GRCL","Candida gracile","synonym without a current name, in no current source as a current name","taxonomy build (automatic, synonym without a current name)","2026-10-07"
"F_CANDD_GRTZ","Candida gruetzii","synonym without a current name, in no current source as a current name","taxonomy build (automatic, synonym without a current name)","2026-10-07"
"F_CANDD_HAMLN_VLNR","Candida haemuloni vulneris","synonym without a current name, in no current source as a current name","taxonomy build (automatic, synonym without a current name)","2026-10-07"
"F_CANDD_HRTR","Candida harteri","synonym without a current name, in no current source as a current name","taxonomy build (automatic, synonym without a current name)","2026-10-07"
"F_CANDD_HSGW","Candida hasegawae","synonym without a current name, in no current source as a current name","taxonomy build (automatic, synonym without a current name)","2026-10-07"
"F_CANDD_INCN_FLFR","Candida inconspicua filiforme","synonym without a current name, in no current source as a current name","taxonomy build (automatic, synonym without a current name)","2026-10-07"
"F_CANDD_INCN_INCN","Candida inconspicua inconspicua","synonym without a current name, in no current source as a current name","taxonomy build (automatic, synonym without a current name)","2026-10-07"
"F_CANDD_INTRD","Candida interdigitalis","synonym without a current name, in no current source as a current name","taxonomy build (automatic, synonym without a current name)","2026-10-07"
"F_CANDD_INTR_ETHN","Candida intermedia ethanophila","synonym without a current name, in no current source as a current name","taxonomy build (automatic, synonym without a current name)","2026-10-07"
"F_CANDD_INTS","Candida intestinale","synonym without a current name, in no current source as a current name","taxonomy build (automatic, synonym without a current name)","2026-10-07"
"F_CANDD_INTS_EPDR","Candida intestinale epidermicum","synonym without a current name, in no current source as a current name","taxonomy build (automatic, synonym without a current name)","2026-10-07"
"F_CANDD_INTS_INTS","Candida intestinale intestinale","synonym without a current name, in no current source as a current name","taxonomy build (automatic, synonym without a current name)","2026-10-07"
"F_CANDD_INXR","Candida inexorabilis","synonym without a current name, in no current source as a current name","taxonomy build (automatic, synonym without a current name)","2026-10-07"
"F_CANDD_IRRT","Candida irritans","synonym without a current name, in no current source as a current name","taxonomy build (automatic, synonym without a current name)","2026-10-07"
"F_CANDD_ISSV","Candida issavi","synonym without a current name, in no current source as a current name","taxonomy build (automatic, synonym without a current name)","2026-10-07"
"F_CANDD_KYNG","Candida kayongosi","synonym without a current name, in no current source as a current name","taxonomy build (automatic, synonym without a current name)","2026-10-07"
"F_CANDD_LBUM","Candida album","synonym without a current name, in no current source as a current name","taxonomy build (automatic, synonym without a current name)","2026-10-07"
"F_CANDD_LLRM","Candida tonsillarum","synonym without a current name, in no current source as a current name","taxonomy build (automatic, synonym without a current name)","2026-10-07"
"F_CANDD_LLTS","Candida verticillatus","synonym without a current name, in no current source as a current name","taxonomy build (automatic, synonym without a current name)","2026-10-07"
"F_CANDD_LNGP","Candida linguae-pilosae","synonym without a current name, in no current source as a current name","taxonomy build (automatic, synonym without a current name)","2026-10-07"
"F_CANDD_LRYN","Candida laryngitidis","synonym without a current name, in no current source as a current name","taxonomy build (automatic, synonym without a current name)","2026-10-07"
"F_CANDD_MELBS_MMBR","Candida melibiosi membranaefaciens","synonym without a current name, in no current source as a current name","taxonomy build (automatic, synonym without a current name)","2026-10-07"
"F_CANDD_MLRD","Candida molardii","synonym without a current name, in no current source as a current name","taxonomy build (automatic, synonym without a current name)","2026-10-07"
"F_CANDD_MNNT","Candida mannitofermentans","synonym without a current name, in no current source as a current name","taxonomy build (automatic, synonym without a current name)","2026-10-07"
"F_CANDD_MRMN","Candida murmanica","synonym without a current name, in no current source as a current name","taxonomy build (automatic, synonym without a current name)","2026-10-07"
"F_CANDD_MSAL","Candida miso-alpha","synonym without a current name, in no current source as a current name","taxonomy build (automatic, synonym without a current name)","2026-10-07"
"F_CANDD_MTLN","Candida metalondinense","synonym without a current name, in no current source as a current name","taxonomy build (automatic, synonym without a current name)","2026-10-07"
"F_CANDD_MTLND_MTLN","Candida metalondinensis metalondinensis","synonym without a current name, in no current source as a current name","taxonomy build (automatic, synonym without a current name)","2026-10-07"
"F_CANDD_MTLND_PSDL","Candida metalondinensis pseudolondinensis","synonym without a current name, in no current source as a current name","taxonomy build (automatic, synonym without a current name)","2026-10-07"
"F_CANDD_MTSC","Candida metschnikoffii","synonym without a current name, in no current source as a current name","taxonomy build (automatic, synonym without a current name)","2026-10-07"
"F_CANDD_MTTL","Candida mattletii","synonym without a current name, in no current source as a current name","taxonomy build (automatic, synonym without a current name)","2026-10-07"
"F_CANDD_MTTR","Candida metatropicalis","synonym without a current name, in no current source as a current name","taxonomy build (automatic, synonym without a current name)","2026-10-07"
"F_CANDD_NBRR","Candida nabarroi","synonym without a current name, in no current source as a current name","taxonomy build (automatic, synonym without a current name)","2026-10-07"
"F_CANDD_NDDM","Candida candidum","synonym without a current name, in no current source as a current name","taxonomy build (automatic, synonym without a current name)","2026-10-07"
"F_CANDD_NDDS","Candida candidus","synonym without a current name, in no current source as a current name","taxonomy build (automatic, synonym without a current name)","2026-10-07"
"F_CANDD_NGRN","Candida negronii","synonym without a current name, in no current source as a current name","taxonomy build (automatic, synonym without a current name)","2026-10-07"
"F_CANDD_NGUS","Candida unguius","synonym without a current name, in no current source as a current name","taxonomy build (automatic, synonym without a current name)","2026-10-07"
"F_CANDD_NIVM","Candida niveum","synonym without a current name, in no current source as a current name","taxonomy build (automatic, synonym without a current name)","2026-10-07"
"F_CANDD_NIVS","Candida niveus","synonym without a current name, in no current source as a current name","taxonomy build (automatic, synonym without a current name)","2026-10-07"
"F_CANDD_NRWG","Candida norwegica","synonym without a current name, in no current source as a current name","taxonomy build (automatic, synonym without a current name)","2026-10-07"
"F_CANDD_NTCM","Candida atlanticum","synonym without a current name, in no current source as a current name","taxonomy build (automatic, synonym without a current name)","2026-10-07"
"F_CANDD_NTNA","Candida argentina","synonym without a current name, in no current source as a current name","taxonomy build (automatic, synonym without a current name)","2026-10-07"
"F_CANDD_ONYC","Candida onychophila","synonym without a current name, in no current source as a current name","taxonomy build (automatic, synonym without a current name)","2026-10-07"
"F_CANDD_OSPR","Candida oosporoides","synonym without a current name, in no current source as a current name","taxonomy build (automatic, synonym without a current name)","2026-10-07"
"F_CANDD_OSPR_OSPR","Candida oosporoides oosporoides","synonym without a current name, in no current source as a current name","taxonomy build (automatic, synonym without a current name)","2026-10-07"
"F_CANDD_PINY_NBRR","Candida pinoyi nabarroi","synonym without a current name, in no current source as a current name","taxonomy build (automatic, synonym without a current name)","2026-10-07"
"F_CANDD_PINY_PINY","Candida pinoyi pinoyi","synonym without a current name, in no current source as a current name","taxonomy build (automatic, synonym without a current name)","2026-10-07"
"F_CANDD_PLMN","Candida pulmonale","synonym without a current name, in no current source as a current name","taxonomy build (automatic, synonym without a current name)","2026-10-07"
"F_CANDD_PLMR","Candida pleomorphus","synonym without a current name, in no current source as a current name","taxonomy build (automatic, synonym without a current name)","2026-10-07"
"F_CANDD_PNYS_PNYS","Candida pinoysimilis pinoysimilis","synonym without a current name, in no current source as a current name","taxonomy build (automatic, synonym without a current name)","2026-10-07"
"F_CANDD_PRNG","Candida periunguealis","synonym without a current name, in no current source as a current name","taxonomy build (automatic, synonym without a current name)","2026-10-07"
"F_CANDD_PRPSL","Candida parapsilopsis","synonym without a current name, in no current source as a current name","taxonomy build (automatic, synonym without a current name)","2026-10-07"
"F_CANDD_PRPS_QURC","Candida parapsilosis querci","synonym without a current name, in no current source as a current name","taxonomy build (automatic, synonym without a current name)","2026-10-07"
"F_CANDD_PRRY","Candida perryi","synonym without a current name, in no current source as a current name","taxonomy build (automatic, synonym without a current name)","2026-10-07"
"F_CANDD_PRTRP","Candida paratropicale","synonym without a current name, in no current source as a current name","taxonomy build (automatic, synonym without a current name)","2026-10-07"
"F_CANDD_PSDLB","Candida pseudoalbicans","synonym without a current name, in no current source as a current name","taxonomy build (automatic, synonym without a current name)","2026-10-07"
"F_CANDD_PSDLN","Candida pseudolondinensis","synonym without a current name, in no current source as a current name","taxonomy build (automatic, synonym without a current name)","2026-10-07"
"F_CANDD_PSDM","Candida pseudometalondinensis","synonym without a current name, in no current source as a current name","taxonomy build (automatic, synonym without a current name)","2026-10-07"
"F_CANDD_PSLS","Candida psilose","synonym without a current name, in no current source as a current name","taxonomy build (automatic, synonym without a current name)","2026-10-07"
"F_CANDD_PTRP","Candida petrophilus","synonym without a current name, in no current source as a current name","taxonomy build (automatic, synonym without a current name)","2026-10-07"
"F_CANDD_RCHM","Candida richmondii","synonym without a current name, in no current source as a current name","taxonomy build (automatic, synonym without a current name)","2026-10-07"
"F_CANDD_RMDM","Candida intermedium","synonym without a current name, in no current source as a current name","taxonomy build (automatic, synonym without a current name)","2026-10-07"
"F_CANDD_RMDS","Candida intermedius","synonym without a current name, in no current source as a current name","taxonomy build (automatic, synonym without a current name)","2026-10-07"
"F_CANDD_RNCS","Candida californicus","synonym without a current name, in no current source as a current name","taxonomy build (automatic, synonym without a current name)","2026-10-07"
"F_CANDD_ROBN","Candida robinii","synonym without a current name, in no current source as a current name","taxonomy build (automatic, synonym without a current name)","2026-10-07"
"F_CANDD_RTMM","Candida maritimum","synonym without a current name, in no current source as a current name","taxonomy build (automatic, synonym without a current name)","2026-10-07"
"F_CANDD_SDSM","Candida desidiosum","synonym without a current name, in no current source as a current name","taxonomy build (automatic, synonym without a current name)","2026-10-07"
"F_CANDD_SKTT","Candida skutetzkyi","synonym without a current name, in no current source as a current name","taxonomy build (automatic, synonym without a current name)","2026-10-07"
"F_CANDD_SLBM","Candida tumefaciens-album","synonym without a current name, in no current source as a current name","taxonomy build (automatic, synonym without a current name)","2026-10-07"
"F_CANDD_SLBS","Candida tumefaciens-albus","synonym without a current name, in no current source as a current name","taxonomy build (automatic, synonym without a current name)","2026-10-07"
"F_CANDD_SLTM","Candida insolitum","synonym without a current name, in no current source as a current name","taxonomy build (automatic, synonym without a current name)","2026-10-07"
"F_CANDD_SLTS","Candida insolitus","synonym without a current name, in no current source as a current name","taxonomy build (automatic, synonym without a current name)","2026-10-07"
"F_CANDD_SLVCL_MLBS","Candida silvicola melibiosica","synonym without a current name, in no current source as a current name","taxonomy build (automatic, synonym without a current name)","2026-10-07"
"F_CANDD_SRNV","Candida srinivasii","synonym without a current name, in no current source as a current name","taxonomy build (automatic, synonym without a current name)","2026-10-07"
"F_CANDD_TALC","Candida talicei","synonym without a current name, in no current source as a current name","taxonomy build (automatic, synonym without a current name)","2026-10-07"
"F_CANDD_TLNN_MNNT","Candida tulanense mannitolfermentans","synonym without a current name, in no current source as a current name","taxonomy build (automatic, synonym without a current name)","2026-10-07"
"F_CANDD_TMFA","Candida tumefaciens-alba","synonym without a current name, in no current source as a current name","taxonomy build (automatic, synonym without a current name)","2026-10-07"
"F_CANDD_TNSL","Candida tonsillae","synonym without a current name, in no current source as a current name","taxonomy build (automatic, synonym without a current name)","2026-10-07"
"F_CANDD_TNSL_AFLA","Candida tonsillae afla","synonym without a current name, in no current source as a current name","taxonomy build (automatic, synonym without a current name)","2026-10-07"
"F_CANDD_TNSL_TNSL","Candida tonsillae tonsillae","synonym without a current name, in no current source as a current name","taxonomy build (automatic, synonym without a current name)","2026-10-07"
"F_CANDD_TRCM","Candida entericum","synonym without a current name, in no current source as a current name","taxonomy build (automatic, synonym without a current name)","2026-10-07"
"F_CANDD_TRCS","Candida entericus","synonym without a current name, in no current source as a current name","taxonomy build (automatic, synonym without a current name)","2026-10-07"
"F_CANDD_TRMR","Candida trimorpha","synonym without a current name, in no current source as a current name","taxonomy build (automatic, synonym without a current name)","2026-10-07"
"F_CANDD_UNGM","Candida unguium","synonym without a current name, in no current source as a current name","taxonomy build (automatic, synonym without a current name)","2026-10-07"
"F_CANDD_UNGS","Candida unguis","synonym without a current name, in no current source as a current name","taxonomy build (automatic, synonym without a current name)","2026-10-07"
"F_CANDD_UVAE","Candida uvae","synonym without a current name, in no current source as a current name","taxonomy build (automatic, synonym without a current name)","2026-10-07"
"F_CANDD_UVAE_MISO","Candida uvae miso","synonym without a current name, in no current source as a current name","taxonomy build (automatic, synonym without a current name)","2026-10-07"
"F_CANDD_VESC","Candida vesica","synonym without a current name, in no current source as a current name","taxonomy build (automatic, synonym without a current name)","2026-10-07"
"F_CANDD_VGNL","Candida vaginalis","synonym without a current name, in no current source as a current name","taxonomy build (automatic, synonym without a current name)","2026-10-07"
"F_CANDD_VLLM","Candida vuilleminii","synonym without a current name, in no current source as a current name","taxonomy build (automatic, synonym without a current name)","2026-10-07"
"F_CANDD_VOSS","Candida vossii","synonym without a current name, in no current source as a current name","taxonomy build (automatic, synonym without a current name)","2026-10-07"
"F_CANDD_VRTC","Candida verticillata","synonym without a current name, in no current source as a current name","taxonomy build (automatic, synonym without a current name)","2026-10-07"
"F_CANDD_VSCM","Candida vesicum","synonym without a current name, in no current source as a current name","taxonomy build (automatic, synonym without a current name)","2026-10-07"
"F_CANDD_ZYLN_MCRG","Candida zeylanoides macroglossiae","synonym without a current name, in no current source as a current name","taxonomy build (automatic, synonym without a current name)","2026-10-07"
"F_CHTMM_AGRC","Chaetomium agricola","synonym without a current name, in no current source as a current name","taxonomy build (automatic, synonym without a current name)","2026-10-07"
"F_CHTMM_ALBG","Chaetomium albogriseum","synonym without a current name, in no current source as a current name","taxonomy build (automatic, synonym without a current name)","2026-10-07"
"F_CHTMM_ANGPL","Chaetomium anguipilia","synonym without a current name, in no current source as a current name","taxonomy build (automatic, synonym without a current name)","2026-10-07"
"F_CHTMM_CLFR","Chaetomium californica","synonym without a current name, in no current source as a current name","taxonomy build (automatic, synonym without a current name)","2026-10-07"
"F_CHTMM_CRST","Chaetomium cristalliferum","synonym without a current name, in no current source as a current name","taxonomy build (automatic, synonym without a current name)","2026-10-07"
"F_CHTMM_DSCS","Chaetomium discospora","synonym without a current name, in no current source as a current name","taxonomy build (automatic, synonym without a current name)","2026-10-07"
"F_CHTMM_FSSP","Chaetomium fusispora","synonym without a current name, in no current source as a current name","taxonomy build (automatic, synonym without a current name)","2026-10-07"
"F_CHTMM_MGSP","Chaetomium megaspora","synonym without a current name, in no current source as a current name","taxonomy build (automatic, synonym without a current name)","2026-10-07"
"F_CHTMM_PLFR","Chaetomium piuliferum","synonym without a current name, in no current source as a current name","taxonomy build (automatic, synonym without a current name)","2026-10-07"
"F_CHTMM_PLLF_BSCH","Chaetomium piluliferum baschkyriense","synonym without a current name, in no current source as a current name","taxonomy build (automatic, synonym without a current name)","2026-10-07"
"F_CHTMM_SCPL","Chaetomium scopula","synonym without a current name, in no current source as a current name","taxonomy build (automatic, synonym without a current name)","2026-10-07"
"F_CHTMM_TRGN","Chaetomium trigonospora","synonym without a current name, in no current source as a current name","taxonomy build (automatic, synonym without a current name)","2026-10-07"
"F_CLDPH_TRCH","Cladophialophora trichoides","synonym without a current name, in no current source as a current name","taxonomy build (automatic, synonym without a current name)","2026-10-07"
"F_CLDPH_TRCH_CHLM","Cladophialophora trichoides chlamydosporum","synonym without a current name, in no current source as a current name","taxonomy build (automatic, synonym without a current name)","2026-10-07"
"F_CLDSP_ABRN","Cladosporium abroniae","synonym without a current name, in no current source as a current name","taxonomy build (automatic, synonym without a current name)","2026-10-07"
"F_CLDSP_ALLCN_ARTH","Cladosporium allicina arthopyrenioides","synonym without a current name, in no current source as a current name","taxonomy build (automatic, synonym without a current name)","2026-10-07"
"F_CLDSP_ALLI_ALLP","Cladosporium allii allii-porri","synonym without a current name, in no current source as a current name","taxonomy build (automatic, synonym without a current name)","2026-10-07"
"F_CLDSP_ALLI_ALLS","Cladosporium allii allii-sativi","synonym without a current name, in no current source as a current name","taxonomy build (automatic, synonym without a current name)","2026-10-07"
"F_CLDSP_ALLI_BOMR","Cladosporium allii bomareae","synonym without a current name, in no current source as a current name","taxonomy build (automatic, synonym without a current name)","2026-10-07"
"F_CLDSP_ALLI_CPVR","Cladosporium allii cepivorum","synonym without a current name, in no current source as a current name","taxonomy build (automatic, synonym without a current name)","2026-10-07"
"F_CLDSP_ALLI_FUNK","Cladosporium allii funkiae","synonym without a current name, in no current source as a current name","taxonomy build (automatic, synonym without a current name)","2026-10-07"
"F_CLDSP_ALLI_MNTM","Cladosporium allii minutum","synonym without a current name, in no current source as a current name","taxonomy build (automatic, synonym without a current name)","2026-10-07"
"F_CLDSP_ALLI_PLYG","Cladosporium allii polygonati","synonym without a current name, in no current source as a current name","taxonomy build (automatic, synonym without a current name)","2026-10-07"
"F_CLDSP_ALLI_SSYR","Cladosporium allii sisyrinchii","synonym without a current name, in no current source as a current name","taxonomy build (automatic, synonym without a current name)","2026-10-07"
"F_CLDSP_EPPH_CHNN","Cladosporium epiphyllum chionanthi","synonym without a current name, in no current source as a current name","taxonomy build (automatic, synonym without a current name)","2026-10-07"
"F_CLDSP_ERPH","Cladosporium eriophila","synonym without a current name, in no current source as a current name","taxonomy build (automatic, synonym without a current name)","2026-10-07"
"F_CLDSP_FLXS","Cladosporium flexuosum","synonym without a current name, in no current source as a current name","taxonomy build (automatic, synonym without a current name)","2026-10-07"
"F_CLDSP_GRCL_MSCR","Cladosporium gracile muscaridis","synonym without a current name, in no current source as a current name","taxonomy build (automatic, synonym without a current name)","2026-10-07"
"F_CLDSP_GRNC","Cladosporium goiranicum","synonym without a current name, in no current source as a current name","taxonomy build (automatic, synonym without a current name)","2026-10-07"
"F_CLDSP_HMCL","Cladosporium humicola","synonym without a current name, in no current source as a current name","taxonomy build (automatic, synonym without a current name)","2026-10-07"
"F_CLDSP_HMCL_BRNN","Cladosporium humicola brunnea","synonym without a current name, in no current source as a current name","taxonomy build (automatic, synonym without a current name)","2026-10-07"
"F_CLDSP_LBRN","Cladosporium laburni","synonym without a current name, in no current source as a current name","taxonomy build (automatic, synonym without a current name)","2026-10-07"
"F_CLDSP_MCRS","Cladosporium macrospora","synonym without a current name, in no current source as a current name","taxonomy build (automatic, synonym without a current name)","2026-10-07"
"F_CLDSP_MFLE","Cladosporium elymifoliae","synonym without a current name, in no current source as a current name","taxonomy build (automatic, synonym without a current name)","2026-10-07"
"F_CLDSP_MLPH","Cladosporium melophthorum","synonym without a current name, in no current source as a current name","taxonomy build (automatic, synonym without a current name)","2026-10-07"
"F_CLDSP_ORNT_ALLP","Cladosporium ornithogali allii-porri","synonym without a current name, in no current source as a current name","taxonomy build (automatic, synonym without a current name)","2026-10-07"
"F_CLDSP_ORNT_MINS","Cladosporium ornithogali minus","synonym without a current name, in no current source as a current name","taxonomy build (automatic, synonym without a current name)","2026-10-07"
"F_CLDSP_TSSN_ARTH","Cladosporium tassiana arthopyrenioides","synonym without a current name, in no current source as a current name","taxonomy build (automatic, synonym without a current name)","2026-10-07"
"F_CLDSP_TSSN_MCRS","Cladosporium tassiana macrospora","synonym without a current name, in no current source as a current name","taxonomy build (automatic, synonym without a current name)","2026-10-07"
"F_CLDSP_VLGR","Cladosporium vulgare","synonym without a current name, in no current source as a current name","taxonomy build (automatic, synonym without a current name)","2026-10-07"
"F_CLDSP_VLGR_FNGR","Cladosporium vulgare fungorum","synonym without a current name, in no current source as a current name","taxonomy build (automatic, synonym without a current name)","2026-10-07"
"F_CLDSP_VLGR_HRBR","Cladosporium vulgare herbarum","synonym without a current name, in no current source as a current name","taxonomy build (automatic, synonym without a current name)","2026-10-07"
"F_CLVSP_CRMS","Clavispora carmosousae","synonym without a current name, in no current source as a current name","taxonomy build (automatic, synonym without a current name)","2026-10-07"
"F_CLVSP_MUSA","Clavispora musae","synonym without a current name, in no current source as a current name","taxonomy build (automatic, synonym without a current name)","2026-10-07"
"F_CNCHT_CNDD_ARCH","Coniochaeta candidum arachnoidea","synonym without a current name, in no current source as a current name","taxonomy build (automatic, synonym without a current name)","2026-10-07"
"F_CNCHT_DSCS_MAJR","Coniochaeta discospora major","synonym without a current name, in no current source as a current name","taxonomy build (automatic, synonym without a current name)","2026-10-07"
"F_CNCHT_DSMS_OIDM","Coniochaeta desmosporum oidium","synonym without a current name, in no current source as a current name","taxonomy build (automatic, synonym without a current name)","2026-10-07"
"F_CNCHT_FLCL","Coniochaeta foliicola","synonym without a current name, in no current source as a current name","taxonomy build (automatic, synonym without a current name)","2026-10-07"
"F_CNCHT_FRIS","Coniochaeta friesii","synonym without a current name, in no current source as a current name","taxonomy build (automatic, synonym without a current name)","2026-10-07"
"F_CNCHT_GRFF","Coniochaeta griffithsii","synonym without a current name, in no current source as a current name","taxonomy build (automatic, synonym without a current name)","2026-10-07"
"F_CNCHT_PLTY","Coniochaeta platyspora","synonym without a current name, in no current source as a current name","taxonomy build (automatic, synonym without a current name)","2026-10-07"
"F_CNCHT_PLVR_AFRC","Coniochaeta pulveracea africana","synonym without a current name, in no current source as a current name","taxonomy build (automatic, synonym without a current name)","2026-10-07"
"F_CNCHT_PLVR_MCRS","Coniochaeta pulveracea microspora","synonym without a current name, in no current source as a current name","taxonomy build (automatic, synonym without a current name)","2026-10-07"
"F_CNCHT_PLVR_PLTY","Coniochaeta pulveracea platysporella","synonym without a current name, in no current source as a current name","taxonomy build (automatic, synonym without a current name)","2026-10-07"
"F_CNCHT_SBSM","Coniochaeta subsimilis","synonym without a current name, in no current source as a current name","taxonomy build (automatic, synonym without a current name)","2026-10-07"
"F_CNCHT_SRDR_MCRT","Coniochaeta sordaria microtricha","synonym without a current name, in no current source as a current name","taxonomy build (automatic, synonym without a current name)","2026-10-07"
"F_CNDBL_IGNB","Conidiobolus ignobilis","synonym without a current name, in no current source as a current name","taxonomy build (automatic, synonym without a current name)","2026-10-07"
"F_CNDBL_OBSCR","Conidiobolus obscura","synonym without a current name, in no current source as a current name","taxonomy build (automatic, synonym without a current name)","2026-10-07"
"F_CNDBL_PMLM","Conidiobolus pumilum","synonym without a current name, in no current source as a current name","taxonomy build (automatic, synonym without a current name)","2026-10-07"
"F_CNDBL_THXT","Conidiobolus thaxteriana","synonym without a current name, in no current source as a current name","taxonomy build (automatic, synonym without a current name)","2026-10-07"
"F_CNDBL_VRLN","Conidiobolus virulenta","synonym without a current name, in no current source as a current name","taxonomy build (automatic, synonym without a current name)","2026-10-07"
"F_CNNNG_ELGN_CHBN","Cunninghamella elegans chibaensis","synonym without a current name, in no current source as a current name","taxonomy build (automatic, synonym without a current name)","2026-10-07"
"F_CNNNG_PNCM","Cunninghamella japonicum","synonym without a current name, in no current source as a current name","taxonomy build (automatic, synonym without a current name)","2026-10-07"
"F_CNNNG_PNCS","Cunninghamella japonicus","synonym without a current name, in no current source as a current name","taxonomy build (automatic, synonym without a current name)","2026-10-07"
"F_CPHLS_GRVS","Cephaloascus grovesii","synonym without a current name, in no current source as a current name","taxonomy build (automatic, synonym without a current name)","2026-10-07"
"F_CRVLR_BLTM","Curvularia subulatum","synonym without a current name, in no current source as a current name","taxonomy build (automatic, synonym without a current name)","2026-10-07"
"F_CRVLR_CLLS","Curvularia callospermum","synonym without a current name, in no current source as a current name","taxonomy build (automatic, synonym without a current name)","2026-10-07"
"F_CRVLR_CRPN_MINS","Curvularia crepinii minus","synonym without a current name, in no current source as a current name","taxonomy build (automatic, synonym without a current name)","2026-10-07"
"F_CRVLR_DLSM","Curvularia nodulosum","synonym without a current name, in no current source as a current name","taxonomy build (automatic, synonym without a current name)","2026-10-07"
"F_CRVLR_DLSM_TRTC","Curvularia nodulosum tritici","synonym without a current name, in no current source as a current name","taxonomy build (automatic, synonym without a current name)","2026-10-07"
"F_CRVLR_DLSS","Curvularia nodulosus","synonym without a current name, in no current source as a current name","taxonomy build (automatic, synonym without a current name)","2026-10-07"
"F_CRVLR_HFFM","Curvularia hoffmannii","synonym without a current name, in no current source as a current name","taxonomy build (automatic, synonym without a current name)","2026-10-07"
"F_CRVLR_LCST","Curvularia leucostyla","synonym without a current name, in no current source as a current name","taxonomy build (automatic, synonym without a current name)","2026-10-07"
"F_CRVLR_NSKD","Curvularia nisikadoi","synonym without a current name, in no current source as a current name","taxonomy build (automatic, synonym without a current name)","2026-10-07"
"F_CRVLR_RMRM","Curvularia tetramerum","synonym without a current name, in no current source as a current name","taxonomy build (automatic, synonym without a current name)","2026-10-07"
"F_CRVLR_SCTM","Curvularia sociatum","synonym without a current name, in no current source as a current name","taxonomy build (automatic, synonym without a current name)","2026-10-07"
"F_CRVLR_SDNNS","Curvularia sudanense","synonym without a current name, in no current source as a current name","taxonomy build (automatic, synonym without a current name)","2026-10-07"
"F_CRVLR_SPCFR","Curvularia spicifer","synonym without a current name, in no current source as a current name","taxonomy build (automatic, synonym without a current name)","2026-10-07"
"F_CRVLR_TNKN","Curvularia tonkinense","synonym without a current name, in no current source as a current name","taxonomy build (automatic, synonym without a current name)","2026-10-07"
"F_CRVLR_TYLM","Curvularia leucostylum","synonym without a current name, in no current source as a current name","taxonomy build (automatic, synonym without a current name)","2026-10-07"
"F_CRYPT_ARCH","Cryptococcus arachnophila","synonym without a current name, in no current source as a current name","taxonomy build (automatic, synonym without a current name)","2026-10-07"
"F_CRYPT_AURE","Cryptococcus aurea","synonym without a current name, in no current source as a current name","taxonomy build (automatic, synonym without a current name)","2026-10-07"
"F_CRYPT_BCLLS","Cryptococcus bacillispora","synonym without a current name, in no current source as a current name","taxonomy build (automatic, synonym without a current name)","2026-10-07"
"F_CRYPT_BLNC","Cryptococcus blanchardi","synonym without a current name, in no current source as a current name","taxonomy build (automatic, synonym without a current name)","2026-10-07"
"F_CRYPT_CANS","Cryptococcus canis","synonym without a current name, in no current source as a current name","taxonomy build (automatic, synonym without a current name)","2026-10-07"
"F_CRYPT_HMNS_HNDR","Cryptococcus hominis honduriana","synonym without a current name, in no current source as a current name","taxonomy build (automatic, synonym without a current name)","2026-10-07"
"F_CRYPT_HRDI","Cryptococcus blanchardii","synonym without a current name, in no current source as a current name","taxonomy build (automatic, synonym without a current name)","2026-10-07"
"F_CRYPT_HSTL","Cryptococcus histolytica","synonym without a current name, in no current source as a current name","taxonomy build (automatic, synonym without a current name)","2026-10-07"
"F_CRYPT_LCTTV","Cryptococcus lactativora","synonym without a current name, in no current source as a current name","taxonomy build (automatic, synonym without a current name)","2026-10-07"
"F_CRYPT_NFRM_BCLL","Cryptococcus neoformans bacillispora","synonym without a current name, in no current source as a current name","taxonomy build (automatic, synonym without a current name)","2026-10-07"
"F_CRYPT_NFRM_NSLS","Cryptococcus neoformans nasalis","synonym without a current name, in no current source as a current name","taxonomy build (automatic, synonym without a current name)","2026-10-07"
"F_CRYPT_NFRM_SHPP","Cryptococcus neoformans sheppei","synonym without a current name, in no current source as a current name","taxonomy build (automatic, synonym without a current name)","2026-10-07"
"F_CRYPT_NGRC","Cryptococcus nigricans","synonym without a current name, in no current source as a current name","taxonomy build (automatic, synonym without a current name)","2026-10-07"
"F_CYBRL_BJRN","Cyberlindnera beijerinckii","synonym without a current name, in no current source as a current name","taxonomy build (automatic, synonym without a current name)","2026-10-07"
"F_CYBRL_BLRC","Cyberlindnera balearica","synonym without a current name, in no current source as a current name","taxonomy build (automatic, synonym without a current name)","2026-10-07"
"F_CYBRL_BMND_AMRC","Cyberlindnera bimundalis americana","synonym without a current name, in no current source as a current name","taxonomy build (automatic, synonym without a current name)","2026-10-07"
"F_CYBRL_CPRP","Cyberlindnera coprophila","synonym without a current name, in no current source as a current name","taxonomy build (automatic, synonym without a current name)","2026-10-07"
"F_CYBRL_FBLG_BLRC","Cyberlindnera fibuliger balearica","synonym without a current name, in no current source as a current name","taxonomy build (automatic, synonym without a current name)","2026-10-07"
"F_CYBRL_FBLG_ENRG","Cyberlindnera fibuliger energica","synonym without a current name, in no current source as a current name","taxonomy build (automatic, synonym without a current name)","2026-10-07"
"F_CYBRL_GLLR_NTRT","Cyberlindnera guilliermondii nitratophila","synonym without a current name, in no current source as a current name","taxonomy build (automatic, synonym without a current name)","2026-10-07"
"F_CYBRL_OBTS_ARBN","Cyberlindnera obtusa arabinosa","synonym without a current name, in no current source as a current name","taxonomy build (automatic, synonym without a current name)","2026-10-07"
"F_CYBRL_PLMQ","Cyberlindnera pilmaiquenensis","synonym without a current name, in no current source as a current name","taxonomy build (automatic, synonym without a current name)","2026-10-07"
"F_CYBRL_STRN_MRAK","Cyberlindnera saturnus mrakii","synonym without a current name, in no current source as a current name","taxonomy build (automatic, synonym without a current name)","2026-10-07"
"F_CYBRL_STRN_SBSF","Cyberlindnera saturnus subsufficiens","synonym without a current name, in no current source as a current name","taxonomy build (automatic, synonym without a current name)","2026-10-07"
"F_CYBRL_STRN_SRGN","Cyberlindnera saturnus sargentensis","synonym without a current name, in no current source as a current name","taxonomy build (automatic, synonym without a current name)","2026-10-07"
"F_CYBRL_STRN_SVLN","Cyberlindnera saturnus suaveolens","synonym without a current name, in no current source as a current name","taxonomy build (automatic, synonym without a current name)","2026-10-07"
"F_CYBRL_UTLS","Cyberlindnera utilis","synonym without a current name, in no current source as a current name","taxonomy build (automatic, synonym without a current name)","2026-10-07"
"F_EMRCL_USTS","Emericella ustus","synonym without a current name, in no current source as a current name","taxonomy build (automatic, synonym without a current name)","2026-10-07"
"F_EXIDI_ARCJ_PTHY","Exidia auricula-judae pithya","synonym without a current name, in no current source as a current name","taxonomy build (automatic, synonym without a current name)","2026-10-07"
"F_EXIDI_ATRA","Exidia atra","synonym without a current name, in no current source as a current name","taxonomy build (automatic, synonym without a current name)","2026-10-07"
"F_EXIDI_CLSA_GLAC","Exidia spiculosa glauca","synonym without a current name, in no current source as a current name","taxonomy build (automatic, synonym without a current name)","2026-10-07"
"F_EXIDI_CLSA_NIGR","Exidia spiculosa nigra","synonym without a current name, in no current source as a current name","taxonomy build (automatic, synonym without a current name)","2026-10-07"
"F_EXIDI_CLSA_SCCH","Exidia spiculosa saccharina","synonym without a current name, in no current source as a current name","taxonomy build (automatic, synonym without a current name)","2026-10-07"
"F_EXIDI_FLCC","Exidia flaccida","synonym without a current name, in no current source as a current name","taxonomy build (automatic, synonym without a current name)","2026-10-07"
"F_EXIDI_GLAC","Exidia glauca","synonym without a current name, in no current source as a current name","taxonomy build (automatic, synonym without a current name)","2026-10-07"
"F_EXIDI_GLND_INTM","Exidia glandulosa intumescens","synonym without a current name, in no current source as a current name","taxonomy build (automatic, synonym without a current name)","2026-10-07"
"F_EXIDI_GRLL_NGLC","Exidia grilletii neglecta","synonym without a current name, in no current source as a current name","taxonomy build (automatic, synonym without a current name)","2026-10-07"
"F_EXIDI_NGRC_GLND","Exidia nigricans glandulosa","synonym without a current name, in no current source as a current name","taxonomy build (automatic, synonym without a current name)","2026-10-07"
"F_EXIDI_THRT_SBLB","Exidia thuretiana sublibera","synonym without a current name, in no current source as a current name","taxonomy build (automatic, synonym without a current name)","2026-10-07"
"F_EXPHL_CLYC","Exophiala calycioides","synonym without a current name, in no current source as a current name","taxonomy build (automatic, synonym without a current name)","2026-10-07"
"F_EXPHL_DBLM_EQNM","Exophiala debellae-marengoi equinum","synonym without a current name, in no current source as a current name","taxonomy build (automatic, synonym without a current name)","2026-10-07"
"F_EXPHL_ELLS","Exophiala ellisii","synonym without a current name, in no current source as a current name","taxonomy build (automatic, synonym without a current name)","2026-10-07"
"F_EXPHL_FRMN_BNDK","Exophiala fermentans benedekii","synonym without a current name, in no current source as a current name","taxonomy build (automatic, synonym without a current name)","2026-10-07"
"F_EXPHL_GGRT","Exophiala gougerotii","synonym without a current name, in no current source as a current name","taxonomy build (automatic, synonym without a current name)","2026-10-07"
"F_EXPHL_RPHS_RBST","Exophiala heteromorphus robustus","synonym without a current name, in no current source as a current name","taxonomy build (automatic, synonym without a current name)","2026-10-07"
"F_EXPHL_SCHW","Exophiala schawii","synonym without a current name, in no current source as a current name","taxonomy build (automatic, synonym without a current name)","2026-10-07"
"F_EXSRH_CRSS","Exserohilum crassiseptata","synonym without a current name, in no current source as a current name","taxonomy build (automatic, synonym without a current name)","2026-10-07"
"F_EXSRH_CRSS_LCTC","Exserohilum crassiseptata lactucae","synonym without a current name, in no current source as a current name","taxonomy build (automatic, synonym without a current name)","2026-10-07"
"F_EXSRH_FNSS","Exserohilum gedarefensis","synonym without a current name, in no current source as a current name","taxonomy build (automatic, synonym without a current name)","2026-10-07"
"F_EXSRH_HLDS_ELCL","Exserohilum halodes elaeicola","synonym without a current name, in no current source as a current name","taxonomy build (automatic, synonym without a current name)","2026-10-07"
"F_EXSRH_HLDS_TRTC","Exserohilum halodes tritici","synonym without a current name, in no current source as a current name","taxonomy build (automatic, synonym without a current name)","2026-10-07"
"F_EXSRH_INCN","Exserohilum inconspicuum","synonym without a current name, in no current source as a current name","taxonomy build (automatic, synonym without a current name)","2026-10-07"
"F_EXSRH_LNGRS","Exserohilum longirostrata","synonym without a current name, in no current source as a current name","taxonomy build (automatic, synonym without a current name)","2026-10-07"
"F_EXSRH_LPTC","Exserohilum leptochloae","synonym without a current name, in no current source as a current name","taxonomy build (automatic, synonym without a current name)","2026-10-07"
"F_EXSRH_PROLT","Exserohilum prolata","synonym without a current name, in no current source as a current name","taxonomy build (automatic, synonym without a current name)","2026-10-07"
"F_FONSC_ALGR","Fonsecaea algeriense","synonym without a current name, in no current source as a current name","taxonomy build (automatic, synonym without a current name)","2026-10-07"
"F_FONSC_PDRSN","Fonsecaea pedrosianum","synonym without a current name, in no current source as a current name","taxonomy build (automatic, synonym without a current name)","2026-10-07"
"F_FUSRM_AFRC","Fusarium africana","synonym without a current name, in no current source as a current name","taxonomy build (automatic, synonym without a current name)","2026-10-07"
"F_FUSRM_ALBID","Fusarium albida","synonym without a current name, in no current source as a current name","taxonomy build (automatic, synonym without a current name)","2026-10-07"
"F_FUSRM_ALBSC","Fusarium albosuccinea","synonym without a current name, in no current source as a current name","taxonomy build (automatic, synonym without a current name)","2026-10-07"
"F_FUSRM_AMBR","Fusarium ambrosia","synonym without a current name, in no current source as a current name","taxonomy build (automatic, synonym without a current name)","2026-10-07"
"F_FUSRM_ASTRM","Fusarium astromata","synonym without a current name, in no current source as a current name","taxonomy build (automatic, synonym without a current name)","2026-10-07"
"F_FUSRM_BCCT","Fusarium baccata","synonym without a current name, in no current source as a current name","taxonomy build (automatic, synonym without a current name)","2026-10-07"
"F_FUSRM_BCCT_ENYM","Fusarium baccata euonymi","synonym without a current name, in no current source as a current name","taxonomy build (automatic, synonym without a current name)","2026-10-07"
"F_FUSRM_BCCT_MAJR","Fusarium baccata major","synonym without a current name, in no current source as a current name","taxonomy build (automatic, synonym without a current name)","2026-10-07"
"F_FUSRM_BCCT_MRCL","Fusarium baccata moricola","synonym without a current name, in no current source as a current name","taxonomy build (automatic, synonym without a current name)","2026-10-07"
"F_FUSRM_BCLLG","Fusarium bacilligera","synonym without a current name, in no current source as a current name","taxonomy build (automatic, synonym without a current name)","2026-10-07"
"F_FUSRM_BRVS","Fusarium brevis","synonym without a current name, in no current source as a current name","taxonomy build (automatic, synonym without a current name)","2026-10-07"
"F_FUSRM_CCCN_CCTR","Fusarium coccinea cicatricum","synonym without a current name, in no current source as a current name","taxonomy build (automatic, synonym without a current name)","2026-10-07"
"F_FUSRM_CILT","Fusarium ciliata","synonym without a current name, in no current source as a current name","taxonomy build (automatic, synonym without a current name)","2026-10-07"
"F_FUSRM_CPHL","Fusarium cephalosporioides","synonym without a current name, in no current source as a current name","taxonomy build (automatic, synonym without a current name)","2026-10-07"
"F_FUSRM_CRNC","Fusarium coronicola","synonym without a current name, in no current source as a current name","taxonomy build (automatic, synonym without a current name)","2026-10-07"
"F_FUSRM_CTCLM","Fusarium cuticolum","synonym without a current name, in no current source as a current name","taxonomy build (automatic, synonym without a current name)","2026-10-07"
"F_FUSRM_CYNG","Fusarium cyanogena","synonym without a current name, in no current source as a current name","taxonomy build (automatic, synonym without a current name)","2026-10-07"
"F_FUSRM_CYNST","Fusarium cyanostoma","synonym without a current name, in no current source as a current name","taxonomy build (automatic, synonym without a current name)","2026-10-07"
"F_FUSRM_DMNT","Fusarium diminuta","synonym without a current name, in no current source as a current name","taxonomy build (automatic, synonym without a current name)","2026-10-07"
"F_FUSRM_DSMZ","Fusarium desmazieresii","synonym without a current name, in no current source as a current name","taxonomy build (automatic, synonym without a current name)","2026-10-07"
"F_FUSRM_FLCFR","Fusarium falciformis","synonym without a current name, in no current source as a current name","taxonomy build (automatic, synonym without a current name)","2026-10-07"
"F_FUSRM_FRMS","Fusarium moniliformis","synonym without a current name, in no current source as a current name","taxonomy build (automatic, synonym without a current name)","2026-10-07"
"F_FUSRM_FRMS_BMBS","Fusarium moniliformis bambusicola","synonym without a current name, in no current source as a current name","taxonomy build (automatic, synonym without a current name)","2026-10-07"
"F_FUSRM_FRMS_SBGL","Fusarium moniliformis subglutinans","synonym without a current name, in no current source as a current name","taxonomy build (automatic, synonym without a current name)","2026-10-07"
"F_FUSRM_GBBR","Fusarium gibbera","synonym without a current name, in no current source as a current name","taxonomy build (automatic, synonym without a current name)","2026-10-07"
"F_FUSRM_GRDN","Fusarium gordonii","synonym without a current name, in no current source as a current name","taxonomy build (automatic, synonym without a current name)","2026-10-07"
"F_FUSRM_INTR","Fusarium intricans","synonym without a current name, in no current source as a current name","taxonomy build (automatic, synonym without a current name)","2026-10-07"
"F_FUSRM_JKRI_INTR","Fusarium fujikuroi intermedia","synonym without a current name, in no current source as a current name","taxonomy build (automatic, synonym without a current name)","2026-10-07"
"F_FUSRM_JKRI_MNLF","Fusarium fujikuroi moniliformis","synonym without a current name, in no current source as a current name","taxonomy build (automatic, synonym without a current name)","2026-10-07"
"F_FUSRM_JKRI_SBGL","Fusarium fujikuroi subglutinans","synonym without a current name, in no current source as a current name","taxonomy build (automatic, synonym without a current name)","2026-10-07"
"F_FUSRM_LCRS","Fusarium pulicaris","synonym without a current name, in no current source as a current name","taxonomy build (automatic, synonym without a current name)","2026-10-07"
"F_FUSRM_LCRS_BCCT","Fusarium pulicaris baccata","synonym without a current name, in no current source as a current name","taxonomy build (automatic, synonym without a current name)","2026-10-07"
"F_FUSRM_LCRS_MINR","Fusarium pulicaris minor","synonym without a current name, in no current source as a current name","taxonomy build (automatic, synonym without a current name)","2026-10-07"
"F_FUSRM_LCRS_MRCL","Fusarium pulicaris moricola","synonym without a current name, in no current source as a current name","taxonomy build (automatic, synonym without a current name)","2026-10-07"
"F_FUSRM_LCRS_ROBN","Fusarium pulicaris robiniae","synonym without a current name, in no current source as a current name","taxonomy build (automatic, synonym without a current name)","2026-10-07"
"F_FUSRM_LCRS_SBNT","Fusarium pulicaris saubinetii","synonym without a current name, in no current source as a current name","taxonomy build (automatic, synonym without a current name)","2026-10-07"
"F_FUSRM_LCRS_SBTR","Fusarium pulicaris subtropica","synonym without a current name, in no current source as a current name","taxonomy build (automatic, synonym without a current name)","2026-10-07"
"F_FUSRM_MRCL_BRCH","Fusarium moricola brachyspora","synonym without a current name, in no current source as a current name","taxonomy build (automatic, synonym without a current name)","2026-10-07"
"F_FUSRM_MRCL_LGNC","Fusarium moricola lignicola","synonym without a current name, in no current source as a current name","taxonomy build (automatic, synonym without a current name)","2026-10-07"
"F_FUSRM_NNSS","Fusarium tonkinensis","synonym without a current name, in no current source as a current name","taxonomy build (automatic, synonym without a current name)","2026-10-07"
"F_FUSRM_OXYS_ORTH","Fusarium oxysporum orthoceras","synonym without a current name, in no current source as a current name","taxonomy build (automatic, synonym without a current name)","2026-10-07"
"F_FUSRM_PINI","Fusarium pini","synonym without a current name, in no current source as a current name","taxonomy build (automatic, synonym without a current name)","2026-10-07"
"F_FUSRM_PLCR","Fusarium pulicaria","synonym without a current name, in no current source as a current name","taxonomy build (automatic, synonym without a current name)","2026-10-07"
"F_FUSRM_PRCR","Fusarium parceramosa","synonym without a current name, in no current source as a current name","taxonomy build (automatic, synonym without a current name)","2026-10-07"
"F_FUSRM_PTRLP","Fusarium petroliphila","synonym without a current name, in no current source as a current name","taxonomy build (automatic, synonym without a current name)","2026-10-07"
"F_FUSRM_RHZP_BETA","Fusarium rhizophila betae","synonym without a current name, in no current source as a current name","taxonomy build (automatic, synonym without a current name)","2026-10-07"
"F_FUSRM_ROSE","Fusarium rosea","synonym without a current name, in no current source as a current name","taxonomy build (automatic, synonym without a current name)","2026-10-07"
"F_FUSRM_ROSE_CRLS","Fusarium rosea cerealis","synonym without a current name, in no current source as a current name","taxonomy build (automatic, synonym without a current name)","2026-10-07"
"F_FUSRM_ROSE_ROSE","Fusarium rosea rosea","synonym without a current name, in no current source as a current name","taxonomy build (automatic, synonym without a current name)","2026-10-07"
"F_FUSRM_SBNT_ACUM","Fusarium saubinetii acuum","synonym without a current name, in no current source as a current name","taxonomy build (automatic, synonym without a current name)","2026-10-07"
"F_FUSRM_SBNT_CALM","Fusarium saubinetii calami","synonym without a current name, in no current source as a current name","taxonomy build (automatic, synonym without a current name)","2026-10-07"
"F_FUSRM_SBNT_CRNL","Fusarium saubinetii coronillae","synonym without a current name, in no current source as a current name","taxonomy build (automatic, synonym without a current name)","2026-10-07"
"F_FUSRM_SBNT_FLCC","Fusarium saubinetii flacca","synonym without a current name, in no current source as a current name","taxonomy build (automatic, synonym without a current name)","2026-10-07"
"F_FUSRM_SBNT_MATE","Fusarium saubinetii mate","synonym without a current name, in no current source as a current name","taxonomy build (automatic, synonym without a current name)","2026-10-07"
"F_FUSRM_SBNT_PCHY","Fusarium saubinetii pachyspora","synonym without a current name, in no current source as a current name","taxonomy build (automatic, synonym without a current name)","2026-10-07"
"F_FUSRM_SBNT_TTRS","Fusarium saubinetii tetraspora","synonym without a current name, in no current source as a current name","taxonomy build (automatic, synonym without a current name)","2026-10-07"
"F_FUSRM_SBTR","Fusarium subtropica","synonym without a current name, in no current source as a current name","taxonomy build (automatic, synonym without a current name)","2026-10-07"
"F_FUSRM_SINC","Fusarium sinica","synonym without a current name, in no current source as a current name","taxonomy build (automatic, synonym without a current name)","2026-10-07"
"F_FUSRM_SLFR","Fusarium sulfureum","synonym without a current name, in no current source as a current name","taxonomy build (automatic, synonym without a current name)","2026-10-07"
"F_FUSRM_SNGN_CCTR","Fusarium sanguinea cicatricum","synonym without a current name, in no current source as a current name","taxonomy build (automatic, synonym without a current name)","2026-10-07"
"F_FUSRM_SPRTR_POAE","Fusarium sporotrichiella poae","synonym without a current name, in no current source as a current name","taxonomy build (automatic, synonym without a current name)","2026-10-07"
"F_FUSRM_SPRTR_TRCN","Fusarium sporotrichiella tricinctum","synonym without a current name, in no current source as a current name","taxonomy build (automatic, synonym without a current name)","2026-10-07"
"F_FUSRM_SPRT_CHLM","Fusarium sporotrichioides chlamydosporum","synonym without a current name, in no current source as a current name","taxonomy build (automatic, synonym without a current name)","2026-10-07"
"F_FUSRM_STTN","Fusarium suttoniana","synonym without a current name, in no current source as a current name","taxonomy build (automatic, synonym without a current name)","2026-10-07"
"F_FUSRM_TNCR","Fusarium tenuicristata","synonym without a current name, in no current source as a current name","taxonomy build (automatic, synonym without a current name)","2026-10-07"
"F_FUSRM_VRRCS","Fusarium verrucosa","synonym without a current name, in no current source as a current name","taxonomy build (automatic, synonym without a current name)","2026-10-07"
"F_FUSRM_VSNF","Fusarium vasinfecta","synonym without a current name, in no current source as a current name","taxonomy build (automatic, synonym without a current name)","2026-10-07"
"F_FUSRM_VSNF_AFRC","Fusarium vasinfecta africana","synonym without a current name, in no current source as a current name","taxonomy build (automatic, synonym without a current name)","2026-10-07"
"F_FUSRM_VSNF_CNDF","Fusarium vasinfecta conidiifera","synonym without a current name, in no current source as a current name","taxonomy build (automatic, synonym without a current name)","2026-10-07"
"F_FUSRM_VSNF_MAJR","Fusarium vasinfecta major","synonym without a current name, in no current source as a current name","taxonomy build (automatic, synonym without a current name)","2026-10-07"
"F_FUSRM_VSNF_PISI","Fusarium vasinfecta pisi","synonym without a current name, in no current source as a current name","taxonomy build (automatic, synonym without a current name)","2026-10-07"
"F_FUSRM_ZRZI","Fusarium desmazierezii","synonym without a current name, in no current source as a current name","taxonomy build (automatic, synonym without a current name)","2026-10-07"
"F_GTRCH_CMMB","Geotrichum camemberti","synonym without a current name, in no current source as a current name","taxonomy build (automatic, synonym without a current name)","2026-10-07"
"F_GTRCH_FRGR_MINT","Geotrichum fragrans minuta","synonym without a current name, in no current source as a current name","taxonomy build (automatic, synonym without a current name)","2026-10-07"
"F_GTRCH_GTRC","Geotrichum geotricha","synonym without a current name, in no current source as a current name","taxonomy build (automatic, synonym without a current name)","2026-10-07"
"F_GTRCH_HUMI","Geotrichum humi","synonym without a current name, in no current source as a current name","taxonomy build (automatic, synonym without a current name)","2026-10-07"
"F_GTRCH_INLN","Geotrichum inulinum","synonym without a current name, in no current source as a current name","taxonomy build (automatic, synonym without a current name)","2026-10-07"
"F_GTRCH_LCTB","Geotrichum lactis-butyri","synonym without a current name, in no current source as a current name","taxonomy build (automatic, synonym without a current name)","2026-10-07"
"F_GTRCH_LCTS","Geotrichum lactis","synonym without a current name, in no current source as a current name","taxonomy build (automatic, synonym without a current name)","2026-10-07"
"F_GTRCH_LCTS_EXBR","Geotrichum lactis exuberans","synonym without a current name, in no current source as a current name","taxonomy build (automatic, synonym without a current name)","2026-10-07"
"F_GTRCH_LCTS_LXRN","Geotrichum lactis luxurians","synonym without a current name, in no current source as a current name","taxonomy build (automatic, synonym without a current name)","2026-10-07"
"F_GTRCH_LCTS_MTLN","Geotrichum lactis matalensis","synonym without a current name, in no current source as a current name","taxonomy build (automatic, synonym without a current name)","2026-10-07"
"F_GTRCH_LCTS_OBTS","Geotrichum lactis obtusa","synonym without a current name, in no current source as a current name","taxonomy build (automatic, synonym without a current name)","2026-10-07"
"F_GTRCH_LCTS_PRST","Geotrichum lactis parasitica","synonym without a current name, in no current source as a current name","taxonomy build (automatic, synonym without a current name)","2026-10-07"
"F_GTRCH_LNSS","Geotrichum matalensis","synonym without a current name, in no current source as a current name","taxonomy build (automatic, synonym without a current name)","2026-10-07"
"F_GTRCH_MALI","Geotrichum mali","synonym without a current name, in no current source as a current name","taxonomy build (automatic, synonym without a current name)","2026-10-07"
"F_GTRCH_NBLM","Geotrichum nubilum","synonym without a current name, in no current source as a current name","taxonomy build (automatic, synonym without a current name)","2026-10-07"
"F_GTRCH_OBTS","Geotrichum obtusum","synonym without a current name, in no current source as a current name","taxonomy build (automatic, synonym without a current name)","2026-10-07"
"F_GTRCH_PYRC","Geotrichum pyricola","synonym without a current name, in no current source as a current name","taxonomy build (automatic, synonym without a current name)","2026-10-07"
"F_GTRCH_RCHM","Geotrichum geotrichum","synonym without a current name, in no current source as a current name","taxonomy build (automatic, synonym without a current name)","2026-10-07"
"F_GTRCH_SVLN_MNTM","Geotrichum suaveolens minutum","synonym without a current name, in no current source as a current name","taxonomy build (automatic, synonym without a current name)","2026-10-07"
"F_HNDRS_DTHD","Hendersonula dothidellae","synonym without a current name, in no current source as a current name","taxonomy build (automatic, synonym without a current name)","2026-10-07"
"F_HSTPL_EQUI","Histoplasma equi","synonym without a current name, in no current source as a current name","taxonomy build (automatic, synonym without a current name)","2026-10-07"
"F_HSTPL_FRCM","Histoplasma farciminosa","synonym without a current name, in no current source as a current name","taxonomy build (automatic, synonym without a current name)","2026-10-07"
"F_HSTPL_FRCN","Histoplasma farcinimosa","synonym without a current name, in no current source as a current name","taxonomy build (automatic, synonym without a current name)","2026-10-07"
"F_HSTPL_MNSS","Histoplasma farciminosus","synonym without a current name, in no current source as a current name","taxonomy build (automatic, synonym without a current name)","2026-10-07"
"F_HSTPL_TKSH","Histoplasma tokishigei","synonym without a current name, in no current source as a current name","taxonomy build (automatic, synonym without a current name)","2026-10-07"
"F_HYPMY_AGRC","Hypomyces agaricinum","synonym without a current name, in no current source as a current name","taxonomy build (automatic, synonym without a current name)","2026-10-07"
"F_HYPMY_ALBR","Hypomyces albertinii","synonym without a current name, in no current source as a current name","taxonomy build (automatic, synonym without a current name)","2026-10-07"
"F_HYPMY_APCLT","Hypomyces apiculata","synonym without a current name, in no current source as a current name","taxonomy build (automatic, synonym without a current name)","2026-10-07"
"F_HYPMY_ARNL","Hypomyces arnoldii","synonym without a current name, in no current source as a current name","taxonomy build (automatic, synonym without a current name)","2026-10-07"
"F_HYPMY_AURNT_FLGN","Hypomyces aurantia fulgens","synonym without a current name, in no current source as a current name","taxonomy build (automatic, synonym without a current name)","2026-10-07"
"F_HYPMY_BMBC","Hypomyces bombacinus","synonym without a current name, in no current source as a current name","taxonomy build (automatic, synonym without a current name)","2026-10-07"
"F_HYPMY_BMBY","Hypomyces bombycina","synonym without a current name, in no current source as a current name","taxonomy build (automatic, synonym without a current name)","2026-10-07"
"F_HYPMY_BSLTT","Hypomyces biasolettiana","synonym without a current name, in no current source as a current name","taxonomy build (automatic, synonym without a current name)","2026-10-07"
"F_HYPMY_CERVN_CSTN","Hypomyces cervina castaneicola","synonym without a current name, in no current source as a current name","taxonomy build (automatic, synonym without a current name)","2026-10-07"
"F_HYPMY_CERVN_NCLA","Hypomyces cervina castanicola","synonym without a current name, in no current source as a current name","taxonomy build (automatic, synonym without a current name)","2026-10-07"
"F_HYPMY_CERVN_PPYR","Hypomyces cervina papyrogena","synonym without a current name, in no current source as a current name","taxonomy build (automatic, synonym without a current name)","2026-10-07"
"F_HYPMY_CERVN_SBNC","Hypomyces cervina subincarnata","synonym without a current name, in no current source as a current name","taxonomy build (automatic, synonym without a current name)","2026-10-07"
"F_HYPMY_CERVN_THBR","Hypomyces cervina theobromae","synonym without a current name, in no current source as a current name","taxonomy build (automatic, synonym without a current name)","2026-10-07"
"F_HYPMY_CHRYS_STRP","Hypomyces chrysosperma strophariae","synonym without a current name, in no current source as a current name","taxonomy build (automatic, synonym without a current name)","2026-10-07"
"F_HYPMY_CRLP","Hypomyces coriolopsidicola","synonym without a current name, in no current source as a current name","taxonomy build (automatic, synonym without a current name)","2026-10-07"
"F_HYPMY_CTRN_OCHR","Hypomyces citrina ochracea","synonym without a current name, in no current source as a current name","taxonomy build (automatic, synonym without a current name)","2026-10-07"
"F_HYPMY_DNDR","Hypomyces dendroides","synonym without a current name, in no current source as a current name","taxonomy build (automatic, synonym without a current name)","2026-10-07"
"F_HYPMY_FLCC","Hypomyces floccosa","synonym without a current name, in no current source as a current name","taxonomy build (automatic, synonym without a current name)","2026-10-07"
"F_HYPMY_LCTR","Hypomyces lactarii","synonym without a current name, in no current source as a current name","taxonomy build (automatic, synonym without a current name)","2026-10-07"
"F_HYPMY_MCNP","Hypomyces meconopsidis","synonym without a current name, in no current source as a current name","taxonomy build (automatic, synonym without a current name)","2026-10-07"
"F_HYPMY_MINR","Hypomyces minor","synonym without a current name, in no current source as a current name","taxonomy build (automatic, synonym without a current name)","2026-10-07"
"F_HYPMY_MINS","Hypomyces minus","synonym without a current name, in no current source as a current name","taxonomy build (automatic, synonym without a current name)","2026-10-07"
"F_HYPMY_PCCN","Hypomyces puccinioides","synonym without a current name, in no current source as a current name","taxonomy build (automatic, synonym without a current name)","2026-10-07"
"F_HYPMY_PHLM_RBCN","Hypomyces mycophilum rubicundum","synonym without a current name, in no current source as a current name","taxonomy build (automatic, synonym without a current name)","2026-10-07"
"F_HYPMY_PRMA","Hypomyces varisperma","synonym without a current name, in no current source as a current name","taxonomy build (automatic, synonym without a current name)","2026-10-07"
"F_HYPMY_PRVSPR","Hypomyces parvispora","synonym without a current name, in no current source as a current name","taxonomy build (automatic, synonym without a current name)","2026-10-07"
"F_HYPMY_RHDM","Hypomyces rhodomela","synonym without a current name, in no current source as a current name","taxonomy build (automatic, synonym without a current name)","2026-10-07"
"F_HYPMY_ROSLL_HAMT","Hypomyces rosella haematea","synonym without a current name, in no current source as a current name","taxonomy build (automatic, synonym without a current name)","2026-10-07"
"F_HYPMY_RVNM_SBNC","Hypomyces cervinum subincarnatum","synonym without a current name, in no current source as a current name","taxonomy build (automatic, synonym without a current name)","2026-10-07"
"F_HYPMY_TRNT","Hypomyces ternatum","synonym without a current name, in no current source as a current name","taxonomy build (automatic, synonym without a current name)","2026-10-07"
"F_HYPMY_TTNM","Hypomyces biasolettianum","synonym without a current name, in no current source as a current name","taxonomy build (automatic, synonym without a current name)","2026-10-07"
"F_HYPMY_VARM","Hypomyces varium","synonym without a current name, in no current source as a current name","taxonomy build (automatic, synonym without a current name)","2026-10-07"
"F_HYPMY_VRSP","Hypomyces variosperma","synonym without a current name, in no current source as a current name","taxonomy build (automatic, synonym without a current name)","2026-10-07"
"F_HYPMY_VRSPR","Hypomyces variospermum","synonym without a current name, in no current source as a current name","taxonomy build (automatic, synonym without a current name)","2026-10-07"
"F_HYPMY_YCNM","Hypomyces bombycinum","synonym without a current name, in no current source as a current name","taxonomy build (automatic, synonym without a current name)","2026-10-07"
"F_KLYVR_ASHB","Kluyveromyces ashbyii","synonym without a current name, in no current source as a current name","taxonomy build (automatic, synonym without a current name)","2026-10-07"
"F_KLYVR_CASE","Kluyveromyces casei","synonym without a current name, in no current source as a current name","taxonomy build (automatic, synonym without a current name)","2026-10-07"
"F_KLYVR_CHVL_ACLL","Kluyveromyces chevalieri acellobiosus","synonym without a current name, in no current source as a current name","taxonomy build (automatic, synonym without a current name)","2026-10-07"
"F_KLYVR_CHVL_ATYP","Kluyveromyces chevalieri atypicus","synonym without a current name, in no current source as a current name","taxonomy build (automatic, synonym without a current name)","2026-10-07"
"F_KLYVR_CTSA","Kluyveromyces lactosa","synonym without a current name, in no current source as a current name","taxonomy build (automatic, synonym without a current name)","2026-10-07"
"F_KLYVR_CVRN","Kluyveromyces cavernicola","synonym without a current name, in no current source as a current name","taxonomy build (automatic, synonym without a current name)","2026-10-07"
"F_KLYVR_DRSP_ACLL","Kluyveromyces drosophilarum acellobiosus","synonym without a current name, in no current source as a current name","taxonomy build (automatic, synonym without a current name)","2026-10-07"
"F_KLYVR_FRGL_BLGR","Kluyveromyces fragilis bulgaricus","synonym without a current name, in no current source as a current name","taxonomy build (automatic, synonym without a current name)","2026-10-07"
"F_KLYVR_FRGL_FRGL","Kluyveromyces fragilis fragilis","synonym without a current name, in no current source as a current name","taxonomy build (automatic, synonym without a current name)","2026-10-07"
"F_KLYVR_FRGR","Kluyveromyces fragrans","synonym without a current name, in no current source as a current name","taxonomy build (automatic, synonym without a current name)","2026-10-07"
"F_KLYVR_HRCS","Kluyveromyces sphaericus","synonym without a current name, in no current source as a current name","taxonomy build (automatic, synonym without a current name)","2026-10-07"
"F_KLYVR_KFYR","Kluyveromyces kefyr","synonym without a current name, in no current source as a current name","taxonomy build (automatic, synonym without a current name)","2026-10-07"
"F_KLYVR_KFYR_KFYR","Kluyveromyces kefyr kefyr","synonym without a current name, in no current source as a current name","taxonomy build (automatic, synonym without a current name)","2026-10-07"
"F_KLYVR_KRSS","Kluyveromyces krassilnikovii","synonym without a current name, in no current source as a current name","taxonomy build (automatic, synonym without a current name)","2026-10-07"
"F_KLYVR_KRTL","Kluyveromyces kartulisii","synonym without a current name, in no current source as a current name","taxonomy build (automatic, synonym without a current name)","2026-10-07"
"F_KLYVR_LCTS_KRSS","Kluyveromyces lactis krassilnikovii","synonym without a current name, in no current source as a current name","taxonomy build (automatic, synonym without a current name)","2026-10-07"
"F_KLYVR_LCTS_PHSL","Kluyveromyces lactis phaseolospora","synonym without a current name, in no current source as a current name","taxonomy build (automatic, synonym without a current name)","2026-10-07"
"F_KLYVR_LCTS_VNDN","Kluyveromyces lactis vanudenii","synonym without a current name, in no current source as a current name","taxonomy build (automatic, synonym without a current name)","2026-10-07"
"F_KLYVR_MAZZ","Kluyveromyces mazzae","synonym without a current name, in no current source as a current name","taxonomy build (automatic, synonym without a current name)","2026-10-07"
"F_KLYVR_MCDN","Kluyveromyces macedoniense","synonym without a current name, in no current source as a current name","taxonomy build (automatic, synonym without a current name)","2026-10-07"
"F_KLYVR_MCPR","Kluyveromyces muciparus","synonym without a current name, in no current source as a current name","taxonomy build (automatic, synonym without a current name)","2026-10-07"
"F_KLYVR_MRTF","Kluyveromyces mortifera","synonym without a current name, in no current source as a current name","taxonomy build (automatic, synonym without a current name)","2026-10-07"
"F_KLYVR_NNSS","Kluyveromyces macedoniensis","synonym without a current name, in no current source as a current name","taxonomy build (automatic, synonym without a current name)","2026-10-07"
"F_KLYVR_NNSS_MCDN","Kluyveromyces macedoniensis macedoniensis","synonym without a current name, in no current source as a current name","taxonomy build (automatic, synonym without a current name)","2026-10-07"
"F_KLYVR_NNSS_NSDS","Kluyveromyces macedoniensis macedoniensoides","synonym without a current name, in no current source as a current name","taxonomy build (automatic, synonym without a current name)","2026-10-07"
"F_KLYVR_NSDS","Kluyveromyces macedoniensoides","synonym without a current name, in no current source as a current name","taxonomy build (automatic, synonym without a current name)","2026-10-07"
"F_KLYVR_PCLS","Kluyveromyces pseudotropicalis","synonym without a current name, in no current source as a current name","taxonomy build (automatic, synonym without a current name)","2026-10-07"
"F_KLYVR_PCLS_LCTS","Kluyveromyces pseudotropicalis lactosa","synonym without a current name, in no current source as a current name","taxonomy build (automatic, synonym without a current name)","2026-10-07"
"F_KLYVR_PCLS_MTPS","Kluyveromyces pseudotropicalis metapseudotropicalis","synonym without a current name, in no current source as a current name","taxonomy build (automatic, synonym without a current name)","2026-10-07"
"F_KLYVR_PCLS_PSDT","Kluyveromyces pseudotropicalis pseudotropicalis","synonym without a current name, in no current source as a current name","taxonomy build (automatic, synonym without a current name)","2026-10-07"
"F_KLYVR_PHSL","Kluyveromyces phaseolospora","synonym without a current name, in no current source as a current name","taxonomy build (automatic, synonym without a current name)","2026-10-07"
"F_KLYVR_PNYS_CTLL","Kluyveromyces pinoysimilis citelliana","synonym without a current name, in no current source as a current name","taxonomy build (automatic, synonym without a current name)","2026-10-07"
"F_KLYVR_PRCR","Kluyveromyces procerum","synonym without a current name, in no current source as a current name","taxonomy build (automatic, synonym without a current name)","2026-10-07"
"F_KLYVR_PSDT","Kluyveromyces pseudotropicale","synonym without a current name, in no current source as a current name","taxonomy build (automatic, synonym without a current name)","2026-10-07"
"F_KLYVR_PZLS","Kluyveromyces pozolis","synonym without a current name, in no current source as a current name","taxonomy build (automatic, synonym without a current name)","2026-10-07"
"F_KLYVR_SOCS","Kluyveromyces sociasi","synonym without a current name, in no current source as a current name","taxonomy build (automatic, synonym without a current name)","2026-10-07"
"F_KLYVR_SPHR","Kluyveromyces sphaerica","synonym without a current name, in no current source as a current name","taxonomy build (automatic, synonym without a current name)","2026-10-07"
"F_KLYVR_VRSC","Kluyveromyces versicolor","synonym without a current name, in no current source as a current name","taxonomy build (automatic, synonym without a current name)","2026-10-07"
"F_KODAM_GLLR_FCNS","Kodamaea guilliermondii membranifaciens","synonym without a current name, in no current source as a current name","taxonomy build (automatic, synonym without a current name)","2026-10-07"
"F_KODAM_GLLR_MMBR","Kodamaea guilliermondii membranaefaciens","synonym without a current name, in no current source as a current name","taxonomy build (automatic, synonym without a current name)","2026-10-07"
"F_KODAM_GLLR_SOYA","Kodamaea guilliermondii soya","synonym without a current name, in no current source as a current name","taxonomy build (automatic, synonym without a current name)","2026-10-07"
"F_KODAM_OHMR_MINR","Kodamaea ohmeri minor","synonym without a current name, in no current source as a current name","taxonomy build (automatic, synonym without a current name)","2026-10-07"
"F_LCHTH_BFRA_CHSI","Lichtheimia corymbifera truchisii","synonym without a current name, in no current source as a current name","taxonomy build (automatic, synonym without a current name)","2026-10-07"
"F_LCHTH_BFRA_CRYM","Lichtheimia corymbifera corymbifera","synonym without a current name, in no current source as a current name","taxonomy build (automatic, synonym without a current name)","2026-10-07"
"F_LCHTH_BFRA_RAMS","Lichtheimia corymbifera ramosa","synonym without a current name, in no current source as a current name","taxonomy build (automatic, synonym without a current name)","2026-10-07"
"F_LCHTH_BFRA_RGNR","Lichtheimia corymbifera regnieri","synonym without a current name, in no current source as a current name","taxonomy build (automatic, synonym without a current name)","2026-10-07"
"F_LCHTH_BFRA_TRCH","Lichtheimia corymbifera truchisi","synonym without a current name, in no current source as a current name","taxonomy build (automatic, synonym without a current name)","2026-10-07"
"F_LCHTH_BFRS","Lichtheimia corymbiferus","synonym without a current name, in no current source as a current name","taxonomy build (automatic, synonym without a current name)","2026-10-07"
"F_LCHTH_BLKS_ATRS","Lichtheimia blakesleeana atrospora","synonym without a current name, in no current source as a current name","taxonomy build (automatic, synonym without a current name)","2026-10-07"
"F_LCHTH_CRST","Lichtheimia cristata","synonym without a current name, in no current source as a current name","taxonomy build (automatic, synonym without a current name)","2026-10-07"
"F_LCHTH_CRYM","Lichtheimia corymbifer","synonym without a current name, in no current source as a current name","taxonomy build (automatic, synonym without a current name)","2026-10-07"
"F_LCHTH_CRYM_RGNR","Lichtheimia corymbifer regnieri","synonym without a current name, in no current source as a current name","taxonomy build (automatic, synonym without a current name)","2026-10-07"
"F_LCHTH_CRYM_TRCH","Lichtheimia corymbifer truchisii","synonym without a current name, in no current source as a current name","taxonomy build (automatic, synonym without a current name)","2026-10-07"
"F_LCHTH_GNSN","Lichtheimia ginsan","synonym without a current name, in no current source as a current name","taxonomy build (automatic, synonym without a current name)","2026-10-07"
"F_LCHTH_GRCL","Lichtheimia gracilis","synonym without a current name, in no current source as a current name","taxonomy build (automatic, synonym without a current name)","2026-10-07"
"F_LCHTH_HNGK","Lichtheimia hongkongensis","synonym without a current name, in no current source as a current name","taxonomy build (automatic, synonym without a current name)","2026-10-07"
"F_LCHTH_HSSL","Lichtheimia hesseltinei","synonym without a current name, in no current source as a current name","taxonomy build (automatic, synonym without a current name)","2026-10-07"
"F_LCHTH_HYLN","Lichtheimia hyalinus","synonym without a current name, in no current source as a current name","taxonomy build (automatic, synonym without a current name)","2026-10-07"
"F_LCHTH_LCHT","Lichtheimia lichtheimii","synonym without a current name, in no current source as a current name","taxonomy build (automatic, synonym without a current name)","2026-10-07"
"F_LCHTH_LCHT_LCHT","Lichtheimia lichtheimii lichtheimii","synonym without a current name, in no current source as a current name","taxonomy build (automatic, synonym without a current name)","2026-10-07"
"F_LCHTH_LCHT_RAST","Lichtheimia lichtheimii rastii","synonym without a current name, in no current source as a current name","taxonomy build (automatic, synonym without a current name)","2026-10-07"
"F_LCHTH_LCHT_ZRCH","Lichtheimia lichtheimii zurcheri","synonym without a current name, in no current source as a current name","taxonomy build (automatic, synonym without a current name)","2026-10-07"
"F_LCHTH_MRDR","Lichtheimia merdaria","synonym without a current name, in no current source as a current name","taxonomy build (automatic, synonym without a current name)","2026-10-07"
"F_LCHTH_RAMS_TYPC","Lichtheimia ramosa typica","synonym without a current name, in no current source as a current name","taxonomy build (automatic, synonym without a current name)","2026-10-07"
"F_LCHTH_RGNR","Lichtheimia regneri","synonym without a current name, in no current source as a current name","taxonomy build (automatic, synonym without a current name)","2026-10-07"
"F_LCHTH_SLNS","Lichtheimia blakesleeanus","synonym without a current name, in no current source as a current name","taxonomy build (automatic, synonym without a current name)","2026-10-07"
"F_LCHTH_UCRN","Lichtheimia ucrainica","synonym without a current name, in no current source as a current name","taxonomy build (automatic, synonym without a current name)","2026-10-07"
"F_LCHTH_UMBL","Lichtheimia umbellatus","synonym without a current name, in no current source as a current name","taxonomy build (automatic, synonym without a current name)","2026-10-07"
"F_LNNMN_HYGR","Linnemannia hygrophila","synonym without a current name, in no current source as a current name","taxonomy build (automatic, synonym without a current name)","2026-10-07"
"F_LNNMN_SPNS","Linnemannia spinosa","synonym without a current name, in no current source as a current name","taxonomy build (automatic, synonym without a current name)","2026-10-07"
"F_LSNCT_SPNS","Lasionectriopsis spinosum","synonym without a current name, in no current source as a current name","taxonomy build (automatic, synonym without a current name)","2026-10-07"
"F_MCRSP_AUDN_SPRS","Microsporum audouinii macrosporius","synonym without a current name, in no current source as a current name","taxonomy build (automatic, synonym without a current name)","2026-10-07"
"F_MCRSP_FLVS","Microsporum fulvus","synonym without a current name, in no current source as a current name","taxonomy build (automatic, synonym without a current name)","2026-10-07"
"F_MCRSP_FRRG_URGY","Microsporum ferrugineum uruguayense","synonym without a current name, in no current source as a current name","taxonomy build (automatic, synonym without a current name)","2026-10-07"
"F_MCRSP_FULV","Microsporum fulva","synonym without a current name, in no current source as a current name","taxonomy build (automatic, synonym without a current name)","2026-10-07"
"F_MCRSP_GYPSE","Microsporum gypsea","synonym without a current name, in no current source as a current name","taxonomy build (automatic, synonym without a current name)","2026-10-07"
"F_MCRSP_GYPSE_INCR","Microsporum gypsea incurvata","synonym without a current name, in no current source as a current name","taxonomy build (automatic, synonym without a current name)","2026-10-07"
"F_MCRSP_INCRV","Microsporum incurvata","synonym without a current name, in no current source as a current name","taxonomy build (automatic, synonym without a current name)","2026-10-07"
"F_MCRSP_PRTS","Microsporum depauperatus","synonym without a current name, in no current source as a current name","taxonomy build (automatic, synonym without a current name)","2026-10-07"
"F_MCRSP_TARD","Microsporum tarda","synonym without a current name, in no current source as a current name","taxonomy build (automatic, synonym without a current name)","2026-10-07"
"F_MCRSP_TRDS","Microsporum tardus","synonym without a current name, in no current source as a current name","taxonomy build (automatic, synonym without a current name)","2026-10-07"
"F_MDRLL_RCNM","Madurella americanum","synonym without a current name, in no current source as a current name","taxonomy build (automatic, synonym without a current name)","2026-10-07"
"F_MLBRN_BFRC","Malbranchea bifurcatus","synonym without a current name, in no current source as a current name","taxonomy build (automatic, synonym without a current name)","2026-10-07"
"F_MLBRN_BRNN","Malbranchea brunneum","synonym without a current name, in no current source as a current name","taxonomy build (automatic, synonym without a current name)","2026-10-07"
"F_MLBRN_BRNS_THXT","Malbranchea umbrinus thaxteri","synonym without a current name, in no current source as a current name","taxonomy build (automatic, synonym without a current name)","2026-10-07"
"F_MLBRN_BRNS_UMBR","Malbranchea umbrinus umbrinus","synonym without a current name, in no current source as a current name","taxonomy build (automatic, synonym without a current name)","2026-10-07"
"F_MLBRN_BRVS","Malbranchea brevisetosus","synonym without a current name, in no current source as a current name","taxonomy build (automatic, synonym without a current name)","2026-10-07"
"F_MLBRN_LFRM","Malbranchea sulfureum","synonym without a current name, in no current source as a current name","taxonomy build (automatic, synonym without a current name)","2026-10-07"
"F_MLBRN_SBMB","Malbranchea subumbrinus","synonym without a current name, in no current source as a current name","taxonomy build (automatic, synonym without a current name)","2026-10-07"
"F_MLBRN_SLPH","Malbranchea sulphureum","synonym without a current name, in no current source as a current name","taxonomy build (automatic, synonym without a current name)","2026-10-07"
"F_MLLRZ_CACA","Millerozyma cacao","synonym without a current name, in no current source as a current name","taxonomy build (automatic, synonym without a current name)","2026-10-07"
"F_MLLRZ_MNSC","Millerozyma minuscula","synonym without a current name, in no current source as a current name","taxonomy build (automatic, synonym without a current name)","2026-10-07"
"F_MLLRZ_MOGI","Millerozyma mogii","synonym without a current name, in no current source as a current name","taxonomy build (automatic, synonym without a current name)","2026-10-07"
"F_MLLRZ_PTRP","Millerozyma petrophila","synonym without a current name, in no current source as a current name","taxonomy build (automatic, synonym without a current name)","2026-10-07"
"F_MLLRZ_SRBT","Millerozyma sorbitophila","synonym without a current name, in no current source as a current name","taxonomy build (automatic, synonym without a current name)","2026-10-07"
"F_MLLRZ_TKMN","Millerozyma tikumaensis","synonym without a current name, in no current source as a current name","taxonomy build (automatic, synonym without a current name)","2026-10-07"
"F_MLSSZ_CANS","Malassezia canis","synonym without a current name, in no current source as a current name","taxonomy build (automatic, synonym without a current name)","2026-10-07"
"F_MLSSZ_CPLL","Malassezia capillitii","synonym without a current name, in no current source as a current name","taxonomy build (automatic, synonym without a current name)","2026-10-07"
"F_MLSSZ_HRCS","Malassezia sphaericus","synonym without a current name, in no current source as a current name","taxonomy build (automatic, synonym without a current name)","2026-10-07"
"F_MLSSZ_MCFD","Malassezia macfadenyi","synonym without a current name, in no current source as a current name","taxonomy build (automatic, synonym without a current name)","2026-10-07"
"F_MLSSZ_MLSS","Malassezia malassez","synonym without a current name, in no current source as a current name","taxonomy build (automatic, synonym without a current name)","2026-10-07"
"F_MLSSZ_OVAL","Malassezia ovale","synonym without a current name, in no current source as a current name","taxonomy build (automatic, synonym without a current name)","2026-10-07"
"F_MLSSZ_PSRS","Malassezia psoriasis","synonym without a current name, in no current source as a current name","taxonomy build (automatic, synonym without a current name)","2026-10-07"
"F_MLSSZ_RHNC","Malassezia rhinocerosum","synonym without a current name, in no current source as a current name","taxonomy build (automatic, synonym without a current name)","2026-10-07"
"F_MLSSZ_RPCM","Malassezia tropicum","synonym without a current name, in no current source as a current name","taxonomy build (automatic, synonym without a current name)","2026-10-07"
"F_MLSSZ_SPHR","Malassezia sphaericum","synonym without a current name, in no current source as a current name","taxonomy build (automatic, synonym without a current name)","2026-10-07"
"F_MLSSZ_SSZI","Malassezia malassezii","synonym without a current name, in no current source as a current name","taxonomy build (automatic, synonym without a current name)","2026-10-07"
"F_MRTRL_FSCC","Mortierella fasciculatum","synonym without a current name, in no current source as a current name","taxonomy build (automatic, synonym without a current name)","2026-10-07"
"F_MRTRL_GRCL","Mortierella gracile","synonym without a current name, in no current source as a current name","taxonomy build (automatic, synonym without a current name)","2026-10-07"
"F_MRTRL_PLTT","Mortierella paolettianus","synonym without a current name, in no current source as a current name","taxonomy build (automatic, synonym without a current name)","2026-10-07"
"F_MRTRL_SPRM","Mortierella chlamydosporum","synonym without a current name, in no current source as a current name","taxonomy build (automatic, synonym without a current name)","2026-10-07"
"F_MTSCH_CRCT","Metschnikowia cruciatus","synonym without a current name, in no current source as a current name","taxonomy build (automatic, synonym without a current name)","2026-10-07"
"F_MTSCH_KBYS","Metschnikowia kobayasii","synonym without a current name, in no current source as a current name","taxonomy build (automatic, synonym without a current name)","2026-10-07"
"F_MTSCH_PLCH_RUBR","Metschnikowia pulcherrima rubra","synonym without a current name, in no current source as a current name","taxonomy build (automatic, synonym without a current name)","2026-10-07"
"F_MTSCH_PLCH_VRBL","Metschnikowia pulcherrima variabilis","synonym without a current name, in no current source as a current name","taxonomy build (automatic, synonym without a current name)","2026-10-07"
"F_MTSCH_ZYGT","Metschnikowia zygota","synonym without a current name, in no current source as a current name","taxonomy build (automatic, synonym without a current name)","2026-10-07"
"F_MUCOR_BRNR","Mucor bernardii","synonym without a current name, in no current source as a current name","taxonomy build (automatic, synonym without a current name)","2026-10-07"
"F_MUCOR_CLFR","Mucor californiensis","synonym without a current name, in no current source as a current name","taxonomy build (automatic, synonym without a current name)","2026-10-07"
"F_MUCOR_CRCNN","Mucor circinans","synonym without a current name, in no current source as a current name","taxonomy build (automatic, synonym without a current name)","2026-10-07"
"F_MUCOR_CRCN_MNDS","Mucor circinelloides mandshuricus","synonym without a current name, in no current source as a current name","taxonomy build (automatic, synonym without a current name)","2026-10-07"
"F_MUCOR_DNGR","Mucor dangeardii","synonym without a current name, in no current source as a current name","taxonomy build (automatic, synonym without a current name)","2026-10-07"
"F_MUCOR_EXPN_EXPN","Mucor exponens exponens","synonym without a current name, in no current source as a current name","taxonomy build (automatic, synonym without a current name)","2026-10-07"
"F_MUCOR_EXPN_SMTH","Mucor exponens smithii","synonym without a current name, in no current source as a current name","taxonomy build (automatic, synonym without a current name)","2026-10-07"
"F_MUCOR_FRFR","Mucor furfuraceus","synonym without a current name, in no current source as a current name","taxonomy build (automatic, synonym without a current name)","2026-10-07"
"F_MUCOR_GRSC","Mucor griseocinereus","synonym without a current name, in no current source as a current name","taxonomy build (automatic, synonym without a current name)","2026-10-07"
"F_MUCOR_MCRSP_MCRS","Mucor microsporus microsporus","synonym without a current name, in no current source as a current name","taxonomy build (automatic, synonym without a current name)","2026-10-07"
"F_MUCOR_MINM","Mucor minima","synonym without a current name, in no current source as a current name","taxonomy build (automatic, synonym without a current name)","2026-10-07"
"F_MUCOR_MRRM_CLRT","Mucor murorum coloratus","synonym without a current name, in no current source as a current name","taxonomy build (automatic, synonym without a current name)","2026-10-07"
"F_MUCOR_MRRM_MCRS","Mucor murorum macrosporus","synonym without a current name, in no current source as a current name","taxonomy build (automatic, synonym without a current name)","2026-10-07"
"F_MUCOR_MRRM_RBST","Mucor murorum robustus","synonym without a current name, in no current source as a current name","taxonomy build (automatic, synonym without a current name)","2026-10-07"
"F_MUCOR_MRRM_RFSC","Mucor murorum rufescens","synonym without a current name, in no current source as a current name","taxonomy build (automatic, synonym without a current name)","2026-10-07"
"F_MUCOR_PHSP","Mucor phosphoreus","synonym without a current name, in no current source as a current name","taxonomy build (automatic, synonym without a current name)","2026-10-07"
"F_MUCOR_PLYG","Mucor polygonosporus","synonym without a current name, in no current source as a current name","taxonomy build (automatic, synonym without a current name)","2026-10-07"
"F_MUCOR_PRLL","Mucor pirelloides","synonym without a current name, in no current source as a current name","taxonomy build (automatic, synonym without a current name)","2026-10-07"
"F_MUCOR_PTRP_MCRS","Mucor petropolitanus macrosporus","synonym without a current name, in no current source as a current name","taxonomy build (automatic, synonym without a current name)","2026-10-07"
"F_MUCOR_RCMS_GRSS","Mucor racemosus griseosporus","synonym without a current name, in no current source as a current name","taxonomy build (automatic, synonym without a current name)","2026-10-07"
"F_MUCOR_RCRA","Mucor stercorea","synonym without a current name, in no current source as a current name","taxonomy build (automatic, synonym without a current name)","2026-10-07"
"F_MUCOR_SCRN_ATTN","Mucor sciurinus attenuatus","synonym without a current name, in no current source as a current name","taxonomy build (automatic, synonym without a current name)","2026-10-07"
"F_MUCOR_TNLL","Mucor tenella","synonym without a current name, in no current source as a current name","taxonomy build (automatic, synonym without a current name)","2026-10-07"
"F_MUCOR_VIRDS","Mucor viridis","synonym without a current name, in no current source as a current name","taxonomy build (automatic, synonym without a current name)","2026-10-07"
"F_MUCOR_VLGR","Mucor vulgaris","synonym without a current name, in no current source as a current name","taxonomy build (automatic, synonym without a current name)","2026-10-07"
"F_MUCOR_VLLM","Mucor vuilleminii","synonym without a current name, in no current source as a current name","taxonomy build (automatic, synonym without a current name)","2026-10-07"
"F_MUCOR_VLLM_AGMS","Mucor vuilleminii agamus","synonym without a current name, in no current source as a current name","taxonomy build (automatic, synonym without a current name)","2026-10-07"
"F_MUCOR_VLLM_ALBS","Mucor vuilleminii albus","synonym without a current name, in no current source as a current name","taxonomy build (automatic, synonym without a current name)","2026-10-07"
"F_MUCOR_VLLM_DNGR","Mucor vuilleminii dangeardii","synonym without a current name, in no current source as a current name","taxonomy build (automatic, synonym without a current name)","2026-10-07"
"F_MUCOR_VLLM_VLLM","Mucor vuilleminii vuilleminii","synonym without a current name, in no current source as a current name","taxonomy build (automatic, synonym without a current name)","2026-10-07"
"F_MUCOR_VRRC","Mucor verruculosus","synonym without a current name, in no current source as a current name","taxonomy build (automatic, synonym without a current name)","2026-10-07"
"F_MYCCN_ALNT","Mycocentrospora ailanthi","synonym without a current name, in no current source as a current name","taxonomy build (automatic, synonym without a current name)","2026-10-07"
"F_MYCCN_ANMN","Mycocentrospora anemonis","synonym without a current name, in no current source as a current name","taxonomy build (automatic, synonym without a current name)","2026-10-07"
"F_MYCCN_CARI","Mycocentrospora cari","synonym without a current name, in no current source as a current name","taxonomy build (automatic, synonym without a current name)","2026-10-07"
"F_MYCCN_CLLS","Mycocentrospora callosa","synonym without a current name, in no current source as a current name","taxonomy build (automatic, synonym without a current name)","2026-10-07"
"F_MYCCN_FLGL","Mycocentrospora flagellifera","synonym without a current name, in no current source as a current name","taxonomy build (automatic, synonym without a current name)","2026-10-07"
"F_MYCCN_MCRS","Mycocentrospora macrospora","synonym without a current name, in no current source as a current name","taxonomy build (automatic, synonym without a current name)","2026-10-07"
"F_MYCCN_OHLS","Mycocentrospora ohlsenii","synonym without a current name, in no current source as a current name","taxonomy build (automatic, synonym without a current name)","2026-10-07"
"F_MYCCN_PRLN","Mycocentrospora praelonga","synonym without a current name, in no current source as a current name","taxonomy build (automatic, synonym without a current name)","2026-10-07"
"F_MYCCN_ULMC","Mycocentrospora ulmicola","synonym without a current name, in no current source as a current name","taxonomy build (automatic, synonym without a current name)","2026-10-07"
"F_MYRZY_ALPN","Meyerozyma alpina","synonym without a current name, in no current source as a current name","taxonomy build (automatic, synonym without a current name)","2026-10-07"
"F_MYRZY_AMDV","Meyerozyma amidevorans","synonym without a current name, in no current source as a current name","taxonomy build (automatic, synonym without a current name)","2026-10-07"
"F_MYRZY_ARZT","Meyerozyma arztii","synonym without a current name, in no current source as a current name","taxonomy build (automatic, synonym without a current name)","2026-10-07"
"F_MYRZY_FKYM","Meyerozyma fukuyamaensis","synonym without a current name, in no current source as a current name","taxonomy build (automatic, synonym without a current name)","2026-10-07"
"F_MYRZY_GLLR_CRPP","Meyerozyma guilliermondii carpophila","synonym without a current name, in no current source as a current name","taxonomy build (automatic, synonym without a current name)","2026-10-07"
"F_MYRZY_GLLR_JPNC","Meyerozyma guilliermondii japonica","synonym without a current name, in no current source as a current name","taxonomy build (automatic, synonym without a current name)","2026-10-07"
"F_MYRZY_GLLR_MUHR","Meyerozyma guilliermondii muhira","synonym without a current name, in no current source as a current name","taxonomy build (automatic, synonym without a current name)","2026-10-07"
"F_MYRZY_GLLR_PSDG","Meyerozyma guilliermondii pseudoguilliermondii","synonym without a current name, in no current source as a current name","taxonomy build (automatic, synonym without a current name)","2026-10-07"
"F_MYRZY_KRAS","Meyerozyma krausii","synonym without a current name, in no current source as a current name","taxonomy build (automatic, synonym without a current name)","2026-10-07"
"F_MYRZY_LCTC","Meyerozyma lacticolor","synonym without a current name, in no current source as a current name","taxonomy build (automatic, synonym without a current name)","2026-10-07"
"F_MYRZY_LCTS","Meyerozyma lacteus","synonym without a current name, in no current source as a current name","taxonomy build (automatic, synonym without a current name)","2026-10-07"
"F_MYRZY_LPNS","Meyerozyma alpinus","synonym without a current name, in no current source as a current name","taxonomy build (automatic, synonym without a current name)","2026-10-07"
"F_MYRZY_LSTG","Meyerozyma lustigii","synonym without a current name, in no current source as a current name","taxonomy build (automatic, synonym without a current name)","2026-10-07"
"F_MYRZY_MLBS","Meyerozyma melibiosi","synonym without a current name, in no current source as a current name","taxonomy build (automatic, synonym without a current name)","2026-10-07"
"F_MYRZY_MMLL","Meyerozyma mamillae","synonym without a current name, in no current source as a current name","taxonomy build (automatic, synonym without a current name)","2026-10-07"
"F_MYRZY_MUHR","Meyerozyma muhira","synonym without a current name, in no current source as a current name","taxonomy build (automatic, synonym without a current name)","2026-10-07"
"F_MYRZY_NEGR","Meyerozyma negrii","synonym without a current name, in no current source as a current name","taxonomy build (automatic, synonym without a current name)","2026-10-07"
"F_MYRZY_PRNN","Meyerozyma paranaensis","synonym without a current name, in no current source as a current name","taxonomy build (automatic, synonym without a current name)","2026-10-07"
"F_MYRZY_PRPS_TXTL","Meyerozyma parapsilosis tuxtlensis","synonym without a current name, in no current source as a current name","taxonomy build (automatic, synonym without a current name)","2026-10-07"
"F_MYRZY_PSDG","Meyerozyma pseudoguilliermondii","synonym without a current name, in no current source as a current name","taxonomy build (automatic, synonym without a current name)","2026-10-07"
"F_NAKZW_SLVC","Nakazawaea silvicola","synonym without a current name, in no current source as a current name","taxonomy build (automatic, synonym without a current name)","2026-10-07"
"F_NECTR_AQTC","Nectria aquaticus","synonym without a current name, in no current source as a current name","taxonomy build (automatic, synonym without a current name)","2026-10-07"
"F_NECTR_CNNB_AMYG","Nectria cinnabarina amygdalina","synonym without a current name, in no current source as a current name","taxonomy build (automatic, synonym without a current name)","2026-10-07"
"F_NECTR_CRYN","Nectria corynespora","synonym without a current name, in no current source as a current name","taxonomy build (automatic, synonym without a current name)","2026-10-07"
"F_NECTR_ENDE","Nectria novae-zelandiae","synonym without a current name, in no current source as a current name","taxonomy build (automatic, synonym without a current name)","2026-10-07"
"F_NECTR_FLVVR","Nectria flavoviride","synonym without a current name, in no current source as a current name","taxonomy build (automatic, synonym without a current name)","2026-10-07"
"F_NECTR_FRGF","Nectria fragiformis","synonym without a current name, in no current source as a current name","taxonomy build (automatic, synonym without a current name)","2026-10-07"
"F_NECTR_FRMS_CLNC","Nectria tuberculariformis caulincola","synonym without a current name, in no current source as a current name","taxonomy build (automatic, synonym without a current name)","2026-10-07"
"F_NECTR_LFRS","Nectria ocelliferus","synonym without a current name, in no current source as a current name","taxonomy build (automatic, synonym without a current name)","2026-10-07"
"F_NECTR_LPNM","Nectria vulpinum","synonym without a current name, in no current source as a current name","taxonomy build (automatic, synonym without a current name)","2026-10-07"
"F_NECTR_MUNTS","Nectria munitus","synonym without a current name, in no current source as a current name","taxonomy build (automatic, synonym without a current name)","2026-10-07"
"F_NECTR_OBTS","Nectria obtusiusculum","synonym without a current name, in no current source as a current name","taxonomy build (automatic, synonym without a current name)","2026-10-07"
"F_NECTR_OXYS_OBTS","Nectria oxysporum obtusiusculum","synonym without a current name, in no current source as a current name","taxonomy build (automatic, synonym without a current name)","2026-10-07"
"F_NECTR_PRPR","Nectria purpurata","synonym without a current name, in no current source as a current name","taxonomy build (automatic, synonym without a current name)","2026-10-07"
"F_NECTR_PSDT_ASTR","Nectria pseudotrichia australiensis","synonym without a current name, in no current source as a current name","taxonomy build (automatic, synonym without a current name)","2026-10-07"
"F_NECTR_PSDT_OLGS","Nectria pseudotrichia oligospora","synonym without a current name, in no current source as a current name","taxonomy build (automatic, synonym without a current name)","2026-10-07"
"F_NECTR_RESN","Nectria resinae","synonym without a current name, in no current source as a current name","taxonomy build (automatic, synonym without a current name)","2026-10-07"
"F_NECTR_RLLM","Nectria chlorellum","synonym without a current name, in no current source as a current name","taxonomy build (automatic, synonym without a current name)","2026-10-07"
"F_NECTR_SRMN","Nectria sarmentorum","synonym without a current name, in no current source as a current name","taxonomy build (automatic, synonym without a current name)","2026-10-07"
"F_NECTR_VLGR_BETL","Nectria vulgaris betulae","synonym without a current name, in no current source as a current name","taxonomy build (automatic, synonym without a current name)","2026-10-07"
"F_NECTR_VLGR_CRCH","Nectria vulgaris corchori","synonym without a current name, in no current source as a current name","taxonomy build (automatic, synonym without a current name)","2026-10-07"
"F_NECTR_VLGR_GRGN","Nectria vulgaris georginae","synonym without a current name, in no current source as a current name","taxonomy build (automatic, synonym without a current name)","2026-10-07"
"F_NECTR_VLGR_PRPR","Nectria vulgaris purpurata","synonym without a current name, in no current source as a current name","taxonomy build (automatic, synonym without a current name)","2026-10-07"
"F_NECTR_VLGR_RIBS","Nectria vulgaris ribis","synonym without a current name, in no current source as a current name","taxonomy build (automatic, synonym without a current name)","2026-10-07"
"F_NECTR_VLGR_RUBI","Nectria vulgaris rubi","synonym without a current name, in no current source as a current name","taxonomy build (automatic, synonym without a current name)","2026-10-07"
"F_NECTR_VLGR_SBSS","Nectria vulgaris subsessilis","synonym without a current name, in no current source as a current name","taxonomy build (automatic, synonym without a current name)","2026-10-07"
"F_NECTR_VLGR_SRMN","Nectria vulgaris sarmentorum","synonym without a current name, in no current source as a current name","taxonomy build (automatic, synonym without a current name)","2026-10-07"
"F_NECTR_VLGR_STPT","Nectria vulgaris stipitata","synonym without a current name, in no current source as a current name","taxonomy build (automatic, synonym without a current name)","2026-10-07"
"F_NGNSH_GLTN","Naganishia gelatinosa","synonym without a current name, in no current source as a current name","taxonomy build (automatic, synonym without a current name)","2026-10-07"
"F_NNNZZ_JTNI","Nannizzia cajetani","synonym without a current name, in no current source as a current name","taxonomy build (automatic, synonym without a current name)","2026-10-07"
"F_NSRTR_LVTS","Neosartorya clavatus","synonym without a current name, in no current source as a current name","taxonomy build (automatic, synonym without a current name)","2026-10-07"
"F_OCHRC_MCRS","Ochroconis macrosporum","synonym without a current name, in no current source as a current name","taxonomy build (automatic, synonym without a current name)","2026-10-07"
"F_OCHRC_MNMM","Ochroconis minimum","synonym without a current name, in no current source as a current name","taxonomy build (automatic, synonym without a current name)","2026-10-07"
"F_OCHRC_VRBL","Ochroconis variabile","synonym without a current name, in no current source as a current name","taxonomy build (automatic, synonym without a current name)","2026-10-07"
"F_OCHRC_VRBL_CHLM","Ochroconis variabile chlamydosporis","synonym without a current name, in no current source as a current name","taxonomy build (automatic, synonym without a current name)","2026-10-07"
"F_ODDND_TENSSM_NIGR","Oidiodendron tenuissima nigra","synonym without a current name, in no current source as a current name","taxonomy build (automatic, synonym without a current name)","2026-10-07"
"F_PCLMY_DRMT","Paecilomyces dermatophagum","synonym without a current name, in no current source as a current name","taxonomy build (automatic, synonym without a current name)","2026-10-07"
"F_PCLMY_ELGN_MSCR","Paecilomyces elegans muscorum","synonym without a current name, in no current source as a current name","taxonomy build (automatic, synonym without a current name)","2026-10-07"
"F_PCLMY_FMTR","Paecilomyces fimetaria","synonym without a current name, in no current source as a current name","taxonomy build (automatic, synonym without a current name)","2026-10-07"
"F_PCLMY_MNDS","Paecilomyces mandshuricum","synonym without a current name, in no current source as a current name","taxonomy build (automatic, synonym without a current name)","2026-10-07"
"F_PCLMY_NIVE_LGNC","Paecilomyces nivea lagunculariae","synonym without a current name, in no current source as a current name","taxonomy build (automatic, synonym without a current name)","2026-10-07"
"F_PCLMY_PNCL","Paecilomyces penicillata","synonym without a current name, in no current source as a current name","taxonomy build (automatic, synonym without a current name)","2026-10-07"
"F_PCLMY_VNFR","Paecilomyces viniferum","synonym without a current name, in no current source as a current name","taxonomy build (automatic, synonym without a current name)","2026-10-07"
"F_PHCRM_ALNC","Phaeoacremonium alnicola","synonym without a current name, in no current source as a current name","taxonomy build (automatic, synonym without a current name)","2026-10-07"
"F_PHCRM_NVZL","Phaeoacremonium novae-zealandiae","synonym without a current name, in no current source as a current name","taxonomy build (automatic, synonym without a current name)","2026-10-07"
"F_PHCRM_PNCL","Phaeoacremonium paniculata","synonym without a current name, in no current source as a current name","taxonomy build (automatic, synonym without a current name)","2026-10-07"
"F_PHLPH_PDRS_PHLP","Phialophora pedrosoi phialophora","synonym without a current name, in no current source as a current name","taxonomy build (automatic, synonym without a current name)","2026-10-07"
"F_PHOMA_BDDL","Phoma buddleiae","synonym without a current name, in no current source as a current name","taxonomy build (automatic, synonym without a current name)","2026-10-07"
"F_PHOMA_CCRB_CCMC","Phoma cucurbitacearum cucumis-calocynthi","synonym without a current name, in no current source as a current name","taxonomy build (automatic, synonym without a current name)","2026-10-07"
"F_PHOMA_CCRN","Phoma cicerina","synonym without a current name, in no current source as a current name","taxonomy build (automatic, synonym without a current name)","2026-10-07"
"F_PHOMA_CNNE","Phoma cannae","synonym without a current name, in no current source as a current name","taxonomy build (automatic, synonym without a current name)","2026-10-07"
"F_PHOMA_CNTA","Phoma circinata","synonym without a current name, in no current source as a current name","taxonomy build (automatic, synonym without a current name)","2026-10-07"
"F_PHOMA_CRCC_CRCN","Phoma caricicola caricis-nitidae","synonym without a current name, in no current source as a current name","taxonomy build (automatic, synonym without a current name)","2026-10-07"
"F_PHOMA_CRCV","Phoma caricivora","synonym without a current name, in no current source as a current name","taxonomy build (automatic, synonym without a current name)","2026-10-07"
"F_PHOMA_CRRY","Phoma curreyi","synonym without a current name, in no current source as a current name","taxonomy build (automatic, synonym without a current name)","2026-10-07"
"F_PHOMA_DNTR","Phoma dentariae","synonym without a current name, in no current source as a current name","taxonomy build (automatic, synonym without a current name)","2026-10-07"
"F_PHOMA_GLYCY","Phoma glycyrrhizae","synonym without a current name, in no current source as a current name","taxonomy build (automatic, synonym without a current name)","2026-10-07"
"F_PHOMA_ILCS_ENYM","Phoma ilicis euonymi","synonym without a current name, in no current source as a current name","taxonomy build (automatic, synonym without a current name)","2026-10-07"
"F_PHOMA_KYNS","Phoma filarszkyanus","synonym without a current name, in no current source as a current name","taxonomy build (automatic, synonym without a current name)","2026-10-07"
"F_PHOMA_RGLNS","Phoma astragalinus","synonym without a current name, in no current source as a current name","taxonomy build (automatic, synonym without a current name)","2026-10-07"
"F_PHOMA_SOLR_FLCL","Phoma solieri foliicola","synonym without a current name, in no current source as a current name","taxonomy build (automatic, synonym without a current name)","2026-10-07"
"F_PHOMA_STRF_HYST","Phoma striaeformis hysteriola","synonym without a current name, in no current source as a current name","taxonomy build (automatic, synonym without a current name)","2026-10-07"
"F_PHOMA_TSPRA","Phoma cytospora","synonym without a current name, in no current source as a current name","taxonomy build (automatic, synonym without a current name)","2026-10-07"
"F_PHOMA_YRCS","Phoma syriacus","synonym without a current name, in no current source as a current name","taxonomy build (automatic, synonym without a current name)","2026-10-07"
"F_PHOMA_ZNGB","Phoma zingiberi","synonym without a current name, in no current source as a current name","taxonomy build (automatic, synonym without a current name)","2026-10-07"
"F_PICHI_ANML_BLGC","Pichia anomala belgica","synonym without a current name, in no current source as a current name","taxonomy build (automatic, synonym without a current name)","2026-10-07"
"F_PICHI_BSPR","Pichia bisporus","synonym without a current name, in no current source as a current name","taxonomy build (automatic, synonym without a current name)","2026-10-07"
"F_PICHI_CHDT_FRMN","Pichia chodatii fermentans","synonym without a current name, in no current source as a current name","taxonomy build (automatic, synonym without a current name)","2026-10-07"
"F_PICHI_CHNT","Pichia chiantigiana","synonym without a current name, in no current source as a current name","taxonomy build (automatic, synonym without a current name)","2026-10-07"
"F_PICHI_CHVL","Pichia chevalieri","synonym without a current name, in no current source as a current name","taxonomy build (automatic, synonym without a current name)","2026-10-07"
"F_PICHI_CHVL_ANDR","Pichia chevalieri andersonii","synonym without a current name, in no current source as a current name","taxonomy build (automatic, synonym without a current name)","2026-10-07"
"F_PICHI_CHVL_CHVL","Pichia chevalieri chevalieri","synonym without a current name, in no current source as a current name","taxonomy build (automatic, synonym without a current name)","2026-10-07"
"F_PICHI_CHVL_FRMN","Pichia chevalieri fermentati","synonym without a current name, in no current source as a current name","taxonomy build (automatic, synonym without a current name)","2026-10-07"
"F_PICHI_CHVR","Pichia chevariacea","synonym without a current name, in no current source as a current name","taxonomy build (automatic, synonym without a current name)","2026-10-07"
"F_PICHI_CITR","Pichia citrea","synonym without a current name, in no current source as a current name","taxonomy build (automatic, synonym without a current name)","2026-10-07"
"F_PICHI_DCLR","Pichia decolorans","synonym without a current name, in no current source as a current name","taxonomy build (automatic, synonym without a current name)","2026-10-07"
"F_PICHI_FMTR","Pichia fimetaria","synonym without a current name, in no current source as a current name","taxonomy build (automatic, synonym without a current name)","2026-10-07"
"F_PICHI_KRUS_TRNS","Pichia krusei transitoria","synonym without a current name, in no current source as a current name","taxonomy build (automatic, synonym without a current name)","2026-10-07"
"F_PICHI_KRUS_VNLR","Pichia krusei vanlaeriana","synonym without a current name, in no current source as a current name","taxonomy build (automatic, synonym without a current name)","2026-10-07"
"F_PICHI_LAFR","Pichia lafarii","synonym without a current name, in no current source as a current name","taxonomy build (automatic, synonym without a current name)","2026-10-07"
"F_PICHI_LCTS","Pichia lactis","synonym without a current name, in no current source as a current name","taxonomy build (automatic, synonym without a current name)","2026-10-07"
"F_PICHI_LGCS","Pichia belgicus","synonym without a current name, in no current source as a current name","taxonomy build (automatic, synonym without a current name)","2026-10-07"
"F_PICHI_LMBC","Pichia lambica","synonym without a current name, in no current source as a current name","taxonomy build (automatic, synonym without a current name)","2026-10-07"
"F_PICHI_MONS","Pichia monosa","synonym without a current name, in no current source as a current name","taxonomy build (automatic, synonym without a current name)","2026-10-07"
"F_PICHI_MYCP","Pichia mycoderma-punctisporus","synonym without a current name, in no current source as a current name","taxonomy build (automatic, synonym without a current name)","2026-10-07"
"F_PICHI_NMLS","Pichia anomalus","synonym without a current name, in no current source as a current name","taxonomy build (automatic, synonym without a current name)","2026-10-07"
"F_PICHI_NMLS_BLGC","Pichia anomalus belgicus","synonym without a current name, in no current source as a current name","taxonomy build (automatic, synonym without a current name)","2026-10-07"
"F_PICHI_PNCT","Pichia punctisporus","synonym without a current name, in no current source as a current name","taxonomy build (automatic, synonym without a current name)","2026-10-07"
"F_PICHI_PRFR","Pichia piriformis","synonym without a current name, in no current source as a current name","taxonomy build (automatic, synonym without a current name)","2026-10-07"
"F_PICHI_PSTA","Pichia pastorianus-arborescens","synonym without a current name, in no current source as a current name","taxonomy build (automatic, synonym without a current name)","2026-10-07"
"F_PICHI_PYRF","Pichia pyriformis","synonym without a current name, in no current source as a current name","taxonomy build (automatic, synonym without a current name)","2026-10-07"
"F_PICHI_SCND","Pichia scandinavicus","synonym without a current name, in no current source as a current name","taxonomy build (automatic, synonym without a current name)","2026-10-07"
"F_PICHI_SLCL","Pichia solicola","synonym without a current name, in no current source as a current name","taxonomy build (automatic, synonym without a current name)","2026-10-07"
"F_PICHI_SOOS","Pichia soosii","synonym without a current name, in no current source as a current name","taxonomy build (automatic, synonym without a current name)","2026-10-07"
"F_PICHI_SPRS","Pichia hyalosporus","synonym without a current name, in no current source as a current name","taxonomy build (automatic, synonym without a current name)","2026-10-07"
"F_PICHI_SRBS","Pichia sorbosa","synonym without a current name, in no current source as a current name","taxonomy build (automatic, synonym without a current name)","2026-10-07"
"F_PICHI_TNNC","Pichia tannica","synonym without a current name, in no current source as a current name","taxonomy build (automatic, synonym without a current name)","2026-10-07"
"F_PICHI_TRMP","Pichia trumpyi","synonym without a current name, in no current source as a current name","taxonomy build (automatic, synonym without a current name)","2026-10-07"
"F_PICHI_VALD","Pichia valida","synonym without a current name, in no current source as a current name","taxonomy build (automatic, synonym without a current name)","2026-10-07"
"F_PICHI_VNLR","Pichia vanlaeriana","synonym without a current name, in no current source as a current name","taxonomy build (automatic, synonym without a current name)","2026-10-07"
"F_PIEDR_GUAY","Piedraia guayo","synonym without a current name, in no current source as a current name","taxonomy build (automatic, synonym without a current name)","2026-10-07"
"F_PRCMY_VINI","Priceomyces vini","synonym without a current name, in no current source as a current name","taxonomy build (automatic, synonym without a current name)","2026-10-07"
"F_PRCMY_VINI_MLBS","Priceomyces vini melibiosi","synonym without a current name, in no current source as a current name","taxonomy build (automatic, synonym without a current name)","2026-10-07"
"F_PRPRC_NNSS","Purpureocillium takamizusanensis","synonym without a current name, in no current source as a current name","taxonomy build (automatic, synonym without a current name)","2026-10-07"
"F_PRPRC_RYGM","Purpureocillium ryogamimontana","synonym without a current name, in no current source as a current name","taxonomy build (automatic, synonym without a current name)","2026-10-07"
"F_PSDLL_AMRC","Pseudallescheria americana","synonym without a current name, in no current source as a current name","taxonomy build (automatic, synonym without a current name)","2026-10-07"
"F_PSDLL_CHRT","Pseudallescheria chartoikoon","synonym without a current name, in no current source as a current name","taxonomy build (automatic, synonym without a current name)","2026-10-07"
"F_PSDLL_FSDM","Pseudallescheria fusoideum","synonym without a current name, in no current source as a current name","taxonomy build (automatic, synonym without a current name)","2026-10-07"
"F_PSDLL_GSTM","Pseudallescheria angustum","synonym without a current name, in no current source as a current name","taxonomy build (automatic, synonym without a current name)","2026-10-07"
"F_PSDLL_HMNS","Pseudallescheria hominis","synonym without a current name, in no current source as a current name","taxonomy build (automatic, synonym without a current name)","2026-10-07"
"F_PSDLL_PRMM","Pseudallescheria apiospermum","synonym without a current name, in no current source as a current name","taxonomy build (automatic, synonym without a current name)","2026-10-07"
"F_PSDLL_PSDM","Pseudallescheria ellipsoideum","synonym without a current name, in no current source as a current name","taxonomy build (automatic, synonym without a current name)","2026-10-07"
"F_PTHMY_DRTM","Pithomyces quadratum","synonym without a current name, in no current source as a current name","taxonomy build (automatic, synonym without a current name)","2026-10-07"
"F_PTHMY_QUDRT","Pithomyces quadrata","synonym without a current name, in no current source as a current name","taxonomy build (automatic, synonym without a current name)","2026-10-07"
"F_PTRMA_HNNL","Pseudomicrostroma hinnulea","synonym without a current name, in no current source as a current name","taxonomy build (automatic, synonym without a current name)","2026-10-07"
"F_RHDTR_AERM","Rhodotorula aereum","synonym without a current name, in no current source as a current name","taxonomy build (automatic, synonym without a current name)","2026-10-07"
"F_RHDTR_ARNT","Rhodotorula aurantia","synonym without a current name, in no current source as a current name","taxonomy build (automatic, synonym without a current name)","2026-10-07"
"F_RHDTR_CRBN","Rhodotorula carbonei","synonym without a current name, in no current source as a current name","taxonomy build (automatic, synonym without a current name)","2026-10-07"
"F_RHDTR_CSNR","Rhodotorula cisnerosi","synonym without a current name, in no current source as a current name","taxonomy build (automatic, synonym without a current name)","2026-10-07"
"F_RHDTR_DCLN","Rhodotorula decolans","synonym without a current name, in no current source as a current name","taxonomy build (automatic, synonym without a current name)","2026-10-07"
"F_RHDTR_DFFL_JPNC","Rhodotorula diffluens japonica","synonym without a current name, in no current source as a current name","taxonomy build (automatic, synonym without a current name)","2026-10-07"
"F_RHDTR_DUBI","Rhodotorula dubia","synonym without a current name, in no current source as a current name","taxonomy build (automatic, synonym without a current name)","2026-10-07"
"F_RHDTR_DUBI_DUBI","Rhodotorula dubia dubia","synonym without a current name, in no current source as a current name","taxonomy build (automatic, synonym without a current name)","2026-10-07"
"F_RHDTR_DUBI_PRTR","Rhodotorula dubia portoricensis","synonym without a current name, in no current source as a current name","taxonomy build (automatic, synonym without a current name)","2026-10-07"
"F_RHDTR_DUBS","Rhodotorula dubius","synonym without a current name, in no current source as a current name","taxonomy build (automatic, synonym without a current name)","2026-10-07"
"F_RHDTR_DUBS_PRTR","Rhodotorula dubius portoricensis","synonym without a current name, in no current source as a current name","taxonomy build (automatic, synonym without a current name)","2026-10-07"
"F_RHDTR_FRSN","Rhodotorula fresenii","synonym without a current name, in no current source as a current name","taxonomy build (automatic, synonym without a current name)","2026-10-07"
"F_RHDTR_LTNS_LSTN","Rhodotorula glutinis lusitanica","synonym without a current name, in no current source as a current name","taxonomy build (automatic, synonym without a current name)","2026-10-07"
"F_RHDTR_MCLG_KNTC","Rhodotorula mucilaginosa kentuckyii","synonym without a current name, in no current source as a current name","taxonomy build (automatic, synonym without a current name)","2026-10-07"
"F_RHDTR_MINT","Rhodotorula miniata","synonym without a current name, in no current source as a current name","taxonomy build (automatic, synonym without a current name)","2026-10-07"
"F_RHDTR_MNLE","Rhodotorula pulmonale","synonym without a current name, in no current source as a current name","taxonomy build (automatic, synonym without a current name)","2026-10-07"
"F_RHDTR_MNNT","Rhodotorula mannitica","synonym without a current name, in no current source as a current name","taxonomy build (automatic, synonym without a current name)","2026-10-07"
"F_RHDTR_NNLS","Rhodotorula hinnuleus","synonym without a current name, in no current source as a current name","taxonomy build (automatic, synonym without a current name)","2026-10-07"
"F_RHDTR_NTRT","Rhodotorula nitritophila","synonym without a current name, in no current source as a current name","taxonomy build (automatic, synonym without a current name)","2026-10-07"
"F_RHDTR_PHTG_ALBR","Rhodotorula photographus alborubescens","synonym without a current name, in no current source as a current name","taxonomy build (automatic, synonym without a current name)","2026-10-07"
"F_RHDTR_PRRS","Rhodotorula pararoseus","synonym without a current name, in no current source as a current name","taxonomy build (automatic, synonym without a current name)","2026-10-07"
"F_RHDTR_RDTS","Rhodotorula radiatus","synonym without a current name, in no current source as a current name","taxonomy build (automatic, synonym without a current name)","2026-10-07"
"F_RHDTR_RFSC","Rhodotorula rufescens","synonym without a current name, in no current source as a current name","taxonomy build (automatic, synonym without a current name)","2026-10-07"
"F_RHDTR_RGSS","Rhodotorula rubrorugosus","synonym without a current name, in no current source as a current name","taxonomy build (automatic, synonym without a current name)","2026-10-07"
"F_RHDTR_ROSE","Rhodotorula rosea","synonym without a current name, in no current source as a current name","taxonomy build (automatic, synonym without a current name)","2026-10-07"
"F_RHDTR_RSCR","Rhodotorula roseocorallina","synonym without a current name, in no current source as a current name","taxonomy build (automatic, synonym without a current name)","2026-10-07"
"F_RHDTR_RUBER","Rhodotorula ruber","synonym without a current name, in no current source as a current name","taxonomy build (automatic, synonym without a current name)","2026-10-07"
"F_RHDTR_RUBR_MARN","Rhodotorula rubra marina","synonym without a current name, in no current source as a current name","taxonomy build (automatic, synonym without a current name)","2026-10-07"
"F_RHDTR_SAIT","Rhodotorula saitoi","synonym without a current name, in no current source as a current name","taxonomy build (automatic, synonym without a current name)","2026-10-07"
"F_RHDTR_YTCS","Rhodotorula histolyticus","synonym without a current name, in no current source as a current name","taxonomy build (automatic, synonym without a current name)","2026-10-07"
"F_RHNCL_EMTB","Rhinocladiella eumetabolus","synonym without a current name, in no current source as a current name","taxonomy build (automatic, synonym without a current name)","2026-10-07"
"F_RHNCL_OLGS","Rhinocladiella oligospermus","synonym without a current name, in no current source as a current name","taxonomy build (automatic, synonym without a current name)","2026-10-07"
"F_RHNCL_PCTM","Rhinocladiella compactum","synonym without a current name, in no current source as a current name","taxonomy build (automatic, synonym without a current name)","2026-10-07"
"F_RHZMC_BNTN","Rhizomucor buntingii","synonym without a current name, in no current source as a current name","taxonomy build (automatic, synonym without a current name)","2026-10-07"
"F_RHZMC_HAGM","Rhizomucor hagemii","synonym without a current name, in no current source as a current name","taxonomy build (automatic, synonym without a current name)","2026-10-07"
"F_RHZMC_MIEH_MIEH","Rhizomucor miehei miehei","synonym without a current name, in no current source as a current name","taxonomy build (automatic, synonym without a current name)","2026-10-07"
"F_RHZMC_MIEH_MINR","Rhizomucor miehei minor","synonym without a current name, in no current source as a current name","taxonomy build (automatic, synonym without a current name)","2026-10-07"
"F_RHZMC_MRPR","Rhizomucor muriperda","synonym without a current name, in no current source as a current name","taxonomy build (automatic, synonym without a current name)","2026-10-07"
"F_RHZPS_AGRC","Rhizopus agaricina","synonym without a current name, in no current source as a current name","taxonomy build (automatic, synonym without a current name)","2026-10-07"
"F_RHZPS_ASCP","Rhizopus ascophorus","synonym without a current name, in no current source as a current name","taxonomy build (automatic, synonym without a current name)","2026-10-07"
"F_RHZPS_LYCCC","Rhizopus lyococcos","synonym without a current name, in no current source as a current name","taxonomy build (automatic, synonym without a current name)","2026-10-07"
"F_RHZPS_MUCD","Rhizopus mucedo","synonym without a current name, in no current source as a current name","taxonomy build (automatic, synonym without a current name)","2026-10-07"
"F_RHZPS_PYGM","Rhizopus pygmaeus","synonym without a current name, in no current source as a current name","taxonomy build (automatic, synonym without a current name)","2026-10-07"
"F_RHZPS_RCNS","Rhizopus agaricinus","synonym without a current name, in no current source as a current name","taxonomy build (automatic, synonym without a current name)","2026-10-07"
"F_RHZPS_RORD","Rhizopus rorida","synonym without a current name, in no current source as a current name","taxonomy build (automatic, synonym without a current name)","2026-10-07"
"F_RHZPS_ROUX","Rhizopus rouxii","synonym without a current name, in no current source as a current name","taxonomy build (automatic, synonym without a current name)","2026-10-07"
"F_RHZPS_RRDS","Rhizopus roridus","synonym without a current name, in no current source as a current name","taxonomy build (automatic, synonym without a current name)","2026-10-07"
"F_RHZPS_RXNS","Rhizopus rouxianus","synonym without a current name, in no current source as a current name","taxonomy build (automatic, synonym without a current name)","2026-10-07"
"F_RHZPS_SLBR_INST","Rhizopus salebrosus instriatis","synonym without a current name, in no current source as a current name","taxonomy build (automatic, synonym without a current name)","2026-10-07"
"F_RHZPS_TODN","Rhizopus todeana","synonym without a current name, in no current source as a current name","taxonomy build (automatic, synonym without a current name)","2026-10-07"
"F_RHZPS_VLGR","Rhizopus vulgaris","synonym without a current name, in no current source as a current name","taxonomy build (automatic, synonym without a current name)","2026-10-07"
"F_SCCHR_BATT","Saccharomyces batatae","synonym without a current name, in no current source as a current name","taxonomy build (automatic, synonym without a current name)","2026-10-07"
"F_SCCHR_CRLS_MNCN","Saccharomyces carlsbergensis monacencis","synonym without a current name, in no current source as a current name","taxonomy build (automatic, synonym without a current name)","2026-10-07"
"F_SCCHR_CRLS_MNSH","Saccharomyces carlsbergensis manshuricus","synonym without a current name, in no current source as a current name","taxonomy build (automatic, synonym without a current name)","2026-10-07"
"F_SCCHR_CRVS_BLRD","Saccharomyces cerevisiae boulardii","synonym without a current name, in no current source as a current name","taxonomy build (automatic, synonym without a current name)","2026-10-07"
"F_SCCHR_ELLP_TYPC","Saccharomyces ellipsoideus typica","synonym without a current name, in no current source as a current name","taxonomy build (automatic, synonym without a current name)","2026-10-07"
"F_SCCHR_ITLC_ITLC","Saccharomyces italicus italicus","synonym without a current name, in no current source as a current name","taxonomy build (automatic, synonym without a current name)","2026-10-07"
"F_SCCHR_MNDS_II","Saccharomyces mandshuricus ii","synonym without a current name, in no current source as a current name","taxonomy build (automatic, synonym without a current name)","2026-10-07"
"F_SCCHR_MNDS_III","Saccharomyces mandshuricus iii","synonym without a current name, in no current source as a current name","taxonomy build (automatic, synonym without a current name)","2026-10-07"
"F_SCCHR_MNDS_IV","Saccharomyces mandshuricus iv","synonym without a current name, in no current source as a current name","taxonomy build (automatic, synonym without a current name)","2026-10-07"
"F_SCCHR_MNGN_CASE","Saccharomyces mangini casei","synonym without a current name, in no current source as a current name","taxonomy build (automatic, synonym without a current name)","2026-10-07"
"F_SCCHR_MNGN_MISO","Saccharomyces mangini miso","synonym without a current name, in no current source as a current name","taxonomy build (automatic, synonym without a current name)","2026-10-07"
"F_SCCHR_MNGN_MNGN","Saccharomyces mangini mangini","synonym without a current name, in no current source as a current name","taxonomy build (automatic, synonym without a current name)","2026-10-07"
"F_SCCHR_MNGN_TTRS","Saccharomyces mangini tetrasporus","synonym without a current name, in no current source as a current name","taxonomy build (automatic, synonym without a current name)","2026-10-07"
"F_SCCHR_OVFR_CHRN","Saccharomyces oviformis cheriensis","synonym without a current name, in no current source as a current name","taxonomy build (automatic, synonym without a current name)","2026-10-07"
"F_SCCHR_RBST","Saccharomyces robusta","synonym without a current name, in no current source as a current name","taxonomy build (automatic, synonym without a current name)","2026-10-07"
"F_SCCHR_VERN_OSLN","Saccharomyces veronae osloensis","synonym without a current name, in no current source as a current name","taxonomy build (automatic, synonym without a current name)","2026-10-07"
"F_SCCHR_VNMN","Saccharomyces vini-muntz","synonym without a current name, in no current source as a current name","taxonomy build (automatic, synonym without a current name)","2026-10-07"
"F_SCHFF_SHHT_INSC","Scheffersomyces shehatae insectosa","synonym without a current name, in no current source as a current name","taxonomy build (automatic, synonym without a current name)","2026-10-07"
"F_SCHFF_SHHT_LGNS","Scheffersomyces shehatae lignosa","synonym without a current name, in no current source as a current name","taxonomy build (automatic, synonym without a current name)","2026-10-07"
"F_SCLCB_MINM","Scolecobasidium minima","synonym without a current name, in no current source as a current name","taxonomy build (automatic, synonym without a current name)","2026-10-07"
"F_SCPLR_BANR","Scopulariopsis bainieri","synonym without a current name, in no current source as a current name","taxonomy build (automatic, synonym without a current name)","2026-10-07"
"F_SCPLR_BLLM","Scopulariopsis rubellum","synonym without a current name, in no current source as a current name","taxonomy build (automatic, synonym without a current name)","2026-10-07"
"F_SCPLR_BRVC_HMNS","Scopulariopsis brevicaule hominis","synonym without a current name, in no current source as a current name","taxonomy build (automatic, synonym without a current name)","2026-10-07"
"F_SCPLR_CRRM","Scopulariopsis stercorarium","synonym without a current name, in no current source as a current name","taxonomy build (automatic, synonym without a current name)","2026-10-07"
"F_SCPLR_EPGM","Scopulariopsis epigaeum","synonym without a current name, in no current source as a current name","taxonomy build (automatic, synonym without a current name)","2026-10-07"
"F_SCPLR_SCPL","Scopulariopsis scopulariopsis","synonym without a current name, in no current source as a current name","taxonomy build (automatic, synonym without a current name)","2026-10-07"
"F_SCPLR_TVRM","Scopulariopsis insectivorum","synonym without a current name, in no current source as a current name","taxonomy build (automatic, synonym without a current name)","2026-10-07"
"F_SCYTL_CUBDM","Scytalidium cubodeum","synonym without a current name, in no current source as a current name","taxonomy build (automatic, synonym without a current name)","2026-10-07"
"F_SPRBL_MTRS","Sporobolomyces metaroseus","synonym without a current name, in no current source as a current name","taxonomy build (automatic, synonym without a current name)","2026-10-07"
"F_SPRBL_PLVR","Sporobolomyces pulverulentus","synonym without a current name, in no current source as a current name","taxonomy build (automatic, synonym without a current name)","2026-10-07"
"F_SPRBL_RBRA","Sporobolomyces rubra","synonym without a current name, in no current source as a current name","taxonomy build (automatic, synonym without a current name)","2026-10-07"
"F_SPRBL_RPHS_PHTG","Sporobolomyces photographus photographus","synonym without a current name, in no current source as a current name","taxonomy build (automatic, synonym without a current name)","2026-10-07"
"F_SPRBL_SLMN_ALBS","Sporobolomyces salmonicolor albus","synonym without a current name, in no current source as a current name","taxonomy build (automatic, synonym without a current name)","2026-10-07"
"F_SPRBL_SOML","Sporobolomyces somala","synonym without a current name, in no current source as a current name","taxonomy build (automatic, synonym without a current name)","2026-10-07"
"F_SPRTH_AERG","Sporothrix aeruginosum","synonym without a current name, in no current source as a current name","taxonomy build (automatic, synonym without a current name)","2026-10-07"
"F_SPRTH_AERG_MCRS","Sporothrix aeruginosum microsporum","synonym without a current name, in no current source as a current name","taxonomy build (automatic, synonym without a current name)","2026-10-07"
"F_SPRTH_BRMN_ASTR","Sporothrix beurmannii asteroides","synonym without a current name, in no current source as a current name","taxonomy build (automatic, synonym without a current name)","2026-10-07"
"F_SPRTH_BRMN_FICC","Sporothrix beurmannii fioccoi","synonym without a current name, in no current source as a current name","taxonomy build (automatic, synonym without a current name)","2026-10-07"
"F_SPRTH_BRMN_JNSL","Sporothrix beurmannii janselmei","synonym without a current name, in no current source as a current name","taxonomy build (automatic, synonym without a current name)","2026-10-07"
"F_SPRTH_BRMN_NCKI","Sporothrix beurmannii schenckii","synonym without a current name, in no current source as a current name","taxonomy build (automatic, synonym without a current name)","2026-10-07"
"F_SPRTH_BRMN_NDCM","Sporothrix beurmannii indicum","synonym without a current name, in no current source as a current name","taxonomy build (automatic, synonym without a current name)","2026-10-07"
"F_SPRTH_BRMN_SCHN","Sporothrix beurmannii schencki","synonym without a current name, in no current source as a current name","taxonomy build (automatic, synonym without a current name)","2026-10-07"
"F_SPRTH_BRMN_SLMI","Sporothrix beurmannii jeanselmei","synonym without a current name, in no current source as a current name","taxonomy build (automatic, synonym without a current name)","2026-10-07"
"F_SPRTH_CLMN","Sporothrix columnare","synonym without a current name, in no current source as a current name","taxonomy build (automatic, synonym without a current name)","2026-10-07"
"F_SPRTH_EQUI","Sporothrix equi","synonym without a current name, in no current source as a current name","taxonomy build (automatic, synonym without a current name)","2026-10-07"
"F_SPRTH_FNSC","Sporothrix fonsecae","synonym without a current name, in no current source as a current name","taxonomy build (automatic, synonym without a current name)","2026-10-07"
"F_SPRTH_GSSY_RBST","Sporothrix gossypina robusta","synonym without a current name, in no current source as a current name","taxonomy build (automatic, synonym without a current name)","2026-10-07"
"F_SPRTH_INDC","Sporothrix indicum","synonym without a current name, in no current source as a current name","taxonomy build (automatic, synonym without a current name)","2026-10-07"
"F_SPRTH_JNSL","Sporothrix jeanselmei","synonym without a current name, in no current source as a current name","taxonomy build (automatic, synonym without a current name)","2026-10-07"
"F_SPRTH_SCHB_BRMN","Sporothrix schenckii-beurmannii beurmannii","synonym without a current name, in no current source as a current name","taxonomy build (automatic, synonym without a current name)","2026-10-07"
"F_SPRTH_SCHB_SCHN","Sporothrix schenckii-beurmannii schenckii","synonym without a current name, in no current source as a current name","taxonomy build (automatic, synonym without a current name)","2026-10-07"
"F_SPRTH_SCHN_BMNN","Sporothrix schenckii beaumannii","synonym without a current name, in no current source as a current name","taxonomy build (automatic, synonym without a current name)","2026-10-07"
"F_SPRTH_SCHN_BRMN","Sporothrix schenckii beurmannii","synonym without a current name, in no current source as a current name","taxonomy build (automatic, synonym without a current name)","2026-10-07"
"F_SPRTH_SCHN_FICC","Sporothrix schenckii fioccoi","synonym without a current name, in no current source as a current name","taxonomy build (automatic, synonym without a current name)","2026-10-07"
"F_SPRTH_SCHN_GRCN","Sporothrix schenckii greconis","synonym without a current name, in no current source as a current name","taxonomy build (automatic, synonym without a current name)","2026-10-07"
"F_SPRTH_SCPL","Sporothrix scopula","synonym without a current name, in no current source as a current name","taxonomy build (automatic, synonym without a current name)","2026-10-07"
"F_SPRTH_SNGN","Sporothrix sanguinea","synonym without a current name, in no current source as a current name","taxonomy build (automatic, synonym without a current name)","2026-10-07"
"F_SPRTH_SPRM","Sporothrix echinosporum","synonym without a current name, in no current source as a current name","taxonomy build (automatic, synonym without a current name)","2026-10-07"
"F_SPRTH_TRPC","Sporothrix tropicale","synonym without a current name, in no current source as a current name","taxonomy build (automatic, synonym without a current name)","2026-10-07"
"F_SPRTH_VRTC","Sporothrix verticilloides","synonym without a current name, in no current source as a current name","taxonomy build (automatic, synonym without a current name)","2026-10-07"
"F_SPRTR_CRTRF","Sporotrichum crateriformis","synonym without a current name, in no current source as a current name","taxonomy build (automatic, synonym without a current name)","2026-10-07"
"F_SPRTR_FNSTR","Sporotrichum fenestralis","synonym without a current name, in no current source as a current name","taxonomy build (automatic, synonym without a current name)","2026-10-07"
"F_SPRTR_LTBR","Sporotrichum latebrarum","synonym without a current name, in no current source as a current name","taxonomy build (automatic, synonym without a current name)","2026-10-07"
"F_SPRTR_SNGN","Sporotrichum sanguineum","synonym without a current name, in no current source as a current name","taxonomy build (automatic, synonym without a current name)","2026-10-07"
"F_STCHY_ATRA_BRVC","Stachybotrys atra brevicaulis","synonym without a current name, in no current source as a current name","taxonomy build (automatic, synonym without a current name)","2026-10-07"
"F_STCHY_ATRA_LBLT","Stachybotrys atra lobulata","synonym without a current name, in no current source as a current name","taxonomy build (automatic, synonym without a current name)","2026-10-07"
"F_STCHY_ATRR","Stachybotrys aterrima","synonym without a current name, in no current source as a current name","taxonomy build (automatic, synonym without a current name)","2026-10-07"
"F_STCHY_BGTT","Stachybotrys biguttatum","synonym without a current name, in no current source as a current name","taxonomy build (automatic, synonym without a current name)","2026-10-07"
"F_STCHY_BLTS_ANGS","Stachybotrys lobulatus angustisporus","synonym without a current name, in no current source as a current name","taxonomy build (automatic, synonym without a current name)","2026-10-07"
"F_STCHY_CHRTM","Stachybotrys charatum","synonym without a current name, in no current source as a current name","taxonomy build (automatic, synonym without a current name)","2026-10-07"
"F_STCHY_ECHNT","Stachybotrys echinata","synonym without a current name, in no current source as a current name","taxonomy build (automatic, synonym without a current name)","2026-10-07"
"F_STCHY_HNTM","Stachybotrys echinatum","synonym without a current name, in no current source as a current name","taxonomy build (automatic, synonym without a current name)","2026-10-07"
"F_STCHY_LBLT_ANGS","Stachybotrys lobulata angustispora","synonym without a current name, in no current source as a current name","taxonomy build (automatic, synonym without a current name)","2026-10-07"
"F_STCHY_LEPRS","Stachybotrys leprosa","synonym without a current name, in no current source as a current name","taxonomy build (automatic, synonym without a current name)","2026-10-07"
"F_STCHY_LNGST","Stachybotrys longistipitata","synonym without a current name, in no current source as a current name","taxonomy build (automatic, synonym without a current name)","2026-10-07"
"F_STCHY_LVSPR","Stachybotrys levispora","synonym without a current name, in no current source as a current name","taxonomy build (automatic, synonym without a current name)","2026-10-07"
"F_STCHY_NVZL","Stachybotrys novae-zelandiae","synonym without a current name, in no current source as a current name","taxonomy build (automatic, synonym without a current name)","2026-10-07"
"F_SYNCP_RCMS_PCSP","Syncephalastrum racemosum paucisporum","synonym without a current name, in no current source as a current name","taxonomy build (automatic, synonym without a current name)","2026-10-07"
"F_TLRMY_ACLT_APCL","Talaromyces aculeatum apiculatum","synonym without a current name, in no current source as a current name","taxonomy build (automatic, synonym without a current name)","2026-10-07"
"F_TLRMY_ARCP","Talaromyces aureocephalum","synonym without a current name, in no current source as a current name","taxonomy build (automatic, synonym without a current name)","2026-10-07"
"F_TLRMY_BCLL","Talaromyces bacillisporum","synonym without a current name, in no current source as a current name","taxonomy build (automatic, synonym without a current name)","2026-10-07"
"F_TLRMY_CHRY","Talaromyces chrysitis","synonym without a current name, in no current source as a current name","taxonomy build (automatic, synonym without a current name)","2026-10-07"
"F_TLRMY_CLVG","Talaromyces clavigerum","synonym without a current name, in no current source as a current name","taxonomy build (automatic, synonym without a current name)","2026-10-07"
"F_TLRMY_CNCV","Talaromyces concavorugulosum","synonym without a current name, in no current source as a current name","taxonomy build (automatic, synonym without a current name)","2026-10-07"
"F_TLRMY_CRTR","Talaromyces crateriforme","synonym without a current name, in no current source as a current name","taxonomy build (automatic, synonym without a current name)","2026-10-07"
"F_TLRMY_DNGR","Talaromyces dangeardii","synonym without a current name, in no current source as a current name","taxonomy build (automatic, synonym without a current name)","2026-10-07"
"F_TLRMY_ECHN","Talaromyces echinosporum","synonym without a current name, in no current source as a current name","taxonomy build (automatic, synonym without a current name)","2026-10-07"
"F_TLRMY_ELNG","Talaromyces elongatum","synonym without a current name, in no current source as a current name","taxonomy build (automatic, synonym without a current name)","2026-10-07"
"F_TLRMY_EMMN","Talaromyces emmonsii","synonym without a current name, in no current source as a current name","taxonomy build (automatic, synonym without a current name)","2026-10-07"
"F_TLRMY_INDC_MAJR","Talaromyces indicus major","synonym without a current name, in no current source as a current name","taxonomy build (automatic, synonym without a current name)","2026-10-07"
"F_TLRMY_KLCK","Talaromyces kloeckeri","synonym without a current name, in no current source as a current name","taxonomy build (automatic, synonym without a current name)","2026-10-07"
"F_TLRMY_KRSM","Talaromyces korosum","synonym without a current name, in no current source as a current name","taxonomy build (automatic, synonym without a current name)","2026-10-07"
"F_TLRMY_LTRN","Talaromyces luteoaurantium","synonym without a current name, in no current source as a current name","taxonomy build (automatic, synonym without a current name)","2026-10-07"
"F_TLRMY_MCRS","Talaromyces macrosporum","synonym without a current name, in no current source as a current name","taxonomy build (automatic, synonym without a current name)","2026-10-07"
"F_TLRMY_PCSP","Talaromyces paucispora","synonym without a current name, in no current source as a current name","taxonomy build (automatic, synonym without a current name)","2026-10-07"
"F_TLRMY_PHLSP","Talaromyces phialosporum","synonym without a current name, in no current source as a current name","taxonomy build (automatic, synonym without a current name)","2026-10-07"
"F_TLRMY_PRPR_RBRS","Talaromyces purpureogenum rubri-sclerotium","synonym without a current name, in no current source as a current name","taxonomy build (automatic, synonym without a current name)","2026-10-07"
"F_TLRMY_RGLS_ATRC","Talaromyces rugulosum atricola","synonym without a current name, in no current source as a current name","taxonomy build (automatic, synonym without a current name)","2026-10-07"
"F_TLRMY_RGLS_LEVE","Talaromyces rugulosum leve","synonym without a current name, in no current source as a current name","taxonomy build (automatic, synonym without a current name)","2026-10-07"
"F_TLRMY_RGLS_LNZN","Talaromyces rugulosum lunzinense","synonym without a current name, in no current source as a current name","taxonomy build (automatic, synonym without a current name)","2026-10-07"
"F_TLRMY_RGLS_RCLM","Talaromyces rugulosum atricolum","synonym without a current name, in no current source as a current name","taxonomy build (automatic, synonym without a current name)","2026-10-07"
"F_TLRMY_SPRL","Talaromyces spirillum","synonym without a current name, in no current source as a current name","taxonomy build (automatic, synonym without a current name)","2026-10-07"
"F_TLRMY_TRDM","Talaromyces tardum","synonym without a current name, in no current source as a current name","taxonomy build (automatic, synonym without a current name)","2026-10-07"
"F_TLRMY_VRMC","Talaromyces vermiculatum","synonym without a current name, in no current source as a current name","taxonomy build (automatic, synonym without a current name)","2026-10-07"
"F_TLRMY_VRMC_VRMC","Talaromyces vermiculatum vermiculatum","synonym without a current name, in no current source as a current name","taxonomy build (automatic, synonym without a current name)","2026-10-07"
"F_TLRMY_VRSM_AURM","Talaromyces diversum aureum","synonym without a current name, in no current source as a current name","taxonomy build (automatic, synonym without a current name)","2026-10-07"
"F_TRCHD_ALBA","Trichoderma alba","synonym without a current name, in no current source as a current name","taxonomy build (automatic, synonym without a current name)","2026-10-07"
"F_TRCHD_ARVRD_MCRS","Trichoderma aureoviridis macrospora","synonym without a current name, in no current source as a current name","taxonomy build (automatic, synonym without a current name)","2026-10-07"
"F_TRCHD_ATRVR","Trichoderma atroviridae","synonym without a current name, in no current source as a current name","taxonomy build (automatic, synonym without a current name)","2026-10-07"
"F_TRCHD_CCSS","Trichoderma succisus","synonym without a current name, in no current source as a current name","taxonomy build (automatic, synonym without a current name)","2026-10-07"
"F_TRCHD_CHRY","Trichoderma chrysofulva","synonym without a current name, in no current source as a current name","taxonomy build (automatic, synonym without a current name)","2026-10-07"
"F_TRCHD_CITRN_AMRC","Trichoderma citrina americana","synonym without a current name, in no current source as a current name","taxonomy build (automatic, synonym without a current name)","2026-10-07"
"F_TRCHD_CITRN_FNGC","Trichoderma citrina fungicola","synonym without a current name, in no current source as a current name","taxonomy build (automatic, synonym without a current name)","2026-10-07"
"F_TRCHD_CITRN_OCHR","Trichoderma citrina ochracea","synonym without a current name, in no current source as a current name","taxonomy build (automatic, synonym without a current name)","2026-10-07"
"F_TRCHD_CLVT","Trichoderma clavata","synonym without a current name, in no current source as a current name","taxonomy build (automatic, synonym without a current name)","2026-10-07"
"F_TRCHD_CRRGT","Trichoderma corrugata","synonym without a current name, in no current source as a current name","taxonomy build (automatic, synonym without a current name)","2026-10-07"
"F_TRCHD_DANC","Trichoderma danica","synonym without a current name, in no current source as a current name","taxonomy build (automatic, synonym without a current name)","2026-10-07"
"F_TRCHD_ELLP","Trichoderma ellipticum","synonym without a current name, in no current source as a current name","taxonomy build (automatic, synonym without a current name)","2026-10-07"
"F_TRCHD_ERBS","Trichoderma erubescens","synonym without a current name, in no current source as a current name","taxonomy build (automatic, synonym without a current name)","2026-10-07"
"F_TRCHD_FNGC","Trichoderma fungicola","synonym without a current name, in no current source as a current name","taxonomy build (automatic, synonym without a current name)","2026-10-07"
"F_TRCHD_FNGC_RADL","Trichoderma fungicola raduli","synonym without a current name, in no current source as a current name","taxonomy build (automatic, synonym without a current name)","2026-10-07"
"F_TRCHD_FRGLS","Trichoderma fragilis","synonym without a current name, in no current source as a current name","taxonomy build (automatic, synonym without a current name)","2026-10-07"
"F_TRCHD_FRME","Trichoderma pulviniforme","synonym without a current name, in no current source as a current name","taxonomy build (automatic, synonym without a current name)","2026-10-07"
"F_TRCHD_FRNS","Trichoderma farinosa","synonym without a current name, in no current source as a current name","taxonomy build (automatic, synonym without a current name)","2026-10-07"
"F_TRCHD_GLTNS_LUTE","Trichoderma gelatinosa lutea","synonym without a current name, in no current source as a current name","taxonomy build (automatic, synonym without a current name)","2026-10-07"
"F_TRCHD_HMTM_CNDD","Trichoderma hamatum candidum","synonym without a current name, in no current source as a current name","taxonomy build (automatic, synonym without a current name)","2026-10-07"
"F_TRCHD_HSPNC","Trichoderma hispanica","synonym without a current name, in no current source as a current name","taxonomy build (automatic, synonym without a current name)","2026-10-07"
"F_TRCHD_HXSPR","Trichoderma hexaspora","synonym without a current name, in no current source as a current name","taxonomy build (automatic, synonym without a current name)","2026-10-07"
"F_TRCHD_JCRN","Trichoderma jecorina","synonym without a current name, in no current source as a current name","taxonomy build (automatic, synonym without a current name)","2026-10-07"
"F_TRCHD_KRST","Trichoderma karsteniana","synonym without a current name, in no current source as a current name","taxonomy build (automatic, synonym without a current name)","2026-10-07"
"F_TRCHD_LGNR_AURM","Trichoderma lignorum aureum","synonym without a current name, in no current source as a current name","taxonomy build (automatic, synonym without a current name)","2026-10-07"
"F_TRCHD_LGNR_VLGR","Trichoderma lignorum vulgare","synonym without a current name, in no current source as a current name","taxonomy build (automatic, synonym without a current name)","2026-10-07"
"F_TRCHD_LTZNT","Trichoderma latizonata","synonym without a current name, in no current source as a current name","taxonomy build (automatic, synonym without a current name)","2026-10-07"
"F_TRCHD_LUTE","Trichoderma lutea","synonym without a current name, in no current source as a current name","taxonomy build (automatic, synonym without a current name)","2026-10-07"
"F_TRCHD_MCRC","Trichoderma microcitrina","synonym without a current name, in no current source as a current name","taxonomy build (automatic, synonym without a current name)","2026-10-07"
"F_TRCHD_MCRS","Trichoderma microspermum","synonym without a current name, in no current source as a current name","taxonomy build (automatic, synonym without a current name)","2026-10-07"
"F_TRCHD_MGLCT","Trichoderma megalocitrina","synonym without a current name, in no current source as a current name","taxonomy build (automatic, synonym without a current name)","2026-10-07"
"F_TRCHD_MNLLA","Trichoderma straminella","synonym without a current name, in no current source as a current name","taxonomy build (automatic, synonym without a current name)","2026-10-07"
"F_TRCHD_NERF","Trichoderma neorufa","synonym without a current name, in no current source as a current name","taxonomy build (automatic, synonym without a current name)","2026-10-07"
"F_TRCHD_NLSS","Trichoderma spinulosus","synonym without a current name, in no current source as a current name","taxonomy build (automatic, synonym without a current name)","2026-10-07"
"F_TRCHD_NTLS","Trichoderma orientalis","synonym without a current name, in no current source as a current name","taxonomy build (automatic, synonym without a current name)","2026-10-07"
"F_TRCHD_NYBRG","Trichoderma nybergiana","synonym without a current name, in no current source as a current name","taxonomy build (automatic, synonym without a current name)","2026-10-07"
"F_TRCHD_OCHRL","Trichoderma ochroleuca","synonym without a current name, in no current source as a current name","taxonomy build (automatic, synonym without a current name)","2026-10-07"
"F_TRCHD_PELTT","Trichoderma peltata","synonym without a current name, in no current source as a current name","taxonomy build (automatic, synonym without a current name)","2026-10-07"
"F_TRCHD_PLSA","Trichoderma longipilosa","synonym without a current name, in no current source as a current name","taxonomy build (automatic, synonym without a current name)","2026-10-07"
"F_TRCHD_PLVNT_SRLS","Trichoderma pulvinata serialis","synonym without a current name, in no current source as a current name","taxonomy build (automatic, synonym without a current name)","2026-10-07"
"F_TRCHD_PRTPL","Trichoderma protopulvinata","synonym without a current name, in no current source as a current name","taxonomy build (automatic, synonym without a current name)","2026-10-07"
"F_TRCHD_PTLL_TRPC","Trichoderma patella tropica","synonym without a current name, in no current source as a current name","taxonomy build (automatic, synonym without a current name)","2026-10-07"
"F_TRCHD_RDDS","Trichoderma sordidus","synonym without a current name, in no current source as a current name","taxonomy build (automatic, synonym without a current name)","2026-10-07"
"F_TRCHD_RGNS","Trichoderma rigens","synonym without a current name, in no current source as a current name","taxonomy build (automatic, synonym without a current name)","2026-10-07"
"F_TRCHD_RGNS_CNTR","Trichoderma rigens contorta","synonym without a current name, in no current source as a current name","taxonomy build (automatic, synonym without a current name)","2026-10-07"
"F_TRCHD_RLSM_ERBS","Trichoderma sporulosum erubescens","synonym without a current name, in no current source as a current name","taxonomy build (automatic, synonym without a current name)","2026-10-07"
"F_TRCHD_RUFA","Trichoderma rufa","synonym without a current name, in no current source as a current name","taxonomy build (automatic, synonym without a current name)","2026-10-07"
"F_TRCHD_RUFA_DSCD","Trichoderma rufa discoidea","synonym without a current name, in no current source as a current name","taxonomy build (automatic, synonym without a current name)","2026-10-07"
"F_TRCHD_RUFA_FRMS","Trichoderma rufa formosana","synonym without a current name, in no current source as a current name","taxonomy build (automatic, synonym without a current name)","2026-10-07"
"F_TRCHD_RUFA_LTRT","Trichoderma rufa lateritia","synonym without a current name, in no current source as a current name","taxonomy build (automatic, synonym without a current name)","2026-10-07"
"F_TRCHD_RUFA_MINR","Trichoderma rufa minor","synonym without a current name, in no current source as a current name","taxonomy build (automatic, synonym without a current name)","2026-10-07"
"F_TRCHD_RUFA_RUFA","Trichoderma rufa rufa","synonym without a current name, in no current source as a current name","taxonomy build (automatic, synonym without a current name)","2026-10-07"
"F_TRCHD_RUFA_SBLT","Trichoderma rufa sublateritia","synonym without a current name, in no current source as a current name","taxonomy build (automatic, synonym without a current name)","2026-10-07"
"F_TRCHD_RUFA_STRL","Trichoderma rufa sterilis","synonym without a current name, in no current source as a current name","taxonomy build (automatic, synonym without a current name)","2026-10-07"
"F_TRCHD_RUFA_UMBR","Trichoderma rufa umbrina","synonym without a current name, in no current source as a current name","taxonomy build (automatic, synonym without a current name)","2026-10-07"
"F_TRCHD_SBTRC","Trichoderma subtrachycarpa","synonym without a current name, in no current source as a current name","taxonomy build (automatic, synonym without a current name)","2026-10-07"
"F_TRCHD_SBTRCH","Trichoderma subtrachycarpus","synonym without a current name, in no current source as a current name","taxonomy build (automatic, synonym without a current name)","2026-10-07"
"F_TRCHD_SCHW","Trichoderma schweinitzii","synonym without a current name, in no current source as a current name","taxonomy build (automatic, synonym without a current name)","2026-10-07"
"F_TRCHD_SGMN","Trichoderma sagamiensis","synonym without a current name, in no current source as a current name","taxonomy build (automatic, synonym without a current name)","2026-10-07"
"F_TRCHD_SLFR","Trichoderma sulfurea","synonym without a current name, in no current source as a current name","taxonomy build (automatic, synonym without a current name)","2026-10-07"
"F_TRCHD_SLPHR","Trichoderma sulphurea","synonym without a current name, in no current source as a current name","taxonomy build (automatic, synonym without a current name)","2026-10-07"
"F_TRCHD_SLPHR_MCRS","Trichoderma sulphurea macrospora","synonym without a current name, in no current source as a current name","taxonomy build (automatic, synonym without a current name)","2026-10-07"
"F_TRCHD_SNSS","Trichoderma sulawesensis","synonym without a current name, in no current source as a current name","taxonomy build (automatic, synonym without a current name)","2026-10-07"
"F_TRCHD_SORDD","Trichoderma sordida","synonym without a current name, in no current source as a current name","taxonomy build (automatic, synonym without a current name)","2026-10-07"
"F_TRCHD_SPNL","Trichoderma spinulosa","synonym without a current name, in no current source as a current name","taxonomy build (automatic, synonym without a current name)","2026-10-07"
"F_TRCHD_STLLT","Trichoderma stellata","synonym without a current name, in no current source as a current name","taxonomy build (automatic, synonym without a current name)","2026-10-07"
"F_TRCHD_STRCT","Trichoderma strictipilosa","synonym without a current name, in no current source as a current name","taxonomy build (automatic, synonym without a current name)","2026-10-07"
"F_TRCHD_TAWA_MCRS","Trichoderma tawa microspora","synonym without a current name, in no current source as a current name","taxonomy build (automatic, synonym without a current name)","2026-10-07"
"F_TRCHD_TCDS","Trichoderma corticioides","synonym without a current name, in no current source as a current name","taxonomy build (automatic, synonym without a current name)","2026-10-07"
"F_TRCHD_TRCHY","Trichoderma trachycarpa","synonym without a current name, in no current source as a current name","taxonomy build (automatic, synonym without a current name)","2026-10-07"
"F_TRCHD_TRCHYC","Trichoderma trachycarpus","synonym without a current name, in no current source as a current name","taxonomy build (automatic, synonym without a current name)","2026-10-07"
"F_TRCHD_TRTA","Trichoderma contorta","synonym without a current name, in no current source as a current name","taxonomy build (automatic, synonym without a current name)","2026-10-07"
"F_TRCHD_VLGR","Trichoderma vulgaris","synonym without a current name, in no current source as a current name","taxonomy build (automatic, synonym without a current name)","2026-10-07"
"F_TRCHD_VRSCN","Trichoderma virescentiflava","synonym without a current name, in no current source as a current name","taxonomy build (automatic, synonym without a current name)","2026-10-07"
"F_TRCHD_XSPRS","Trichoderma hexasporus","synonym without a current name, in no current source as a current name","taxonomy build (automatic, synonym without a current name)","2026-10-07"
"F_TRCHP_ABSS","Trichophyton abissinica","synonym without a current name, in no current source as a current name","taxonomy build (automatic, synonym without a current name)","2026-10-07"
"F_TRCHP_ABYS","Trichophyton abyssinicum","synonym without a current name, in no current source as a current name","taxonomy build (automatic, synonym without a current name)","2026-10-07"
"F_TRCHP_ACHR","Trichophyton achorion","synonym without a current name, in no current source as a current name","taxonomy build (automatic, synonym without a current name)","2026-10-07"
"F_TRCHP_ACMN","Trichophyton acuminata","synonym without a current name, in no current source as a current name","taxonomy build (automatic, synonym without a current name)","2026-10-07"
"F_TRCHP_AJLL_NANS","Trichophyton ajelloi nanus","synonym without a current name, in no current source as a current name","taxonomy build (automatic, synonym without a current name)","2026-10-07"
"F_TRCHP_ALBA","Trichophyton alba","synonym without a current name, in no current source as a current name","taxonomy build (automatic, synonym without a current name)","2026-10-07"
"F_TRCHP_ALBM_SNGL","Trichophyton album singulare","synonym without a current name, in no current source as a current name","taxonomy build (automatic, synonym without a current name)","2026-10-07"
"F_TRCHP_BALCN","Trichophyton balcanea","synonym without a current name, in no current source as a current name","taxonomy build (automatic, synonym without a current name)","2026-10-07"
"F_TRCHP_CLTS","Trichophyton denticulatus","synonym without a current name, in no current source as a current name","taxonomy build (automatic, synonym without a current name)","2026-10-07"
"F_TRCHP_DNTCL","Trichophyton denticulata","synonym without a current name, in no current source as a current name","taxonomy build (automatic, synonym without a current name)","2026-10-07"
"F_TRCHP_EFFR","Trichophyton effracta","synonym without a current name, in no current source as a current name","taxonomy build (automatic, synonym without a current name)","2026-10-07"
"F_TRCHP_EQNS","Trichophyton equinus","synonym without a current name, in no current source as a current name","taxonomy build (automatic, synonym without a current name)","2026-10-07"
"F_TRCHP_FLNM_DNTC","Trichophyton felineum denticulatum","synonym without a current name, in no current source as a current name","taxonomy build (automatic, synonym without a current name)","2026-10-07"
"F_TRCHP_FRMS","Trichophyton plurizoniformis","synonym without a current name, in no current source as a current name","taxonomy build (automatic, synonym without a current name)","2026-10-07"
"F_TRCHP_GFSS","Trichophyton longifusus","synonym without a current name, in no current source as a current name","taxonomy build (automatic, synonym without a current name)","2026-10-07"
"F_TRCHP_GLABR","Trichophyton glabra","synonym without a current name, in no current source as a current name","taxonomy build (automatic, synonym without a current name)","2026-10-07"
"F_TRCHP_GRNL","Trichophyton granulosa","synonym without a current name, in no current source as a current name","taxonomy build (automatic, synonym without a current name)","2026-10-07"
"F_TRCHP_INDIC","Trichophyton indica","synonym without a current name, in no current source as a current name","taxonomy build (automatic, synonym without a current name)","2026-10-07"
"F_TRCHP_INTR_ROSM","Trichophyton interdigitale roseum","synonym without a current name, in no current source as a current name","taxonomy build (automatic, synonym without a current name)","2026-10-07"
"F_TRCHP_MNTG_CHBN","Trichophyton mentagrophytes chibaense","synonym without a current name, in no current source as a current name","taxonomy build (automatic, synonym without a current name)","2026-10-07"
"F_TRCHP_MNTG_RDLT","Trichophyton mentagrophytes radiolatum","synonym without a current name, in no current source as a current name","taxonomy build (automatic, synonym without a current name)","2026-10-07"
"F_TRCHP_NLSS","Trichophyton granulosus","synonym without a current name, in no current source as a current name","taxonomy build (automatic, synonym without a current name)","2026-10-07"
"F_TRCHP_OCHR","Trichophyton ochracea","synonym without a current name, in no current source as a current name","taxonomy build (automatic, synonym without a current name)","2026-10-07"
"F_TRCHP_PURPR","Trichophyton purpurea","synonym without a current name, in no current source as a current name","taxonomy build (automatic, synonym without a current name)","2026-10-07"
"F_TRCHP_RUBR_ALBS","Trichophyton ruber albus","synonym without a current name, in no current source as a current name","taxonomy build (automatic, synonym without a current name)","2026-10-07"
"F_TRCHP_RUBR_BLNC","Trichophyton ruber blanche","synonym without a current name, in no current source as a current name","taxonomy build (automatic, synonym without a current name)","2026-10-07"
"F_TRCHP_SCHN_MNGL","Trichophyton schoenleinii mongolica","synonym without a current name, in no current source as a current name","taxonomy build (automatic, synonym without a current name)","2026-10-07"
"F_TRCHP_SPDC","Trichophyton spadicea","synonym without a current name, in no current source as a current name","taxonomy build (automatic, synonym without a current name)","2026-10-07"
"F_TRCHP_UNCN","Trichophyton uncinatum","synonym without a current name, in no current source as a current name","taxonomy build (automatic, synonym without a current name)","2026-10-07"
"F_TRCHP_VLCM_CCCN","Trichophyton violaceum coccinatum","synonym without a current name, in no current source as a current name","taxonomy build (automatic, synonym without a current name)","2026-10-07"
"F_TRCHP_VLCM_MRGN","Trichophyton violaceum marginatum","synonym without a current name, in no current source as a current name","taxonomy build (automatic, synonym without a current name)","2026-10-07"
"F_TRCHP_YPSS","Trichophyton gypseus","synonym without a current name, in no current source as a current name","taxonomy build (automatic, synonym without a current name)","2026-10-07"
"F_TRCHS_ASAH_CRMF","Trichosporon asahii coremiformis","synonym without a current name, in no current source as a current name","taxonomy build (automatic, synonym without a current name)","2026-10-07"
"F_TRCHS_ASAH_FCLS","Trichosporon asahii faecalis","synonym without a current name, in no current source as a current name","taxonomy build (automatic, synonym without a current name)","2026-10-07"
"F_TRCHS_CTNM_INFS","Trichosporon cutaneum infestans","synonym without a current name, in no current source as a current name","taxonomy build (automatic, synonym without a current name)","2026-10-07"
"F_TRCHS_CTNM_PENS","Trichosporon cutaneum peneaus","synonym without a current name, in no current source as a current name","taxonomy build (automatic, synonym without a current name)","2026-10-07"
"F_TRCHS_MALI_FCLS","Trichosporon mali faecalis","synonym without a current name, in no current source as a current name","taxonomy build (automatic, synonym without a current name)","2026-10-07"
"F_USTLG_AELR","Ustilago aeluropi","synonym without a current name, in no current source as a current name","taxonomy build (automatic, synonym without a current name)","2026-10-07"
"F_USTLG_CARB_VLGR","Ustilago carbo vulgaris","synonym without a current name, in no current source as a current name","taxonomy build (automatic, synonym without a current name)","2026-10-07"
"F_USTLG_CLMGR","Ustilago calamagrostis","synonym without a current name, in no current source as a current name","taxonomy build (automatic, synonym without a current name)","2026-10-07"
"F_USTLG_CLSM","Ustilago utriculosum","synonym without a current name, in no current source as a current name","taxonomy build (automatic, synonym without a current name)","2026-10-07"
"F_USTLG_CLSS","Ustilago utriculosus","synonym without a current name, in no current source as a current name","taxonomy build (automatic, synonym without a current name)","2026-10-07"
"F_USTLG_CNCR","Ustilago concortica","synonym without a current name, in no current source as a current name","taxonomy build (automatic, synonym without a current name)","2026-10-07"
"F_USTLG_DBRY","Ustilago debaryana","synonym without a current name, in no current source as a current name","taxonomy build (automatic, synonym without a current name)","2026-10-07"
"F_USTLG_DNTR","Ustilago de-notarisii","synonym without a current name, in no current source as a current name","taxonomy build (automatic, synonym without a current name)","2026-10-07"
"F_USTLG_PMPH_TULP","Ustilago pompholygodes tulipae","synonym without a current name, in no current source as a current name","taxonomy build (automatic, synonym without a current name)","2026-10-07"
"F_USTLG_PTHC","Ustilago pithecellobiicola","synonym without a current name, in no current source as a current name","taxonomy build (automatic, synonym without a current name)","2026-10-07"
"F_USTLG_RVNM","Ustilago peruvianum","synonym without a current name, in no current source as a current name","taxonomy build (automatic, synonym without a current name)","2026-10-07"
"F_USTLG_VERA_AVEN","Ustilago vera avenae","synonym without a current name, in no current source as a current name","taxonomy build (automatic, synonym without a current name)","2026-10-07"
"F_USTLG_VERA_HLCA","Ustilago vera holci-avenacei","synonym without a current name, in no current source as a current name","taxonomy build (automatic, synonym without a current name)","2026-10-07"
"F_USTLG_VERA_HORD","Ustilago vera hordei","synonym without a current name, in no current source as a current name","taxonomy build (automatic, synonym without a current name)","2026-10-07"
"F_USTLG_VERA_TRTC","Ustilago vera tritici","synonym without a current name, in no current source as a current name","taxonomy build (automatic, synonym without a current name)","2026-10-07"
"F_WALLM_EPIZ","Wallemia epizoa","synonym without a current name, in no current source as a current name","taxonomy build (automatic, synonym without a current name)","2026-10-07"
"F_WALLM_EPIZ_MURI","Wallemia epizoa muriae","synonym without a current name, in no current source as a current name","taxonomy build (automatic, synonym without a current name)","2026-10-07"
"F_WALLM_EPZM","Wallemia epizoum","synonym without a current name, in no current source as a current name","taxonomy build (automatic, synonym without a current name)","2026-10-07"
"F_WALLM_FLGN","Wallemia fuliginea","synonym without a current name, in no current source as a current name","taxonomy build (automatic, synonym without a current name)","2026-10-07"
"F_WALLM_SCCH","Wallemia sacchari","synonym without a current name, in no current source as a current name","taxonomy build (automatic, synonym without a current name)","2026-10-07"
"F_WALLM_STLL","Wallemia stellata","synonym without a current name, in no current source as a current name","taxonomy build (automatic, synonym without a current name)","2026-10-07"
"F_WMYCS_ACRS","Wickerhamomyces aceris-sacchari","synonym without a current name, in no current source as a current name","taxonomy build (automatic, synonym without a current name)","2026-10-07"
"F_WMYCS_ACTT","Wickerhamomyces acetaethylicus","synonym without a current name, in no current source as a current name","taxonomy build (automatic, synonym without a current name)","2026-10-07"
"F_WMYCS_ANML_CFRR","Wickerhamomyces anomala ciferrii","synonym without a current name, in no current source as a current name","taxonomy build (automatic, synonym without a current name)","2026-10-07"
"F_WMYCS_ANML_CHMR","Wickerhamomyces anomala chamir","synonym without a current name, in no current source as a current name","taxonomy build (automatic, synonym without a current name)","2026-10-07"
"F_WMYCS_ANML_HTRM","Wickerhamomyces anomala heteromorpha","synonym without a current name, in no current source as a current name","taxonomy build (automatic, synonym without a current name)","2026-10-07"
"F_WMYCS_ANML_JVNC","Wickerhamomyces anomala javanica","synonym without a current name, in no current source as a current name","taxonomy build (automatic, synonym without a current name)","2026-10-07"
"F_WMYCS_ANML_LONG","Wickerhamomyces anomala longa","synonym without a current name, in no current source as a current name","taxonomy build (automatic, synonym without a current name)","2026-10-07"
"F_WMYCS_ANML_PRDC","Wickerhamomyces anomala productiva","synonym without a current name, in no current source as a current name","taxonomy build (automatic, synonym without a current name)","2026-10-07"
"F_WMYCS_ANML_RBST","Wickerhamomyces anomala robusta","synonym without a current name, in no current source as a current name","taxonomy build (automatic, synonym without a current name)","2026-10-07"
"F_WMYCS_ANML_SBPL","Wickerhamomyces anomala subpelliculosa","synonym without a current name, in no current source as a current name","taxonomy build (automatic, synonym without a current name)","2026-10-07"
"F_WMYCS_ANML_SCHN","Wickerhamomyces anomala schneggii","synonym without a current name, in no current source as a current name","taxonomy build (automatic, synonym without a current name)","2026-10-07"
"F_WMYCS_ANML_SPHR","Wickerhamomyces anomala sphaerica","synonym without a current name, in no current source as a current name","taxonomy build (automatic, synonym without a current name)","2026-10-07"
"F_WMYCS_ARBT","Wickerhamomyces arabitolgenes","synonym without a current name, in no current source as a current name","taxonomy build (automatic, synonym without a current name)","2026-10-07"
"F_WMYCS_BECK","Wickerhamomyces beckii","synonym without a current name, in no current source as a current name","taxonomy build (automatic, synonym without a current name)","2026-10-07"
"F_WMYCS_BSPR","Wickerhamomyces bispora","synonym without a current name, in no current source as a current name","taxonomy build (automatic, synonym without a current name)","2026-10-07"
"F_WMYCS_BVRW","Wickerhamomyces beverwijkiae","synonym without a current name, in no current source as a current name","taxonomy build (automatic, synonym without a current name)","2026-10-07"
"F_WMYCS_DSSS","Wickerhamomyces odessus","synonym without a current name, in no current source as a current name","taxonomy build (automatic, synonym without a current name)","2026-10-07"
"F_WMYCS_HRCS","Wickerhamomyces sphaericus","synonym without a current name, in no current source as a current name","taxonomy build (automatic, synonym without a current name)","2026-10-07"
"F_WMYCS_JVNC","Wickerhamomyces javanica","synonym without a current name, in no current source as a current name","taxonomy build (automatic, synonym without a current name)","2026-10-07"
"F_WMYCS_LMBC","Wickerhamomyces lambica","synonym without a current name, in no current source as a current name","taxonomy build (automatic, synonym without a current name)","2026-10-07"
"F_WMYCS_MELN","Wickerhamomyces melinii","synonym without a current name, in no current source as a current name","taxonomy build (automatic, synonym without a current name)","2026-10-07"
"F_WMYCS_MISO_MISO","Wickerhamomyces miso miso","synonym without a current name, in no current source as a current name","taxonomy build (automatic, synonym without a current name)","2026-10-07"
"F_WMYCS_MISO_OCTS","Wickerhamomyces miso octosporus","synonym without a current name, in no current source as a current name","taxonomy build (automatic, synonym without a current name)","2026-10-07"
"F_WMYCS_MRGR","Wickerhamomyces margaritae","synonym without a current name, in no current source as a current name","taxonomy build (automatic, synonym without a current name)","2026-10-07"
"F_WMYCS_MSCC","Wickerhamomyces muscicola","synonym without a current name, in no current source as a current name","taxonomy build (automatic, synonym without a current name)","2026-10-07"
"F_WMYCS_NIVE","Wickerhamomyces nivea","synonym without a current name, in no current source as a current name","taxonomy build (automatic, synonym without a current name)","2026-10-07"
"F_WMYCS_NMLS_BLGC","Wickerhamomyces anomalus belgicus","synonym without a current name, in no current source as a current name","taxonomy build (automatic, synonym without a current name)","2026-10-07"
"F_WMYCS_NTRT","Wickerhamomyces nitrativorans","synonym without a current name, in no current source as a current name","taxonomy build (automatic, synonym without a current name)","2026-10-07"
"F_WMYCS_OCTS","Wickerhamomyces octospora","synonym without a current name, in no current source as a current name","taxonomy build (automatic, synonym without a current name)","2026-10-07"
"F_WMYCS_ODSS","Wickerhamomyces odessa","synonym without a current name, in no current source as a current name","taxonomy build (automatic, synonym without a current name)","2026-10-07"
"F_WMYCS_PANS","Wickerhamomyces panis","synonym without a current name, in no current source as a current name","taxonomy build (automatic, synonym without a current name)","2026-10-07"
"F_WMYCS_PEPN","Wickerhamomyces peipin","synonym without a current name, in no current source as a current name","taxonomy build (automatic, synonym without a current name)","2026-10-07"
"F_WMYCS_PLLC","Wickerhamomyces pelliculosa","synonym without a current name, in no current source as a current name","taxonomy build (automatic, synonym without a current name)","2026-10-07"
"F_WMYCS_PLLC_CYLN","Wickerhamomyces pelliculosa cylindrica","synonym without a current name, in no current source as a current name","taxonomy build (automatic, synonym without a current name)","2026-10-07"
"F_WMYCS_PLVR","Wickerhamomyces pulverulentum","synonym without a current name, in no current source as a current name","taxonomy build (automatic, synonym without a current name)","2026-10-07"
"F_WMYCS_PRDC","Wickerhamomyces productiva","synonym without a current name, in no current source as a current name","taxonomy build (automatic, synonym without a current name)","2026-10-07"
"F_WMYCS_SCHN","Wickerhamomyces schneggii","synonym without a current name, in no current source as a current name","taxonomy build (automatic, synonym without a current name)","2026-10-07"
"F_WMYCS_SPHR","Wickerhamomyces sphaerica","synonym without a current name, in no current source as a current name","taxonomy build (automatic, synonym without a current name)","2026-10-07"
"F_WMYCS_SRNI","Wickerhamomyces aceris-saccharini","synonym without a current name, in no current source as a current name","taxonomy build (automatic, synonym without a current name)","2026-10-07"
"F_WMYCS_UKRN","Wickerhamomyces ukrainica","synonym without a current name, in no current source as a current name","taxonomy build (automatic, synonym without a current name)","2026-10-07"
"F_WMYCS_WING","Wickerhamomyces wingei","synonym without a current name, in no current source as a current name","taxonomy build (automatic, synonym without a current name)","2026-10-07"
"F_WMYCS_XYLP","Wickerhamomyces xylopsoci","synonym without a current name, in no current source as a current name","taxonomy build (automatic, synonym without a current name)","2026-10-07"
"F_YARRW_LPLY_THRM","Yarrowia lipolytica thermotolerans","synonym without a current name, in no current source as a current name","taxonomy build (automatic, synonym without a current name)","2026-10-07"
"F_YARRW_OLEA","Yarrowia oleae","synonym without a current name, in no current source as a current name","taxonomy build (automatic, synonym without a current name)","2026-10-07"
"F_YARRW_OLPH","Yarrowia oleophila","synonym without a current name, in no current source as a current name","taxonomy build (automatic, synonym without a current name)","2026-10-07"
"F_YARRW_PRLP","Yarrowia paralipolytica","synonym without a current name, in no current source as a current name","taxonomy build (automatic, synonym without a current name)","2026-10-07"
"F_YARRW_PSDL","Yarrowia pseudolipolytica","synonym without a current name, in no current source as a current name","taxonomy build (automatic, synonym without a current name)","2026-10-07"
"F_YARRW_PTRP","Yarrowia petrophilum","synonym without a current name, in no current source as a current name","taxonomy build (automatic, synonym without a current name)","2026-10-07"
"F_ZYGSC_ACDF_ACDF","Zygosaccharomyces acidifaciens acidifaciens","synonym without a current name, in no current source as a current name","taxonomy build (automatic, synonym without a current name)","2026-10-07"
"F_ZYGSC_ACDF_HLMM","Zygosaccharomyces acidifaciens halomembranis","synonym without a current name, in no current source as a current name","taxonomy build (automatic, synonym without a current name)","2026-10-07"
"F_ZYGSC_BAIL_OSMP","Zygosaccharomyces bailii osmophilus","synonym without a current name, in no current source as a current name","taxonomy build (automatic, synonym without a current name)","2026-10-07"
"F_ZYGSC_BSPR","Zygosaccharomyces bispora","synonym without a current name, in no current source as a current name","taxonomy build (automatic, synonym without a current name)","2026-10-07"
"F_ZYGSC_ELGN","Zygosaccharomyces elegans","synonym without a current name, in no current source as a current name","taxonomy build (automatic, synonym without a current name)","2026-10-07"
"F_ZYGSC_ELGN_ELGN","Zygosaccharomyces elegans elegans","synonym without a current name, in no current source as a current name","taxonomy build (automatic, synonym without a current name)","2026-10-07"
"F_ZYGSC_ELGN_INTR","Zygosaccharomyces elegans intermedius","synonym without a current name, in no current source as a current name","taxonomy build (automatic, synonym without a current name)","2026-10-07"
"F_ZYGSC_MCRL","Zygosaccharomyces microellipsodes","synonym without a current name, in no current source as a current name","taxonomy build (automatic, synonym without a current name)","2026-10-07"
"F_ZYGSC_MMBR_MNCH","Zygosaccharomyces membranifaciens manchurica","synonym without a current name, in no current source as a current name","taxonomy build (automatic, synonym without a current name)","2026-10-07"
"F_ZYGSC_MMBR_MNDS","Zygosaccharomyces membranifaciens mandshurica","synonym without a current name, in no current source as a current name","taxonomy build (automatic, synonym without a current name)","2026-10-07"
"F_ZYGSC_MSDL","Zygosaccharomyces miso-delta","synonym without a current name, in no current source as a current name","taxonomy build (automatic, synonym without a current name)","2026-10-07"
"F_ZYGSC_MSTR","Zygosaccharomyces mestris","synonym without a current name, in no current source as a current name","taxonomy build (automatic, synonym without a current name)","2026-10-07"
"F_ZYGSC_PLCN","Zygosaccharomyces placentae","synonym without a current name, in no current source as a current name","taxonomy build (automatic, synonym without a current name)","2026-10-07"
"F_ZYGSC_ROUX_HLMM","Zygosaccharomyces rouxii halomembranis","synonym without a current name, in no current source as a current name","taxonomy build (automatic, synonym without a current name)","2026-10-07"
"F_ZYGSC_ROUX_PLYM","Zygosaccharomyces rouxii polymorphus","synonym without a current name, in no current source as a current name","taxonomy build (automatic, synonym without a current name)","2026-10-07"
"F_ZYGSC_ROUX_ROUX","Zygosaccharomyces rouxii rouxii","synonym without a current name, in no current source as a current name","taxonomy build (automatic, synonym without a current name)","2026-10-07"
"F_ZYGSC_SAKE_ALPH","Zygosaccharomyces sake alpha","synonym without a current name, in no current source as a current name","taxonomy build (automatic, synonym without a current name)","2026-10-07"
"F_ZYGSC_SPRS_MLLS","Zygosaccharomyces bisporus mellis","synonym without a current name, in no current source as a current name","taxonomy build (automatic, synonym without a current name)","2026-10-07"
"P_ACLLA_RCTM","Acanthocolla cruciatum","synonym without a current name, in no current source as a current name","taxonomy build (automatic, synonym without a current name)","2026-10-07"
"P_ACRBS_UNGC","Acanthocorbis unguiculata","synonym without a current name, in no current source as a current name","taxonomy build (automatic, synonym without a current name)","2026-10-07"
"P_AGMMN","Agamomonas","synonym without a current name, in no current source as a current name","taxonomy build (automatic, synonym without a current name)","2026-10-07"
"P_AHNDM","Acanthonidium","synonym without a current name, in no current source as a current name","taxonomy build (automatic, synonym without a current name)","2026-10-07"
"P_ALBST_MLTR","Alabasta militaris","synonym without a current name, in no current source as a current name","taxonomy build (automatic, synonym without a current name)","2026-10-07"
"P_AMBDM_FSCC","Amoebidium fasciculatum","synonym without a current name, in no current source as a current name","taxonomy build (automatic, synonym without a current name)","2026-10-07"
"P_AMBDM_PSSN","Amoebidium poissonii","synonym without a current name, in no current source as a current name","taxonomy build (automatic, synonym without a current name)","2026-10-07"
"P_AMESN_MICHL","Ameson michaeli","synonym without a current name, in no current source as a current name","taxonomy build (automatic, synonym without a current name)","2026-10-07"
"P_AMPHM_LONG","Amphiamblys longa","synonym without a current name, in no current source as a current name","taxonomy build (automatic, synonym without a current name)","2026-10-07"
"P_AMPHM_TLLDS","Amphiamblys capitellidis","synonym without a current name, in no current source as a current name","taxonomy build (automatic, synonym without a current name)","2026-10-07"
"P_APSMN","Apusomonas","synonym without a current name, in no current source as a current name","taxonomy build (automatic, synonym without a current name)","2026-10-07"
"P_ARCLL_ARNR","Arcella arenaria","synonym without a current name, in no current source as a current name","taxonomy build (automatic, synonym without a current name)","2026-10-07"
"P_ARCLL_ARNR_SPHG","Arcella arenaria sphagnicola","synonym without a current name, in no current source as a current name","taxonomy build (automatic, synonym without a current name)","2026-10-07"
"P_ARCLL_GBBS_LEVS","Arcella gibbosa levis","synonym without a current name, in no current source as a current name","taxonomy build (automatic, synonym without a current name)","2026-10-07"
"P_ARCLL_GBBS_MTRF","Arcella gibbosa mitriformis","synonym without a current name, in no current source as a current name","taxonomy build (automatic, synonym without a current name)","2026-10-07"
"P_ARCLL_HMSP_INTR","Arcella hemisphaerica intermedia","synonym without a current name, in no current source as a current name","taxonomy build (automatic, synonym without a current name)","2026-10-07"
"P_ARCLL_PLYP","Arcella polypora","synonym without a current name, in no current source as a current name","taxonomy build (automatic, synonym without a current name)","2026-10-07"
"P_ARCLL_RTND","Arcella rotundata","synonym without a current name, in no current source as a current name","taxonomy build (automatic, synonym without a current name)","2026-10-07"
"P_ARCLL_RTND_APLN","Arcella rotundata aplanata","synonym without a current name, in no current source as a current name","taxonomy build (automatic, synonym without a current name)","2026-10-07"
"P_ARCTH","Arcuothrix","synonym without a current name, in no current source as a current name","taxonomy build (automatic, synonym without a current name)","2026-10-07"
"P_ASTRS_PLLD","Acanthostaurus pallida","synonym without a current name, in no current source as a current name","taxonomy build (automatic, synonym without a current name)","2026-10-07"
"P_ATHNA_ECHN","Acanthonia echinoides","synonym without a current name, in no current source as a current name","taxonomy build (automatic, synonym without a current name)","2026-10-07"
"P_BADHM_AFFN_ARML","Badhamia affinis armillata","synonym without a current name, in no current source as a current name","taxonomy build (automatic, synonym without a current name)","2026-10-07"
"P_BADHM_AFFN_MCRS","Badhamia affinis microspora","synonym without a current name, in no current source as a current name","taxonomy build (automatic, synonym without a current name)","2026-10-07"
"P_BADHM_AFFN_ORBC","Badhamia affinis orbiculata","synonym without a current name, in no current source as a current name","taxonomy build (automatic, synonym without a current name)","2026-10-07"
"P_BADHM_ALPN","Badhamia alpina","synonym without a current name, in no current source as a current name","taxonomy build (automatic, synonym without a current name)","2026-10-07"
"P_BADHM_ARML","Badhamia armillata","synonym without a current name, in no current source as a current name","taxonomy build (automatic, synonym without a current name)","2026-10-07"
"P_BADHM_ARNT","Badhamia aurantiaca","synonym without a current name, in no current source as a current name","taxonomy build (automatic, synonym without a current name)","2026-10-07"
"P_BADHM_BTRY","Badhamia botryoides","synonym without a current name, in no current source as a current name","taxonomy build (automatic, synonym without a current name)","2026-10-07"
"P_BADHM_BTRY_CHLY","Badhamia botryoides chalybeum","synonym without a current name, in no current source as a current name","taxonomy build (automatic, synonym without a current name)","2026-10-07"
"P_BADHM_BTRY_HYLN","Badhamia botryoides hyalinum","synonym without a current name, in no current source as a current name","taxonomy build (automatic, synonym without a current name)","2026-10-07"
"P_BADHM_BTRY_OVDM","Badhamia botryoides ovoideum","synonym without a current name, in no current source as a current name","taxonomy build (automatic, synonym without a current name)","2026-10-07"
"P_BADHM_CLRS_MCRS","Badhamia utricularis microspora","synonym without a current name, in no current source as a current name","taxonomy build (automatic, synonym without a current name)","2026-10-07"
"P_BADHM_CLRS_NGRP","Badhamia utricularis nigripes","synonym without a current name, in no current source as a current name","taxonomy build (automatic, synonym without a current name)","2026-10-07"
"P_BADHM_CLRS_SCHM","Badhamia utricularis schimperiana","synonym without a current name, in no current source as a current name","taxonomy build (automatic, synonym without a current name)","2026-10-07"
"P_BADHM_CLRS_SPLN","Badhamia utricularis splendens","synonym without a current name, in no current source as a current name","taxonomy build (automatic, synonym without a current name)","2026-10-07"
"P_BADHM_CLRS_SSSL","Badhamia utricularis sessilis","synonym without a current name, in no current source as a current name","taxonomy build (automatic, synonym without a current name)","2026-10-07"
"P_BADHM_CNCN","Badhamia concinnum","synonym without a current name, in no current source as a current name","taxonomy build (automatic, synonym without a current name)","2026-10-07"
"P_BADHM_CPSL","Badhamia capsulifer","synonym without a current name, in no current source as a current name","taxonomy build (automatic, synonym without a current name)","2026-10-07"
"P_BADHM_CRPN","Badhamia macrocarpon","synonym without a current name, in no current source as a current name","taxonomy build (automatic, synonym without a current name)","2026-10-07"
"P_BADHM_CRPS_GRCL","Badhamia macrocarpos gracilis","synonym without a current name, in no current source as a current name","taxonomy build (automatic, synonym without a current name)","2026-10-07"
"P_BADHM_CRPS_SSSL","Badhamia macrocarpos sessilis","synonym without a current name, in no current source as a current name","taxonomy build (automatic, synonym without a current name)","2026-10-07"
"P_BADHM_CRPS_STPT","Badhamia macrocarpos stipitata","synonym without a current name, in no current source as a current name","taxonomy build (automatic, synonym without a current name)","2026-10-07"
"P_BADHM_DRNS","Badhamia dearnessii","synonym without a current name, in no current source as a current name","taxonomy build (automatic, synonym without a current name)","2026-10-07"
"P_BADHM_FLCL_FLVS","Badhamia foliicola flavescens","synonym without a current name, in no current source as a current name","taxonomy build (automatic, synonym without a current name)","2026-10-07"
"P_BADHM_GRCL","Badhamia gracilis","synonym without a current name, in no current source as a current name","taxonomy build (automatic, synonym without a current name)","2026-10-07"
"P_BADHM_GRCL_MLNS","Badhamia gracilis melanospora","synonym without a current name, in no current source as a current name","taxonomy build (automatic, synonym without a current name)","2026-10-07"
"P_BADHM_HYLN","Badhamia hyalina","synonym without a current name, in no current source as a current name","taxonomy build (automatic, synonym without a current name)","2026-10-07"
"P_BADHM_HYLN_GRCL","Badhamia hyalina gracilis","synonym without a current name, in no current source as a current name","taxonomy build (automatic, synonym without a current name)","2026-10-07"
"P_BADHM_HYLN_PPVR","Badhamia hyalina papaveracea","synonym without a current name, in no current source as a current name","taxonomy build (automatic, synonym without a current name)","2026-10-07"
"P_BADHM_HYLN_SBSS","Badhamia hyalina subsessilis","synonym without a current name, in no current source as a current name","taxonomy build (automatic, synonym without a current name)","2026-10-07"
"P_BADHM_INRT","Badhamia inaurata","synonym without a current name, in no current source as a current name","taxonomy build (automatic, synonym without a current name)","2026-10-07"
"P_BADHM_LCNM","Badhamia lilacinum","synonym without a current name, in no current source as a current name","taxonomy build (automatic, synonym without a current name)","2026-10-07"
"P_BADHM_LFRA_ARBR","Badhamia capsulifera arborea","synonym without a current name, in no current source as a current name","taxonomy build (automatic, synonym without a current name)","2026-10-07"
"P_BADHM_LFRA_LIBR","Badhamia capsulifera libera","synonym without a current name, in no current source as a current name","taxonomy build (automatic, synonym without a current name)","2026-10-07"
"P_BADHM_LFRA_MNLF","Badhamia capsulifera monilifera","synonym without a current name, in no current source as a current name","taxonomy build (automatic, synonym without a current name)","2026-10-07"
"P_BADHM_LFRA_PPVR","Badhamia capsulifera papaveracea","synonym without a current name, in no current source as a current name","taxonomy build (automatic, synonym without a current name)","2026-10-07"
"P_BADHM_LFRA_RPNS","Badhamia capsulifera repens","synonym without a current name, in no current source as a current name","taxonomy build (automatic, synonym without a current name)","2026-10-07"
"P_BADHM_LFRM","Badhamia capsuliferum","synonym without a current name, in no current source as a current name","taxonomy build (automatic, synonym without a current name)","2026-10-07"
"P_BADHM_LLCN_MGSP","Badhamia lilacina megaspora","synonym without a current name, in no current source as a current name","taxonomy build (automatic, synonym without a current name)","2026-10-07"
"P_BADHM_MAGN","Badhamia magna","synonym without a current name, in no current source as a current name","taxonomy build (automatic, synonym without a current name)","2026-10-07"
"P_BADHM_MCRC","Badhamia macrocarpa","synonym without a current name, in no current source as a current name","taxonomy build (automatic, synonym without a current name)","2026-10-07"
"P_BADHM_MCRC_GRCL","Badhamia macrocarpa gracilis","synonym without a current name, in no current source as a current name","taxonomy build (automatic, synonym without a current name)","2026-10-07"
"P_BADHM_MCRC_SSSL","Badhamia macrocarpa sessilis","synonym without a current name, in no current source as a current name","taxonomy build (automatic, synonym without a current name)","2026-10-07"
"P_BADHM_MCRC_STPT","Badhamia macrocarpa stipitata","synonym without a current name, in no current source as a current name","taxonomy build (automatic, synonym without a current name)","2026-10-07"
"P_BADHM_MGNM","Badhamia magnum","synonym without a current name, in no current source as a current name","taxonomy build (automatic, synonym without a current name)","2026-10-07"
"P_BADHM_MLLC","Badhamia melaleucum","synonym without a current name, in no current source as a current name","taxonomy build (automatic, synonym without a current name)","2026-10-07"
"P_BADHM_NTNS_ARNT","Badhamia nitens aurantiaca","synonym without a current name, in no current source as a current name","taxonomy build (automatic, synonym without a current name)","2026-10-07"
"P_BADHM_NTNS_RTCL","Badhamia nitens reticulata","synonym without a current name, in no current source as a current name","taxonomy build (automatic, synonym without a current name)","2026-10-07"
"P_BADHM_ORBC","Badhamia orbiculata","synonym without a current name, in no current source as a current name","taxonomy build (automatic, synonym without a current name)","2026-10-07"
"P_BADHM_ORBC_MCRS","Badhamia orbiculata microspora","synonym without a current name, in no current source as a current name","taxonomy build (automatic, synonym without a current name)","2026-10-07"
"P_BADHM_OVDM","Badhamia ovoideum","synonym without a current name, in no current source as a current name","taxonomy build (automatic, synonym without a current name)","2026-10-07"
"P_BADHM_PANC_CNFR","Badhamia panicea conferta","synonym without a current name, in no current source as a current name","taxonomy build (automatic, synonym without a current name)","2026-10-07"
"P_BADHM_PANC_HTRS","Badhamia panicea heterospora","synonym without a current name, in no current source as a current name","taxonomy build (automatic, synonym without a current name)","2026-10-07"
"P_BADHM_PLLD","Badhamia pallida","synonym without a current name, in no current source as a current name","taxonomy build (automatic, synonym without a current name)","2026-10-07"
"P_BADHM_PNCM","Badhamia paniceum","synonym without a current name, in no current source as a current name","taxonomy build (automatic, synonym without a current name)","2026-10-07"
"P_BADHM_RBFR","Badhamia rubiformis","synonym without a current name, in no current source as a current name","taxonomy build (automatic, synonym without a current name)","2026-10-07"
"P_BADHM_RTCL","Badhamia reticulatum","synonym without a current name, in no current source as a current name","taxonomy build (automatic, synonym without a current name)","2026-10-07"
"P_BADHM_RYTS","Badhamia botrytes","synonym without a current name, in no current source as a current name","taxonomy build (automatic, synonym without a current name)","2026-10-07"
"P_BADHM_SCHM","Badhamia schmitzii","synonym without a current name, in no current source as a current name","taxonomy build (automatic, synonym without a current name)","2026-10-07"
"P_BADHM_UTRC","Badhamia utriculare","synonym without a current name, in no current source as a current name","taxonomy build (automatic, synonym without a current name)","2026-10-07"
"P_BADHM_VARI","Badhamia varia","synonym without a current name, in no current source as a current name","taxonomy build (automatic, synonym without a current name)","2026-10-07"
"P_BADHM_VRNM","Badhamia papaverinum","synonym without a current name, in no current source as a current name","taxonomy build (automatic, synonym without a current name)","2026-10-07"
"P_BADHM_YLNM","Badhamia hyalinum","synonym without a current name, in no current source as a current name","taxonomy build (automatic, synonym without a current name)","2026-10-07"
"P_BADHM_YLNM_ALBD","Badhamia hyalinum albidum","synonym without a current name, in no current source as a current name","taxonomy build (automatic, synonym without a current name)","2026-10-07"
"P_BADHM_YLNM_CHLY","Badhamia hyalinum chalybaeum","synonym without a current name, in no current source as a current name","taxonomy build (automatic, synonym without a current name)","2026-10-07"
"P_BAILY_MTBL","Baileyi mutabilis","synonym without a current name, in no current source as a current name","taxonomy build (automatic, synonym without a current name)","2026-10-07"
"P_BAJKR_RSTR","Bajkuria rostrata","synonym without a current name, in no current source as a current name","taxonomy build (automatic, synonym without a current name)","2026-10-07"
"P_BCLLD_STRCT","Bacillidium stricta","synonym without a current name, in no current source as a current name","taxonomy build (automatic, synonym without a current name)","2026-10-07"
"P_BDHMP_AINO_MCRS","Badhamiopsis ainoae macrospora","synonym without a current name, in no current source as a current name","taxonomy build (automatic, synonym without a current name)","2026-10-07"
"P_BDHMP_INOI","Badhamiopsis ainoi","synonym without a current name, in no current source as a current name","taxonomy build (automatic, synonym without a current name)","2026-10-07"
"P_BDHMP_ORBC_MCRS","Badhamiopsis orbiculata microspora","synonym without a current name, in no current source as a current name","taxonomy build (automatic, synonym without a current name)","2026-10-07"
"P_BNTCR","Bonetocardiella","synonym without a current name, in no current source as a current name","taxonomy build (automatic, synonym without a current name)","2026-10-07"
"P_BRBLN","Barbulanympha","synonym without a current name, in no current source as a current name","taxonomy build (automatic, synonym without a current name)","2026-10-07"
"P_BRGNS_CRVT","Braginastrum curvata","synonym without a current name, in no current source as a current name","taxonomy build (automatic, synonym without a current name)","2026-10-07"
"P_BRRMR","Birrimarnoldia","synonym without a current name, in no current source as a current name","taxonomy build (automatic, synonym without a current name)","2026-10-07"
"P_BTLLS","Botellus","synonym without a current name, in no current source as a current name","taxonomy build (automatic, synonym without a current name)","2026-10-07"
"P_BURKE_GATS","Burkea gatesi","synonym without a current name, in no current source as a current name","taxonomy build (automatic, synonym without a current name)","2026-10-07"
"P_CALLL","Callela","synonym without a current name, in no current source as a current name","taxonomy build (automatic, synonym without a current name)","2026-10-07"
"P_CALNM_DSSP_TBGR","Calonema dissipatum tubigranulatum","synonym without a current name, in no current source as a current name","taxonomy build (automatic, synonym without a current name)","2026-10-07"
"P_CBRCS","Cobricosphaeridium","synonym without a current name, in no current source as a current name","taxonomy build (automatic, synonym without a current name)","2026-10-07"
"P_CFLGA_OPRC","Cryptodifflugia operculata","synonym without a current name, in no current source as a current name","taxonomy build (automatic, synonym without a current name)","2026-10-07"
"P_CFLGA_OVFR_FUSC","Cryptodifflugia oviformis fusca","synonym without a current name, in no current source as a current name","taxonomy build (automatic, synonym without a current name)","2026-10-07"
"P_CGLNA_AGLS","Cryptoglena agilis","synonym without a current name, in no current source as a current name","taxonomy build (automatic, synonym without a current name)","2026-10-07"
"P_CGLNA_AGLS_AGLS","Cryptoglena agilis agilis","synonym without a current name, in no current source as a current name","taxonomy build (automatic, synonym without a current name)","2026-10-07"
"P_CHAOS_CRLN","Chaos carolinense","synonym without a current name, in no current source as a current name","taxonomy build (automatic, synonym without a current name)","2026-10-07"
"P_CHSMS","Chasmostoma","synonym without a current name, in no current source as a current name","taxonomy build (automatic, synonym without a current name)","2026-10-07"
"P_CLLCN_NTNS","Calliacantha natans","synonym without a current name, in no current source as a current name","taxonomy build (automatic, synonym without a current name)","2026-10-07"
"P_CLLDR_DUBM","Colloderma dubium","synonym without a current name, in no current source as a current name","taxonomy build (automatic, synonym without a current name)","2026-10-07"
"P_CLLDR_OCLT_CSTN","Colloderma oculatum castaneum","synonym without a current name, in no current source as a current name","taxonomy build (automatic, synonym without a current name)","2026-10-07"
"P_CLLDR_OCLT_RBST","Colloderma oculatum robustum","synonym without a current name, in no current source as a current name","taxonomy build (automatic, synonym without a current name)","2026-10-07"
"P_CLSPR","Coleospora","synonym without a current name, in no current source as a current name","taxonomy build (automatic, synonym without a current name)","2026-10-07"
"P_CLSTD_BDHM","Clastoderma badhamianum","synonym without a current name, in no current source as a current name","taxonomy build (automatic, synonym without a current name)","2026-10-07"
"P_CLSTD_BRYI","Clastoderma debaryi","synonym without a current name, in no current source as a current name","taxonomy build (automatic, synonym without a current name)","2026-10-07"
"P_CLSTD_DCTY","Clastoderma dictyosporum","synonym without a current name, in no current source as a current name","taxonomy build (automatic, synonym without a current name)","2026-10-07"
"P_CLSTD_ELGN_MCRC","Clastoderma elegans microcarpa","synonym without a current name, in no current source as a current name","taxonomy build (automatic, synonym without a current name)","2026-10-07"
"P_CLSTD_MCRC","Clastoderma microcephala","synonym without a current name, in no current source as a current name","taxonomy build (automatic, synonym without a current name)","2026-10-07"
"P_CLTHR","Clathroidastron","synonym without a current name, in no current source as a current name","taxonomy build (automatic, synonym without a current name)","2026-10-07"
"P_CMTRC_AEQL_PCFC","Comatricha aequalis pacifica","synonym without a current name, in no current source as a current name","taxonomy build (automatic, synonym without a current name)","2026-10-07"
"P_CMTRC_ALTA_MCRS","Comatricha alta macrospora","synonym without a current name, in no current source as a current name","taxonomy build (automatic, synonym without a current name)","2026-10-07"
"P_CMTRC_ANST","Comatricha anastomosans","synonym without a current name, in no current source as a current name","taxonomy build (automatic, synonym without a current name)","2026-10-07"
"P_CMTRC_ARGN","Comatricha argentinae","synonym without a current name, in no current source as a current name","taxonomy build (automatic, synonym without a current name)","2026-10-07"
"P_CMTRC_ATRF","Comatricha atrofusca","synonym without a current name, in no current source as a current name","taxonomy build (automatic, synonym without a current name)","2026-10-07"
"P_CMTRC_ATRF_NIGR","Comatricha atrofusca nigra","synonym without a current name, in no current source as a current name","taxonomy build (automatic, synonym without a current name)","2026-10-07"
"P_CMTRC_ELGN_MCRS","Comatricha elegans microspora","synonym without a current name, in no current source as a current name","taxonomy build (automatic, synonym without a current name)","2026-10-07"
"P_CMTRC_ELGN_PLLN","Comatricha elegans pallens","synonym without a current name, in no current source as a current name","taxonomy build (automatic, synonym without a current name)","2026-10-07"
"P_CMTRC_ELLS","Comatricha ellisiana","synonym without a current name, in no current source as a current name","taxonomy build (automatic, synonym without a current name)","2026-10-07"
"P_CMTRC_FRSN","Comatricha friesiana","synonym without a current name, in no current source as a current name","taxonomy build (automatic, synonym without a current name)","2026-10-07"
"P_CMTRC_FRSN_EXCL","Comatricha friesiana excelsa","synonym without a current name, in no current source as a current name","taxonomy build (automatic, synonym without a current name)","2026-10-07"
"P_CMTRC_FRSN_LPTN","Comatricha friesiana leptonema","synonym without a current name, in no current source as a current name","taxonomy build (automatic, synonym without a current name)","2026-10-07"
"P_CMTRC_FRSN_OBLN","Comatricha friesiana oblonga","synonym without a current name, in no current source as a current name","taxonomy build (automatic, synonym without a current name)","2026-10-07"
"P_CMTRC_FRSN_OBVT","Comatricha friesiana obovata","synonym without a current name, in no current source as a current name","taxonomy build (automatic, synonym without a current name)","2026-10-07"
"P_CMTRC_FRSN_PCHY","Comatricha friesiana pachynema","synonym without a current name, in no current source as a current name","taxonomy build (automatic, synonym without a current name)","2026-10-07"
"P_CMTRC_FSFR","Comatricha fusiforme","synonym without a current name, in no current source as a current name","taxonomy build (automatic, synonym without a current name)","2026-10-07"
"P_CMTRC_LAXA_MCRS","Comatricha laxa microspora","synonym without a current name, in no current source as a current name","taxonomy build (automatic, synonym without a current name)","2026-10-07"
"P_CMTRC_LLSI","Comatricha ellisii","synonym without a current name, in no current source as a current name","taxonomy build (automatic, synonym without a current name)","2026-10-07"
"P_CMTRC_LNGF","Comatricha longifilum","synonym without a current name, in no current source as a current name","taxonomy build (automatic, synonym without a current name)","2026-10-07"
"P_CMTRC_LSNM","Comatricha ellisianum","synonym without a current name, in no current source as a current name","taxonomy build (automatic, synonym without a current name)","2026-10-07"
"P_CMTRC_MCRF","Comatricha mucoriformis","synonym without a current name, in no current source as a current name","taxonomy build (automatic, synonym without a current name)","2026-10-07"
"P_CMTRC_MCRS","Comatricha macrosperma","synonym without a current name, in no current source as a current name","taxonomy build (automatic, synonym without a current name)","2026-10-07"
"P_CMTRC_MCRS_OBLN","Comatricha macrosperma oblonga","synonym without a current name, in no current source as a current name","taxonomy build (automatic, synonym without a current name)","2026-10-07"
"P_CMTRC_MCRS_OBVT","Comatricha macrosperma obovata","synonym without a current name, in no current source as a current name","taxonomy build (automatic, synonym without a current name)","2026-10-07"
"P_CMTRC_NIGR_ALTA","Comatricha nigra alta","synonym without a current name, in no current source as a current name","taxonomy build (automatic, synonym without a current name)","2026-10-07"
"P_CMTRC_NIGR_BRCH","Comatricha nigra brachypus","synonym without a current name, in no current source as a current name","taxonomy build (automatic, synonym without a current name)","2026-10-07"
"P_CMTRC_NIGR_MCRS","Comatricha nigra microspora","synonym without a current name, in no current source as a current name","taxonomy build (automatic, synonym without a current name)","2026-10-07"
"P_CMTRC_NIGR_OBLN","Comatricha nigra oblonga","synonym without a current name, in no current source as a current name","taxonomy build (automatic, synonym without a current name)","2026-10-07"
"P_CMTRC_NIGR_OBVT","Comatricha nigra obovata","synonym without a current name, in no current source as a current name","taxonomy build (automatic, synonym without a current name)","2026-10-07"
"P_CMTRC_NIGR_SKSD","Comatricha nigra suksdorfii","synonym without a current name, in no current source as a current name","taxonomy build (automatic, synonym without a current name)","2026-10-07"
"P_CMTRC_NIGR_VRRC","Comatricha nigra verrucosa","synonym without a current name, in no current source as a current name","taxonomy build (automatic, synonym without a current name)","2026-10-07"
"P_CMTRC_NNNN","Comatricha nannengae","synonym without a current name, in no current source as a current name","taxonomy build (automatic, synonym without a current name)","2026-10-07"
"P_CMTRC_OBLN","Comatricha oblonga","synonym without a current name, in no current source as a current name","taxonomy build (automatic, synonym without a current name)","2026-10-07"
"P_CMTRC_OBTS","Comatricha obtusata","synonym without a current name, in no current source as a current name","taxonomy build (automatic, synonym without a current name)","2026-10-07"
"P_CMTRC_OVAT","Comatricha ovata","synonym without a current name, in no current source as a current name","taxonomy build (automatic, synonym without a current name)","2026-10-07"
"P_CMTRC_OVAT_ATRF","Comatricha ovata atrofusca","synonym without a current name, in no current source as a current name","taxonomy build (automatic, synonym without a current name)","2026-10-07"
"P_CMTRC_PCFC","Comatricha pacifica","synonym without a current name, in no current source as a current name","taxonomy build (automatic, synonym without a current name)","2026-10-07"
"P_CMTRC_PLCH_CYLN","Comatricha pulchella cylindrica","synonym without a current name, in no current source as a current name","taxonomy build (automatic, synonym without a current name)","2026-10-07"
"P_CMTRC_PLCH_FUSC","Comatricha pulchella fusca","synonym without a current name, in no current source as a current name","taxonomy build (automatic, synonym without a current name)","2026-10-07"
"P_CMTRC_PLCH_OBVT","Comatricha pulchella obovata","synonym without a current name, in no current source as a current name","taxonomy build (automatic, synonym without a current name)","2026-10-07"
"P_CMTRC_PLCH_TNRR","Comatricha pulchella tenerrima","synonym without a current name, in no current source as a current name","taxonomy build (automatic, synonym without a current name)","2026-10-07"
"P_CMTRC_PNTR","Comatricha penetralis","synonym without a current name, in no current source as a current name","taxonomy build (automatic, synonym without a current name)","2026-10-07"
"P_CMTRC_PRSN","Comatricha persoonii","synonym without a current name, in no current source as a current name","taxonomy build (automatic, synonym without a current name)","2026-10-07"
"P_CMTRC_PRSN_FUSC","Comatricha persoonii fusca","synonym without a current name, in no current source as a current name","taxonomy build (automatic, synonym without a current name)","2026-10-07"
"P_CMTRC_PRSN_GRCL","Comatricha persoonii gracilis","synonym without a current name, in no current source as a current name","taxonomy build (automatic, synonym without a current name)","2026-10-07"
"P_CMTRC_PRSN_LPTN","Comatricha persoonii leptonema","synonym without a current name, in no current source as a current name","taxonomy build (automatic, synonym without a current name)","2026-10-07"
"P_CMTRC_PRSN_OBLN","Comatricha persoonii oblonga","synonym without a current name, in no current source as a current name","taxonomy build (automatic, synonym without a current name)","2026-10-07"
"P_CMTRC_PRSN_OBVT","Comatricha persoonii obovata","synonym without a current name, in no current source as a current name","taxonomy build (automatic, synonym without a current name)","2026-10-07"
"P_CMTRC_PRSN_PCHY","Comatricha persoonii pachynema","synonym without a current name, in no current source as a current name","taxonomy build (automatic, synonym without a current name)","2026-10-07"
"P_CMTRC_PRSN_PLCH","Comatricha persoonii pulchella","synonym without a current name, in no current source as a current name","taxonomy build (automatic, synonym without a current name)","2026-10-07"
"P_CMTRC_PRSN_TNRR","Comatricha persoonii tenerrima","synonym without a current name, in no current source as a current name","taxonomy build (automatic, synonym without a current name)","2026-10-07"
"P_CMTRC_RCBR","Comatricha raciborskii","synonym without a current name, in no current source as a current name","taxonomy build (automatic, synonym without a current name)","2026-10-07"
"P_CMTRC_SMMR","Comatricha sommerfeltii","synonym without a current name, in no current source as a current name","taxonomy build (automatic, synonym without a current name)","2026-10-07"
"P_CMTRC_TNRR_MCRS","Comatricha tenerrima macrospora","synonym without a current name, in no current source as a current name","taxonomy build (automatic, synonym without a current name)","2026-10-07"
"P_CNRDN","Conradinema","synonym without a current name, in no current source as a current name","taxonomy build (automatic, synonym without a current name)","2026-10-07"
"P_CNTRP_AERP_GLBL","Centropyxis aerophila globulosa","synonym without a current name, in no current source as a current name","taxonomy build (automatic, synonym without a current name)","2026-10-07"
"P_CNTRP_AERP_SYLV","Centropyxis aerophila sylvatica","synonym without a current name, in no current source as a current name","taxonomy build (automatic, synonym without a current name)","2026-10-07"
"P_CNTRP_CNST_ELNG","Centropyxis constricta elongata","synonym without a current name, in no current source as a current name","taxonomy build (automatic, synonym without a current name)","2026-10-07"
"P_CNTRP_SYLV_GLBL","Centropyxis sylvatica globulosa","synonym without a current name, in no current source as a current name","taxonomy build (automatic, synonym without a current name)","2026-10-07"
"P_COLCM_ARBS","Colacium arbuscula","synonym without a current name, in no current source as a current name","taxonomy build (automatic, synonym without a current name)","2026-10-07"
"P_COLCM_CYCL","Colacium cyclopicola","synonym without a current name, in no current source as a current name","taxonomy build (automatic, synonym without a current name)","2026-10-07"
"P_COLLR_ARCY_JPNC","Collaria arcyrionema japonica","synonym without a current name, in no current source as a current name","taxonomy build (automatic, synonym without a current name)","2026-10-07"
"P_COLLR_ARCY_PNCM","Collaria arcyrionema japonicum","synonym without a current name, in no current source as a current name","taxonomy build (automatic, synonym without a current name)","2026-10-07"
"P_COLLR_CHNP","Collaria chionophila","synonym without a current name, in no current source as a current name","taxonomy build (automatic, synonym without a current name)","2026-10-07"
"P_COLLR_LLTM","Collaria nigricapillitium","synonym without a current name, in no current source as a current name","taxonomy build (automatic, synonym without a current name)","2026-10-07"
"P_COLLR_NGRC","Collaria nigricapillita","synonym without a current name, in no current source as a current name","taxonomy build (automatic, synonym without a current name)","2026-10-07"
"P_COLLR_SBNM","Collaria subaeneum","synonym without a current name, in no current source as a current name","taxonomy build (automatic, synonym without a current name)","2026-10-07"
"P_COLLR_SHMK","Collaria shimekiana","synonym without a current name, in no current source as a current name","taxonomy build (automatic, synonym without a current name)","2026-10-07"
"P_COLLR_SPRM","Collaria biasperosporum","synonym without a current name, in no current source as a current name","taxonomy build (automatic, synonym without a current name)","2026-10-07"
"P_CPHLT","Cephalothamnium","synonym without a current name, in no current source as a current name","taxonomy build (automatic, synonym without a current name)","2026-10-07"
"P_CRBRR_ANML","Cribraria anomalum","synonym without a current name, in no current source as a current name","taxonomy build (automatic, synonym without a current name)","2026-10-07"
"P_CRBRR_ARGL","Cribraria argillacea","synonym without a current name, in no current source as a current name","taxonomy build (automatic, synonym without a current name)","2026-10-07"
"P_CRBRR_ARGL_ALTC","Cribraria argillacea altaica","synonym without a current name, in no current source as a current name","taxonomy build (automatic, synonym without a current name)","2026-10-07"
"P_CRBRR_ARGL_OLGC","Cribraria argillacea oligocostata","synonym without a current name, in no current source as a current name","taxonomy build (automatic, synonym without a current name)","2026-10-07"
"P_CRBRR_ARNT_FLAV","Cribraria aurantiaca flava","synonym without a current name, in no current source as a current name","taxonomy build (automatic, synonym without a current name)","2026-10-07"
"P_CRBRR_ARNT_SLPH","Cribraria aurantiaca sulphurea","synonym without a current name, in no current source as a current name","taxonomy build (automatic, synonym without a current name)","2026-10-07"
"P_CRBRR_BNSZ","Cribraria bieniaszii","synonym without a current name, in no current source as a current name","taxonomy build (automatic, synonym without a current name)","2026-10-07"
"P_CRBRR_CARNM","Cribraria carneum","synonym without a current name, in no current source as a current name","taxonomy build (automatic, synonym without a current name)","2026-10-07"
"P_CRBRR_CERN","Cribraria cernua","synonym without a current name, in no current source as a current name","taxonomy build (automatic, synonym without a current name)","2026-10-07"
"P_CRBRR_CERNM","Cribraria cernuum","synonym without a current name, in no current source as a current name","taxonomy build (automatic, synonym without a current name)","2026-10-07"
"P_CRBRR_CERNM_LAXM","Cribraria cernuum laxum","synonym without a current name, in no current source as a current name","taxonomy build (automatic, synonym without a current name)","2026-10-07"
"P_CRBRR_CLSS","Cribraria colossea","synonym without a current name, in no current source as a current name","taxonomy build (automatic, synonym without a current name)","2026-10-07"
"P_CRBRR_CNCL","Cribraria cancellata","synonym without a current name, in no current source as a current name","taxonomy build (automatic, synonym without a current name)","2026-10-07"
"P_CRBRR_CNCL_ANML","Cribraria cancellata anomala","synonym without a current name, in no current source as a current name","taxonomy build (automatic, synonym without a current name)","2026-10-07"
"P_CRBRR_CNCL_FUSC","Cribraria cancellata fusca","synonym without a current name, in no current source as a current name","taxonomy build (automatic, synonym without a current name)","2026-10-07"
"P_CRBRR_CNCL_RUFA","Cribraria cancellata rufa","synonym without a current name, in no current source as a current name","taxonomy build (automatic, synonym without a current name)","2026-10-07"
"P_CRBRR_CRPA","Cribraria microcarpa","synonym without a current name, in no current source as a current name","taxonomy build (automatic, synonym without a current name)","2026-10-07"
"P_CRBRR_CRPA_MGSP","Cribraria microcarpa megaspora","synonym without a current name, in no current source as a current name","taxonomy build (automatic, synonym without a current name)","2026-10-07"
"P_CRBRR_CRPA_PCHY","Cribraria microcarpa pachydictyon","synonym without a current name, in no current source as a current name","taxonomy build (automatic, synonym without a current name)","2026-10-07"
"P_CRBRR_CRPM","Cribraria microcarpum","synonym without a current name, in no current source as a current name","taxonomy build (automatic, synonym without a current name)","2026-10-07"
"P_CRBRR_CUPR","Cribraria cuprea","synonym without a current name, in no current source as a current name","taxonomy build (automatic, synonym without a current name)","2026-10-07"
"P_CRBRR_DCTY","Cribraria dictydidioides","synonym without a current name, in no current source as a current name","taxonomy build (automatic, synonym without a current name)","2026-10-07"
"P_CRBRR_ELAT","Cribraria elata","synonym without a current name, in no current source as a current name","taxonomy build (automatic, synonym without a current name)","2026-10-07"
"P_CRBRR_EXLS","Cribraria exilis","synonym without a current name, in no current source as a current name","taxonomy build (automatic, synonym without a current name)","2026-10-07"
"P_CRBRR_EXLS_EXIL","Cribraria exilis exile","synonym without a current name, in no current source as a current name","taxonomy build (automatic, synonym without a current name)","2026-10-07"
"P_CRBRR_FULV","Cribraria fulva","synonym without a current name, in no current source as a current name","taxonomy build (automatic, synonym without a current name)","2026-10-07"
"P_CRBRR_INTR","Cribraria intermedia","synonym without a current name, in no current source as a current name","taxonomy build (automatic, synonym without a current name)","2026-10-07"
"P_CRBRR_LLTM","Cribraria cancellatum","synonym without a current name, in no current source as a current name","taxonomy build (automatic, synonym without a current name)","2026-10-07"
"P_CRBRR_LLTM_ALPN","Cribraria cancellatum alpinum","synonym without a current name, in no current source as a current name","taxonomy build (automatic, synonym without a current name)","2026-10-07"
"P_CRBRR_LLTM_ANML","Cribraria cancellatum anomalum","synonym without a current name, in no current source as a current name","taxonomy build (automatic, synonym without a current name)","2026-10-07"
"P_CRBRR_LLTM_CNCL","Cribraria cancellatum cancellatum","synonym without a current name, in no current source as a current name","taxonomy build (automatic, synonym without a current name)","2026-10-07"
"P_CRBRR_LLTM_EXIL","Cribraria cancellatum exile","synonym without a current name, in no current source as a current name","taxonomy build (automatic, synonym without a current name)","2026-10-07"
"P_CRBRR_LLTM_FSCM","Cribraria cancellatum fuscum","synonym without a current name, in no current source as a current name","taxonomy build (automatic, synonym without a current name)","2026-10-07"
"P_CRBRR_LLTM_HTRD","Cribraria cancellatum heterodictyon","synonym without a current name, in no current source as a current name","taxonomy build (automatic, synonym without a current name)","2026-10-07"
"P_CRBRR_LLTM_LNGS","Cribraria cancellatum longisetum","synonym without a current name, in no current source as a current name","taxonomy build (automatic, synonym without a current name)","2026-10-07"
"P_CRBRR_LLTM_PPLL","Cribraria cancellatum papillatum","synonym without a current name, in no current source as a current name","taxonomy build (automatic, synonym without a current name)","2026-10-07"
"P_CRBRR_LLTM_PRLT","Cribraria cancellatum prolatum","synonym without a current name, in no current source as a current name","taxonomy build (automatic, synonym without a current name)","2026-10-07"
"P_CRBRR_LLTM_PRPR","Cribraria cancellatum purpureum","synonym without a current name, in no current source as a current name","taxonomy build (automatic, synonym without a current name)","2026-10-07"
"P_CRBRR_LLTS","Cribraria cancellatus","synonym without a current name, in no current source as a current name","taxonomy build (automatic, synonym without a current name)","2026-10-07"
"P_CRBRR_LNGP","Cribraria longipes","synonym without a current name, in no current source as a current name","taxonomy build (automatic, synonym without a current name)","2026-10-07"
"P_CRBRR_LNGS_MGNG","Cribraria languescens magnigranosa","synonym without a current name, in no current source as a current name","taxonomy build (automatic, synonym without a current name)","2026-10-07"
"P_CRBRR_MCRC","Cribraria macrocarpa","synonym without a current name, in no current source as a current name","taxonomy build (automatic, synonym without a current name)","2026-10-07"
"P_CRBRR_MCRC_TTRC","Cribraria macrocarpa tatrica","synonym without a current name, in no current source as a current name","taxonomy build (automatic, synonym without a current name)","2026-10-07"
"P_CRBRR_MCRP","Cribraria micropus","synonym without a current name, in no current source as a current name","taxonomy build (automatic, synonym without a current name)","2026-10-07"
"P_CRBRR_MCRS","Cribraria microscopica","synonym without a current name, in no current source as a current name","taxonomy build (automatic, synonym without a current name)","2026-10-07"
"P_CRBRR_MINM","Cribraria minima","synonym without a current name, in no current source as a current name","taxonomy build (automatic, synonym without a current name)","2026-10-07"
"P_CRBRR_MNTN","Cribraria montana","synonym without a current name, in no current source as a current name","taxonomy build (automatic, synonym without a current name)","2026-10-07"
"P_CRBRR_MRBL","Cribraria mirabile","synonym without a current name, in no current source as a current name","taxonomy build (automatic, synonym without a current name)","2026-10-07"
"P_CRBRR_MRBL_ALPN","Cribraria mirabile alpinum","synonym without a current name, in no current source as a current name","taxonomy build (automatic, synonym without a current name)","2026-10-07"
"P_CRBRR_MRBL_CRBR","Cribraria mirabile cribrarioides","synonym without a current name, in no current source as a current name","taxonomy build (automatic, synonym without a current name)","2026-10-07"
"P_CRBRR_MRBL_HTRD","Cribraria mirabile heterodyction","synonym without a current name, in no current source as a current name","taxonomy build (automatic, synonym without a current name)","2026-10-07"
"P_CRBRR_PCHY","Cribraria pachydictyon","synonym without a current name, in no current source as a current name","taxonomy build (automatic, synonym without a current name)","2026-10-07"
"P_CRBRR_PRFR_FSCP","Cribraria piriformis fuscopurpurea","synonym without a current name, in no current source as a current name","taxonomy build (automatic, synonym without a current name)","2026-10-07"
"P_CRBRR_PRFR_MAXM","Cribraria piriformis maxima","synonym without a current name, in no current source as a current name","taxonomy build (automatic, synonym without a current name)","2026-10-07"
"P_CRBRR_PRFR_MCRC","Cribraria piriformis macrocarpoidea","synonym without a current name, in no current source as a current name","taxonomy build (automatic, synonym without a current name)","2026-10-07"
"P_CRBRR_PRFR_NTBL","Cribraria piriformis notabilis","synonym without a current name, in no current source as a current name","taxonomy build (automatic, synonym without a current name)","2026-10-07"
"P_CRBRR_PRFR_PRFR","Cribraria piriformis piriformis","synonym without a current name, in no current source as a current name","taxonomy build (automatic, synonym without a current name)","2026-10-07"
"P_CRBRR_PRPR_ALTC","Cribraria purpurea altaica","synonym without a current name, in no current source as a current name","taxonomy build (automatic, synonym without a current name)","2026-10-07"
"P_CRBRR_RBGN_LNGP","Cribraria rubiginosa longipes","synonym without a current name, in no current source as a current name","taxonomy build (automatic, synonym without a current name)","2026-10-07"
"P_CRBRR_RBLS","Cribraria mirabilis","synonym without a current name, in no current source as a current name","taxonomy build (automatic, synonym without a current name)","2026-10-07"
"P_CRBRR_RCTA","Cribraria intricata","synonym without a current name, in no current source as a current name","taxonomy build (automatic, synonym without a current name)","2026-10-07"
"P_CRBRR_RCTA_DCTY","Cribraria intricata dictydioides","synonym without a current name, in no current source as a current name","taxonomy build (automatic, synonym without a current name)","2026-10-07"
"P_CRBRR_RCTA_SIML","Cribraria intricata simlae","synonym without a current name, in no current source as a current name","taxonomy build (automatic, synonym without a current name)","2026-10-07"
"P_CRBRR_RFSC","Cribraria rufescens","synonym without a current name, in no current source as a current name","taxonomy build (automatic, synonym without a current name)","2026-10-07"
"P_CRBRR_RFSC_FULV","Cribraria rufescens fulva","synonym without a current name, in no current source as a current name","taxonomy build (automatic, synonym without a current name)","2026-10-07"
"P_CRBRR_RFSC_INTR","Cribraria rufescens intermedia","synonym without a current name, in no current source as a current name","taxonomy build (automatic, synonym without a current name)","2026-10-07"
"P_CRBRR_RFSC_PRFR","Cribraria rufescens piriformis","synonym without a current name, in no current source as a current name","taxonomy build (automatic, synonym without a current name)","2026-10-07"
"P_CRBRR_RTLM","Cribraria rutilum","synonym without a current name, in no current source as a current name","taxonomy build (automatic, synonym without a current name)","2026-10-07"
"P_CRBRR_RUFA","Cribraria rufa","synonym without a current name, in no current source as a current name","taxonomy build (automatic, synonym without a current name)","2026-10-07"
"P_CRBRR_SMCN_ARNT","Cribraria semicancellata aurantiaca","synonym without a current name, in no current source as a current name","taxonomy build (automatic, synonym without a current name)","2026-10-07"
"P_CRBRR_SMCN_TNLL","Cribraria semicancellata tenella","synonym without a current name, in no current source as a current name","taxonomy build (automatic, synonym without a current name)","2026-10-07"
"P_CRBRR_SPLN","Cribraria splendens","synonym without a current name, in no current source as a current name","taxonomy build (automatic, synonym without a current name)","2026-10-07"
"P_CRBRR_SPLN_GRCL","Cribraria splendens gracilis","synonym without a current name, in no current source as a current name","taxonomy build (automatic, synonym without a current name)","2026-10-07"
"P_CRBRR_SPLN_OLGC","Cribraria splendens oligocostata","synonym without a current name, in no current source as a current name","taxonomy build (automatic, synonym without a current name)","2026-10-07"
"P_CRBRR_SPLN_PLYB","Cribraria splendens polybrachia","synonym without a current name, in no current source as a current name","taxonomy build (automatic, synonym without a current name)","2026-10-07"
"P_CRBRR_TNLL_CNCN","Cribraria tenella concinna","synonym without a current name, in no current source as a current name","taxonomy build (automatic, synonym without a current name)","2026-10-07"
"P_CRBRR_TNLL_GRCL","Cribraria tenella gracilis","synonym without a current name, in no current source as a current name","taxonomy build (automatic, synonym without a current name)","2026-10-07"
"P_CRBRR_TNLL_MCRP","Cribraria tenella macropus","synonym without a current name, in no current source as a current name","taxonomy build (automatic, synonym without a current name)","2026-10-07"
"P_CRBRR_TRCH","Cribraria trichioides","synonym without a current name, in no current source as a current name","taxonomy build (automatic, synonym without a current name)","2026-10-07"
"P_CRBRR_TTRC","Cribraria tatrica","synonym without a current name, in no current source as a current name","taxonomy build (automatic, synonym without a current name)","2026-10-07"
"P_CRBRR_UMBL","Cribraria umbilicatum","synonym without a current name, in no current source as a current name","taxonomy build (automatic, synonym without a current name)","2026-10-07"
"P_CRBRR_UMBL_ANML","Cribraria umbilicatum anomalum","synonym without a current name, in no current source as a current name","taxonomy build (automatic, synonym without a current name)","2026-10-07"
"P_CRBRR_UMBL_CRBR","Cribraria umbilicatum cribrarioides","synonym without a current name, in no current source as a current name","taxonomy build (automatic, synonym without a current name)","2026-10-07"
"P_CRBRR_UMBL_EXIL","Cribraria umbilicatum exile","synonym without a current name, in no current source as a current name","taxonomy build (automatic, synonym without a current name)","2026-10-07"
"P_CRBRR_UMBL_FSCM","Cribraria umbilicatum fuscum","synonym without a current name, in no current source as a current name","taxonomy build (automatic, synonym without a current name)","2026-10-07"
"P_CRBRR_UMBL_HTRD","Cribraria umbilicatum heterodictyon","synonym without a current name, in no current source as a current name","taxonomy build (automatic, synonym without a current name)","2026-10-07"
"P_CRBRR_UMBL_LAXM","Cribraria umbilicatum laxum","synonym without a current name, in no current source as a current name","taxonomy build (automatic, synonym without a current name)","2026-10-07"
"P_CRBRR_UMBL_PRPR","Cribraria umbilicatum purpureum","synonym without a current name, in no current source as a current name","taxonomy build (automatic, synonym without a current name)","2026-10-07"
"P_CRBRR_VLGR_ARGL","Cribraria vulgaris argillacea","synonym without a current name, in no current source as a current name","taxonomy build (automatic, synonym without a current name)","2026-10-07"
"P_CRBRR_VLGR_ARNT","Cribraria vulgaris aurantiaca","synonym without a current name, in no current source as a current name","taxonomy build (automatic, synonym without a current name)","2026-10-07"
"P_CRBRR_VLGR_DLCT","Cribraria vulgaris delicatula","synonym without a current name, in no current source as a current name","taxonomy build (automatic, synonym without a current name)","2026-10-07"
"P_CRBRR_VLGR_FLAV","Cribraria vulgaris flava","synonym without a current name, in no current source as a current name","taxonomy build (automatic, synonym without a current name)","2026-10-07"
"P_CRBRR_VLGR_INCN","Cribraria vulgaris inconspicua","synonym without a current name, in no current source as a current name","taxonomy build (automatic, synonym without a current name)","2026-10-07"
"P_CRBRR_VLGR_LUTS","Cribraria vulgaris lutosa","synonym without a current name, in no current source as a current name","taxonomy build (automatic, synonym without a current name)","2026-10-07"
"P_CRBRR_VLGR_MCRC","Cribraria vulgaris macrocarpoidea","synonym without a current name, in no current source as a current name","taxonomy build (automatic, synonym without a current name)","2026-10-07"
"P_CRBRR_VLGR_NTDS","Cribraria vulgaris aurantioides","synonym without a current name, in no current source as a current name","taxonomy build (automatic, synonym without a current name)","2026-10-07"
"P_CRBRR_VLGR_ORGN","Cribraria vulgaris oregana","synonym without a current name, in no current source as a current name","taxonomy build (automatic, synonym without a current name)","2026-10-07"
"P_CRBRR_VLGR_RUFA","Cribraria vulgaris rufa","synonym without a current name, in no current source as a current name","taxonomy build (automatic, synonym without a current name)","2026-10-07"
"P_CRBRR_VLGR_VLGR","Cribraria vulgaris vulgaris","synonym without a current name, in no current source as a current name","taxonomy build (automatic, synonym without a current name)","2026-10-07"
"P_CRBRR_VRBL","Cribraria variabilis","synonym without a current name, in no current source as a current name","taxonomy build (automatic, synonym without a current name)","2026-10-07"
"P_CRBRR_YDDS","Cribraria dictydioides","synonym without a current name, in no current source as a current name","taxonomy build (automatic, synonym without a current name)","2026-10-07"
"P_CRMST_PLYC","Coremiostelium polycephalum","synonym without a current name, in no current source as a current name","taxonomy build (automatic, synonym without a current name)","2026-10-07"
"P_CRNDN","Coronadinium","synonym without a current name, in no current source as a current name","taxonomy build (automatic, synonym without a current name)","2026-10-07"
"P_CRRGS","Corrugasphaera","synonym without a current name, in no current source as a current name","taxonomy build (automatic, synonym without a current name)","2026-10-07"
"P_CRTMY_ARBS","Ceratiomyxa arbuscula","synonym without a current name, in no current source as a current name","taxonomy build (automatic, synonym without a current name)","2026-10-07"
"P_CRTMY_AURM","Ceratiomyxa aureum","synonym without a current name, in no current source as a current name","taxonomy build (automatic, synonym without a current name)","2026-10-07"
"P_CRTMY_BYSS","Ceratiomyxa byssoides","synonym without a current name, in no current source as a current name","taxonomy build (automatic, synonym without a current name)","2026-10-07"
"P_CRTMY_CAES","Ceratiomyxa caesia","synonym without a current name, in no current source as a current name","taxonomy build (automatic, synonym without a current name)","2026-10-07"
"P_CRTMY_CAES_CAES","Ceratiomyxa caesia caesia","synonym without a current name, in no current source as a current name","taxonomy build (automatic, synonym without a current name)","2026-10-07"
"P_CRTMY_CLSA","Ceratiomyxa frutucilosa","synonym without a current name, in no current source as a current name","taxonomy build (automatic, synonym without a current name)","2026-10-07"
"P_CRTMY_CRST","Ceratiomyxa crustosum","synonym without a current name, in no current source as a current name","taxonomy build (automatic, synonym without a current name)","2026-10-07"
"P_CRTMY_DNDM","Ceratiomyxa hydnoideum","synonym without a current name, in no current source as a current name","taxonomy build (automatic, synonym without a current name)","2026-10-07"
"P_CRTMY_DNDM_RMSS","Ceratiomyxa hydnoideum ramossisimum","synonym without a current name, in no current source as a current name","taxonomy build (automatic, synonym without a current name)","2026-10-07"
"P_CRTMY_DNDM_SBRT","Ceratiomyxa hydnoideum subreticulatum","synonym without a current name, in no current source as a current name","taxonomy build (automatic, synonym without a current name)","2026-10-07"
"P_CRTMY_DSCN","Ceratiomyxa descendens","synonym without a current name, in no current source as a current name","taxonomy build (automatic, synonym without a current name)","2026-10-07"
"P_CRTMY_FLFR","Ceratiomyxa filiforme","synonym without a current name, in no current source as a current name","taxonomy build (automatic, synonym without a current name)","2026-10-07"
"P_CRTMY_FRTC_ARBS","Ceratiomyxa fruticulosa arbuscula","synonym without a current name, in no current source as a current name","taxonomy build (automatic, synonym without a current name)","2026-10-07"
"P_CRTMY_FRTC_ARNT","Ceratiomyxa fruticulosa aurantiaca","synonym without a current name, in no current source as a current name","taxonomy build (automatic, synonym without a current name)","2026-10-07"
"P_CRTMY_FRTC_AURE","Ceratiomyxa fruticulosa aurea","synonym without a current name, in no current source as a current name","taxonomy build (automatic, synonym without a current name)","2026-10-07"
"P_CRTMY_FRTC_CAES","Ceratiomyxa fruticulosa caesia","synonym without a current name, in no current source as a current name","taxonomy build (automatic, synonym without a current name)","2026-10-07"
"P_CRTMY_FRTC_COMT","Ceratiomyxa fruticulosa comata","synonym without a current name, in no current source as a current name","taxonomy build (automatic, synonym without a current name)","2026-10-07"
"P_CRTMY_FRTC_CRST","Ceratiomyxa fruticulosa crustosum","synonym without a current name, in no current source as a current name","taxonomy build (automatic, synonym without a current name)","2026-10-07"
"P_CRTMY_FRTC_DSCN","Ceratiomyxa fruticulosa descendens","synonym without a current name, in no current source as a current name","taxonomy build (automatic, synonym without a current name)","2026-10-07"
"P_CRTMY_FRTC_FLAV","Ceratiomyxa fruticulosa flava","synonym without a current name, in no current source as a current name","taxonomy build (automatic, synonym without a current name)","2026-10-07"
"P_CRTMY_FRTC_FLXS","Ceratiomyxa fruticulosa flexuosa","synonym without a current name, in no current source as a current name","taxonomy build (automatic, synonym without a current name)","2026-10-07"
"P_CRTMY_FRTC_PRDS","Ceratiomyxa fruticulosa porioides","synonym without a current name, in no current source as a current name","taxonomy build (automatic, synonym without a current name)","2026-10-07"
"P_CRTMY_FRTC_ROSE","Ceratiomyxa fruticulosa rosea","synonym without a current name, in no current source as a current name","taxonomy build (automatic, synonym without a current name)","2026-10-07"
"P_CRTMY_FRTC_RSLL","Ceratiomyxa fruticulosa rosella","synonym without a current name, in no current source as a current name","taxonomy build (automatic, synonym without a current name)","2026-10-07"
"P_CRTMY_FRYN","Ceratiomyxa freyana","synonym without a current name, in no current source as a current name","taxonomy build (automatic, synonym without a current name)","2026-10-07"
"P_CRTMY_FSCM","Ceratiomyxa fuscum","synonym without a current name, in no current source as a current name","taxonomy build (automatic, synonym without a current name)","2026-10-07"
"P_CRTMY_HYDN","Ceratiomyxa hydnoidea","synonym without a current name, in no current source as a current name","taxonomy build (automatic, synonym without a current name)","2026-10-07"
"P_CRTMY_MCDM","Ceratiomyxa mucidum","synonym without a current name, in no current source as a current name","taxonomy build (automatic, synonym without a current name)","2026-10-07"
"P_CRTMY_MUCD","Ceratiomyxa mucida","synonym without a current name, in no current source as a current name","taxonomy build (automatic, synonym without a current name)","2026-10-07"
"P_CRTMY_MUCD_ARBS","Ceratiomyxa mucida arbuscula","synonym without a current name, in no current source as a current name","taxonomy build (automatic, synonym without a current name)","2026-10-07"
"P_CRTMY_MUCD_FLXS","Ceratiomyxa mucida flexuosa","synonym without a current name, in no current source as a current name","taxonomy build (automatic, synonym without a current name)","2026-10-07"
"P_CRTMY_MUCD_HYDN","Ceratiomyxa mucida hydnoidea","synonym without a current name, in no current source as a current name","taxonomy build (automatic, synonym without a current name)","2026-10-07"
"P_CRTMY_MUCD_PRDS","Ceratiomyxa mucida porioides","synonym without a current name, in no current source as a current name","taxonomy build (automatic, synonym without a current name)","2026-10-07"
"P_CRTMY_PCCN","Ceratiomyxa puccinia","synonym without a current name, in no current source as a current name","taxonomy build (automatic, synonym without a current name)","2026-10-07"
"P_CRTMY_PLMS","Ceratiomyxa plumosa","synonym without a current name, in no current source as a current name","taxonomy build (automatic, synonym without a current name)","2026-10-07"
"P_CRTMY_PRDS","Ceratiomyxa porioides","synonym without a current name, in no current source as a current name","taxonomy build (automatic, synonym without a current name)","2026-10-07"
"P_CRTMY_PRDS_ALBA","Ceratiomyxa porioides alba","synonym without a current name, in no current source as a current name","taxonomy build (automatic, synonym without a current name)","2026-10-07"
"P_CRTMY_PRDS_FLVM","Ceratiomyxa porioides flavum","synonym without a current name, in no current source as a current name","taxonomy build (automatic, synonym without a current name)","2026-10-07"
"P_CRTMY_PRDS_LCTM","Ceratiomyxa porioides lacteum","synonym without a current name, in no current source as a current name","taxonomy build (automatic, synonym without a current name)","2026-10-07"
"P_CRTMY_PYXD","Ceratiomyxa pyxidatum","synonym without a current name, in no current source as a current name","taxonomy build (automatic, synonym without a current name)","2026-10-07"
"P_CRTMY_PYXD_CRNT","Ceratiomyxa pyxidatum cornutum","synonym without a current name, in no current source as a current name","taxonomy build (automatic, synonym without a current name)","2026-10-07"
"P_CRTMY_PYXD_FLBL","Ceratiomyxa pyxidatum flabellatum","synonym without a current name, in no current source as a current name","taxonomy build (automatic, synonym without a current name)","2026-10-07"
"P_CRTMY_RBCN","Ceratiomyxa rubicundum","synonym without a current name, in no current source as a current name","taxonomy build (automatic, synonym without a current name)","2026-10-07"
"P_CRTMY_ROSM","Ceratiomyxa roseum","synonym without a current name, in no current source as a current name","taxonomy build (automatic, synonym without a current name)","2026-10-07"
"P_CRTMY_RTCL","Ceratiomyxa reticulosa","synonym without a current name, in no current source as a current name","taxonomy build (automatic, synonym without a current name)","2026-10-07"
"P_CRTMY_SPHR","Ceratiomyxa sphaeroideum","synonym without a current name, in no current source as a current name","taxonomy build (automatic, synonym without a current name)","2026-10-07"
"P_CRTRM_ARNC_HTRB","Craterium aureonucleatum heterobaculatum","synonym without a current name, in no current source as a current name","taxonomy build (automatic, synonym without a current name)","2026-10-07"
"P_CRTRM_AURE","Craterium aurea","synonym without a current name, in no current source as a current name","taxonomy build (automatic, synonym without a current name)","2026-10-07"
"P_CRTRM_BNTS","Craterium turbinatus","synonym without a current name, in no current source as a current name","taxonomy build (automatic, synonym without a current name)","2026-10-07"
"P_CRTRM_BRNN","Craterium brunneum","synonym without a current name, in no current source as a current name","taxonomy build (automatic, synonym without a current name)","2026-10-07"
"P_CRTRM_BVTM_DCTY","Craterium obovatum dictyospora","synonym without a current name, in no current source as a current name","taxonomy build (automatic, synonym without a current name)","2026-10-07"
"P_CRTRM_BVTM_SPRM","Craterium obovatum dictyosporum","synonym without a current name, in no current source as a current name","taxonomy build (automatic, synonym without a current name)","2026-10-07"
"P_CRTRM_CNFS","Craterium confusum","synonym without a current name, in no current source as a current name","taxonomy build (automatic, synonym without a current name)","2026-10-07"
"P_CRTRM_CNRS","Craterium cinereus","synonym without a current name, in no current source as a current name","taxonomy build (automatic, synonym without a current name)","2026-10-07"
"P_CRTRM_CNVV","Craterium convivale","synonym without a current name, in no current source as a current name","taxonomy build (automatic, synonym without a current name)","2026-10-07"
"P_CRTRM_CRTS","Craterium curtisii","synonym without a current name, in no current source as a current name","taxonomy build (automatic, synonym without a current name)","2026-10-07"
"P_CRTRM_CYLN","Craterium cylindricum","synonym without a current name, in no current source as a current name","taxonomy build (automatic, synonym without a current name)","2026-10-07"
"P_CRTRM_DCTY","Craterium dictyospermum","synonym without a current name, in no current source as a current name","taxonomy build (automatic, synonym without a current name)","2026-10-07"
"P_CRTRM_DPRC","Craterium deoperculatum","synonym without a current name, in no current source as a current name","taxonomy build (automatic, synonym without a current name)","2026-10-07"
"P_CRTRM_FCKL","Craterium fuckelii","synonym without a current name, in no current source as a current name","taxonomy build (automatic, synonym without a current name)","2026-10-07"
"P_CRTRM_FRIS","Craterium friesii","synonym without a current name, in no current source as a current name","taxonomy build (automatic, synonym without a current name)","2026-10-07"
"P_CRTRM_GLBS","Craterium globosa","synonym without a current name, in no current source as a current name","taxonomy build (automatic, synonym without a current name)","2026-10-07"
"P_CRTRM_GNSM","Craterium rubiginosum","synonym without a current name, in no current source as a current name","taxonomy build (automatic, synonym without a current name)","2026-10-07"
"P_CRTRM_GRPN","Craterium guarapiense","synonym without a current name, in no current source as a current name","taxonomy build (automatic, synonym without a current name)","2026-10-07"
"P_CRTRM_HOKR","Craterium hookeri","synonym without a current name, in no current source as a current name","taxonomy build (automatic, synonym without a current name)","2026-10-07"
"P_CRTRM_LCCP","Craterium leucocephala","synonym without a current name, in no current source as a current name","taxonomy build (automatic, synonym without a current name)","2026-10-07"
"P_CRTRM_LCST","Craterium leucostictum","synonym without a current name, in no current source as a current name","taxonomy build (automatic, synonym without a current name)","2026-10-07"
"P_CRTRM_MINT","Craterium minuta","synonym without a current name, in no current source as a current name","taxonomy build (automatic, synonym without a current name)","2026-10-07"
"P_CRTRM_MNMM","Craterium minimum","synonym without a current name, in no current source as a current name","taxonomy build (automatic, synonym without a current name)","2026-10-07"
"P_CRTRM_MNTM_AURM","Craterium minutum aureum","synonym without a current name, in no current source as a current name","taxonomy build (automatic, synonym without a current name)","2026-10-07"
"P_CRTRM_MNTM_BRNN","Craterium minutum brunneum","synonym without a current name, in no current source as a current name","taxonomy build (automatic, synonym without a current name)","2026-10-07"
"P_CRTRM_MNTM_CMPN","Craterium minutum campanulatum","synonym without a current name, in no current source as a current name","taxonomy build (automatic, synonym without a current name)","2026-10-07"
"P_CRTRM_MNTM_PYRF","Craterium minutum pyriforme","synonym without a current name, in no current source as a current name","taxonomy build (automatic, synonym without a current name)","2026-10-07"
"P_CRTRM_MNTM_TRBN","Craterium minutum turbinatum","synonym without a current name, in no current source as a current name","taxonomy build (automatic, synonym without a current name)","2026-10-07"
"P_CRTRM_MNTS","Craterium minutus","synonym without a current name, in no current source as a current name","taxonomy build (automatic, synonym without a current name)","2026-10-07"
"P_CRTRM_MTBL","Craterium mutabile","synonym without a current name, in no current source as a current name","taxonomy build (automatic, synonym without a current name)","2026-10-07"
"P_CRTRM_NTNS","Craterium nutans","synonym without a current name, in no current source as a current name","taxonomy build (automatic, synonym without a current name)","2026-10-07"
"P_CRTRM_OBVT","Craterium obovata","synonym without a current name, in no current source as a current name","taxonomy build (automatic, synonym without a current name)","2026-10-07"
"P_CRTRM_OBVT_DCTY","Craterium obovata dictyospora","synonym without a current name, in no current source as a current name","taxonomy build (automatic, synonym without a current name)","2026-10-07"
"P_CRTRM_ORST","Craterium oerstedii","synonym without a current name, in no current source as a current name","taxonomy build (automatic, synonym without a current name)","2026-10-07"
"P_CRTRM_OVTM","Craterium ovatum","synonym without a current name, in no current source as a current name","taxonomy build (automatic, synonym without a current name)","2026-10-07"
"P_CRTRM_PDNC","Craterium pedunculatum","synonym without a current name, in no current source as a current name","taxonomy build (automatic, synonym without a current name)","2026-10-07"
"P_CRTRM_PDNC_ALBC","Craterium pedunculatum albicans","synonym without a current name, in no current source as a current name","taxonomy build (automatic, synonym without a current name)","2026-10-07"
"P_CRTRM_PDNC_CNFS","Craterium pedunculatum confussum","synonym without a current name, in no current source as a current name","taxonomy build (automatic, synonym without a current name)","2026-10-07"
"P_CRTRM_PHLM_CYLN","Craterium leucocephalum cylindricum","synonym without a current name, in no current source as a current name","taxonomy build (automatic, synonym without a current name)","2026-10-07"
"P_CRTRM_PHLM_INCL","Craterium leucocephalum inclusum","synonym without a current name, in no current source as a current name","taxonomy build (automatic, synonym without a current name)","2026-10-07"
"P_CRTRM_PHLM_LNGP","Craterium leucocephalum longipes","synonym without a current name, in no current source as a current name","taxonomy build (automatic, synonym without a current name)","2026-10-07"
"P_CRTRM_PHLM_RUFM","Craterium leucocephalum rufum","synonym without a current name, in no current source as a current name","taxonomy build (automatic, synonym without a current name)","2026-10-07"
"P_CRTRM_PHLM_SCYP","Craterium leucocephalum scyphoides","synonym without a current name, in no current source as a current name","taxonomy build (automatic, synonym without a current name)","2026-10-07"
"P_CRTRM_PNDL","Craterium pendulum","synonym without a current name, in no current source as a current name","taxonomy build (automatic, synonym without a current name)","2026-10-07"
"P_CRTRM_PRNS","Craterium pruinosum","synonym without a current name, in no current source as a current name","taxonomy build (automatic, synonym without a current name)","2026-10-07"
"P_CRTRM_PRPS","Craterium perpusilla","synonym without a current name, in no current source as a current name","taxonomy build (automatic, synonym without a current name)","2026-10-07"
"P_CRTRM_PYRF","Craterium pyriforme","synonym without a current name, in no current source as a current name","taxonomy build (automatic, synonym without a current name)","2026-10-07"
"P_CRTRM_RBGN","Craterium rubiginosa","synonym without a current name, in no current source as a current name","taxonomy build (automatic, synonym without a current name)","2026-10-07"
"P_CRTRM_RBGN_CNCN","Craterium rubiginosa concinna","synonym without a current name, in no current source as a current name","taxonomy build (automatic, synonym without a current name)","2026-10-07"
"P_CRTRM_RBGN_DCTY","Craterium rubiginosa dictyospora","synonym without a current name, in no current source as a current name","taxonomy build (automatic, synonym without a current name)","2026-10-07"
"P_CRTRM_RBGN_GLBS","Craterium rubiginosa globosa","synonym without a current name, in no current source as a current name","taxonomy build (automatic, synonym without a current name)","2026-10-07"
"P_CRTRM_RBSC","Craterium rubescens","synonym without a current name, in no current source as a current name","taxonomy build (automatic, synonym without a current name)","2026-10-07"
"P_CRTRM_SBQL","Craterium subaquila","synonym without a current name, in no current source as a current name","taxonomy build (automatic, synonym without a current name)","2026-10-07"
"P_CRTRM_SCYP","Craterium scyphoides","synonym without a current name, in no current source as a current name","taxonomy build (automatic, synonym without a current name)","2026-10-07"
"P_CRTRM_SCYP_SCYP","Craterium scyphoides scyphoides","synonym without a current name, in no current source as a current name","taxonomy build (automatic, synonym without a current name)","2026-10-07"
"P_CRTRM_SPRA","Craterium dictyospora","synonym without a current name, in no current source as a current name","taxonomy build (automatic, synonym without a current name)","2026-10-07"
"P_CRTRM_TBLS","Craterium mutabilis","synonym without a current name, in no current source as a current name","taxonomy build (automatic, synonym without a current name)","2026-10-07"
"P_CRTRM_TRBN","Craterium turbinatum","synonym without a current name, in no current source as a current name","taxonomy build (automatic, synonym without a current name)","2026-10-07"
"P_CRTRM_VLGR","Craterium vulgare","synonym without a current name, in no current source as a current name","taxonomy build (automatic, synonym without a current name)","2026-10-07"
"P_CRTRM_VLGR_ALBC","Craterium vulgare albicans","synonym without a current name, in no current source as a current name","taxonomy build (automatic, synonym without a current name)","2026-10-07"
"P_CRTRM_VLGR_CNFS","Craterium vulgare confusum","synonym without a current name, in no current source as a current name","taxonomy build (automatic, synonym without a current name)","2026-10-07"
"P_CRTRM_XNTH","Craterium xanthopus","synonym without a current name, in no current source as a current name","taxonomy build (automatic, synonym without a current name)","2026-10-07"
"P_CRYPTL","Cryptaulaxoides","synonym without a current name, in no current source as a current name","taxonomy build (automatic, synonym without a current name)","2026-10-07"
"P_CVNDR_AMPHS","Cavenderia amphisporum","synonym without a current name, in no current source as a current name","taxonomy build (automatic, synonym without a current name)","2026-10-07"
"P_CVNDR_ARST_HLVT","Cavenderia aureo-stipes helvetium","synonym without a current name, in no current source as a current name","taxonomy build (automatic, synonym without a current name)","2026-10-07"
"P_CVNDR_BMRNG","Cavenderia boomerangisporum","synonym without a current name, in no current source as a current name","taxonomy build (automatic, synonym without a current name)","2026-10-07"
"P_CVNDR_CLDM","Cavenderia fasciculoideum","synonym without a current name, in no current source as a current name","taxonomy build (automatic, synonym without a current name)","2026-10-07"
"P_CVNDR_CLTM","Cavenderia fasciculatum","synonym without a current name, in no current source as a current name","taxonomy build (automatic, synonym without a current name)","2026-10-07"
"P_CVNDR_CRPM","Cavenderia macrocarpum","synonym without a current name, in no current source as a current name","taxonomy build (automatic, synonym without a current name)","2026-10-07"
"P_CVNDR_CTCM","Cavenderia antarcticum","synonym without a current name, in no current source as a current name","taxonomy build (automatic, synonym without a current name)","2026-10-07"
"P_CVNDR_EXGM","Cavenderia exiguum","synonym without a current name, in no current source as a current name","taxonomy build (automatic, synonym without a current name)","2026-10-07"
"P_CVNDR_LCTM","Cavenderia delicatum","synonym without a current name, in no current source as a current name","taxonomy build (automatic, synonym without a current name)","2026-10-07"
"P_CVNDR_LLTM","Cavenderia stellatum","synonym without a current name, in no current source as a current name","taxonomy build (automatic, synonym without a current name)","2026-10-07"
"P_CVNDR_MCRSP","Cavenderia microsporum","synonym without a current name, in no current source as a current name","taxonomy build (automatic, synonym without a current name)","2026-10-07"
"P_CVNDR_NTVM","Cavenderia deminutivum","synonym without a current name, in no current source as a current name","taxonomy build (automatic, synonym without a current name)","2026-10-07"
"P_CVNDR_PHRM","Cavenderia granulophorum","synonym without a current name, in no current source as a current name","taxonomy build (automatic, synonym without a current name)","2026-10-07"
"P_CVNDR_PRVSP","Cavenderia parvisporum","synonym without a current name, in no current source as a current name","taxonomy build (automatic, synonym without a current name)","2026-10-07"
"P_CVNDR_RCTM","Cavenderia bifurcatum","synonym without a current name, in no current source as a current name","taxonomy build (automatic, synonym without a current name)","2026-10-07"
"P_CVNDR_STPS_HLVT","Cavenderia aureostipes helvetium","synonym without a current name, in no current source as a current name","taxonomy build (automatic, synonym without a current name)","2026-10-07"
"P_CVNDR_XCNM","Cavenderia mexicanum","synonym without a current name, in no current source as a current name","taxonomy build (automatic, synonym without a current name)","2026-10-07"
"P_CVSPN_URIA","Cavaspina uria","synonym without a current name, in no current source as a current name","taxonomy build (automatic, synonym without a current name)","2026-10-07"
"P_CXLLA_THTN_NTRP","Ceratiomyxella tahitiensis neotropicalis","synonym without a current name, in no current source as a current name","taxonomy build (automatic, synonym without a current name)","2026-10-07"
"P_CYPHD_MRGR","Cyphoderia margaritacea","synonym without a current name, in no current source as a current name","taxonomy build (automatic, synonym without a current name)","2026-10-07"
"P_DCHPS_SSSM","Diacheopsis insessum","synonym without a current name, in no current source as a current name","taxonomy build (automatic, synonym without a current name)","2026-10-07"
"P_DCTYL","Dactylosphaerium","synonym without a current name, in no current source as a current name","taxonomy build (automatic, synonym without a current name)","2026-10-07"
"P_DDYMC_CSTT","Didymoeca costata","synonym without a current name, in no current source as a current name","taxonomy build (automatic, synonym without a current name)","2026-10-07"
"P_DDYMM_AFFN","Didymium affine","synonym without a current name, in no current source as a current name","taxonomy build (automatic, synonym without a current name)","2026-10-07"
"P_DDYMM_ALBA","Didymium alba","synonym without a current name, in no current source as a current name","taxonomy build (automatic, synonym without a current name)","2026-10-07"
"P_DDYMM_ANNL","Didymium annulatum","synonym without a current name, in no current source as a current name","taxonomy build (automatic, synonym without a current name)","2026-10-07"
"P_DDYMM_ARNT","Didymium aurantipes","synonym without a current name, in no current source as a current name","taxonomy build (automatic, synonym without a current name)","2026-10-07"
"P_DDYMM_BHNS_MCRS","Didymium bahiense microsporum","synonym without a current name, in no current source as a current name","taxonomy build (automatic, synonym without a current name)","2026-10-07"
"P_DDYMM_BNNM","Didymium bonianum","synonym without a current name, in no current source as a current name","taxonomy build (automatic, synonym without a current name)","2026-10-07"
"P_DDYMM_CAES","Didymium caesia","synonym without a current name, in no current source as a current name","taxonomy build (automatic, synonym without a current name)","2026-10-07"
"P_DDYMM_CASM","Didymium caesium","synonym without a current name, in no current source as a current name","taxonomy build (automatic, synonym without a current name)","2026-10-07"
"P_DDYMM_CHLY","Didymium chalybeum","synonym without a current name, in no current source as a current name","taxonomy build (automatic, synonym without a current name)","2026-10-07"
"P_DDYMM_CLCP","Didymium calcipes","synonym without a current name, in no current source as a current name","taxonomy build (automatic, synonym without a current name)","2026-10-07"
"P_DDYMM_CLCR","Didymium calcareum","synonym without a current name, in no current source as a current name","taxonomy build (automatic, synonym without a current name)","2026-10-07"
"P_DDYMM_CMMT","Didymium commutabile","synonym without a current name, in no current source as a current name","taxonomy build (automatic, synonym without a current name)","2026-10-07"
"P_DDYMM_CMPL","Didymium complanatum","synonym without a current name, in no current source as a current name","taxonomy build (automatic, synonym without a current name)","2026-10-07"
"P_DDYMM_CMPR","Didymium compressa","synonym without a current name, in no current source as a current name","taxonomy build (automatic, synonym without a current name)","2026-10-07"
"P_DDYMM_CNFL","Didymium confluens","synonym without a current name, in no current source as a current name","taxonomy build (automatic, synonym without a current name)","2026-10-07"
"P_DDYMM_CNFL_CRST","Didymium confluens crustaceum","synonym without a current name, in no current source as a current name","taxonomy build (automatic, synonym without a current name)","2026-10-07"
"P_DDYMM_CNRM_CMPL","Didymium cinereum complanatum","synonym without a current name, in no current source as a current name","taxonomy build (automatic, synonym without a current name)","2026-10-07"
"P_DDYMM_COOK","Didymium cookei","synonym without a current name, in no current source as a current name","taxonomy build (automatic, synonym without a current name)","2026-10-07"
"P_DDYMM_CPTT","Didymium capitatum","synonym without a current name, in no current source as a current name","taxonomy build (automatic, synonym without a current name)","2026-10-07"
"P_DDYMM_CRPM","Didymium microcarpum","synonym without a current name, in no current source as a current name","taxonomy build (automatic, synonym without a current name)","2026-10-07"
"P_DDYMM_CRPM_LCTR","Didymium microcarpum leucotrichum","synonym without a current name, in no current source as a current name","taxonomy build (automatic, synonym without a current name)","2026-10-07"
"P_DDYMM_CRST_OBDC","Didymium crustaceum obducens","synonym without a current name, in no current source as a current name","taxonomy build (automatic, synonym without a current name)","2026-10-07"
"P_DDYMM_CSTT","Didymium costatum","synonym without a current name, in no current source as a current name","taxonomy build (automatic, synonym without a current name)","2026-10-07"
"P_DDYMM_CSTT_CSTT","Didymium costatum costatum","synonym without a current name, in no current source as a current name","taxonomy build (automatic, synonym without a current name)","2026-10-07"
"P_DDYMM_CYNS","Didymium cyanescens","synonym without a current name, in no current source as a current name","taxonomy build (automatic, synonym without a current name)","2026-10-07"
"P_DDYMM_DCHN","Didymium dachnaya","synonym without a current name, in no current source as a current name","taxonomy build (automatic, synonym without a current name)","2026-10-07"
"P_DDYMM_DFFR_BNDL","Didymium difforme bendelii","synonym without a current name, in no current source as a current name","taxonomy build (automatic, synonym without a current name)","2026-10-07"
"P_DDYMM_DFFR_CMTM","Didymium difforme comatum","synonym without a current name, in no current source as a current name","taxonomy build (automatic, synonym without a current name)","2026-10-07"
"P_DDYMM_DFFR_RPND","Didymium difforme repandum","synonym without a current name, in no current source as a current name","taxonomy build (automatic, synonym without a current name)","2026-10-07"
"P_DDYMM_DSCD","Didymium discoideum","synonym without a current name, in no current source as a current name","taxonomy build (automatic, synonym without a current name)","2026-10-07"
"P_DDYMM_EFFS","Didymium effusum","synonym without a current name, in no current source as a current name","taxonomy build (automatic, synonym without a current name)","2026-10-07"
"P_DDYMM_EFFS_MCLT","Didymium effusum maculatum","synonym without a current name, in no current source as a current name","taxonomy build (automatic, synonym without a current name)","2026-10-07"
"P_DDYMM_EFFS_TENU","Didymium effusum tenue","synonym without a current name, in no current source as a current name","taxonomy build (automatic, synonym without a current name)","2026-10-07"
"P_DDYMM_ELGN","Didymium elegantissimum","synonym without a current name, in no current source as a current name","taxonomy build (automatic, synonym without a current name)","2026-10-07"
"P_DDYMM_EXCL","Didymium excelsum","synonym without a current name, in no current source as a current name","taxonomy build (automatic, synonym without a current name)","2026-10-07"
"P_DDYMM_FCKL","Didymium fuckelianum","synonym without a current name, in no current source as a current name","taxonomy build (automatic, synonym without a current name)","2026-10-07"
"P_DDYMM_FLMN","Didymium filamentosum","synonym without a current name, in no current source as a current name","taxonomy build (automatic, synonym without a current name)","2026-10-07"
"P_DDYMM_FLVL","Didymium fulvellum","synonym without a current name, in no current source as a current name","taxonomy build (automatic, synonym without a current name)","2026-10-07"
"P_DDYMM_FLVM","Didymium fulvum","synonym without a current name, in no current source as a current name","taxonomy build (automatic, synonym without a current name)","2026-10-07"
"P_DDYMM_FRMN","Didymium fairmanii","synonym without a current name, in no current source as a current name","taxonomy build (automatic, synonym without a current name)","2026-10-07"
"P_DDYMM_FRNC","Didymium farinacea","synonym without a current name, in no current source as a current name","taxonomy build (automatic, synonym without a current name)","2026-10-07"
"P_DDYMM_GLTM","Didymium angulatum","synonym without a current name, in no current source as a current name","taxonomy build (automatic, synonym without a current name)","2026-10-07"
"P_DDYMM_HRBR","Didymium herbarum","synonym without a current name, in no current source as a current name","taxonomy build (automatic, synonym without a current name)","2026-10-07"
"P_DDYMM_HUML","Didymium humile","synonym without a current name, in no current source as a current name","taxonomy build (automatic, synonym without a current name)","2026-10-07"
"P_DDYMM_LBRT","Didymium libertianum","synonym without a current name, in no current source as a current name","taxonomy build (automatic, synonym without a current name)","2026-10-07"
"P_DDYMM_LBTM","Didymium lobatum","synonym without a current name, in no current source as a current name","taxonomy build (automatic, synonym without a current name)","2026-10-07"
"P_DDYMM_LBYR","Didymium labyrinthiforme","synonym without a current name, in no current source as a current name","taxonomy build (automatic, synonym without a current name)","2026-10-07"
"P_DDYMM_LCDS","Didymium liceoides","synonym without a current name, in no current source as a current name","taxonomy build (automatic, synonym without a current name)","2026-10-07"
"P_DDYMM_LCPH_FLXS","Didymium leucophaeum flexuosum","synonym without a current name, in no current source as a current name","taxonomy build (automatic, synonym without a current name)","2026-10-07"
"P_DDYMM_LCPH_VLSC","Didymium leucophaeum violascens","synonym without a current name, in no current source as a current name","taxonomy build (automatic, synonym without a current name)","2026-10-07"
"P_DDYMM_LCRS","Didymium calcareus","synonym without a current name, in no current source as a current name","taxonomy build (automatic, synonym without a current name)","2026-10-07"
"P_DDYMM_LENN","Didymium leonina","synonym without a current name, in no current source as a current name","taxonomy build (automatic, synonym without a current name)","2026-10-07"
"P_DDYMM_LNNM_EFFS","Didymium leoninum effusum","synonym without a current name, in no current source as a current name","taxonomy build (automatic, synonym without a current name)","2026-10-07"
"P_DDYMM_MCRSP","Didymium macrosporum","synonym without a current name, in no current source as a current name","taxonomy build (automatic, synonym without a current name)","2026-10-07"
"P_DDYMM_MCRS_LSPR","Didymium macrospermum leiosporum","synonym without a current name, in no current source as a current name","taxonomy build (automatic, synonym without a current name)","2026-10-07"
"P_DDYMM_MLNP","Didymium melanopus","synonym without a current name, in no current source as a current name","taxonomy build (automatic, synonym without a current name)","2026-10-07"
"P_DDYMM_MLNP_CLVS","Didymium melanopus clavus","synonym without a current name, in no current source as a current name","taxonomy build (automatic, synonym without a current name)","2026-10-07"
"P_DDYMM_MLNS_CLCP","Didymium melanospermum calcipes","synonym without a current name, in no current source as a current name","taxonomy build (automatic, synonym without a current name)","2026-10-07"
"P_DDYMM_MLNS_ERYT","Didymium melanospermum erythropus","synonym without a current name, in no current source as a current name","taxonomy build (automatic, synonym without a current name)","2026-10-07"
"P_DDYMM_MLNS_MINS","Didymium melanospermum minus","synonym without a current name, in no current source as a current name","taxonomy build (automatic, synonym without a current name)","2026-10-07"
"P_DDYMM_MNTM","Didymium minutum","synonym without a current name, in no current source as a current name","taxonomy build (automatic, synonym without a current name)","2026-10-07"
"P_DDYMM_MRGN","Didymium marginaturn","synonym without a current name, in no current source as a current name","taxonomy build (automatic, synonym without a current name)","2026-10-07"
"P_DDYMM_MSSN","Didymium masseeanum","synonym without a current name, in no current source as a current name","taxonomy build (automatic, synonym without a current name)","2026-10-07"
"P_DDYMM_NEES","Didymium neesii","synonym without a current name, in no current source as a current name","taxonomy build (automatic, synonym without a current name)","2026-10-07"
"P_DDYMM_NGLC","Didymium neglectum","synonym without a current name, in no current source as a current name","taxonomy build (automatic, synonym without a current name)","2026-10-07"
"P_DDYMM_NGRM","Didymium nigrum","synonym without a current name, in no current source as a current name","taxonomy build (automatic, synonym without a current name)","2026-10-07"
"P_DDYMM_NGRP_EXMM","Didymium nigripes eximium","synonym without a current name, in no current source as a current name","taxonomy build (automatic, synonym without a current name)","2026-10-07"
"P_DDYMM_NGRP_GNNM","Didymium nigripes genuinum","synonym without a current name, in no current source as a current name","taxonomy build (automatic, synonym without a current name)","2026-10-07"
"P_DDYMM_NGRP_XNTH","Didymium nigripes xanthopus","synonym without a current name, in no current source as a current name","taxonomy build (automatic, synonym without a current name)","2026-10-07"
"P_DDYMM_NITNS","Didymium nitens","synonym without a current name, in no current source as a current name","taxonomy build (automatic, synonym without a current name)","2026-10-07"
"P_DDYMM_NUTNS_IRCL","Didymium nutans iricolor","synonym without a current name, in no current source as a current name","taxonomy build (automatic, synonym without a current name)","2026-10-07"
"P_DDYMM_NUTNS_SBTL","Didymium nutans subtile","synonym without a current name, in no current source as a current name","taxonomy build (automatic, synonym without a current name)","2026-10-07"
"P_DDYMM_PDCL","Didymium pedicellata","synonym without a current name, in no current source as a current name","taxonomy build (automatic, synonym without a current name)","2026-10-07"
"P_DDYMM_PHLM","Didymium microcephalum","synonym without a current name, in no current source as a current name","taxonomy build (automatic, synonym without a current name)","2026-10-07"
"P_DDYMM_PRCX","Didymium praecox","synonym without a current name, in no current source as a current name","taxonomy build (automatic, synonym without a current name)","2026-10-07"
"P_DDYMM_PRPH","Didymium porphyropus","synonym without a current name, in no current source as a current name","taxonomy build (automatic, synonym without a current name)","2026-10-07"
"P_DDYMM_PRSN","Didymium persoonii","synonym without a current name, in no current source as a current name","taxonomy build (automatic, synonym without a current name)","2026-10-07"
"P_DDYMM_PRTL","Didymium parietale","synonym without a current name, in no current source as a current name","taxonomy build (automatic, synonym without a current name)","2026-10-07"
"P_DDYMM_PSLL","Didymium pusilla","synonym without a current name, in no current source as a current name","taxonomy build (automatic, synonym without a current name)","2026-10-07"
"P_DDYMM_RBPS_ALBC","Didymium rubeopus albocapillitium","synonym without a current name, in no current source as a current name","taxonomy build (automatic, synonym without a current name)","2026-10-07"
"P_DDYMM_RBRP","Didymium rubropus","synonym without a current name, in no current source as a current name","taxonomy build (automatic, synonym without a current name)","2026-10-07"
"P_DDYMM_RBRP_ALBC","Didymium rubropus albocapillitium","synonym without a current name, in no current source as a current name","taxonomy build (automatic, synonym without a current name)","2026-10-07"
"P_DDYMM_RCHS","Didymium trochus","synonym without a current name, in no current source as a current name","taxonomy build (automatic, synonym without a current name)","2026-10-07"
"P_DDYMM_RDTM","Didymium radiatum","synonym without a current name, in no current source as a current name","taxonomy build (automatic, synonym without a current name)","2026-10-07"
"P_DDYMM_RNCM","Didymium farinaceum","synonym without a current name, in no current source as a current name","taxonomy build (automatic, synonym without a current name)","2026-10-07"
"P_DDYMM_RNCM_CNFL","Didymium farinaceum confluens","synonym without a current name, in no current source as a current name","taxonomy build (automatic, synonym without a current name)","2026-10-07"
"P_DDYMM_RNCM_ELNG","Didymium farinaceum elongatum","synonym without a current name, in no current source as a current name","taxonomy build (automatic, synonym without a current name)","2026-10-07"
"P_DDYMM_RNCM_GLBS","Didymium farinaceum globosum","synonym without a current name, in no current source as a current name","taxonomy build (automatic, synonym without a current name)","2026-10-07"
"P_DDYMM_RNCM_MINS","Didymium farinaceum minus","synonym without a current name, in no current source as a current name","taxonomy build (automatic, synonym without a current name)","2026-10-07"
"P_DDYMM_RNCM_NGRM","Didymium farinaceum nigrum","synonym without a current name, in no current source as a current name","taxonomy build (automatic, synonym without a current name)","2026-10-07"
"P_DDYMM_RNCM_RFPS","Didymium farinaceum rufipes","synonym without a current name, in no current source as a current name","taxonomy build (automatic, synonym without a current name)","2026-10-07"
"P_DDYMM_RNCM_SBSS","Didymium farinaceum subsessile","synonym without a current name, in no current source as a current name","taxonomy build (automatic, synonym without a current name)","2026-10-07"
"P_DDYMM_RSPS","Didymium micraspis","synonym without a current name, in no current source as a current name","taxonomy build (automatic, synonym without a current name)","2026-10-07"
"P_DDYMM_SNSM","Didymium sinuosum","synonym without a current name, in no current source as a current name","taxonomy build (automatic, synonym without a current name)","2026-10-07"
"P_DDYMM_SPHR","Didymium sphaerocephala","synonym without a current name, in no current source as a current name","taxonomy build (automatic, synonym without a current name)","2026-10-07"
"P_DDYMM_SPRA","Didymium macrospora","synonym without a current name, in no current source as a current name","taxonomy build (automatic, synonym without a current name)","2026-10-07"
"P_DDYMM_SQML_CLVF","Didymium squamulosum claviforme","synonym without a current name, in no current source as a current name","taxonomy build (automatic, synonym without a current name)","2026-10-07"
"P_DDYMM_SQML_CSTT","Didymium squamulosum costatum","synonym without a current name, in no current source as a current name","taxonomy build (automatic, synonym without a current name)","2026-10-07"
"P_DDYMM_SQML_RFPS","Didymium squamulosum rufipes","synonym without a current name, in no current source as a current name","taxonomy build (automatic, synonym without a current name)","2026-10-07"
"P_DDYMM_SQML_VRGN","Didymium squamulosum virgineum","synonym without a current name, in no current source as a current name","taxonomy build (automatic, synonym without a current name)","2026-10-07"
"P_DDYMM_STPT","Didymium stipitata","synonym without a current name, in no current source as a current name","taxonomy build (automatic, synonym without a current name)","2026-10-07"
"P_DDYMM_TBLT","Didymium tubulatum","synonym without a current name, in no current source as a current name","taxonomy build (automatic, synonym without a current name)","2026-10-07"
"P_DDYMM_TENU","Didymium tenue","synonym without a current name, in no current source as a current name","taxonomy build (automatic, synonym without a current name)","2026-10-07"
"P_DDYMM_VRSC","Didymium versicolor","synonym without a current name, in no current source as a current name","taxonomy build (automatic, synonym without a current name)","2026-10-07"
"P_DDYMM_WLCZ","Didymium wilczekii","synonym without a current name, in no current source as a current name","taxonomy build (automatic, synonym without a current name)","2026-10-07"
"P_DDYMM_WLCZ_PLVR","Didymium wilczekii pulverulenta","synonym without a current name, in no current source as a current name","taxonomy build (automatic, synonym without a current name)","2026-10-07"
"P_DDYMM_WLLR","Didymium wallrothii","synonym without a current name, in no current source as a current name","taxonomy build (automatic, synonym without a current name)","2026-10-07"
"P_DDYMM_XMUM","Didymium eximuum","synonym without a current name, in no current source as a current name","taxonomy build (automatic, synonym without a current name)","2026-10-07"
"P_DDYMM_XNTH","Didymium xanthopus","synonym without a current name, in no current source as a current name","taxonomy build (automatic, synonym without a current name)","2026-10-07"
"P_DFFLG_GLBLR","Difflugia globularis","synonym without a current name, in no current source as a current name","taxonomy build (automatic, synonym without a current name)","2026-10-07"
"P_DFFLG_GLBLR_MCRS","Difflugia globularis microstoma","synonym without a current name, in no current source as a current name","taxonomy build (automatic, synonym without a current name)","2026-10-07"
"P_DFFLG_HYDR_LTPH","Difflugia hydrostatica litophila","synonym without a current name, in no current source as a current name","taxonomy build (automatic, synonym without a current name)","2026-10-07"
"P_DFFLG_PYRF_BRYP","Difflugia pyriformis bryophila","synonym without a current name, in no current source as a current name","taxonomy build (automatic, synonym without a current name)","2026-10-07"
"P_DFFLG_PYRF_LNRS","Difflugia pyriformis linearis","synonym without a current name, in no current source as a current name","taxonomy build (automatic, synonym without a current name)","2026-10-07"
"P_DFFLG_PYRF_TENS","Difflugia pyriformis tenuis","synonym without a current name, in no current source as a current name","taxonomy build (automatic, synonym without a current name)","2026-10-07"
"P_DFFLG_SBTR_CRCL","Difflugia subterranea circularis","synonym without a current name, in no current source as a current name","taxonomy build (automatic, synonym without a current name)","2026-10-07"
"P_DIACH_BLBL_SPLN","Diachea bulbillosa splendens","synonym without a current name, in no current source as a current name","taxonomy build (automatic, synonym without a current name)","2026-10-07"
"P_DIACH_CNFS","Diachea confusa","synonym without a current name, in no current source as a current name","taxonomy build (automatic, synonym without a current name)","2026-10-07"
"P_DIACH_CPDA_ANML","Diachea leucopodia anomala","synonym without a current name, in no current source as a current name","taxonomy build (automatic, synonym without a current name)","2026-10-07"
"P_DIACH_CPDA_GLBS","Diachea leucopodia globosa","synonym without a current name, in no current source as a current name","taxonomy build (automatic, synonym without a current name)","2026-10-07"
"P_DIACH_DEVT","Diachea deviata","synonym without a current name, in no current source as a current name","taxonomy build (automatic, synonym without a current name)","2026-10-07"
"P_DIACH_ELGN","Diachea elegans","synonym without a current name, in no current source as a current name","taxonomy build (automatic, synonym without a current name)","2026-10-07"
"P_DIACH_FCKL","Diachea fuckelianum","synonym without a current name, in no current source as a current name","taxonomy build (automatic, synonym without a current name)","2026-10-07"
"P_DIACH_FCKL_CRCV","Diachea fuckelianum cracoviensis","synonym without a current name, in no current source as a current name","taxonomy build (automatic, synonym without a current name)","2026-10-07"
"P_DIACH_FCKL_RHNN","Diachea fuckelianum rhenana","synonym without a current name, in no current source as a current name","taxonomy build (automatic, synonym without a current name)","2026-10-07"
"P_DIACH_LCPD","Diachea leucopoda","synonym without a current name, in no current source as a current name","taxonomy build (automatic, synonym without a current name)","2026-10-07"
"P_DIACH_LCST","Diachea leucostyla","synonym without a current name, in no current source as a current name","taxonomy build (automatic, synonym without a current name)","2026-10-07"
"P_DIACH_LLSM","Diachea bulbillosum","synonym without a current name, in no current source as a current name","taxonomy build (automatic, synonym without a current name)","2026-10-07"
"P_DIACH_SYNS","Diachea synspora","synonym without a current name, in no current source as a current name","taxonomy build (automatic, synonym without a current name)","2026-10-07"
"P_DIACH_VRRC","Diachea verrucispora","synonym without a current name, in no current source as a current name","taxonomy build (automatic, synonym without a current name)","2026-10-07"
"P_DIANM_DPRS","Dianema depressa","synonym without a current name, in no current source as a current name","taxonomy build (automatic, synonym without a current name)","2026-10-07"
"P_DIANM_HRVY_VRRC","Dianema harveyi verruculatum","synonym without a current name, in no current source as a current name","taxonomy build (automatic, synonym without a current name)","2026-10-07"
"P_DIANM_MNGL_MCRS","Dianema mongolicum macrosporum","synonym without a current name, in no current source as a current name","taxonomy build (automatic, synonym without a current name)","2026-10-07"
"P_DIANM_MTLL_MCRS","Dianema metallica microspora","synonym without a current name, in no current source as a current name","taxonomy build (automatic, synonym without a current name)","2026-10-07"
"P_DIANM_NVLS","Dianema nivalis","synonym without a current name, in no current source as a current name","taxonomy build (automatic, synonym without a current name)","2026-10-07"
"P_DIDRM_ACLT","Diderma aculeatum","synonym without a current name, in no current source as a current name","taxonomy build (automatic, synonym without a current name)","2026-10-07"
"P_DIDRM_AFFN","Diderma affine","synonym without a current name, in no current source as a current name","taxonomy build (automatic, synonym without a current name)","2026-10-07"
"P_DIDRM_ALBA_DDYM","Diderma alba didymium","synonym without a current name, in no current source as a current name","taxonomy build (automatic, synonym without a current name)","2026-10-07"
"P_DIDRM_ALBS","Diderma albescens","synonym without a current name, in no current source as a current name","taxonomy build (automatic, synonym without a current name)","2026-10-07"
"P_DIDRM_ALXN","Diderma alexandrowiczii","synonym without a current name, in no current source as a current name","taxonomy build (automatic, synonym without a current name)","2026-10-07"
"P_DIDRM_ANTR","Diderma antarctica","synonym without a current name, in no current source as a current name","taxonomy build (automatic, synonym without a current name)","2026-10-07"
"P_DIDRM_ARBR","Diderma arboreum","synonym without a current name, in no current source as a current name","taxonomy build (automatic, synonym without a current name)","2026-10-07"
"P_DIDRM_ASTR_LUTM","Diderma asteroides luteum","synonym without a current name, in no current source as a current name","taxonomy build (automatic, synonym without a current name)","2026-10-07"
"P_DIDRM_ASTR_MCRS","Diderma asteroides macrosporum","synonym without a current name, in no current source as a current name","taxonomy build (automatic, synonym without a current name)","2026-10-07"
"P_DIDRM_CBNS","Diderma cubense","synonym without a current name, in no current source as a current name","taxonomy build (automatic, synonym without a current name)","2026-10-07"
"P_DIDRM_CNCN","Diderma concinnum","synonym without a current name, in no current source as a current name","taxonomy build (automatic, synonym without a current name)","2026-10-07"
"P_DIDRM_CNCV","Diderma concavum","synonym without a current name, in no current source as a current name","taxonomy build (automatic, synonym without a current name)","2026-10-07"
"P_DIDRM_CNDD","Diderma candidum","synonym without a current name, in no current source as a current name","taxonomy build (automatic, synonym without a current name)","2026-10-07"
"P_DIDRM_CNGL_RMSM","Diderma cingulatum rimosum","synonym without a current name, in no current source as a current name","taxonomy build (automatic, synonym without a current name)","2026-10-07"
"P_DIDRM_CNTR","Diderma contorta","synonym without a current name, in no current source as a current name","taxonomy build (automatic, synonym without a current name)","2026-10-07"
"P_DIDRM_CRMC","Diderma carmichaelianum","synonym without a current name, in no current source as a current name","taxonomy build (automatic, synonym without a current name)","2026-10-07"
"P_DIDRM_CRNM_ALBM","Diderma carneum album","synonym without a current name, in no current source as a current name","taxonomy build (automatic, synonym without a current name)","2026-10-07"
"P_DIDRM_CRSS","Diderma crassipes","synonym without a current name, in no current source as a current name","taxonomy build (automatic, synonym without a current name)","2026-10-07"
"P_DIDRM_CRST","Diderma cristatosporum","synonym without a current name, in no current source as a current name","taxonomy build (automatic, synonym without a current name)","2026-10-07"
"P_DIDRM_DLBT","Diderma dealbatum","synonym without a current name, in no current source as a current name","taxonomy build (automatic, synonym without a current name)","2026-10-07"
"P_DIDRM_DONK_ECHN","Diderma donkii echinosporum","synonym without a current name, in no current source as a current name","taxonomy build (automatic, synonym without a current name)","2026-10-07"
"P_DIDRM_DPLN_PLVR","Diderma deplanatum pulverulentum","synonym without a current name, in no current source as a current name","taxonomy build (automatic, synonym without a current name)","2026-10-07"
"P_DIDRM_DPRS","Diderma depressum","synonym without a current name, in no current source as a current name","taxonomy build (automatic, synonym without a current name)","2026-10-07"
"P_DIDRM_EFFS_MCRS","Diderma effussum microsporum","synonym without a current name, in no current source as a current name","taxonomy build (automatic, synonym without a current name)","2026-10-07"
"P_DIDRM_ELSNE","Diderma mariae-wilsoniae","synonym without a current name, in no current source as a current name","taxonomy build (automatic, synonym without a current name)","2026-10-07"
"P_DIDRM_FFSM_MCRS","Diderma effusum microsporum","synonym without a current name, in no current source as a current name","taxonomy build (automatic, synonym without a current name)","2026-10-07"
"P_DIDRM_FLRF_SBFL","Diderma floriforme subfloriforme","synonym without a current name, in no current source as a current name","taxonomy build (automatic, synonym without a current name)","2026-10-07"
"P_DIDRM_FRMS","Diderma floriformis","synonym without a current name, in no current source as a current name","taxonomy build (automatic, synonym without a current name)","2026-10-07"
"P_DIDRM_GLBS","Diderma globosa","synonym without a current name, in no current source as a current name","taxonomy build (automatic, synonym without a current name)","2026-10-07"
"P_DIDRM_GSTR","Diderma geaster","synonym without a current name, in no current source as a current name","taxonomy build (automatic, synonym without a current name)","2026-10-07"
"P_DIDRM_HMSP","Diderma hemisphaerica","synonym without a current name, in no current source as a current name","taxonomy build (automatic, synonym without a current name)","2026-10-07"
"P_DIDRM_HRCM_VRRC","Diderma hemisphaericum verrucosporum","synonym without a current name, in no current source as a current name","taxonomy build (automatic, synonym without a current name)","2026-10-07"
"P_DIDRM_INCR","Diderma incarnata","synonym without a current name, in no current source as a current name","taxonomy build (automatic, synonym without a current name)","2026-10-07"
"P_DIDRM_LBSM_ALPN","Diderma globosum alpinum","synonym without a current name, in no current source as a current name","taxonomy build (automatic, synonym without a current name)","2026-10-07"
"P_DIDRM_LBSM_ERPM","Diderma globosum europaeum","synonym without a current name, in no current source as a current name","taxonomy build (automatic, synonym without a current name)","2026-10-07"
"P_DIDRM_LBSM_ROSM","Diderma globosum roseum","synonym without a current name, in no current source as a current name","taxonomy build (automatic, synonym without a current name)","2026-10-07"
"P_DIDRM_LCTM_ALBA","Diderma umbilicatum alba","synonym without a current name, in no current source as a current name","taxonomy build (automatic, synonym without a current name)","2026-10-07"
"P_DIDRM_LCTM_ALBM","Diderma umbilicatum album","synonym without a current name, in no current source as a current name","taxonomy build (automatic, synonym without a current name)","2026-10-07"
"P_DIDRM_LCTM_FLVG","Diderma umbilicatum flavogenitum","synonym without a current name, in no current source as a current name","taxonomy build (automatic, synonym without a current name)","2026-10-07"
"P_DIDRM_LCTM_MCRS","Diderma umbilicatum macrosporum","synonym without a current name, in no current source as a current name","taxonomy build (automatic, synonym without a current name)","2026-10-07"
"P_DIDRM_LNTS","Diderma deplanatus","synonym without a current name, in no current source as a current name","taxonomy build (automatic, synonym without a current name)","2026-10-07"
"P_DIDRM_LPDT","Diderma lepidotum","synonym without a current name, in no current source as a current name","taxonomy build (automatic, synonym without a current name)","2026-10-07"
"P_DIDRM_LPNM_ERPM","Diderma alpinum europaeum","synonym without a current name, in no current source as a current name","taxonomy build (automatic, synonym without a current name)","2026-10-07"
"P_DIDRM_LPNM_MCRC","Diderma alpinum microcarpum","synonym without a current name, in no current source as a current name","taxonomy build (automatic, synonym without a current name)","2026-10-07"
"P_DIDRM_LPNM_MCRS","Diderma alpinum macrosporum","synonym without a current name, in no current source as a current name","taxonomy build (automatic, synonym without a current name)","2026-10-07"
"P_DIDRM_MARI","Diderma maria","synonym without a current name, in no current source as a current name","taxonomy build (automatic, synonym without a current name)","2026-10-07"
"P_DIDRM_MCHL","Diderma michelii","synonym without a current name, in no current source as a current name","taxonomy build (automatic, synonym without a current name)","2026-10-07"
"P_DIDRM_MCHL_SSSL","Diderma michelii sessile","synonym without a current name, in no current source as a current name","taxonomy build (automatic, synonym without a current name)","2026-10-07"
"P_DIDRM_MCHL_STPT","Diderma michelii stipitatum","synonym without a current name, in no current source as a current name","taxonomy build (automatic, synonym without a current name)","2026-10-07"
"P_DIDRM_MCRC","Diderma microcarpum","synonym without a current name, in no current source as a current name","taxonomy build (automatic, synonym without a current name)","2026-10-07"
"P_DIDRM_MCRS","Diderma microsporum","synonym without a current name, in no current source as a current name","taxonomy build (automatic, synonym without a current name)","2026-10-07"
"P_DIDRM_MNTN_ALBM","Diderma montanum album","synonym without a current name, in no current source as a current name","taxonomy build (automatic, synonym without a current name)","2026-10-07"
"P_DIDRM_MNTN_ROSM","Diderma montanum roseum","synonym without a current name, in no current source as a current name","taxonomy build (automatic, synonym without a current name)","2026-10-07"
"P_DIDRM_MRWL","Diderma maria-wilsonae","synonym without a current name, in no current source as a current name","taxonomy build (automatic, synonym without a current name)","2026-10-07"
"P_DIDRM_MRWLS","Diderma mariae-wilsonae","synonym without a current name, in no current source as a current name","taxonomy build (automatic, synonym without a current name)","2026-10-07"
"P_DIDRM_NGRM","Diderma nigrum","synonym without a current name, in no current source as a current name","taxonomy build (automatic, synonym without a current name)","2026-10-07"
"P_DIDRM_NIVM_CRST","Diderma niveum cristatosporum","synonym without a current name, in no current source as a current name","taxonomy build (automatic, synonym without a current name)","2026-10-07"
"P_DIDRM_NIVM_DPLN","Diderma niveum deplanatum","synonym without a current name, in no current source as a current name","taxonomy build (automatic, synonym without a current name)","2026-10-07"
"P_DIDRM_NIVM_ENDL","Diderma niveum endoleucum","synonym without a current name, in no current source as a current name","taxonomy build (automatic, synonym without a current name)","2026-10-07"
"P_DIDRM_NIVM_FRRG","Diderma niveum ferrugineum","synonym without a current name, in no current source as a current name","taxonomy build (automatic, synonym without a current name)","2026-10-07"
"P_DIDRM_NIVM_PLVR","Diderma niveum pulverulentum","synonym without a current name, in no current source as a current name","taxonomy build (automatic, synonym without a current name)","2026-10-07"
"P_DIDRM_PHSP","Diderma phaeosperma","synonym without a current name, in no current source as a current name","taxonomy build (automatic, synonym without a current name)","2026-10-07"
"P_DIDRM_PHYS","Diderma physaroides","synonym without a current name, in no current source as a current name","taxonomy build (automatic, synonym without a current name)","2026-10-07"
"P_DIDRM_PLTY","Diderma platycarpum","synonym without a current name, in no current source as a current name","taxonomy build (automatic, synonym without a current name)","2026-10-07"
"P_DIDRM_PLTY_BRKL","Diderma platycarpum berkeleyanum","synonym without a current name, in no current source as a current name","taxonomy build (automatic, synonym without a current name)","2026-10-07"
"P_DIDRM_RADT","Diderma radiata","synonym without a current name, in no current source as a current name","taxonomy build (automatic, synonym without a current name)","2026-10-07"
"P_DIDRM_RADT_BRCH","Diderma radiata brachyspora","synonym without a current name, in no current source as a current name","taxonomy build (automatic, synonym without a current name)","2026-10-07"
"P_DIDRM_RADT_INCR","Diderma radiata incarnata","synonym without a current name, in no current source as a current name","taxonomy build (automatic, synonym without a current name)","2026-10-07"
"P_DIDRM_RDTM_ALBM","Diderma radiatum album","synonym without a current name, in no current source as a current name","taxonomy build (automatic, synonym without a current name)","2026-10-07"
"P_DIDRM_RDTM_MNTN","Diderma radiatum montanum","synonym without a current name, in no current source as a current name","taxonomy build (automatic, synonym without a current name)","2026-10-07"
"P_DIDRM_RDTM_RBRM","Diderma radiatum rubrum","synonym without a current name, in no current source as a current name","taxonomy build (automatic, synonym without a current name)","2026-10-07"
"P_DIDRM_RDTM_UMBL","Diderma radiatum umbilicatum","synonym without a current name, in no current source as a current name","taxonomy build (automatic, synonym without a current name)","2026-10-07"
"P_DIDRM_RGSM_ASTC","Diderma rugosum asiatica","synonym without a current name, in no current source as a current name","taxonomy build (automatic, synonym without a current name)","2026-10-07"
"P_DIDRM_RGSM_SSSL","Diderma rugosum sessile","synonym without a current name, in no current source as a current name","taxonomy build (automatic, synonym without a current name)","2026-10-07"
"P_DIDRM_RTCL","Diderma reticulatum","synonym without a current name, in no current source as a current name","taxonomy build (automatic, synonym without a current name)","2026-10-07"
"P_DIDRM_RTCL_EFFS","Diderma reticulatum effusum","synonym without a current name, in no current source as a current name","taxonomy build (automatic, synonym without a current name)","2026-10-07"
"P_DIDRM_SBCR","Diderma subcaeruleum","synonym without a current name, in no current source as a current name","taxonomy build (automatic, synonym without a current name)","2026-10-07"
"P_DIDRM_SBFL","Diderma subfloriforme","synonym without a current name, in no current source as a current name","taxonomy build (automatic, synonym without a current name)","2026-10-07"
"P_DIDRM_SBLT","Diderma sublateritium","synonym without a current name, in no current source as a current name","taxonomy build (automatic, synonym without a current name)","2026-10-07"
"P_DIDRM_SHDC","Diderma suhdictyospermum","synonym without a current name, in no current source as a current name","taxonomy build (automatic, synonym without a current name)","2026-10-07"
"P_DIDRM_SMLN","Diderma similans","synonym without a current name, in no current source as a current name","taxonomy build (automatic, synonym without a current name)","2026-10-07"
"P_DIDRM_SMPL_APPL","Diderma simplex applanatum","synonym without a current name, in no current source as a current name","taxonomy build (automatic, synonym without a current name)","2026-10-07"
"P_DIDRM_SMPL_ECHN","Diderma simplex echinulatum","synonym without a current name, in no current source as a current name","taxonomy build (automatic, synonym without a current name)","2026-10-07"
"P_DIDRM_SPMR_DDRM","Diderma spumarioides didermoides","synonym without a current name, in no current source as a current name","taxonomy build (automatic, synonym without a current name)","2026-10-07"
"P_DIDRM_SPURM","Diderma spurium","synonym without a current name, in no current source as a current name","taxonomy build (automatic, synonym without a current name)","2026-10-07"
"P_DIDRM_STLL","Diderma stellare","synonym without a current name, in no current source as a current name","taxonomy build (automatic, synonym without a current name)","2026-10-07"
"P_DIDRM_STPT","Diderma stipitatum","synonym without a current name, in no current source as a current name","taxonomy build (automatic, synonym without a current name)","2026-10-07"
"P_DIDRM_STRM","Diderma stromateum","synonym without a current name, in no current source as a current name","taxonomy build (automatic, synonym without a current name)","2026-10-07"
"P_DIDRM_UMBL","Diderma umbilicata","synonym without a current name, in no current source as a current name","taxonomy build (automatic, synonym without a current name)","2026-10-07"
"P_DIDRM_VRGN","Diderma virgineum","synonym without a current name, in no current source as a current name","taxonomy build (automatic, synonym without a current name)","2026-10-07"
"P_DIFMS","Difaemus","synonym without a current name, in no current source as a current name","taxonomy build (automatic, synonym without a current name)","2026-10-07"
"P_DLLNG","Dallingeria","synonym without a current name, in no current source as a current name","taxonomy build (automatic, synonym without a current name)","2026-10-07"
"P_DLTSP","Dilatisphaera","synonym without a current name, in no current source as a current name","taxonomy build (automatic, synonym without a current name)","2026-10-07"
"P_DLTTR","Deltotrichonympha","synonym without a current name, in no current source as a current name","taxonomy build (automatic, synonym without a current name)","2026-10-07"
"P_DNNYM","Dinenympha","synonym without a current name, in no current source as a current name","taxonomy build (automatic, synonym without a current name)","2026-10-07"
"P_DRMDM","Dermodium","synonym without a current name, in no current source as a current name","taxonomy build (automatic, synonym without a current name)","2026-10-07"
"P_DSTLM_AURM_LTLM","Dictyostelium aureum luteolum","synonym without a current name, in no current source as a current name","taxonomy build (automatic, synonym without a current name)","2026-10-07"
"P_DSTLM_MCRD_MCRD","Dictyostelium mucoroides mucoroides","synonym without a current name, in no current source as a current name","taxonomy build (automatic, synonym without a current name)","2026-10-07"
"P_DSTLM_MCRD_STLN","Dictyostelium mucoroides stoloniferum","synonym without a current name, in no current source as a current name","taxonomy build (automatic, synonym without a current name)","2026-10-07"
"P_EGLNR_CADT_MINR","Euglenaria caudata minor","synonym without a current name, in no current source as a current name","taxonomy build (automatic, synonym without a current name)","2026-10-07"
"P_EGLNR_FLAV","Euglenaria flava","synonym without a current name, in no current source as a current name","taxonomy build (automatic, synonym without a current name)","2026-10-07"
"P_EGLYP_ACNT_CRRT","Euglypha acanthophora cirrata","synonym without a current name, in no current source as a current name","taxonomy build (automatic, synonym without a current name)","2026-10-07"
"P_EGLYP_DNTC","Euglypha denticulata","synonym without a current name, in no current source as a current name","taxonomy build (automatic, synonym without a current name)","2026-10-07"
"P_EGLYP_RTND_PLYL","Euglypha rotunda polylepis","synonym without a current name, in no current source as a current name","taxonomy build (automatic, synonym without a current name)","2026-10-07"
"P_ELMYX_ASTR","Elaeomyxa australiensis","synonym without a current name, in no current source as a current name","taxonomy build (automatic, synonym without a current name)","2026-10-07"
"P_ELMYX_CLMB_SSSL","Elaeomyxa columbinum sessile","synonym without a current name, in no current source as a current name","taxonomy build (automatic, synonym without a current name)","2026-10-07"
"P_ELMYX_CLMB_VA","Elaeomyxa columbinum va","synonym without a current name, in no current source as a current name","taxonomy build (automatic, synonym without a current name)","2026-10-07"
"P_ELMYX_CRFR","Elaeomyxa cerifera","synonym without a current name, in no current source as a current name","taxonomy build (automatic, synonym without a current name)","2026-10-07"
"P_ELMYX_CRFR_SSSL","Elaeomyxa cerifera sessilis","synonym without a current name, in no current source as a current name","taxonomy build (automatic, synonym without a current name)","2026-10-07"
"P_ELMYX_MYZK","Elaeomyxa miyazakiensis","synonym without a current name, in no current source as a current name","taxonomy build (automatic, synonym without a current name)","2026-10-07"
"P_ELMYX_PHYS_SSSL","Elaeomyxa physaroides sessile","synonym without a current name, in no current source as a current name","taxonomy build (automatic, synonym without a current name)","2026-10-07"
"P_ELMYX_RTCL","Elaeomyxa reticulosporum","synonym without a current name, in no current source as a current name","taxonomy build (automatic, synonym without a current name)","2026-10-07"
"P_ELODM_WLSN","Elodium wilsonense","synonym without a current name, in no current source as a current name","taxonomy build (automatic, synonym without a current name)","2026-10-07"
"P_ENDMN","Eneidamonas","synonym without a current name, in no current source as a current name","taxonomy build (automatic, synonym without a current name)","2026-10-07"
"P_ENDRT_APOR","Endoreticulatus aporiae","synonym without a current name, in no current source as a current name","taxonomy build (automatic, synonym without a current name)","2026-10-07"
"P_ENDRT_BLBN","Endoreticulatus balbianii","synonym without a current name, in no current source as a current name","taxonomy build (automatic, synonym without a current name)","2026-10-07"
"P_ENDRT_HYPH","Endoreticulatus hyphantriae","synonym without a current name, in no current source as a current name","taxonomy build (automatic, synonym without a current name)","2026-10-07"
"P_ENDRT_PNDM","Endoreticulatus pandemis","synonym without a current name, in no current source as a current name","taxonomy build (automatic, synonym without a current name)","2026-10-07"
"P_ENDST_AMRS_MEDM","Endostelium amerosporum medium","synonym without a current name, in no current source as a current name","taxonomy build (automatic, synonym without a current name)","2026-10-07"
"P_ENDST_AMRS_MINS","Endostelium amerosporum minus","synonym without a current name, in no current source as a current name","taxonomy build (automatic, synonym without a current name)","2026-10-07"
"P_ENRTH_ATRA","Enerthenema atra","synonym without a current name, in no current source as a current name","taxonomy build (automatic, synonym without a current name)","2026-10-07"
"P_ENRTH_CRSS","Enerthenema crassipes","synonym without a current name, in no current source as a current name","taxonomy build (automatic, synonym without a current name)","2026-10-07"
"P_ENRTH_ELGN","Enerthenema elegans","synonym without a current name, in no current source as a current name","taxonomy build (automatic, synonym without a current name)","2026-10-07"
"P_ENRTH_LLTM_ANCY","Enerthenema papillatum ancyrophorus","synonym without a current name, in no current source as a current name","taxonomy build (automatic, synonym without a current name)","2026-10-07"
"P_ENRTH_LLTM_CRNG","Enerthenema papillatum carneogriseum","synonym without a current name, in no current source as a current name","taxonomy build (automatic, synonym without a current name)","2026-10-07"
"P_ENRTH_LLTM_PLYT","Enerthenema papillatum polytricha","synonym without a current name, in no current source as a current name","taxonomy build (automatic, synonym without a current name)","2026-10-07"
"P_ENRTH_LLTM_SPRS","Enerthenema papillatum sparsa","synonym without a current name, in no current source as a current name","taxonomy build (automatic, synonym without a current name)","2026-10-07"
"P_ENRTH_LLTM_SYNC","Enerthenema papillatum syncarpon","synonym without a current name, in no current source as a current name","taxonomy build (automatic, synonym without a current name)","2026-10-07"
"P_ENRTH_MMMS","Enerthenema mammosa","synonym without a current name, in no current source as a current name","taxonomy build (automatic, synonym without a current name)","2026-10-07"
"P_ENRTH_NOTT","Enerthenema notata","synonym without a current name, in no current source as a current name","taxonomy build (automatic, synonym without a current name)","2026-10-07"
"P_ENRTH_PPLL","Enerthenema papillata","synonym without a current name, in no current source as a current name","taxonomy build (automatic, synonym without a current name)","2026-10-07"
"P_ENRTH_PPLL_PLYT","Enerthenema papillata polytricha","synonym without a current name, in no current source as a current name","taxonomy build (automatic, synonym without a current name)","2026-10-07"
"P_ENRTH_PPLL_SPRS","Enerthenema papillata sparsa","synonym without a current name, in no current source as a current name","taxonomy build (automatic, synonym without a current name)","2026-10-07"
"P_ENRTH_SYNC","Enerthenema syncarpon","synonym without a current name, in no current source as a current name","taxonomy build (automatic, synonym without a current name)","2026-10-07"
"P_ENTRMN","Enteromonas","synonym without a current name, in no current source as a current name","taxonomy build (automatic, synonym without a current name)","2026-10-07"
"P_ENTSP_SLCT","Entosiphon sulcatum","synonym without a current name, in no current source as a current name","taxonomy build (automatic, synonym without a current name)","2026-10-07"
"P_EUGLN_ACUS_MTBL","Euglena acus mutabilis","synonym without a current name, in no current source as a current name","taxonomy build (automatic, synonym without a current name)","2026-10-07"
"P_EUGLN_ARCH","Euglena archaeoviridis","synonym without a current name, in no current source as a current name","taxonomy build (automatic, synonym without a current name)","2026-10-07"
"P_EUGLN_BNTT","Euglena bonettoi","synonym without a current name, in no current source as a current name","taxonomy build (automatic, synonym without a current name)","2026-10-07"
"P_EUGLN_CLMS","Euglena calamus","synonym without a current name, in no current source as a current name","taxonomy build (automatic, synonym without a current name)","2026-10-07"
"P_EUGLN_DESS_DGRN","Euglena deses digrana","synonym without a current name, in no current source as a current name","taxonomy build (automatic, synonym without a current name)","2026-10-07"
"P_EUGLN_DESS_MINT","Euglena deses minuta","synonym without a current name, in no current source as a current name","taxonomy build (automatic, synonym without a current name)","2026-10-07"
"P_EUGLN_DESS_MSNL","Euglena deses mesnili","synonym without a current name, in no current source as a current name","taxonomy build (automatic, synonym without a current name)","2026-10-07"
"P_EUGLN_DESS_TENS","Euglena deses tenuis","synonym without a current name, in no current source as a current name","taxonomy build (automatic, synonym without a current name)","2026-10-07"
"P_EUGLN_GRNL_PLYM","Euglena granulata polymorpha","synonym without a current name, in no current source as a current name","taxonomy build (automatic, synonym without a current name)","2026-10-07"
"P_EUGLN_HEIM","Euglena heimii","synonym without a current name, in no current source as a current name","taxonomy build (automatic, synonym without a current name)","2026-10-07"
"P_EUGLN_INTR","Euglena intermedia","synonym without a current name, in no current source as a current name","taxonomy build (automatic, synonym without a current name)","2026-10-07"
"P_EUGLN_INTR_ACDP","Euglena intermedia acidophila","synonym without a current name, in no current source as a current name","taxonomy build (automatic, synonym without a current name)","2026-10-07"
"P_EUGLN_INTR_BRVS","Euglena intermedia brevis","synonym without a current name, in no current source as a current name","taxonomy build (automatic, synonym without a current name)","2026-10-07"
"P_EUGLN_INTR_KLBS","Euglena intermedia klebsii","synonym without a current name, in no current source as a current name","taxonomy build (automatic, synonym without a current name)","2026-10-07"
"P_EUGLN_INTR_MAJR","Euglena intermedia major","synonym without a current name, in no current source as a current name","taxonomy build (automatic, synonym without a current name)","2026-10-07"
"P_EUGLN_KLBS","Euglena klebsii","synonym without a current name, in no current source as a current name","taxonomy build (automatic, synonym without a current name)","2026-10-07"
"P_EUGLN_LGNL","Euglena lagenula","synonym without a current name, in no current source as a current name","taxonomy build (automatic, synonym without a current name)","2026-10-07"
"P_EUGLN_LONG","Euglena longa","synonym without a current name, in no current source as a current name","taxonomy build (automatic, synonym without a current name)","2026-10-07"
"P_EUGLN_LTHS","Euglena megalithus","synonym without a current name, in no current source as a current name","taxonomy build (automatic, synonym without a current name)","2026-10-07"
"P_EUGLN_MSNL","Euglena mesnili","synonym without a current name, in no current source as a current name","taxonomy build (automatic, synonym without a current name)","2026-10-07"
"P_EUGLN_PLYM","Euglena polymorpha","synonym without a current name, in no current source as a current name","taxonomy build (automatic, synonym without a current name)","2026-10-07"
"P_EUGLN_PRXM","Euglena proxima","synonym without a current name, in no current source as a current name","taxonomy build (automatic, synonym without a current name)","2026-10-07"
"P_EUGLN_RPLS","Euglena repulsans","synonym without a current name, in no current source as a current name","taxonomy build (automatic, synonym without a current name)","2026-10-07"
"P_EUGLN_SCHM","Euglena schmitzii","synonym without a current name, in no current source as a current name","taxonomy build (automatic, synonym without a current name)","2026-10-07"
"P_EUGLN_SIMA","Euglena sima","synonym without a current name, in no current source as a current name","taxonomy build (automatic, synonym without a current name)","2026-10-07"
"P_EUGLN_STLL","Euglena satelles","synonym without a current name, in no current source as a current name","taxonomy build (automatic, synonym without a current name)","2026-10-07"
"P_EUGLN_SWRN","Euglena swirenkoi","synonym without a current name, in no current source as a current name","taxonomy build (automatic, synonym without a current name)","2026-10-07"
"P_EUGLN_TEXT_RCHN","Euglena texta richiana","synonym without a current name, in no current source as a current name","taxonomy build (automatic, synonym without a current name)","2026-10-07"
"P_EUGLN_THNP","Euglena thinophila","synonym without a current name, in no current source as a current name","taxonomy build (automatic, synonym without a current name)","2026-10-07"
"P_EUGLN_TORT","Euglena torta","synonym without a current name, in no current source as a current name","taxonomy build (automatic, synonym without a current name)","2026-10-07"
"P_EUGLN_TRRC","Euglena terricola","synonym without a current name, in no current source as a current name","taxonomy build (automatic, synonym without a current name)","2026-10-07"
"P_EUGLN_TTRC","Euglena tatrica","synonym without a current name, in no current source as a current name","taxonomy build (automatic, synonym without a current name)","2026-10-07"
"P_EUGLN_VELT_GRNL","Euglena velata granulata","synonym without a current name, in no current source as a current name","taxonomy build (automatic, synonym without a current name)","2026-10-07"
"P_EUGLN_VRDS","Euglena viridis","synonym without a current name, in no current source as a current name","taxonomy build (automatic, synonym without a current name)","2026-10-07"
"P_EUGLN_VRDS_HLPH","Euglena viridis halophila","synonym without a current name, in no current source as a current name","taxonomy build (automatic, synonym without a current name)","2026-10-07"
"P_EUGLN_VRDS_LFVR","Euglena viridis lefevrei","synonym without a current name, in no current source as a current name","taxonomy build (automatic, synonym without a current name)","2026-10-07"
"P_EUGLN_VRDS_MRTM","Euglena viridis maritima","synonym without a current name, in no current source as a current name","taxonomy build (automatic, synonym without a current name)","2026-10-07"
"P_EUGLN_VRDS_MUCS","Euglena viridis mucosa","synonym without a current name, in no current source as a current name","taxonomy build (automatic, synonym without a current name)","2026-10-07"
"P_EUGLN_VRDS_PRPR","Euglena viridis purpurea","synonym without a current name, in no current source as a current name","taxonomy build (automatic, synonym without a current name)","2026-10-07"
"P_EUGLN_VRDS_SALN","Euglena viridis salina","synonym without a current name, in no current source as a current name","taxonomy build (automatic, synonym without a current name)","2026-10-07"
"P_EUGLN_VRDS_SNGN","Euglena viridis sanguinea","synonym without a current name, in no current source as a current name","taxonomy build (automatic, synonym without a current name)","2026-10-07"
"P_FOAIN","Foaina","synonym without a current name, in no current source as a current name","taxonomy build (automatic, synonym without a current name)","2026-10-07"
"P_FULIG_AURM","Fuligo aureum","synonym without a current name, in no current source as a current name","taxonomy build (automatic, synonym without a current name)","2026-10-07"
"P_FULIG_CARN","Fuligo carnea","synonym without a current name, in no current source as a current name","taxonomy build (automatic, synonym without a current name)","2026-10-07"
"P_FULIG_CDNT","Fuligo coadnata","synonym without a current name, in no current source as a current name","taxonomy build (automatic, synonym without a current name)","2026-10-07"
"P_FULIG_CERE","Fuligo cerea","synonym without a current name, in no current source as a current name","taxonomy build (automatic, synonym without a current name)","2026-10-07"
"P_FULIG_CINR_ECRT","Fuligo cinerea ecorticata","synonym without a current name, in no current source as a current name","taxonomy build (automatic, synonym without a current name)","2026-10-07"
"P_FULIG_CNDD","Fuligo candida","synonym without a current name, in no current source as a current name","taxonomy build (automatic, synonym without a current name)","2026-10-07"
"P_FULIG_CNDD_PRSC","Fuligo candida persicina","synonym without a current name, in no current source as a current name","taxonomy build (automatic, synonym without a current name)","2026-10-07"
"P_FULIG_CNRM","Fuligo cinereum","synonym without a current name, in no current source as a current name","taxonomy build (automatic, synonym without a current name)","2026-10-07"
"P_FULIG_CNRS","Fuligo cinereus","synonym without a current name, in no current source as a current name","taxonomy build (automatic, synonym without a current name)","2026-10-07"
"P_FULIG_CRBR","Fuligo cerebrina","synonym without a current name, in no current source as a current name","taxonomy build (automatic, synonym without a current name)","2026-10-07"
"P_FULIG_ELLP","Fuligo ellipsospora","synonym without a current name, in no current source as a current name","taxonomy build (automatic, synonym without a current name)","2026-10-07"
"P_FULIG_FLAV","Fuligo flava","synonym without a current name, in no current source as a current name","taxonomy build (automatic, synonym without a current name)","2026-10-07"
"P_FULIG_FLVM","Fuligo flavum","synonym without a current name, in no current source as a current name","taxonomy build (automatic, synonym without a current name)","2026-10-07"
"P_FULIG_FLVS","Fuligo flavescens","synonym without a current name, in no current source as a current name","taxonomy build (automatic, synonym without a current name)","2026-10-07"
"P_FULIG_FRRN","Fuligo ferrincola","synonym without a current name, in no current source as a current name","taxonomy build (automatic, synonym without a current name)","2026-10-07"
"P_FULIG_GRSF","Fuligo griseoflavum","synonym without a current name, in no current source as a current name","taxonomy build (automatic, synonym without a current name)","2026-10-07"
"P_FULIG_HRTN","Fuligo hortensis","synonym without a current name, in no current source as a current name","taxonomy build (automatic, synonym without a current name)","2026-10-07"
"P_FULIG_LNDH","Fuligo lindheimeri","synonym without a current name, in no current source as a current name","taxonomy build (automatic, synonym without a current name)","2026-10-07"
"P_FULIG_LUTE","Fuligo lutea","synonym without a current name, in no current source as a current name","taxonomy build (automatic, synonym without a current name)","2026-10-07"
"P_FULIG_MCLG","Fuligo mucilago","synonym without a current name, in no current source as a current name","taxonomy build (automatic, synonym without a current name)","2026-10-07"
"P_FULIG_MSCC","Fuligo muscicola","synonym without a current name, in no current source as a current name","taxonomy build (automatic, synonym without a current name)","2026-10-07"
"P_FULIG_MSCR_SBRC","Fuligo muscorum sibirica","synonym without a current name, in no current source as a current name","taxonomy build (automatic, synonym without a current name)","2026-10-07"
"P_FULIG_NDDM","Fuligo candidum","synonym without a current name, in no current source as a current name","taxonomy build (automatic, synonym without a current name)","2026-10-07"
"P_FULIG_OCHR","Fuligo ochracea","synonym without a current name, in no current source as a current name","taxonomy build (automatic, synonym without a current name)","2026-10-07"
"P_FULIG_OVAT","Fuligo ovata","synonym without a current name, in no current source as a current name","taxonomy build (automatic, synonym without a current name)","2026-10-07"
"P_FULIG_OVTS","Fuligo ovatus","synonym without a current name, in no current source as a current name","taxonomy build (automatic, synonym without a current name)","2026-10-07"
"P_FULIG_PLLD","Fuligo pallida","synonym without a current name, in no current source as a current name","taxonomy build (automatic, synonym without a current name)","2026-10-07"
"P_FULIG_PRRM","Fuligo vaporarium","synonym without a current name, in no current source as a current name","taxonomy build (automatic, synonym without a current name)","2026-10-07"
"P_FULIG_PTCM","Fuligo septicum","synonym without a current name, in no current source as a current name","taxonomy build (automatic, synonym without a current name)","2026-10-07"
"P_FULIG_PTCM_CNNM","Fuligo septicum cinnamomeum","synonym without a current name, in no current source as a current name","taxonomy build (automatic, synonym without a current name)","2026-10-07"
"P_FULIG_PTCM_FLVM","Fuligo septicum flavum","synonym without a current name, in no current source as a current name","taxonomy build (automatic, synonym without a current name)","2026-10-07"
"P_FULIG_PTCM_PRRM","Fuligo septicum vaporarium","synonym without a current name, in no current source as a current name","taxonomy build (automatic, synonym without a current name)","2026-10-07"
"P_FULIG_PTCM_RUFA","Fuligo septicum rufa","synonym without a current name, in no current source as a current name","taxonomy build (automatic, synonym without a current name)","2026-10-07"
"P_FULIG_PTCM_RUFM","Fuligo septicum rufum","synonym without a current name, in no current source as a current name","taxonomy build (automatic, synonym without a current name)","2026-10-07"
"P_FULIG_PTCM_VLCM","Fuligo septicum violaceum","synonym without a current name, in no current source as a current name","taxonomy build (automatic, synonym without a current name)","2026-10-07"
"P_FULIG_PTCM_VPRR","Fuligo septicum vaporaria","synonym without a current name, in no current source as a current name","taxonomy build (automatic, synonym without a current name)","2026-10-07"
"P_FULIG_PTCS","Fuligo septicus","synonym without a current name, in no current source as a current name","taxonomy build (automatic, synonym without a current name)","2026-10-07"
"P_FULIG_RUFA","Fuligo rufa","synonym without a current name, in no current source as a current name","taxonomy build (automatic, synonym without a current name)","2026-10-07"
"P_FULIG_RUFM","Fuligo rufum","synonym without a current name, in no current source as a current name","taxonomy build (automatic, synonym without a current name)","2026-10-07"
"P_FULIG_SMLN","Fuligo simulans","synonym without a current name, in no current source as a current name","taxonomy build (automatic, synonym without a current name)","2026-10-07"
"P_FULIG_SPRM","Fuligo ellipsosporum","synonym without a current name, in no current source as a current name","taxonomy build (automatic, synonym without a current name)","2026-10-07"
"P_FULIG_SPTC_ALBA","Fuligo septica alba","synonym without a current name, in no current source as a current name","taxonomy build (automatic, synonym without a current name)","2026-10-07"
"P_FULIG_SPTC_CNDD","Fuligo septica candida","synonym without a current name, in no current source as a current name","taxonomy build (automatic, synonym without a current name)","2026-10-07"
"P_FULIG_SPTC_CNNM","Fuligo septica cinnamomea","synonym without a current name, in no current source as a current name","taxonomy build (automatic, synonym without a current name)","2026-10-07"
"P_FULIG_SPTC_CRTC","Fuligo septica corticata","synonym without a current name, in no current source as a current name","taxonomy build (automatic, synonym without a current name)","2026-10-07"
"P_FULIG_SPTC_FLAV","Fuligo septica flava","synonym without a current name, in no current source as a current name","taxonomy build (automatic, synonym without a current name)","2026-10-07"
"P_FULIG_SPTC_LAVS","Fuligo septica laevis","synonym without a current name, in no current source as a current name","taxonomy build (automatic, synonym without a current name)","2026-10-07"
"P_FULIG_SPTC_LPSL","Fuligo septica lapislazulicolor","synonym without a current name, in no current source as a current name","taxonomy build (automatic, synonym without a current name)","2026-10-07"
"P_FULIG_SPTC_ROSE","Fuligo septica rosea","synonym without a current name, in no current source as a current name","taxonomy build (automatic, synonym without a current name)","2026-10-07"
"P_FULIG_SPTC_RUFA","Fuligo septica rufa","synonym without a current name, in no current source as a current name","taxonomy build (automatic, synonym without a current name)","2026-10-07"
"P_FULIG_SPTC_VILC","Fuligo septica violacea","synonym without a current name, in no current source as a current name","taxonomy build (automatic, synonym without a current name)","2026-10-07"
"P_FULIG_SPTC_VPRR","Fuligo septica vaporaria","synonym without a current name, in no current source as a current name","taxonomy build (automatic, synonym without a current name)","2026-10-07"
"P_FULIG_STRC","Fuligo stercoriformis","synonym without a current name, in no current source as a current name","taxonomy build (automatic, synonym without a current name)","2026-10-07"
"P_FULIG_TTRC","Fuligo tatrica","synonym without a current name, in no current source as a current name","taxonomy build (automatic, synonym without a current name)","2026-10-07"
"P_FULIG_VILC","Fuligo violacea","synonym without a current name, in no current source as a current name","taxonomy build (automatic, synonym without a current name)","2026-10-07"
"P_FULIG_VLCM","Fuligo violaceum","synonym without a current name, in no current source as a current name","taxonomy build (automatic, synonym without a current name)","2026-10-07"
"P_FULIG_VPRR","Fuligo vaporaria","synonym without a current name, in no current source as a current name","taxonomy build (automatic, synonym without a current name)","2026-10-07"
"P_FULIG_VRNS","Fuligo varians","synonym without a current name, in no current source as a current name","taxonomy build (automatic, synonym without a current name)","2026-10-07"
"P_FULIG_VRNS_ECRT","Fuligo varians ecorticata","synonym without a current name, in no current source as a current name","taxonomy build (automatic, synonym without a current name)","2026-10-07"
"P_GLLMN_CLRS_MCRS","Gulielmina vermicularis microsperma","synonym without a current name, in no current source as a current name","taxonomy build (automatic, synonym without a current name)","2026-10-07"
"P_GLLMN_CNFS","Gulielmina confusa","synonym without a current name, in no current source as a current name","taxonomy build (automatic, synonym without a current name)","2026-10-07"
"P_GLLMN_FRSN","Gulielmina friesiana","synonym without a current name, in no current source as a current name","taxonomy build (automatic, synonym without a current name)","2026-10-07"
"P_GLLMN_PLLD","Gulielmina pallida","synonym without a current name, in no current source as a current name","taxonomy build (automatic, synonym without a current name)","2026-10-07"
"P_GLLMN_RTCL","Gulielmina reticulata","synonym without a current name, in no current source as a current name","taxonomy build (automatic, synonym without a current name)","2026-10-07"
"P_GLLMN_UMBR","Gulielmina umbrina","synonym without a current name, in no current source as a current name","taxonomy build (automatic, synonym without a current name)","2026-10-07"
"P_GLLMN_VRBL","Gulielmina variabilis","synonym without a current name, in no current source as a current name","taxonomy build (automatic, synonym without a current name)","2026-10-07"
"P_GLLMN_VRMC","Gulielmina vermiculare","synonym without a current name, in no current source as a current name","taxonomy build (automatic, synonym without a current name)","2026-10-07"
"P_GLRPR_ARTC","Galeripora artocrea","synonym without a current name, in no current source as a current name","taxonomy build (automatic, synonym without a current name)","2026-10-07"
"P_GLRPR_BTHY","Galeripora bathystoma","synonym without a current name, in no current source as a current name","taxonomy build (automatic, synonym without a current name)","2026-10-07"
"P_GLRPR_CRVT","Galeripora curvata","synonym without a current name, in no current source as a current name","taxonomy build (automatic, synonym without a current name)","2026-10-07"
"P_GLRPR_DSCD_ARCT","Galeripora discoides arcuata","synonym without a current name, in no current source as a current name","taxonomy build (automatic, synonym without a current name)","2026-10-07"
"P_GLRPR_DSCD_DFFC","Galeripora discoides difficilis","synonym without a current name, in no current source as a current name","taxonomy build (automatic, synonym without a current name)","2026-10-07"
"P_GLRPR_DSCD_FOVS","Galeripora discoides foveosa","synonym without a current name, in no current source as a current name","taxonomy build (automatic, synonym without a current name)","2026-10-07"
"P_GLRPR_DSCD_PSDV","Galeripora discoides pseudovulgaris","synonym without a current name, in no current source as a current name","taxonomy build (automatic, synonym without a current name)","2026-10-07"
"P_GLRPR_DSCD_SCTL","Galeripora discoides scutelliformis","synonym without a current name, in no current source as a current name","taxonomy build (automatic, synonym without a current name)","2026-10-07"
"P_GLRPR_DSCD_UNDL","Galeripora discoides undulata","synonym without a current name, in no current source as a current name","taxonomy build (automatic, synonym without a current name)","2026-10-07"
"P_GLRPR_MGST","Galeripora megastoma","synonym without a current name, in no current source as a current name","taxonomy build (automatic, synonym without a current name)","2026-10-07"
"P_GLRPR_MGST_ARCT","Galeripora megastoma arcuata","synonym without a current name, in no current source as a current name","taxonomy build (automatic, synonym without a current name)","2026-10-07"
"P_GLRPR_PLYP_CRVT","Galeripora polypora curvata","synonym without a current name, in no current source as a current name","taxonomy build (automatic, synonym without a current name)","2026-10-07"
"P_GRBRL","Gruberella","synonym without a current name, in no current source as a current name","taxonomy build (automatic, synonym without a current name)","2026-10-07"
"P_GROMI_LSCS","Gromia liasicus","synonym without a current name, in no current source as a current name","taxonomy build (automatic, synonym without a current name)","2026-10-07"
"P_HAGWR_NDLM","Hagiwaraea lavandulum","synonym without a current name, in no current source as a current name","taxonomy build (automatic, synonym without a current name)","2026-10-07"
"P_HBR-P","Hueber-Pestalozziamonas","synonym without a current name, in no current source as a current name","taxonomy build (automatic, synonym without a current name)","2026-10-07"
"P_HELGC_NANA","Helgoeca nana","synonym without a current name, in no current source as a current name","taxonomy build (automatic, synonym without a current name)","2026-10-07"
"P_HLKTR","Helikotropis","synonym without a current name, in no current source as a current name","taxonomy build (automatic, synonym without a current name)","2026-10-07"
"P_HLTRP","Halterophora","synonym without a current name, in no current source as a current name","taxonomy build (automatic, synonym without a current name)","2026-10-07"
"P_HMTRC_DCPN_HMTR","Hemitrichia decipiens hemitrichioides","synonym without a current name, in no current source as a current name","taxonomy build (automatic, synonym without a current name)","2026-10-07"
"P_HMTRC_SRPL_PNSS","Hemitrichia serpula piauiensis","synonym without a current name, in no current source as a current name","taxonomy build (automatic, synonym without a current name)","2026-10-07"
"P_HMTRC_SRPL_TBGL","Hemitrichia serpula tubiglabra","synonym without a current name, in no current source as a current name","taxonomy build (automatic, synonym without a current name)","2026-10-07"
"P_HPLSP_ARMRC","Haplosporidium armoricana","synonym without a current name, in no current source as a current name","taxonomy build (automatic, synonym without a current name)","2026-10-07"
"P_HPTSP_ERCH","Hepatospora eriocheir","synonym without a current name, in no current source as a current name","taxonomy build (automatic, synonym without a current name)","2026-10-07"
"P_HSTSA_PHCYS","Hemistasia phaeocysticola","synonym without a current name, in no current source as a current name","taxonomy build (automatic, synonym without a current name)","2026-10-07"
"P_HSTSA_PRDN","Hemistasia peridinioides","synonym without a current name, in no current source as a current name","taxonomy build (automatic, synonym without a current name)","2026-10-07"
"P_HTRCN_BFRM","Heteracon biformis","synonym without a current name, in no current source as a current name","taxonomy build (automatic, synonym without a current name)","2026-10-07"
"P_HTRMT","Heteromita","synonym without a current name, in no current source as a current name","taxonomy build (automatic, synonym without a current name)","2026-10-07"
"P_HTRNM_XGNM","Heteronema hexagonum","synonym without a current name, in no current source as a current name","taxonomy build (automatic, synonym without a current name)","2026-10-07"
"P_HTRST_ALBM","Heterostelium album","synonym without a current name, in no current source as a current name","taxonomy build (automatic, synonym without a current name)","2026-10-07"
"P_HTRST_AMPL","Heterostelium ampliverticillatum","synonym without a current name, in no current source as a current name","taxonomy build (automatic, synonym without a current name)","2026-10-07"
"P_HTRST_ANSC","Heterostelium anisocaule","synonym without a current name, in no current source as a current name","taxonomy build (automatic, synonym without a current name)","2026-10-07"
"P_HTRST_ARCH","Heterostelium arachnoideum","synonym without a current name, in no current source as a current name","taxonomy build (automatic, synonym without a current name)","2026-10-07"
"P_HTRST_ASTR","Heterostelium australicum","synonym without a current name, in no current source as a current name","taxonomy build (automatic, synonym without a current name)","2026-10-07"
"P_HTRST_ASYM","Heterostelium asymetricum","synonym without a current name, in no current source as a current name","taxonomy build (automatic, synonym without a current name)","2026-10-07"
"P_HTRST_BORL","Heterostelium boreale","synonym without a current name, in no current source as a current name","taxonomy build (automatic, synonym without a current name)","2026-10-07"
"P_HTRST_CLLG","Heterostelium colligatum","synonym without a current name, in no current source as a current name","taxonomy build (automatic, synonym without a current name)","2026-10-07"
"P_HTRST_CMLC","Heterostelium cumulocystum","synonym without a current name, in no current source as a current name","taxonomy build (automatic, synonym without a current name)","2026-10-07"
"P_HTRST_CNDD","Heterostelium candidum","synonym without a current name, in no current source as a current name","taxonomy build (automatic, synonym without a current name)","2026-10-07"
"P_HTRST_EQST","Heterostelium equisetoides","synonym without a current name, in no current source as a current name","taxonomy build (automatic, synonym without a current name)","2026-10-07"
"P_HTRST_FLMN","Heterostelium filamentosum","synonym without a current name, in no current source as a current name","taxonomy build (automatic, synonym without a current name)","2026-10-07"
"P_HTRST_FLXS","Heterostelium flexuosum","synonym without a current name, in no current source as a current name","taxonomy build (automatic, synonym without a current name)","2026-10-07"
"P_HTRST_GRNL","Heterostelium granulosum","synonym without a current name, in no current source as a current name","taxonomy build (automatic, synonym without a current name)","2026-10-07"
"P_HTRST_LGTM","Heterostelium pseudocolligatum","synonym without a current name, in no current source as a current name","taxonomy build (automatic, synonym without a current name)","2026-10-07"
"P_HTRST_LPDS","Heterostelium lapidosum","synonym without a current name, in no current source as a current name","taxonomy build (automatic, synonym without a current name)","2026-10-07"
"P_HTRST_LRDM","Heterostelium luridum","synonym without a current name, in no current source as a current name","taxonomy build (automatic, synonym without a current name)","2026-10-07"
"P_HTRST_MGRT","Heterostelium migratissimum","synonym without a current name, in no current source as a current name","taxonomy build (automatic, synonym without a current name)","2026-10-07"
"P_HTRST_MLTC","Heterostelium multicystogenum","synonym without a current name, in no current source as a current name","taxonomy build (automatic, synonym without a current name)","2026-10-07"
"P_HTRST_NVCL","Heterostelium naviculare","synonym without a current name, in no current source as a current name","taxonomy build (automatic, synonym without a current name)","2026-10-07"
"P_HTRST_PLLD","Heterostelium pallidum","synonym without a current name, in no current source as a current name","taxonomy build (automatic, synonym without a current name)","2026-10-07"
"P_HTRST_PLRM","Heterostelium plurimicrocystogenum","synonym without a current name, in no current source as a current name","taxonomy build (automatic, synonym without a current name)","2026-10-07"
"P_HTRST_PRSY","Heterostelium perasymmetricum","synonym without a current name, in no current source as a current name","taxonomy build (automatic, synonym without a current name)","2026-10-07"
"P_HTRST_PSDC","Heterostelium pseudocandidum","synonym without a current name, in no current source as a current name","taxonomy build (automatic, synonym without a current name)","2026-10-07"
"P_HTRST_PSDP","Heterostelium pseudoplasmodiomagnum","synonym without a current name, in no current source as a current name","taxonomy build (automatic, synonym without a current name)","2026-10-07"
"P_HTRST_RCMF","Heterostelium racemiferum","synonym without a current name, in no current source as a current name","taxonomy build (automatic, synonym without a current name)","2026-10-07"
"P_HTRST_RTTM","Heterostelium rotatum","synonym without a current name, in no current source as a current name","taxonomy build (automatic, synonym without a current name)","2026-10-07"
"P_HTRST_STLN","Heterostelium stolonicoideum","synonym without a current name, in no current source as a current name","taxonomy build (automatic, synonym without a current name)","2026-10-07"
"P_HTRST_TKLN","Heterostelium tikalense","synonym without a current name, in no current source as a current name","taxonomy build (automatic, synonym without a current name)","2026-10-07"
"P_HTRST_TNSS","Heterostelium tenuissimum","synonym without a current name, in no current source as a current name","taxonomy build (automatic, synonym without a current name)","2026-10-07"
"P_HTRST_UNGL","Heterostelium unguliferum","synonym without a current name, in no current source as a current name","taxonomy build (automatic, synonym without a current name)","2026-10-07"
"P_HTRST_VLCT","Heterostelium violaceotypum","synonym without a current name, in no current source as a current name","taxonomy build (automatic, synonym without a current name)","2026-10-07"
"P_JAKOB_LIBR","Jakoba libera","synonym without a current name, in no current source as a current name","taxonomy build (automatic, synonym without a current name)","2026-10-07"
"P_JONDS","Joenoides","synonym without a current name, in no current source as a current name","taxonomy build (automatic, synonym without a current name)","2026-10-07"
"P_KAMER","Kamera","synonym without a current name, in no current source as a current name","taxonomy build (automatic, synonym without a current name)","2026-10-07"
"P_KLBSN","Klebsina","synonym without a current name, in no current source as a current name","taxonomy build (automatic, synonym without a current name)","2026-10-07"
"P_KRTMR","Karotomorpha","synonym without a current name, in no current source as a current name","taxonomy build (automatic, synonym without a current name)","2026-10-07"
"P_LBLDA_ATRM","Lindbladia atrum","synonym without a current name, in no current source as a current name","taxonomy build (automatic, synonym without a current name)","2026-10-07"
"P_LBLDA_CRBR","Lindbladia cribrarioides","synonym without a current name, in no current source as a current name","taxonomy build (automatic, synonym without a current name)","2026-10-07"
"P_LBLDA_CSPT","Lindbladia caespitosa","synonym without a current name, in no current source as a current name","taxonomy build (automatic, synonym without a current name)","2026-10-07"
"P_LBLDA_EFFS","Lindbladia effusa","synonym without a current name, in no current source as a current name","taxonomy build (automatic, synonym without a current name)","2026-10-07"
"P_LBLDA_EFFS_CRBR","Lindbladia effusa cribrarioides","synonym without a current name, in no current source as a current name","taxonomy build (automatic, synonym without a current name)","2026-10-07"
"P_LBLDA_EFFS_PRFR","Lindbladia effusa perforata","synonym without a current name, in no current source as a current name","taxonomy build (automatic, synonym without a current name)","2026-10-07"
"P_LBLDA_EFFS_SMPL","Lindbladia effusa simplex","synonym without a current name, in no current source as a current name","taxonomy build (automatic, synonym without a current name)","2026-10-07"
"P_LBLDA_PTSM","Lindbladia caespitosum","synonym without a current name, in no current source as a current name","taxonomy build (automatic, synonym without a current name)","2026-10-07"
"P_LBLDA_SPRM","Lindbladia spermoides","synonym without a current name, in no current source as a current name","taxonomy build (automatic, synonym without a current name)","2026-10-07"
"P_LBLDA_TBLN_SMPL","Lindbladia tubulina simplex","synonym without a current name, in no current source as a current name","taxonomy build (automatic, synonym without a current name)","2026-10-07"
"P_LBLDA_YBNM","Lindbladia yabeanum","synonym without a current name, in no current source as a current name","taxonomy build (automatic, synonym without a current name)","2026-10-07"
"P_LCRPS_ATRV","Leocarpus atrovirens","synonym without a current name, in no current source as a current name","taxonomy build (automatic, synonym without a current name)","2026-10-07"
"P_LCRPS_BSPR","Leocarpus bisporus","synonym without a current name, in no current source as a current name","taxonomy build (automatic, synonym without a current name)","2026-10-07"
"P_LCRPS_ELGN","Leocarpus elegans","synonym without a current name, in no current source as a current name","taxonomy build (automatic, synonym without a current name)","2026-10-07"
"P_LCRPS_FRGL","Leocarpus fragile","synonym without a current name, in no current source as a current name","taxonomy build (automatic, synonym without a current name)","2026-10-07"
"P_LCRPS_JRNS","Leocarpus jurensis","synonym without a current name, in no current source as a current name","taxonomy build (automatic, synonym without a current name)","2026-10-07"
"P_LCRPS_LUTE","Leocarpus lutea","synonym without a current name, in no current source as a current name","taxonomy build (automatic, synonym without a current name)","2026-10-07"
"P_LCRPS_NCSS","Leocarpus vernicosus","synonym without a current name, in no current source as a current name","taxonomy build (automatic, synonym without a current name)","2026-10-07"
"P_LCRPS_NCSS_LGNC","Leocarpus vernicosus lignicola","synonym without a current name, in no current source as a current name","taxonomy build (automatic, synonym without a current name)","2026-10-07"
"P_LCRPS_NTDM","Leocarpus nitidum","synonym without a current name, in no current source as a current name","taxonomy build (automatic, synonym without a current name)","2026-10-07"
"P_LCRPS_PRST","Leocarpus parasiticum","synonym without a current name, in no current source as a current name","taxonomy build (automatic, synonym without a current name)","2026-10-07"
"P_LCRPS_RAMS","Leocarpus ramosa","synonym without a current name, in no current source as a current name","taxonomy build (automatic, synonym without a current name)","2026-10-07"
"P_LCRPS_RGLS_BSPR","Leocarpus fragilis bisporus","synonym without a current name, in no current source as a current name","taxonomy build (automatic, synonym without a current name)","2026-10-07"
"P_LCRPS_RGLS_PLSM","Leocarpus fragilis plasmodiocarpia","synonym without a current name, in no current source as a current name","taxonomy build (automatic, synonym without a current name)","2026-10-07"
"P_LCRPS_RMSM","Leocarpus ramosum","synonym without a current name, in no current source as a current name","taxonomy build (automatic, synonym without a current name)","2026-10-07"
"P_LCRPS_RMSS","Leocarpus ramosus","synonym without a current name, in no current source as a current name","taxonomy build (automatic, synonym without a current name)","2026-10-07"
"P_LCRPS_SPRM","Leocarpus spermoides","synonym without a current name, in no current source as a current name","taxonomy build (automatic, synonym without a current name)","2026-10-07"
"P_LCRPS_STCS","Leocarpus parasiticus","synonym without a current name, in no current source as a current name","taxonomy build (automatic, synonym without a current name)","2026-10-07"
"P_LCRPS_VRNC","Leocarpus vernicosum","synonym without a current name, in no current source as a current name","taxonomy build (automatic, synonym without a current name)","2026-10-07"
"P_LCRPS_VRNC_OVTM","Leocarpus vernicosum ovatum","synonym without a current name, in no current source as a current name","taxonomy build (automatic, synonym without a current name)","2026-10-07"
"P_LCRPS_VRNC_PRST","Leocarpus vernicosum parasiticum","synonym without a current name, in no current source as a current name","taxonomy build (automatic, synonym without a current name)","2026-10-07"
"P_LCTHL_APPL","Licaethalium applanata","synonym without a current name, in no current source as a current name","taxonomy build (automatic, synonym without a current name)","2026-10-07"
"P_LCTHL_ATRM","Licaethalium atrum","synonym without a current name, in no current source as a current name","taxonomy build (automatic, synonym without a current name)","2026-10-07"
"P_LCTHL_GLMR","Licaethalium glomerulifera","synonym without a current name, in no current source as a current name","taxonomy build (automatic, synonym without a current name)","2026-10-07"
"P_LCTHL_LVCM_LCDS","Licaethalium olivaceum liceoides","synonym without a current name, in no current source as a current name","taxonomy build (automatic, synonym without a current name)","2026-10-07"
"P_LCTHL_MCRS","Licaethalium macrosporum","synonym without a current name, in no current source as a current name","taxonomy build (automatic, synonym without a current name)","2026-10-07"
"P_LCTHL_MINT","Licaethalium minuta","synonym without a current name, in no current source as a current name","taxonomy build (automatic, synonym without a current name)","2026-10-07"
"P_LCTHL_MNTM","Licaethalium minutum","synonym without a current name, in no current source as a current name","taxonomy build (automatic, synonym without a current name)","2026-10-07"
"P_LCTHL_OLVC","Licaethalium olivacea","synonym without a current name, in no current source as a current name","taxonomy build (automatic, synonym without a current name)","2026-10-07"
"P_LCTHL_OLVC_OLVC","Licaethalium olivacea olivacea","synonym without a current name, in no current source as a current name","taxonomy build (automatic, synonym without a current name)","2026-10-07"
"P_LCTHL_RSTR","Licaethalium rostrupii","synonym without a current name, in no current source as a current name","taxonomy build (automatic, synonym without a current name)","2026-10-07"
"P_LDYMY_ATTN","Leidyomyces attenuata","synonym without a current name, in no current source as a current name","taxonomy build (automatic, synonym without a current name)","2026-10-07"
"P_LICEA_APPL","Licea applanata","synonym without a current name, in no current source as a current name","taxonomy build (automatic, synonym without a current name)","2026-10-07"
"P_LICEA_BFRS","Licea biforis","synonym without a current name, in no current source as a current name","taxonomy build (automatic, synonym without a current name)","2026-10-07"
"P_LICEA_BFRS_SINS","Licea biforis sinuosa","synonym without a current name, in no current source as a current name","taxonomy build (automatic, synonym without a current name)","2026-10-07"
"P_LICEA_BLMN","Licea belmontiana","synonym without a current name, in no current source as a current name","taxonomy build (automatic, synonym without a current name)","2026-10-07"
"P_LICEA_CINR","Licea cinerea","synonym without a current name, in no current source as a current name","taxonomy build (automatic, synonym without a current name)","2026-10-07"
"P_LICEA_CLTM","Licea operculatum","synonym without a current name, in no current source as a current name","taxonomy build (automatic, synonym without a current name)","2026-10-07"
"P_LICEA_CPTT","Licea capitata","synonym without a current name, in no current source as a current name","taxonomy build (automatic, synonym without a current name)","2026-10-07"
"P_LICEA_CRST","Licea cristallifera","synonym without a current name, in no current source as a current name","taxonomy build (automatic, synonym without a current name)","2026-10-07"
"P_LICEA_CTDS","Licea erectoides","synonym without a current name, in no current source as a current name","taxonomy build (automatic, synonym without a current name)","2026-10-07"
"P_LICEA_ERCT_ERCT","Licea erecta erectoides","synonym without a current name, in no current source as a current name","taxonomy build (automatic, synonym without a current name)","2026-10-07"
"P_LICEA_FLRF_ARSP","Licea floriformis aureospora","synonym without a current name, in no current source as a current name","taxonomy build (automatic, synonym without a current name)","2026-10-07"
"P_LICEA_LONG","Licea longa","synonym without a current name, in no current source as a current name","taxonomy build (automatic, synonym without a current name)","2026-10-07"
"P_LICEA_OPRC","Licea operculata","synonym without a current name, in no current source as a current name","taxonomy build (automatic, synonym without a current name)","2026-10-07"
"P_LICEA_OPRC_SSSL","Licea operculata sessile","synonym without a current name, in no current source as a current name","taxonomy build (automatic, synonym without a current name)","2026-10-07"
"P_LICEA_PDCL","Licea pedicellata","synonym without a current name, in no current source as a current name","taxonomy build (automatic, synonym without a current name)","2026-10-07"
"P_LICEA_PRST","Licea parasitica","synonym without a current name, in no current source as a current name","taxonomy build (automatic, synonym without a current name)","2026-10-07"
"P_LICEA_PSLL_PYGM","Licea pusilla pygmaea","synonym without a current name, in no current source as a current name","taxonomy build (automatic, synonym without a current name)","2026-10-07"
"P_LICEA_SCYP_RTCL","Licea scyphoides reticulata","synonym without a current name, in no current source as a current name","taxonomy build (automatic, synonym without a current name)","2026-10-07"
"P_LICEA_SINS","Licea sinuosa","synonym without a current name, in no current source as a current name","taxonomy build (automatic, synonym without a current name)","2026-10-07"
"P_LICEA_SNGL","Licea singularis","synonym without a current name, in no current source as a current name","taxonomy build (automatic, synonym without a current name)","2026-10-07"
"P_LICEA_STCS","Licea parasiticus","synonym without a current name, in no current source as a current name","taxonomy build (automatic, synonym without a current name)","2026-10-07"
"P_LICEA_TBRC_PPLL","Licea tuberculata papillata","synonym without a current name, in no current source as a current name","taxonomy build (automatic, synonym without a current name)","2026-10-07"
"P_LICEA_TNZN","Licea tanzanica","synonym without a current name, in no current source as a current name","taxonomy build (automatic, synonym without a current name)","2026-10-07"
"P_LMBCY","Limbicysta","synonym without a current name, in no current source as a current name","taxonomy build (automatic, synonym without a current name)","2026-10-07"
"P_LOSCH","Loeschia","synonym without a current name, in no current source as a current name","taxonomy build (automatic, synonym without a current name)","2026-10-07"
"P_LPCNC_ACTS","Lepocinclis acutissima","synonym without a current name, in no current source as a current name","taxonomy build (automatic, synonym without a current name)","2026-10-07"
"P_LPCNC_BTSC","Lepocinclis buetschlii","synonym without a current name, in no current source as a current name","taxonomy build (automatic, synonym without a current name)","2026-10-07"
"P_LPCNC_CHLI_ANGS","Lepocinclis butschli angustata","synonym without a current name, in no current source as a current name","taxonomy build (automatic, synonym without a current name)","2026-10-07"
"P_LPCNC_CHRK_MINR","Lepocinclis charkoviensis minor","synonym without a current name, in no current source as a current name","taxonomy build (automatic, synonym without a current name)","2026-10-07"
"P_LPCNC_FUSC_MRCH","Lepocinclis fusca marchica","synonym without a current name, in no current source as a current name","taxonomy build (automatic, synonym without a current name)","2026-10-07"
"P_LPCNC_GIGS","Lepocinclis gigas","synonym without a current name, in no current source as a current name","taxonomy build (automatic, synonym without a current name)","2026-10-07"
"P_LPCNC_LATA","Lepocinclis lata","synonym without a current name, in no current source as a current name","taxonomy build (automatic, synonym without a current name)","2026-10-07"
"P_LPCNC_LCDS","Lepocinclis helicoideus","synonym without a current name, in no current source as a current name","taxonomy build (automatic, synonym without a current name)","2026-10-07"
"P_LPCNC_OVUM_CHLI","Lepocinclis ovum butschlii","synonym without a current name, in no current source as a current name","taxonomy build (automatic, synonym without a current name)","2026-10-07"
"P_LPCNC_OVUM_GLBL","Lepocinclis ovum globula","synonym without a current name, in no current source as a current name","taxonomy build (automatic, synonym without a current name)","2026-10-07"
"P_LPCNC_OXYR_CHRKV","Lepocinclis oxyuris charkoviensis","synonym without a current name, in no current source as a current name","taxonomy build (automatic, synonym without a current name)","2026-10-07"
"P_LPCNC_OXYR_MAIR","Lepocinclis oxyuris maior","synonym without a current name, in no current source as a current name","taxonomy build (automatic, synonym without a current name)","2026-10-07"
"P_LPCNC_SPHG","Lepocinclis sphagnophila","synonym without a current name, in no current source as a current name","taxonomy build (automatic, synonym without a current name)","2026-10-07"
"P_LPCNC_SPRG_FSFR","Lepocinclis spirogyra fusiformis","synonym without a current name, in no current source as a current name","taxonomy build (automatic, synonym without a current name)","2026-10-07"
"P_LPCNC_SPRG_FUSC","Lepocinclis spirogyra fusca","synonym without a current name, in no current source as a current name","taxonomy build (automatic, synonym without a current name)","2026-10-07"
"P_LPCNC_SPRG_SPRG","Lepocinclis spirogyra spirogyra","synonym without a current name, in no current source as a current name","taxonomy build (automatic, synonym without a current name)","2026-10-07"
"P_LPCNC_TEXT_MMLL","Lepocinclis texta mamillata","synonym without a current name, in no current source as a current name","taxonomy build (automatic, synonym without a current name)","2026-10-07"
"P_LPCNC_TRPT_CRSS","Lepocinclis tripteris crassa","synonym without a current name, in no current source as a current name","taxonomy build (automatic, synonym without a current name)","2026-10-07"
"P_LPMNM_OVAL","Lipmanium ovala","synonym without a current name, in no current source as a current name","taxonomy build (automatic, synonym without a current name)","2026-10-07"
"P_LRSSN_BTSM","Larssonia obtusum","synonym without a current name, in no current source as a current name","taxonomy build (automatic, synonym without a current name)","2026-10-07"
"P_LYCGL_AFFN","Lycogala affine","synonym without a current name, in no current source as a current name","taxonomy build (automatic, synonym without a current name)","2026-10-07"
"P_LYCGL_ATRP","Lycogala atropurpureum","synonym without a current name, in no current source as a current name","taxonomy build (automatic, synonym without a current name)","2026-10-07"
"P_LYCGL_CHLY","Lycogala chalybeum","synonym without a current name, in no current source as a current name","taxonomy build (automatic, synonym without a current name)","2026-10-07"
"P_LYCGL_CNCM_PSTL","Lycogala conicum pustulatum","synonym without a current name, in no current source as a current name","taxonomy build (automatic, synonym without a current name)","2026-10-07"
"P_LYCGL_CONC","Lycogala conica","synonym without a current name, in no current source as a current name","taxonomy build (automatic, synonym without a current name)","2026-10-07"
"P_LYCGL_CRTC","Lycogala corticola","synonym without a current name, in no current source as a current name","taxonomy build (automatic, synonym without a current name)","2026-10-07"
"P_LYCGL_EPDN_EXGM","Lycogala epidendrum exiguum","synonym without a current name, in no current source as a current name","taxonomy build (automatic, synonym without a current name)","2026-10-07"
"P_LYCGL_EPDN_EXIG","Lycogala epidendrum exigua","synonym without a current name, in no current source as a current name","taxonomy build (automatic, synonym without a current name)","2026-10-07"
"P_LYCGL_EPDN_TRRS","Lycogala epidendrum terrestre","synonym without a current name, in no current source as a current name","taxonomy build (automatic, synonym without a current name)","2026-10-07"
"P_LYCGL_EPDN_TSSL","Lycogala epidendrum tessellatum","synonym without a current name, in no current source as a current name","taxonomy build (automatic, synonym without a current name)","2026-10-07"
"P_LYCGL_FLVF","Lycogala flavofusca","synonym without a current name, in no current source as a current name","taxonomy build (automatic, synonym without a current name)","2026-10-07"
"P_LYCGL_FRGF","Lycogala fragiformis","synonym without a current name, in no current source as a current name","taxonomy build (automatic, synonym without a current name)","2026-10-07"
"P_LYCGL_FRRG","Lycogala ferrugineum","synonym without a current name, in no current source as a current name","taxonomy build (automatic, synonym without a current name)","2026-10-07"
"P_LYCGL_FSCM_ALBD","Lycogala flavofuscum albidum","synonym without a current name, in no current source as a current name","taxonomy build (automatic, synonym without a current name)","2026-10-07"
"P_LYCGL_FSCM_ARGN","Lycogala flavofuscum argentea","synonym without a current name, in no current source as a current name","taxonomy build (automatic, synonym without a current name)","2026-10-07"
"P_LYCGL_FSCM_ARMN","Lycogala flavofuscum armeniacum","synonym without a current name, in no current source as a current name","taxonomy build (automatic, synonym without a current name)","2026-10-07"
"P_LYCGL_LYCG","Lycogala lycogala","synonym without a current name, in no current source as a current name","taxonomy build (automatic, synonym without a current name)","2026-10-07"
"P_LYCGL_MINT","Lycogala miniata","synonym without a current name, in no current source as a current name","taxonomy build (automatic, synonym without a current name)","2026-10-07"
"P_LYCGL_MNTM","Lycogala miniatum","synonym without a current name, in no current source as a current name","taxonomy build (automatic, synonym without a current name)","2026-10-07"
"P_LYCGL_MNTM_FLGN","Lycogala miniatum fuligineum","synonym without a current name, in no current source as a current name","taxonomy build (automatic, synonym without a current name)","2026-10-07"
"P_LYCGL_MNTM_MRGN","Lycogala miniatum marginatum","synonym without a current name, in no current source as a current name","taxonomy build (automatic, synonym without a current name)","2026-10-07"
"P_LYCGL_MNTM_TSSL","Lycogala miniatum tessellatum","synonym without a current name, in no current source as a current name","taxonomy build (automatic, synonym without a current name)","2026-10-07"
"P_LYCGL_NGRC","Lycogala nigricans","synonym without a current name, in no current source as a current name","taxonomy build (automatic, synonym without a current name)","2026-10-07"
"P_LYCGL_NTDM","Lycogala nitidum","synonym without a current name, in no current source as a current name","taxonomy build (automatic, synonym without a current name)","2026-10-07"
"P_LYCGL_PNCT","Lycogala punctata","synonym without a current name, in no current source as a current name","taxonomy build (automatic, synonym without a current name)","2026-10-07"
"P_LYCGL_PSFR","Lycogala pisiforme","synonym without a current name, in no current source as a current name","taxonomy build (automatic, synonym without a current name)","2026-10-07"
"P_LYCGL_ROSE","Lycogala rosea","synonym without a current name, in no current source as a current name","taxonomy build (automatic, synonym without a current name)","2026-10-07"
"P_LYCGL_RPLT","Lycogala repletum","synonym without a current name, in no current source as a current name","taxonomy build (automatic, synonym without a current name)","2026-10-07"
"P_LYCGL_TRRS","Lycogala terrestre","synonym without a current name, in no current source as a current name","taxonomy build (automatic, synonym without a current name)","2026-10-07"
"P_LYCGL_VRLS","Lycogala variolosum","synonym without a current name, in no current source as a current name","taxonomy build (automatic, synonym without a current name)","2026-10-07"
"P_LYMPH","Lymphohaematocytozoon","synonym without a current name, in no current source as a current name","taxonomy build (automatic, synonym without a current name)","2026-10-07"
"P_MARLT","Maroltia","synonym without a current name, in no current source as a current name","taxonomy build (automatic, synonym without a current name)","2026-10-07"
"P_MCBRD_CORN_MCRS","Macbrideola cornea macrospora","synonym without a current name, in no current source as a current name","taxonomy build (automatic, synonym without a current name)","2026-10-07"
"P_MCBRD_SCNT_VRRC","Macbrideola scintillans verrucosa","synonym without a current name, in no current source as a current name","taxonomy build (automatic, synonym without a current name)","2026-10-07"
"P_MCBRD_VRRC","Macbrideola verrucosa","synonym without a current name, in no current source as a current name","taxonomy build (automatic, synonym without a current name)","2026-10-07"
"P_MCBRD_VSCL","Macbrideola vesiculifera","synonym without a current name, in no current source as a current name","taxonomy build (automatic, synonym without a current name)","2026-10-07"
"P_MCRCH_PTLL","Microchlamys patella","synonym without a current name, in no current source as a current name","taxonomy build (automatic, synonym without a current name)","2026-10-07"
"P_MCRGL_PXLL_BCLL","Microglomus paxillus bicellulare","synonym without a current name, in no current source as a current name","taxonomy build (automatic, synonym without a current name)","2026-10-07"
"P_MCRGM_CLLR","Microgemma caulleryi","synonym without a current name, in no current source as a current name","taxonomy build (automatic, synonym without a current name)","2026-10-07"
"P_MCRGM_OVDM","Microgemma ovoideum","synonym without a current name, in no current source as a current name","taxonomy build (automatic, synonym without a current name)","2026-10-07"
"P_MCRJN","Microjoenia","synonym without a current name, in no current source as a current name","taxonomy build (automatic, synonym without a current name)","2026-10-07"
"P_MCRMS","Micromastigotes","synonym without a current name, in no current source as a current name","taxonomy build (automatic, synonym without a current name)","2026-10-07"
"P_MCRRH","Microrhopalodina","synonym without a current name, in no current source as a current name","taxonomy build (automatic, synonym without a current name)","2026-10-07"
"P_METNM","Metanema","synonym without a current name, in no current source as a current name","taxonomy build (automatic, synonym without a current name)","2026-10-07"
"P_MNCRC","Monocercomonas","synonym without a current name, in no current source as a current name","taxonomy build (automatic, synonym without a current name)","2026-10-07"
"P_MNMRP_NRDS","Monomorphina nordstedtii","synonym without a current name, in no current source as a current name","taxonomy build (automatic, synonym without a current name)","2026-10-07"
"P_MNMRP_PSDN","Monomorphina pseudonordstedtii","synonym without a current name, in no current source as a current name","taxonomy build (automatic, synonym without a current name)","2026-10-07"
"P_MNMRP_PYRM_PSDN","Monomorphina pyrum pseudonordstedtii","synonym without a current name, in no current source as a current name","taxonomy build (automatic, synonym without a current name)","2026-10-07"
"P_MRAZK_MTBM","Mrazekia hematobium","synonym without a current name, in no current source as a current name","taxonomy build (automatic, synonym without a current name)","2026-10-07"
"P_MRDRM_ATRS","Meriderma atrosporum","synonym without a current name, in no current source as a current name","taxonomy build (automatic, synonym without a current name)","2026-10-07"
"P_MRDRM_ATRS_ECHN","Meriderma atrosporum echinulatum","synonym without a current name, in no current source as a current name","taxonomy build (automatic, synonym without a current name)","2026-10-07"
"P_MRDRM_ATRS_MCRS","Meriderma atrosporum macrosporum","synonym without a current name, in no current source as a current name","taxonomy build (automatic, synonym without a current name)","2026-10-07"
"P_MRDRM_ATRS_PSDC","Meriderma atrosporum pseudocribrarioides","synonym without a current name, in no current source as a current name","taxonomy build (automatic, synonym without a current name)","2026-10-07"
"P_MRDRM_ATRS_SBCY","Meriderma atrosporum subcylindricum","synonym without a current name, in no current source as a current name","taxonomy build (automatic, synonym without a current name)","2026-10-07"
"P_MRDRM_CRBR_ATRS","Meriderma cribrarioides atrosporum","synonym without a current name, in no current source as a current name","taxonomy build (automatic, synonym without a current name)","2026-10-07"
"P_MRDRM_CRBR_CRST","Meriderma cribrarioides carestiae","synonym without a current name, in no current source as a current name","taxonomy build (automatic, synonym without a current name)","2026-10-07"
"P_MRDRM_ECHN_MCRS","Meriderma echinulatum macrosporum","synonym without a current name, in no current source as a current name","taxonomy build (automatic, synonym without a current name)","2026-10-07"
"P_MRDRM_SATR_CRST","Meriderma sauteri carestiae","synonym without a current name, in no current source as a current name","taxonomy build (automatic, synonym without a current name)","2026-10-07"
"P_MRDRM_VLCM_CRST","Meriderma violaceum carestiae","synonym without a current name, in no current source as a current name","taxonomy build (automatic, synonym without a current name)","2026-10-07"
"P_MTCRN","Metacoronympha","synonym without a current name, in no current source as a current name","taxonomy build (automatic, synonym without a current name)","2026-10-07"
"P_MTTRC_AYRS","Metatrichia ayresii","synonym without a current name, in no current source as a current name","taxonomy build (automatic, synonym without a current name)","2026-10-07"
"P_MTTRC_BTRY_LTRT","Metatrichia botrytis lateritia","synonym without a current name, in no current source as a current name","taxonomy build (automatic, synonym without a current name)","2026-10-07"
"P_MTTRC_CHLY","Metatrichia chalybea","synonym without a current name, in no current source as a current name","taxonomy build (automatic, synonym without a current name)","2026-10-07"
"P_MTTRC_CNNB","Metatrichia cinnabarina","synonym without a current name, in no current source as a current name","taxonomy build (automatic, synonym without a current name)","2026-10-07"
"P_MTTRC_DCSN","Metatrichia decaisneana","synonym without a current name, in no current source as a current name","taxonomy build (automatic, synonym without a current name)","2026-10-07"
"P_MTTRC_ELLS","Metatrichia ellisii","synonym without a current name, in no current source as a current name","taxonomy build (automatic, synonym without a current name)","2026-10-07"
"P_MTTRC_FLRF","Metatrichia floriforme","synonym without a current name, in no current source as a current name","taxonomy build (automatic, synonym without a current name)","2026-10-07"
"P_MTTRC_FRGF","Metatrichia fragiformis","synonym without a current name, in no current source as a current name","taxonomy build (automatic, synonym without a current name)","2026-10-07"
"P_MTTRC_LTRT","Metatrichia lateritia","synonym without a current name, in no current source as a current name","taxonomy build (automatic, synonym without a current name)","2026-10-07"
"P_MTTRC_NESN","Metatrichia neesiana","synonym without a current name, in no current source as a current name","taxonomy build (automatic, synonym without a current name)","2026-10-07"
"P_MTTRC_PRPH","Metatrichia porphyrium","synonym without a current name, in no current source as a current name","taxonomy build (automatic, synonym without a current name)","2026-10-07"
"P_MTTRC_PYRF","Metatrichia pyriformis","synonym without a current name, in no current source as a current name","taxonomy build (automatic, synonym without a current name)","2026-10-07"
"P_MTTRC_RBFR","Metatrichia rubiformis","synonym without a current name, in no current source as a current name","taxonomy build (automatic, synonym without a current name)","2026-10-07"
"P_MTTRC_RBFR_CRPA","Metatrichia rubiformis plasmodiocarpia","synonym without a current name, in no current source as a current name","taxonomy build (automatic, synonym without a current name)","2026-10-07"
"P_MTTRC_RBFR_LAVS","Metatrichia rubiformis laevis","synonym without a current name, in no current source as a current name","taxonomy build (automatic, synonym without a current name)","2026-10-07"
"P_MTTRC_RBFR_MINR","Metatrichia rubiformis minor","synonym without a current name, in no current source as a current name","taxonomy build (automatic, synonym without a current name)","2026-10-07"
"P_MTTRC_RBFR_NESN","Metatrichia rubiformis neesiana","synonym without a current name, in no current source as a current name","taxonomy build (automatic, synonym without a current name)","2026-10-07"
"P_MTTRC_RBFR_PLSM","Metatrichia rubiformis plasmodiocarpa","synonym without a current name, in no current source as a current name","taxonomy build (automatic, synonym without a current name)","2026-10-07"
"P_MTTRC_RBFR_PLVR","Metatrichia rubiformis pulverulenta","synonym without a current name, in no current source as a current name","taxonomy build (automatic, synonym without a current name)","2026-10-07"
"P_MTTRC_RBFR_SSSL","Metatrichia rubiformis sessilis","synonym without a current name, in no current source as a current name","taxonomy build (automatic, synonym without a current name)","2026-10-07"
"P_MTTRC_RBFR_TBLN","Metatrichia rubiformis tubulina","synonym without a current name, in no current source as a current name","taxonomy build (automatic, synonym without a current name)","2026-10-07"
"P_MTTRC_SPRM","Metatrichia vesparium","synonym without a current name, in no current source as a current name","taxonomy build (automatic, synonym without a current name)","2026-10-07"
"P_MTTRC_VSPR_MRBL","Metatrichia vesparia mirabilis","synonym without a current name, in no current source as a current name","taxonomy build (automatic, synonym without a current name)","2026-10-07"
"P_MTTRC_VSPR_NESN","Metatrichia vesparia neesiana","synonym without a current name, in no current source as a current name","taxonomy build (automatic, synonym without a current name)","2026-10-07"
"P_MTTRC_VSPR_SSSL","Metatrichia vesparia sessilis","synonym without a current name, in no current source as a current name","taxonomy build (automatic, synonym without a current name)","2026-10-07"
"P_MUCLG_ALBA","Mucilago alba","synonym without a current name, in no current source as a current name","taxonomy build (automatic, synonym without a current name)","2026-10-07"
"P_MUCLG_ALBA_CRNT","Mucilago alba cornuta","synonym without a current name, in no current source as a current name","taxonomy build (automatic, synonym without a current name)","2026-10-07"
"P_MUCLG_ALBA_DCTY","Mucilago alba dictyospora","synonym without a current name, in no current source as a current name","taxonomy build (automatic, synonym without a current name)","2026-10-07"
"P_MUCLG_ALBA_LMNS","Mucilago alba laminosa","synonym without a current name, in no current source as a current name","taxonomy build (automatic, synonym without a current name)","2026-10-07"
"P_MUCLG_ALBA_MCLG","Mucilago alba mucilago","synonym without a current name, in no current source as a current name","taxonomy build (automatic, synonym without a current name)","2026-10-07"
"P_MUCLG_ALBA_SOLD","Mucilago alba solida","synonym without a current name, in no current source as a current name","taxonomy build (automatic, synonym without a current name)","2026-10-07"
"P_MUCLG_CRNT","Mucilago cornuta","synonym without a current name, in no current source as a current name","taxonomy build (automatic, synonym without a current name)","2026-10-07"
"P_MUCLG_CRST_DCTY","Mucilago crustacea dictyospora","synonym without a current name, in no current source as a current name","taxonomy build (automatic, synonym without a current name)","2026-10-07"
"P_MUCLG_DCTY","Mucilago dictyospora","synonym without a current name, in no current source as a current name","taxonomy build (automatic, synonym without a current name)","2026-10-07"
"P_MUCLG_FRME","Mucilago spumariiforme","synonym without a current name, in no current source as a current name","taxonomy build (automatic, synonym without a current name)","2026-10-07"
"P_MUCLG_MCLG","Mucilago mucilago","synonym without a current name, in no current source as a current name","taxonomy build (automatic, synonym without a current name)","2026-10-07"
"P_MUCLG_NGSS","Mucilago spongiosus","synonym without a current name, in no current source as a current name","taxonomy build (automatic, synonym without a current name)","2026-10-07"
"P_MUCLG_SOLD","Mucilago solida","synonym without a current name, in no current source as a current name","taxonomy build (automatic, synonym without a current name)","2026-10-07"
"P_MUCLG_SPMR","Mucilago spumariaeforme","synonym without a current name, in no current source as a current name","taxonomy build (automatic, synonym without a current name)","2026-10-07"
"P_MUCLG_SPNG","Mucilago spongiosa","synonym without a current name, in no current source as a current name","taxonomy build (automatic, synonym without a current name)","2026-10-07"
"P_MUCLG_SPNG_DCTY","Mucilago spongiosa dictyospora","synonym without a current name, in no current source as a current name","taxonomy build (automatic, synonym without a current name)","2026-10-07"
"P_MUCLG_SPNG_SOLD","Mucilago spongiosa solida","synonym without a current name, in no current source as a current name","taxonomy build (automatic, synonym without a current name)","2026-10-07"
"P_MYXMY_MNGN","Myxomycetes mangini","synonym without a current name, in no current source as a current name","taxonomy build (automatic, synonym without a current name)","2026-10-07"
"P_NDMST","Nodamastix","synonym without a current name, in no current source as a current name","taxonomy build (automatic, synonym without a current name)","2026-10-07"
"P_NJDSP","Najadospirifer","synonym without a current name, in no current source as a current name","taxonomy build (automatic, synonym without a current name)","2026-10-07"
"P_NNNBR","Nannobarbophora","synonym without a current name, in no current source as a current name","taxonomy build (automatic, synonym without a current name)","2026-10-07"
"P_NOSEM_GAST","Nosema gasti","synonym without a current name, in no current source as a current name","taxonomy build (automatic, synonym without a current name)","2026-10-07"
"P_NOSEM_RSTE","Nosema pyraustae","synonym without a current name, in no current source as a current name","taxonomy build (automatic, synonym without a current name)","2026-10-07"
"P_NOSEM_STGM","Nosema stegomyiae","synonym without a current name, in no current source as a current name","taxonomy build (automatic, synonym without a current name)","2026-10-07"
"P_NRCRV","Narcarvonia","synonym without a current name, in no current source as a current name","taxonomy build (automatic, synonym without a current name)","2026-10-07"
"P_NTMNS","Nutomonas","synonym without a current name, in no current source as a current name","taxonomy build (automatic, synonym without a current name)","2026-10-07"
"P_NTSLN_OBLQ","Notoselenus obliquus","synonym without a current name, in no current source as a current name","taxonomy build (automatic, synonym without a current name)","2026-10-07"
"P_OCTMT","Octomitus","synonym without a current name, in no current source as a current name","taxonomy build (automatic, synonym without a current name)","2026-10-07"
"P_OLGNM_ABRP","Oligonema abrupta","synonym without a current name, in no current source as a current name","taxonomy build (automatic, synonym without a current name)","2026-10-07"
"P_OLGNM_ANNL","Oligonema annulifera","synonym without a current name, in no current source as a current name","taxonomy build (automatic, synonym without a current name)","2026-10-07"
"P_OLGNM_BLFR","Oligonema balfourii","synonym without a current name, in no current source as a current name","taxonomy build (automatic, synonym without a current name)","2026-10-07"
"P_OLGNM_BRVF","Oligonema brevifilum","synonym without a current name, in no current source as a current name","taxonomy build (automatic, synonym without a current name)","2026-10-07"
"P_OLGNM_BVRC","Oligonema bavarica","synonym without a current name, in no current source as a current name","taxonomy build (automatic, synonym without a current name)","2026-10-07"
"P_OLGNM_CHRY","Oligonema chrysosperma","synonym without a current name, in no current source as a current name","taxonomy build (automatic, synonym without a current name)","2026-10-07"
"P_OLGNM_DRAK","Oligonema drakeae","synonym without a current name, in no current source as a current name","taxonomy build (automatic, synonym without a current name)","2026-10-07"
"P_OLGNM_DRKI","Oligonema drakei","synonym without a current name, in no current source as a current name","taxonomy build (automatic, synonym without a current name)","2026-10-07"
"P_OLGNM_FFNS","Oligonema affinis","synonym without a current name, in no current source as a current name","taxonomy build (automatic, synonym without a current name)","2026-10-07"
"P_OLGNM_FFNS_JACK","Oligonema affinis jackii","synonym without a current name, in no current source as a current name","taxonomy build (automatic, synonym without a current name)","2026-10-07"
"P_OLGNM_FLVD","Oligonema flavida","synonym without a current name, in no current source as a current name","taxonomy build (automatic, synonym without a current name)","2026-10-07"
"P_OLGNM_FVGN","Oligonema favoginea","synonym without a current name, in no current source as a current name","taxonomy build (automatic, synonym without a current name)","2026-10-07"
"P_OLGNM_FVGN_PRSM","Oligonema favoginea persimilis","synonym without a current name, in no current source as a current name","taxonomy build (automatic, synonym without a current name)","2026-10-07"
"P_OLGNM_HLVT","Oligonema helvetica","synonym without a current name, in no current source as a current name","taxonomy build (automatic, synonym without a current name)","2026-10-07"
"P_OLGNM_INTR","Oligonema intermedia","synonym without a current name, in no current source as a current name","taxonomy build (automatic, synonym without a current name)","2026-10-07"
"P_OLGNM_JACK","Oligonema jackii","synonym without a current name, in no current source as a current name","taxonomy build (automatic, synonym without a current name)","2026-10-07"
"P_OLGNM_KCKX","Oligonema kickxii","synonym without a current name, in no current source as a current name","taxonomy build (automatic, synonym without a current name)","2026-10-07"
"P_OLGNM_KLBR","Oligonema kalbreyeri","synonym without a current name, in no current source as a current name","taxonomy build (automatic, synonym without a current name)","2026-10-07"
"P_OLGNM_LVDM_BRVF","Oligonema flavidum brevifilum","synonym without a current name, in no current source as a current name","taxonomy build (automatic, synonym without a current name)","2026-10-07"
"P_OLGNM_MNTL","Oligonema minutulum","synonym without a current name, in no current source as a current name","taxonomy build (automatic, synonym without a current name)","2026-10-07"
"P_OLGNM_NTNS","Oligonema nitens","synonym without a current name, in no current source as a current name","taxonomy build (automatic, synonym without a current name)","2026-10-07"
"P_OLGNM_NTNS_ANML","Oligonema nitens anomalum","synonym without a current name, in no current source as a current name","taxonomy build (automatic, synonym without a current name)","2026-10-07"
"P_OLGNM_PLCH","Oligonema pulchella","synonym without a current name, in no current source as a current name","taxonomy build (automatic, synonym without a current name)","2026-10-07"
"P_OLGNM_PRMS","Oligonema chrysospermus","synonym without a current name, in no current source as a current name","taxonomy build (automatic, synonym without a current name)","2026-10-07"
"P_OLGNM_PRXM","Oligonema proximella","synonym without a current name, in no current source as a current name","taxonomy build (automatic, synonym without a current name)","2026-10-07"
"P_OLGNM_PSLL","Oligonema pusilla","synonym without a current name, in no current source as a current name","taxonomy build (automatic, synonym without a current name)","2026-10-07"
"P_OLGNM_SLPH","Oligonema sulphurea","synonym without a current name, in no current source as a current name","taxonomy build (automatic, synonym without a current name)","2026-10-07"
"P_OLGNM_SMLS","Oligonema persimilis","synonym without a current name, in no current source as a current name","taxonomy build (automatic, synonym without a current name)","2026-10-07"
"P_OLGNM_SMLS_ABRP","Oligonema persimilis abrupta","synonym without a current name, in no current source as a current name","taxonomy build (automatic, synonym without a current name)","2026-10-07"
"P_OLGNM_SMLS_INTR","Oligonema persimilis intermedia","synonym without a current name, in no current source as a current name","taxonomy build (automatic, synonym without a current name)","2026-10-07"
"P_OLGNM_SPRB","Oligonema superba","synonym without a current name, in no current source as a current name","taxonomy build (automatic, synonym without a current name)","2026-10-07"
"P_OLGNM_VRCM","Oligonema bavaricum","synonym without a current name, in no current source as a current name","taxonomy build (automatic, synonym without a current name)","2026-10-07"
"P_OLGNM_VRRC","Oligonema verrucosa","synonym without a current name, in no current source as a current name","taxonomy build (automatic, synonym without a current name)","2026-10-07"
"P_OMMTR_TTRH_TTRT","Ommatartus tetrahalamus tetrathalamus","synonym without a current name, in no current source as a current name","taxonomy build (automatic, synonym without a current name)","2026-10-07"
"P_ORDSP_DRFR","Ordospora durforti","synonym without a current name, in no current source as a current name","taxonomy build (automatic, synonym without a current name)","2026-10-07"
"P_ORTHT_SPRS","Orthothelohania octosporus","synonym without a current name, in no current source as a current name","taxonomy build (automatic, synonym without a current name)","2026-10-07"
"P_OVLNT_PARV","Ovulinata parva","synonym without a current name, in no current source as a current name","taxonomy build (automatic, synonym without a current name)","2026-10-07"
"P_PCLBM","Paucilobimorpha","synonym without a current name, in no current source as a current name","taxonomy build (automatic, synonym without a current name)","2026-10-07"
"P_PDMPH","Podamphora","synonym without a current name, in no current source as a current name","taxonomy build (automatic, synonym without a current name)","2026-10-07"
"P_PERNM_MCRM","Peranema macromastix","synonym without a current name, in no current source as a current name","taxonomy build (automatic, synonym without a current name)","2026-10-07"
"P_PERNM_TRCH","Peranema trichophorum","synonym without a current name, in no current source as a current name","taxonomy build (automatic, synonym without a current name)","2026-10-07"
"P_PHACS_ACCM_MINR","Phacus accuminatus minor","synonym without a current name, in no current source as a current name","taxonomy build (automatic, synonym without a current name)","2026-10-07"
"P_PHACS_AENG","Phacus aenigmatica","synonym without a current name, in no current source as a current name","taxonomy build (automatic, synonym without a current name)","2026-10-07"
"P_PHACS_CDTS_PLNC","Phacus caudatus polonicus","synonym without a current name, in no current source as a current name","taxonomy build (automatic, synonym without a current name)","2026-10-07"
"P_PHACS_CRCLUM","Phacus corculum","synonym without a current name, in no current source as a current name","taxonomy build (automatic, synonym without a current name)","2026-10-07"
"P_PHACS_CRVC_ANML","Phacus curvicauda anomalus","synonym without a current name, in no current source as a current name","taxonomy build (automatic, synonym without a current name)","2026-10-07"
"P_PHACS_HLCD","Phacus helicoides","synonym without a current name, in no current source as a current name","taxonomy build (automatic, synonym without a current name)","2026-10-07"
"P_PHACS_LNGC_OVAT","Phacus longicauda ovata","synonym without a current name, in no current source as a current name","taxonomy build (automatic, synonym without a current name)","2026-10-07"
"P_PHACS_LNGC_OVLS","Phacus longicauda ovalis","synonym without a current name, in no current source as a current name","taxonomy build (automatic, synonym without a current name)","2026-10-07"
"P_PHACS_LNGC_TORT","Phacus longicauda torta","synonym without a current name, in no current source as a current name","taxonomy build (automatic, synonym without a current name)","2026-10-07"
"P_PHACS_LNGC_TRTS","Phacus longicauda tortus","synonym without a current name, in no current source as a current name","taxonomy build (automatic, synonym without a current name)","2026-10-07"
"P_PHACS_LNGC_VXTR","Phacus longicauda vixtorta","synonym without a current name, in no current source as a current name","taxonomy build (automatic, synonym without a current name)","2026-10-07"
"P_PHACS_MCRS","Phacus macrostigma","synonym without a current name, in no current source as a current name","taxonomy build (automatic, synonym without a current name)","2026-10-07"
"P_PHACS_MNLT","Phacus monilata","synonym without a current name, in no current source as a current name","taxonomy build (automatic, synonym without a current name)","2026-10-07"
"P_PHACS_MORI_INSC","Phacus morii insecta","synonym without a current name, in no current source as a current name","taxonomy build (automatic, synonym without a current name)","2026-10-07"
"P_PHACS_NLTA","Phacus moniliata","synonym without a current name, in no current source as a current name","taxonomy build (automatic, synonym without a current name)","2026-10-07"
"P_PHACS_NLTA_SCCS","Phacus moniliata suecicus","synonym without a current name, in no current source as a current name","taxonomy build (automatic, synonym without a current name)","2026-10-07"
"P_PHACS_NLTA_SUCC","Phacus moniliata suecica","synonym without a current name, in no current source as a current name","taxonomy build (automatic, synonym without a current name)","2026-10-07"
"P_PHACS_ORBC_ZMUD","Phacus orbicularis zmudae","synonym without a current name, in no current source as a current name","taxonomy build (automatic, synonym without a current name)","2026-10-07"
"P_PHACS_PDLS_SCCS","Phacus hispidulus suecicus","synonym without a current name, in no current source as a current name","taxonomy build (automatic, synonym without a current name)","2026-10-07"
"P_PHACS_PLRN_BRVC","Phacus pleuronectes brevicaudata","synonym without a current name, in no current source as a current name","taxonomy build (automatic, synonym without a current name)","2026-10-07"
"P_PHACS_PLRN_HAML","Phacus pleuronectes hamelii","synonym without a current name, in no current source as a current name","taxonomy build (automatic, synonym without a current name)","2026-10-07"
"P_PHACS_PLRN_RTHR","Phacus pleuronectes rothertii","synonym without a current name, in no current source as a current name","taxonomy build (automatic, synonym without a current name)","2026-10-07"
"P_PHACS_PRVL_PSLL","Phacus parvulus pusillus","synonym without a current name, in no current source as a current name","taxonomy build (automatic, synonym without a current name)","2026-10-07"
"P_PHACS_PYRM_CSTT","Phacus pyrum costata","synonym without a current name, in no current source as a current name","taxonomy build (automatic, synonym without a current name)","2026-10-07"
"P_PHACS_QTRA","Phacus triquetra","synonym without a current name, in no current source as a current name","taxonomy build (automatic, synonym without a current name)","2026-10-07"
"P_PHACS_SBSL","Phacus subsalsus","synonym without a current name, in no current source as a current name","taxonomy build (automatic, synonym without a current name)","2026-10-07"
"P_PHPSS_FMBR_PNCL","Paradiacheopsis fimbriata penicillata","synonym without a current name, in no current source as a current name","taxonomy build (automatic, synonym without a current name)","2026-10-07"
"P_PHPSS_LAXA_MCRC","Paradiacheopsis laxa microcarpa","synonym without a current name, in no current source as a current name","taxonomy build (automatic, synonym without a current name)","2026-10-07"
"P_PHPSS_LAXA_RIGD","Paradiacheopsis laxa rigida","synonym without a current name, in no current source as a current name","taxonomy build (automatic, synonym without a current name)","2026-10-07"
"P_PHPSS_PNCL","Paradiacheopsis penicillata","synonym without a current name, in no current source as a current name","taxonomy build (automatic, synonym without a current name)","2026-10-07"
"P_PHYSC","Physochila","synonym without a current name, in no current source as a current name","taxonomy build (automatic, synonym without a current name)","2026-10-07"
"P_PHYSR_HINS","Physarella hians","synonym without a current name, in no current source as a current name","taxonomy build (automatic, synonym without a current name)","2026-10-07"
"P_PHYSR_INFL","Physarella inflatum","synonym without a current name, in no current source as a current name","taxonomy build (automatic, synonym without a current name)","2026-10-07"
"P_PHYSR_LSTN","Physarella lusitanica","synonym without a current name, in no current source as a current name","taxonomy build (automatic, synonym without a current name)","2026-10-07"
"P_PHYSR_MRBL","Physarella mirabile","synonym without a current name, in no current source as a current name","taxonomy build (automatic, synonym without a current name)","2026-10-07"
"P_PHYSR_OBLN_ALBA","Physarella oblonga alba","synonym without a current name, in no current source as a current name","taxonomy build (automatic, synonym without a current name)","2026-10-07"
"P_PHYSR_OBLN_LSTN","Physarella oblonga lusitanica","synonym without a current name, in no current source as a current name","taxonomy build (automatic, synonym without a current name)","2026-10-07"
"P_PHYSR_PSDC","Physarella pseudoaecidium","synonym without a current name, in no current source as a current name","taxonomy build (automatic, synonym without a current name)","2026-10-07"
"P_PHYSR_RBLS","Physarella mirabilis","synonym without a current name, in no current source as a current name","taxonomy build (automatic, synonym without a current name)","2026-10-07"
"P_PHYSR_RFBS","Physarella rufibasis","synonym without a current name, in no current source as a current name","taxonomy build (automatic, synonym without a current name)","2026-10-07"
"P_PLGPY_DCLV_CRYP","Plagiopyxis declivis cryptostoma","synonym without a current name, in no current source as a current name","taxonomy build (automatic, synonym without a current name)","2026-10-07"
"P_PLGPY_DCLV_OBLN","Plagiopyxis declivis oblonga","synonym without a current name, in no current source as a current name","taxonomy build (automatic, synonym without a current name)","2026-10-07"
"P_PLHRP","Palaeoharpastum","synonym without a current name, in no current source as a current name","taxonomy build (automatic, synonym without a current name)","2026-10-07"
"P_PLNCT","Planctonites","synonym without a current name, in no current source as a current name","taxonomy build (automatic, synonym without a current name)","2026-10-07"
"P_PLOET_RGTA","Ploeotia currugata","synonym without a current name, in no current source as a current name","taxonomy build (automatic, synonym without a current name)","2026-10-07"
"P_PLRMS","Pleuromastigella","synonym without a current name, in no current source as a current name","taxonomy build (automatic, synonym without a current name)","2026-10-07"
"P_PLVSC_BFRT","Palavascia beaufortae","synonym without a current name, in no current source as a current name","taxonomy build (automatic, synonym without a current name)","2026-10-07"
"P_PLYFB_DLTT","Polyfibula dilatata","synonym without a current name, in no current source as a current name","taxonomy build (automatic, synonym without a current name)","2026-10-07"
"P_PLYSC_AGGR","Polyschismium aggregatum","synonym without a current name, in no current source as a current name","taxonomy build (automatic, synonym without a current name)","2026-10-07"
"P_PLYSC_CRST","Polyschismium carestiana","synonym without a current name, in no current source as a current name","taxonomy build (automatic, synonym without a current name)","2026-10-07"
"P_PLYSC_DDRM","Polyschismium didermoides","synonym without a current name, in no current source as a current name","taxonomy build (automatic, synonym without a current name)","2026-10-07"
"P_PLYSC_GRNL","Polyschismium granulifera","synonym without a current name, in no current source as a current name","taxonomy build (automatic, synonym without a current name)","2026-10-07"
"P_PLYSC_LYLL","Polyschismium lyallii","synonym without a current name, in no current source as a current name","taxonomy build (automatic, synonym without a current name)","2026-10-07"
"P_PLYSC_MINR","Polyschismium minor","synonym without a current name, in no current source as a current name","taxonomy build (automatic, synonym without a current name)","2026-10-07"
"P_PLYSC_MINS","Polyschismium minus","synonym without a current name, in no current source as a current name","taxonomy build (automatic, synonym without a current name)","2026-10-07"
"P_PLYSC_NIVL","Polyschismium nivale","synonym without a current name, in no current source as a current name","taxonomy build (automatic, synonym without a current name)","2026-10-07"
"P_PLYSC_NIVM","Polyschismium niveum","synonym without a current name, in no current source as a current name","taxonomy build (automatic, synonym without a current name)","2026-10-07"
"P_PLYSC_NIVM_LYLL","Polyschismium niveum lyallii","synonym without a current name, in no current source as a current name","taxonomy build (automatic, synonym without a current name)","2026-10-07"
"P_PLYSC_SPNS","Polyschismium spinosifila","synonym without a current name, in no current source as a current name","taxonomy build (automatic, synonym without a current name)","2026-10-07"
"P_PLYSC_STNM_BRNN","Polyschismium carestianum brunnescens","synonym without a current name, in no current source as a current name","taxonomy build (automatic, synonym without a current name)","2026-10-07"
"P_PLYSC_STNM_CHLL","Polyschismium carestianum chailletii","synonym without a current name, in no current source as a current name","taxonomy build (automatic, synonym without a current name)","2026-10-07"
"P_PLYSC_STNM_FLVS","Polyschismium carestianum flavescens","synonym without a current name, in no current source as a current name","taxonomy build (automatic, synonym without a current name)","2026-10-07"
"P_PLYSC_STNM_GRNL","Polyschismium carestianum granuliferum","synonym without a current name, in no current source as a current name","taxonomy build (automatic, synonym without a current name)","2026-10-07"
"P_PLYSC_STNM_PLVR","Polyschismium carestianum pulverulenta","synonym without a current name, in no current source as a current name","taxonomy build (automatic, synonym without a current name)","2026-10-07"
"P_PLYSC_STNM_PSDC","Polyschismium carestianum pseudocarestianum","synonym without a current name, in no current source as a current name","taxonomy build (automatic, synonym without a current name)","2026-10-07"
"P_PLYSC_STNM_ROSM","Polyschismium carestianum roseum","synonym without a current name, in no current source as a current name","taxonomy build (automatic, synonym without a current name)","2026-10-07"
"P_PLYSC_TRVL_NIVL","Polyschismium trevelyanii nivale","synonym without a current name, in no current source as a current name","taxonomy build (automatic, synonym without a current name)","2026-10-07"
"P_PPNCH","Papinochium","synonym without a current name, in no current source as a current name","taxonomy build (automatic, synonym without a current name)","2026-10-07"
"P_PRCHA_CHML","Prototrichia chamaeleontina","synonym without a current name, in no current source as a current name","taxonomy build (automatic, synonym without a current name)","2026-10-07"
"P_PRCHA_CUPR","Prototrichia cuprea","synonym without a current name, in no current source as a current name","taxonomy build (automatic, synonym without a current name)","2026-10-07"
"P_PRCHA_ELGN","Prototrichia elegantula","synonym without a current name, in no current source as a current name","taxonomy build (automatic, synonym without a current name)","2026-10-07"
"P_PRCHA_FLGL","Prototrichia flagellifer","synonym without a current name, in no current source as a current name","taxonomy build (automatic, synonym without a current name)","2026-10-07"
"P_PRCHA_LFRA","Prototrichia flagellifera","synonym without a current name, in no current source as a current name","taxonomy build (automatic, synonym without a current name)","2026-10-07"
"P_PRCHA_SCHR","Prototrichia schroeteri","synonym without a current name, in no current source as a current name","taxonomy build (automatic, synonym without a current name)","2026-10-07"
"P_PRCHN_ABTN","Perichaena abietina","synonym without a current name, in no current source as a current name","taxonomy build (automatic, synonym without a current name)","2026-10-07"
"P_PRCHN_APPL","Perichaena applanata","synonym without a current name, in no current source as a current name","taxonomy build (automatic, synonym without a current name)","2026-10-07"
"P_PRCHN_ARTC","Perichaena artocreas","synonym without a current name, in no current source as a current name","taxonomy build (automatic, synonym without a current name)","2026-10-07"
"P_PRCHN_ASTR","Perichaena australe","synonym without a current name, in no current source as a current name","taxonomy build (automatic, synonym without a current name)","2026-10-07"
"P_PRCHN_BROM","Perichaena broomei","synonym without a current name, in no current source as a current name","taxonomy build (automatic, synonym without a current name)","2026-10-07"
"P_PRCHN_CHRY_WRGH","Perichaena chrysosperma wrightii","synonym without a current name, in no current source as a current name","taxonomy build (automatic, synonym without a current name)","2026-10-07"
"P_PRCHN_CNFL","Perichaena canoflavescens","synonym without a current name, in no current source as a current name","taxonomy build (automatic, synonym without a current name)","2026-10-07"
"P_PRCHN_CRCM","Perichaena circumscissa","synonym without a current name, in no current source as a current name","taxonomy build (automatic, synonym without a current name)","2026-10-07"
"P_PRCHN_CRCM_ABTN","Perichaena circumscissa abietina","synonym without a current name, in no current source as a current name","taxonomy build (automatic, synonym without a current name)","2026-10-07"
"P_PRCHN_CRCM_PPLN","Perichaena circumscissa populina","synonym without a current name, in no current source as a current name","taxonomy build (automatic, synonym without a current name)","2026-10-07"
"P_PRCHN_CRCM_SCBR","Perichaena circumscissa scabra","synonym without a current name, in no current source as a current name","taxonomy build (automatic, synonym without a current name)","2026-10-07"
"P_PRCHN_CRCM_SPNS","Perichaena circumscissa spinosa","synonym without a current name, in no current source as a current name","taxonomy build (automatic, synonym without a current name)","2026-10-07"
"P_PRCHN_CRRY","Perichaena curreyi","synonym without a current name, in no current source as a current name","taxonomy build (automatic, synonym without a current name)","2026-10-07"
"P_PRCHN_CRTC","Perichaena corticale","synonym without a current name, in no current source as a current name","taxonomy build (automatic, synonym without a current name)","2026-10-07"
"P_PRCHN_DCTY","Perichaena dictyocarpa","synonym without a current name, in no current source as a current name","taxonomy build (automatic, synonym without a current name)","2026-10-07"
"P_PRCHN_DPRS_QDRT","Perichaena depressa quadrata","synonym without a current name, in no current source as a current name","taxonomy build (automatic, synonym without a current name)","2026-10-07"
"P_PRCHN_FSCT","Perichaena fuscoatra","synonym without a current name, in no current source as a current name","taxonomy build (automatic, synonym without a current name)","2026-10-07"
"P_PRCHN_GYMN","Perichaena gymnosperma","synonym without a current name, in no current source as a current name","taxonomy build (automatic, synonym without a current name)","2026-10-07"
"P_PRCHN_IRRG","Perichaena irregularis","synonym without a current name, in no current source as a current name","taxonomy build (automatic, synonym without a current name)","2026-10-07"
"P_PRCHN_LTLB","Perichaena luteoalbum","synonym without a current name, in no current source as a current name","taxonomy build (automatic, synonym without a current name)","2026-10-07"
"P_PRCHN_LTLM","Perichaena luteolum","synonym without a current name, in no current source as a current name","taxonomy build (automatic, synonym without a current name)","2026-10-07"
"P_PRCHN_MLNP","Perichaena melanopeziza","synonym without a current name, in no current source as a current name","taxonomy build (automatic, synonym without a current name)","2026-10-07"
"P_PRCHN_MRGN","Perichaena marginata","synonym without a current name, in no current source as a current name","taxonomy build (automatic, synonym without a current name)","2026-10-07"
"P_PRCHN_NTNS","Perichaena nitens","synonym without a current name, in no current source as a current name","taxonomy build (automatic, synonym without a current name)","2026-10-07"
"P_PRCHN_OCHR","Perichaena ochrospora","synonym without a current name, in no current source as a current name","taxonomy build (automatic, synonym without a current name)","2026-10-07"
"P_PRCHN_PNNR","Perichaena pannorum","synonym without a current name, in no current source as a current name","taxonomy build (automatic, synonym without a current name)","2026-10-07"
"P_PRCHN_PPLN","Perichaena populina","synonym without a current name, in no current source as a current name","taxonomy build (automatic, synonym without a current name)","2026-10-07"
"P_PRCHN_PPLN_AFFN","Perichaena populina affinis","synonym without a current name, in no current source as a current name","taxonomy build (automatic, synonym without a current name)","2026-10-07"
"P_PRCHN_PPLN_SORB","Perichaena populina sorbea","synonym without a current name, in no current source as a current name","taxonomy build (automatic, synonym without a current name)","2026-10-07"
"P_PRCHN_PRCH","Perichaena perichaenoides","synonym without a current name, in no current source as a current name","taxonomy build (automatic, synonym without a current name)","2026-10-07"
"P_PRCHN_PYGM","Perichaena pygmaeus","synonym without a current name, in no current source as a current name","taxonomy build (automatic, synonym without a current name)","2026-10-07"
"P_PRCHN_RSSM","Perichaena depressum","synonym without a current name, in no current source as a current name","taxonomy build (automatic, synonym without a current name)","2026-10-07"
"P_PRCHN_RSTF","Perichaena rostafinskii","synonym without a current name, in no current source as a current name","taxonomy build (automatic, synonym without a current name)","2026-10-07"
"P_PRCHN_SSLS","Perichaena sessilis","synonym without a current name, in no current source as a current name","taxonomy build (automatic, synonym without a current name)","2026-10-07"
"P_PRCHN_SSSL","Perichaena sessile","synonym without a current name, in no current source as a current name","taxonomy build (automatic, synonym without a current name)","2026-10-07"
"P_PRCHN_TCLS_AFFN","Perichaena corticalis affinis","synonym without a current name, in no current source as a current name","taxonomy build (automatic, synonym without a current name)","2026-10-07"
"P_PRCHN_TCLS_CRTC","Perichaena corticalis corticalis","synonym without a current name, in no current source as a current name","taxonomy build (automatic, synonym without a current name)","2026-10-07"
"P_PRCHN_TCLS_LCDS","Perichaena corticalis liceoides","synonym without a current name, in no current source as a current name","taxonomy build (automatic, synonym without a current name)","2026-10-07"
"P_PRCHN_TCLS_MRGN","Perichaena corticalis marginata","synonym without a current name, in no current source as a current name","taxonomy build (automatic, synonym without a current name)","2026-10-07"
"P_PRCHN_TCLS_OCHR","Perichaena corticalis ochrospora","synonym without a current name, in no current source as a current name","taxonomy build (automatic, synonym without a current name)","2026-10-07"
"P_PRCHN_TRLS","Perichaena australis","synonym without a current name, in no current source as a current name","taxonomy build (automatic, synonym without a current name)","2026-10-07"
"P_PRCHN_WRGH","Perichaena wrightii","synonym without a current name, in no current source as a current name","taxonomy build (automatic, synonym without a current name)","2026-10-07"
"P_PRCHS_ZCHL","Parachaos zoochlorellae","synonym without a current name, in no current source as a current name","taxonomy build (automatic, synonym without a current name)","2026-10-07"
"P_PRKNS","Perkinsela","synonym without a current name, in no current source as a current name","taxonomy build (automatic, synonym without a current name)","2026-10-07"
"P_PRMCD","Paramecioides","synonym without a current name, in no current source as a current name","taxonomy build (automatic, synonym without a current name)","2026-10-07"
"P_PRNMP_PHRS","Peranemopsis trichophorus","synonym without a current name, in no current source as a current name","taxonomy build (automatic, synonym without a current name)","2026-10-07"
"P_PRSTC","Pristacantha","synonym without a current name, in no current source as a current name","taxonomy build (automatic, synonym without a current name)","2026-10-07"
"P_PRSTS","Parastasia","synonym without a current name, in no current source as a current name","taxonomy build (automatic, synonym without a current name)","2026-10-07"
"P_PRTNL_BNCL","Parataeniella binucleata","synonym without a current name, in no current source as a current name","taxonomy build (automatic, synonym without a current name)","2026-10-07"
"P_PRTNL_INTR","Parataeniella intermedia","synonym without a current name, in no current source as a current name","taxonomy build (automatic, synonym without a current name)","2026-10-07"
"P_PRTRS_NANA","Proterospongia nana","synonym without a current name, in no current source as a current name","taxonomy build (automatic, synonym without a current name)","2026-10-07"
"P_PSDCR_ACTM","Pseudocorythion acutum","synonym without a current name, in no current source as a current name","taxonomy build (automatic, synonym without a current name)","2026-10-07"
"P_PSLLA","Parastasiella","synonym without a current name, in no current source as a current name","taxonomy build (automatic, synonym without a current name)","2026-10-07"
"P_PSRSP","Psorospermis","synonym without a current name, in no current source as a current name","taxonomy build (automatic, synonym without a current name)","2026-10-07"
"P_PSSLM_CMPR","Passalomyces compressa","synonym without a current name, in no current source as a current name","taxonomy build (automatic, synonym without a current name)","2026-10-07"
"P_PSTLM_MYCP_CRSS","Protostelium mycophagum crassipes","synonym without a current name, in no current source as a current name","taxonomy build (automatic, synonym without a current name)","2026-10-07"
"P_PSTLM_MYCP_MAJS","Protostelium mycophagum majus","synonym without a current name, in no current source as a current name","taxonomy build (automatic, synonym without a current name)","2026-10-07"
"P_PTHNL","Pithonella","synonym without a current name, in no current source as a current name","taxonomy build (automatic, synonym without a current name)","2026-10-07"
"P_PTLMN_MDCN_ANGS","Petalomonas mediocanellata angusta","synonym without a current name, in no current source as a current name","taxonomy build (automatic, synonym without a current name)","2026-10-07"
"P_PYRTH_ACTM","Pyrotheca acutum","synonym without a current name, in no current source as a current name","taxonomy build (automatic, synonym without a current name)","2026-10-07"
"P_PYRTH_RGLM","Pyrotheca virgulum","synonym without a current name, in no current source as a current name","taxonomy build (automatic, synonym without a current name)","2026-10-07"
"P_PYSRM_ABND_LCPH","Physarum abundans leucophaeum","synonym without a current name, in no current source as a current name","taxonomy build (automatic, synonym without a current name)","2026-10-07"
"P_PYSRM_AFFN","Physarum affine","synonym without a current name, in no current source as a current name","taxonomy build (automatic, synonym without a current name)","2026-10-07"
"P_PYSRM_ALBA","Physarum alba","synonym without a current name, in no current source as a current name","taxonomy build (automatic, synonym without a current name)","2026-10-07"
"P_PYSRM_ALBA_DDYM","Physarum alba didymium","synonym without a current name, in no current source as a current name","taxonomy build (automatic, synonym without a current name)","2026-10-07"
"P_PYSRM_ALBC","Physarum albicans","synonym without a current name, in no current source as a current name","taxonomy build (automatic, synonym without a current name)","2026-10-07"
"P_PYSRM_ALBM_SBTL","Physarum album subtile","synonym without a current name, in no current source as a current name","taxonomy build (automatic, synonym without a current name)","2026-10-07"
"P_PYSRM_ALBP","Physarum albipes","synonym without a current name, in no current source as a current name","taxonomy build (automatic, synonym without a current name)","2026-10-07"
"P_PYSRM_ALPN_ALBS","Physarum alpinum albescens","synonym without a current name, in no current source as a current name","taxonomy build (automatic, synonym without a current name)","2026-10-07"
"P_PYSRM_ALPN_BDHM","Physarum alpinum badhamioides","synonym without a current name, in no current source as a current name","taxonomy build (automatic, synonym without a current name)","2026-10-07"
"P_PYSRM_ALPN_PLLD","Physarum alpinum pallidosporeum","synonym without a current name, in no current source as a current name","taxonomy build (automatic, synonym without a current name)","2026-10-07"
"P_PYSRM_APCL","Physarum apiculospora","synonym without a current name, in no current source as a current name","taxonomy build (automatic, synonym without a current name)","2026-10-07"
"P_PYSRM_ARNT","Physarum aurantia","synonym without a current name, in no current source as a current name","taxonomy build (automatic, synonym without a current name)","2026-10-07"
"P_PYSRM_ASTR","Physarum australe","synonym without a current name, in no current source as a current name","taxonomy build (automatic, synonym without a current name)","2026-10-07"
"P_PYSRM_ATRA","Physarum atra","synonym without a current name, in no current source as a current name","taxonomy build (automatic, synonym without a current name)","2026-10-07"
"P_PYSRM_ATRM","Physarum atrum","synonym without a current name, in no current source as a current name","taxonomy build (automatic, synonym without a current name)","2026-10-07"
"P_PYSRM_ATRR","Physarum atrorubrum","synonym without a current name, in no current source as a current name","taxonomy build (automatic, synonym without a current name)","2026-10-07"
"P_PYSRM_AURM","Physarum aureum","synonym without a current name, in no current source as a current name","taxonomy build (automatic, synonym without a current name)","2026-10-07"
"P_PYSRM_AURM_CHRY","Physarum aureum chrysopus","synonym without a current name, in no current source as a current name","taxonomy build (automatic, synonym without a current name)","2026-10-07"
"P_PYSRM_BCLR","Physarum bicolor","synonym without a current name, in no current source as a current name","taxonomy build (automatic, synonym without a current name)","2026-10-07"
"P_PYSRM_BGRN_MTSM","Physarum bogoriense matsumotoi","synonym without a current name, in no current source as a current name","taxonomy build (automatic, synonym without a current name)","2026-10-07"
"P_PYSRM_BLBF","Physarum bulbiforme","synonym without a current name, in no current source as a current name","taxonomy build (automatic, synonym without a current name)","2026-10-07"
"P_PYSRM_BLGR","Physarum bilgramii","synonym without a current name, in no current source as a current name","taxonomy build (automatic, synonym without a current name)","2026-10-07"
"P_PYSRM_BLLT","Physarum bullatum","synonym without a current name, in no current source as a current name","taxonomy build (automatic, synonym without a current name)","2026-10-07"
"P_PYSRM_BRKL","Physarum berkeleyanum","synonym without a current name, in no current source as a current name","taxonomy build (automatic, synonym without a current name)","2026-10-07"
"P_PYSRM_BRTR","Physarum barteri","synonym without a current name, in no current source as a current name","taxonomy build (automatic, synonym without a current name)","2026-10-07"
"P_PYSRM_CASM","Physarum caesium","synonym without a current name, in no current source as a current name","taxonomy build (automatic, synonym without a current name)","2026-10-07"
"P_PYSRM_CERN","Physarum cernua","synonym without a current name, in no current source as a current name","taxonomy build (automatic, synonym without a current name)","2026-10-07"
"P_PYSRM_CERNM","Physarum cernuum","synonym without a current name, in no current source as a current name","taxonomy build (automatic, synonym without a current name)","2026-10-07"
"P_PYSRM_CERN_DFLX","Physarum cernua deflexa","synonym without a current name, in no current source as a current name","taxonomy build (automatic, synonym without a current name)","2026-10-07"
"P_PYSRM_CERN_RIGD","Physarum cernua rigida","synonym without a current name, in no current source as a current name","taxonomy build (automatic, synonym without a current name)","2026-10-07"
"P_PYSRM_CHRY","Physarum chrysopeplum","synonym without a current name, in no current source as a current name","taxonomy build (automatic, synonym without a current name)","2026-10-07"
"P_PYSRM_CINR","Physarum cinerea","synonym without a current name, in no current source as a current name","taxonomy build (automatic, synonym without a current name)","2026-10-07"
"P_PYSRM_CLDR","Physarum calidris","synonym without a current name, in no current source as a current name","taxonomy build (automatic, synonym without a current name)","2026-10-07"
"P_PYSRM_CLMB","Physarum columbina","synonym without a current name, in no current source as a current name","taxonomy build (automatic, synonym without a current name)","2026-10-07"
"P_PYSRM_CLML","Physarum columellatum","synonym without a current name, in no current source as a current name","taxonomy build (automatic, synonym without a current name)","2026-10-07"
"P_PYSRM_CLVS","Physarum calvescens","synonym without a current name, in no current source as a current name","taxonomy build (automatic, synonym without a current name)","2026-10-07"
"P_PYSRM_CMPC","Physarum compacta","synonym without a current name, in no current source as a current name","taxonomy build (automatic, synonym without a current name)","2026-10-07"
"P_PYSRM_CNDD","Physarum candidum","synonym without a current name, in no current source as a current name","taxonomy build (automatic, synonym without a current name)","2026-10-07"
"P_PYSRM_CNGL","Physarum conglobatum","synonym without a current name, in no current source as a current name","taxonomy build (automatic, synonym without a current name)","2026-10-07"
"P_PYSRM_CNGS","Physarum congestum","synonym without a current name, in no current source as a current name","taxonomy build (automatic, synonym without a current name)","2026-10-07"
"P_PYSRM_CNRM_ARND","Physarum cinereum aureonodum","synonym without a current name, in no current source as a current name","taxonomy build (automatic, synonym without a current name)","2026-10-07"
"P_PYSRM_CNRM_ECLC","Physarum cinereum ecalcaratum","synonym without a current name, in no current source as a current name","taxonomy build (automatic, synonym without a current name)","2026-10-07"
"P_PYSRM_CNRM_GLBS","Physarum cinereum globosum","synonym without a current name, in no current source as a current name","taxonomy build (automatic, synonym without a current name)","2026-10-07"
"P_PYSRM_CNRM_MGND","Physarum cinereum magnidosum","synonym without a current name, in no current source as a current name","taxonomy build (automatic, synonym without a current name)","2026-10-07"
"P_PYSRM_CNRM_MGNN","Physarum cinereum magninodosum","synonym without a current name, in no current source as a current name","taxonomy build (automatic, synonym without a current name)","2026-10-07"
"P_PYSRM_CNRM_OBVM","Physarum cinereum obovaum","synonym without a current name, in no current source as a current name","taxonomy build (automatic, synonym without a current name)","2026-10-07"
"P_PYSRM_CNRM_OBVT","Physarum cinereum obovatum","synonym without a current name, in no current source as a current name","taxonomy build (automatic, synonym without a current name)","2026-10-07"
"P_PYSRM_CNRM_OVDM","Physarum cinereum ovoideum","synonym without a current name, in no current source as a current name","taxonomy build (automatic, synonym without a current name)","2026-10-07"
"P_PYSRM_CNRM_SCNT","Physarum cinereum scintillans","synonym without a current name, in no current source as a current name","taxonomy build (automatic, synonym without a current name)","2026-10-07"
"P_PYSRM_CNTX_GLMR","Physarum contextum glomerulosum","synonym without a current name, in no current source as a current name","taxonomy build (automatic, synonym without a current name)","2026-10-07"
"P_PYSRM_CNTX_MRTN","Physarum contextum mortonii","synonym without a current name, in no current source as a current name","taxonomy build (automatic, synonym without a current name)","2026-10-07"
"P_PYSRM_CNTX_SPLN","Physarum contextum splendens","synonym without a current name, in no current source as a current name","taxonomy build (automatic, synonym without a current name)","2026-10-07"
"P_PYSRM_CPHM_CNGL","Physarum leucophaeum conglobatum","synonym without a current name, in no current source as a current name","taxonomy build (automatic, synonym without a current name)","2026-10-07"
"P_PYSRM_CPHM_CNNX","Physarum leucophaeum connexum","synonym without a current name, in no current source as a current name","taxonomy build (automatic, synonym without a current name)","2026-10-07"
"P_PYSRM_CPHM_FLXS","Physarum leucophaeum flexuosum","synonym without a current name, in no current source as a current name","taxonomy build (automatic, synonym without a current name)","2026-10-07"
"P_PYSRM_CPHM_SSSL","Physarum leucophaeum sessile","synonym without a current name, in no current source as a current name","taxonomy build (automatic, synonym without a current name)","2026-10-07"
"P_PYSRM_CPHM_STPT","Physarum leucophaeum stipitatum","synonym without a current name, in no current source as a current name","taxonomy build (automatic, synonym without a current name)","2026-10-07"
"P_PYSRM_CPHM_VLSC","Physarum leucophaeum violascens","synonym without a current name, in no current source as a current name","taxonomy build (automatic, synonym without a current name)","2026-10-07"
"P_PYSRM_CPNS","Physarum capense","synonym without a current name, in no current source as a current name","taxonomy build (automatic, synonym without a current name)","2026-10-07"
"P_PYSRM_CPRP","Physarum cupripes","synonym without a current name, in no current source as a current name","taxonomy build (automatic, synonym without a current name)","2026-10-07"
"P_PYSRM_CRBR","Physarum cerebrinum","synonym without a current name, in no current source as a current name","taxonomy build (automatic, synonym without a current name)","2026-10-07"
"P_PYSRM_CRCF","Physarum croceoflavum","synonym without a current name, in no current source as a current name","taxonomy build (automatic, synonym without a current name)","2026-10-07"
"P_PYSRM_CRLY","Physarum carlylei","synonym without a current name, in no current source as a current name","taxonomy build (automatic, synonym without a current name)","2026-10-07"
"P_PYSRM_CRTR","Physarum crateriachea","synonym without a current name, in no current source as a current name","taxonomy build (automatic, synonym without a current name)","2026-10-07"
"P_PYSRM_CRTRF_CLML","Physarum crateriforme columellatum","synonym without a current name, in no current source as a current name","taxonomy build (automatic, synonym without a current name)","2026-10-07"
"P_PYSRM_CSPT","Physarum caespitosum","synonym without a current name, in no current source as a current name","taxonomy build (automatic, synonym without a current name)","2026-10-07"
"P_PYSRM_CTRN","Physarum citrinellum","synonym without a current name, in no current source as a current name","taxonomy build (automatic, synonym without a current name)","2026-10-07"
"P_PYSRM_CTTM","Physarum albopunctatum","synonym without a current name, in no current source as a current name","taxonomy build (automatic, synonym without a current name)","2026-10-07"
"P_PYSRM_DDRM_TSTC","Physarum diderma testaceum","synonym without a current name, in no current source as a current name","taxonomy build (automatic, synonym without a current name)","2026-10-07"
"P_PYSRM_DDYM","Physarum didymium","synonym without a current name, in no current source as a current name","taxonomy build (automatic, synonym without a current name)","2026-10-07"
"P_PYSRM_DLCT","Physarum delicatissimum","synonym without a current name, in no current source as a current name","taxonomy build (automatic, synonym without a current name)","2026-10-07"
"P_PYSRM_DRJY","Physarum durjoylingum","synonym without a current name, in no current source as a current name","taxonomy build (automatic, synonym without a current name)","2026-10-07"
"P_PYSRM_DSCD","Physarum discoidale","synonym without a current name, in no current source as a current name","taxonomy build (automatic, synonym without a current name)","2026-10-07"
"P_PYSRM_DTMR","Physarum ditmarii","synonym without a current name, in no current source as a current name","taxonomy build (automatic, synonym without a current name)","2026-10-07"
"P_PYSRM_DTMR_CRCF","Physarum ditmarii croceoflavum","synonym without a current name, in no current source as a current name","taxonomy build (automatic, synonym without a current name)","2026-10-07"
"P_PYSRM_DTMR_LTRT","Physarum ditmarii lateritium","synonym without a current name, in no current source as a current name","taxonomy build (automatic, synonym without a current name)","2026-10-07"
"P_PYSRM_DTMR_VRSC","Physarum ditmarii virescens","synonym without a current name, in no current source as a current name","taxonomy build (automatic, synonym without a current name)","2026-10-07"
"P_PYSRM_ERYT","Physarum erythrinum","synonym without a current name, in no current source as a current name","taxonomy build (automatic, synonym without a current name)","2026-10-07"
"P_PYSRM_EXGM","Physarum exiguum","synonym without a current name, in no current source as a current name","taxonomy build (automatic, synonym without a current name)","2026-10-07"
"P_PYSRM_FCKL","Physarum fuckeliana","synonym without a current name, in no current source as a current name","taxonomy build (automatic, synonym without a current name)","2026-10-07"
"P_PYSRM_FCKL_GRCL","Physarum fuckeliana gracilis","synonym without a current name, in no current source as a current name","taxonomy build (automatic, synonym without a current name)","2026-10-07"
"P_PYSRM_FLAVM","Physarum flavum","synonym without a current name, in no current source as a current name","taxonomy build (automatic, synonym without a current name)","2026-10-07"
"P_PYSRM_FLGL","Physarum flagellata","synonym without a current name, in no current source as a current name","taxonomy build (automatic, synonym without a current name)","2026-10-07"
"P_PYSRM_FLVP","Physarum fulvipes","synonym without a current name, in no current source as a current name","taxonomy build (automatic, synonym without a current name)","2026-10-07"
"P_PYSRM_FLVS","Physarum fulvus","synonym without a current name, in no current source as a current name","taxonomy build (automatic, synonym without a current name)","2026-10-07"
"P_PYSRM_FMNT_SBRC","Physarum famintzinii sibiricum","synonym without a current name, in no current source as a current name","taxonomy build (automatic, synonym without a current name)","2026-10-07"
"P_PYSRM_FRFR","Physarum furfuraceum","synonym without a current name, in no current source as a current name","taxonomy build (automatic, synonym without a current name)","2026-10-07"
"P_PYSRM_FULVM","Physarum fulvum","synonym without a current name, in no current source as a current name","taxonomy build (automatic, synonym without a current name)","2026-10-07"
"P_PYSRM_GLBF","Physarum globiferum","synonym without a current name, in no current source as a current name","taxonomy build (automatic, synonym without a current name)","2026-10-07"
"P_PYSRM_GLBL","Physarum globulifer","synonym without a current name, in no current source as a current name","taxonomy build (automatic, synonym without a current name)","2026-10-07"
"P_PYSRM_GLCM","Physarum glaucum","synonym without a current name, in no current source as a current name","taxonomy build (automatic, synonym without a current name)","2026-10-07"
"P_PYSRM_GLLM","Physarum gulielma","synonym without a current name, in no current source as a current name","taxonomy build (automatic, synonym without a current name)","2026-10-07"
"P_PYSRM_GRCL","Physarum gracilenta","synonym without a current name, in no current source as a current name","taxonomy build (automatic, synonym without a current name)","2026-10-07"
"P_PYSRM_GRNL","Physarum granulatum","synonym without a current name, in no current source as a current name","taxonomy build (automatic, synonym without a current name)","2026-10-07"
"P_PYSRM_GYRC","Physarum gyrocephala","synonym without a current name, in no current source as a current name","taxonomy build (automatic, synonym without a current name)","2026-10-07"
"P_PYSRM_GYRCP","Physarum gyrocephalum","synonym without a current name, in no current source as a current name","taxonomy build (automatic, synonym without a current name)","2026-10-07"
"P_PYSRM_GYRS","Physarum gyrosa","synonym without a current name, in no current source as a current name","taxonomy build (automatic, synonym without a current name)","2026-10-07"
"P_PYSRM_HRDM","Physarum nephroideum","synonym without a current name, in no current source as a current name","taxonomy build (automatic, synonym without a current name)","2026-10-07"
"P_PYSRM_HTRS","Physarum heterosporum","synonym without a current name, in no current source as a current name","taxonomy build (automatic, synonym without a current name)","2026-10-07"
"P_PYSRM_IMTN","Physarum imitans","synonym without a current name, in no current source as a current name","taxonomy build (automatic, synonym without a current name)","2026-10-07"
"P_PYSRM_IMTN_FLXS","Physarum imitans flexuosa","synonym without a current name, in no current source as a current name","taxonomy build (automatic, synonym without a current name)","2026-10-07"
"P_PYSRM_INQL","Physarum inaequale","synonym without a current name, in no current source as a current name","taxonomy build (automatic, synonym without a current name)","2026-10-07"
"P_PYSRM_INST","Physarum instratum","synonym without a current name, in no current source as a current name","taxonomy build (automatic, synonym without a current name)","2026-10-07"
"P_PYSRM_JVNC","Physarum javanica","synonym without a current name, in no current source as a current name","taxonomy build (automatic, synonym without a current name)","2026-10-07"
"P_PYSRM_KLCH","Physarum kalchbrenneri","synonym without a current name, in no current source as a current name","taxonomy build (automatic, synonym without a current name)","2026-10-07"
"P_PYSRM_KLYI","Physarum berkeleyi","synonym without a current name, in no current source as a current name","taxonomy build (automatic, synonym without a current name)","2026-10-07"
"P_PYSRM_LBUS","Physarum albus","synonym without a current name, in no current source as a current name","taxonomy build (automatic, synonym without a current name)","2026-10-07"
"P_PYSRM_LCHNF","Physarum licheniformis","synonym without a current name, in no current source as a current name","taxonomy build (automatic, synonym without a current name)","2026-10-07"
"P_PYSRM_LCPH","Physarum leucophaea","synonym without a current name, in no current source as a current name","taxonomy build (automatic, synonym without a current name)","2026-10-07"
"P_PYSRM_LCPS_LCPS","Physarum leucopus leucopus","synonym without a current name, in no current source as a current name","taxonomy build (automatic, synonym without a current name)","2026-10-07"
"P_PYSRM_LFRA","Physarum globulifera","synonym without a current name, in no current source as a current name","taxonomy build (automatic, synonym without a current name)","2026-10-07"
"P_PYSRM_LFRM_CNFL","Physarum globuliferum confluens","synonym without a current name, in no current source as a current name","taxonomy build (automatic, synonym without a current name)","2026-10-07"
"P_PYSRM_LFRM_FLVM","Physarum globuliferum flavum","synonym without a current name, in no current source as a current name","taxonomy build (automatic, synonym without a current name)","2026-10-07"
"P_PYSRM_LFRM_LLCN","Physarum globuliferum lilacinum","synonym without a current name, in no current source as a current name","taxonomy build (automatic, synonym without a current name)","2026-10-07"
"P_PYSRM_LFRS","Physarum globuliferus","synonym without a current name, in no current source as a current name","taxonomy build (automatic, synonym without a current name)","2026-10-07"
"P_PYSRM_LLCN","Physarum lilacinum","synonym without a current name, in no current source as a current name","taxonomy build (automatic, synonym without a current name)","2026-10-07"
"P_PYSRM_LLCN_CRLM","Physarum lilacinum coeruleum","synonym without a current name, in no current source as a current name","taxonomy build (automatic, synonym without a current name)","2026-10-07"
"P_PYSRM_LLME","Physarum gulielmae","synonym without a current name, in no current source as a current name","taxonomy build (automatic, synonym without a current name)","2026-10-07"
"P_PYSRM_LMNM","Physarum limonium","synonym without a current name, in no current source as a current name","taxonomy build (automatic, synonym without a current name)","2026-10-07"
"P_PYSRM_LNGP","Physarum longipes","synonym without a current name, in no current source as a current name","taxonomy build (automatic, synonym without a current name)","2026-10-07"
"P_PYSRM_LNTM","Physarum gracilentum","synonym without a current name, in no current source as a current name","taxonomy build (automatic, synonym without a current name)","2026-10-07"
"P_PYSRM_LPDD","Physarum lepidodermoides","synonym without a current name, in no current source as a current name","taxonomy build (automatic, synonym without a current name)","2026-10-07"
"P_PYSRM_LSTR","Physarum listeri","synonym without a current name, in no current source as a current name","taxonomy build (automatic, synonym without a current name)","2026-10-07"
"P_PYSRM_LTGR","Physarum luteogriseum","synonym without a current name, in no current source as a current name","taxonomy build (automatic, synonym without a current name)","2026-10-07"
"P_PYSRM_LTLB","Physarum luteoalbum","synonym without a current name, in no current source as a current name","taxonomy build (automatic, synonym without a current name)","2026-10-07"
"P_PYSRM_LTLB_AURM","Physarum luteoalbum aureum","synonym without a current name, in no current source as a current name","taxonomy build (automatic, synonym without a current name)","2026-10-07"
"P_PYSRM_LUTE","Physarum lutea","synonym without a current name, in no current source as a current name","taxonomy build (automatic, synonym without a current name)","2026-10-07"
"P_PYSRM_LUTM","Physarum luteum","synonym without a current name, in no current source as a current name","taxonomy build (automatic, synonym without a current name)","2026-10-07"
"P_PYSRM_LUTS","Physarum luteus","synonym without a current name, in no current source as a current name","taxonomy build (automatic, synonym without a current name)","2026-10-07"
"P_PYSRM_LVDM","Physarum lividum","synonym without a current name, in no current source as a current name","taxonomy build (automatic, synonym without a current name)","2026-10-07"
"P_PYSRM_LVDM_CNGL","Physarum lividum conglobatum","synonym without a current name, in no current source as a current name","taxonomy build (automatic, synonym without a current name)","2026-10-07"
"P_PYSRM_LVDM_LCHN","Physarum lividum licheniformis","synonym without a current name, in no current source as a current name","taxonomy build (automatic, synonym without a current name)","2026-10-07"
"P_PYSRM_LVDM_LVDM","Physarum lividum lividum","synonym without a current name, in no current source as a current name","taxonomy build (automatic, synonym without a current name)","2026-10-07"
"P_PYSRM_LVLL","Physarum leveillei","synonym without a current name, in no current source as a current name","taxonomy build (automatic, synonym without a current name)","2026-10-07"
"P_PYSRM_LVLL_ARPS","Physarum leveillei auripes","synonym without a current name, in no current source as a current name","taxonomy build (automatic, synonym without a current name)","2026-10-07"
"P_PYSRM_LVLL_CHRY","Physarum leveillei chrysopus","synonym without a current name, in no current source as a current name","taxonomy build (automatic, synonym without a current name)","2026-10-07"
"P_PYSRM_LVLL_FSTN","Physarum leveillei fuistingii","synonym without a current name, in no current source as a current name","taxonomy build (automatic, synonym without a current name)","2026-10-07"
"P_PYSRM_LVTM","Physarum valvatum","synonym without a current name, in no current source as a current name","taxonomy build (automatic, synonym without a current name)","2026-10-07"
"P_PYSRM_MBNM","Physarum columbinum","synonym without a current name, in no current source as a current name","taxonomy build (automatic, synonym without a current name)","2026-10-07"
"P_PYSRM_MCLT","Physarum maculatum","synonym without a current name, in no current source as a current name","taxonomy build (automatic, synonym without a current name)","2026-10-07"
"P_PYSRM_MCRD","Physarum mucoroides","synonym without a current name, in no current source as a current name","taxonomy build (automatic, synonym without a current name)","2026-10-07"
"P_PYSRM_MCSM","Physarum mucosum","synonym without a current name, in no current source as a current name","taxonomy build (automatic, synonym without a current name)","2026-10-07"
"P_PYSRM_MLLM_LUTM","Physarum melleum luteum","synonym without a current name, in no current source as a current name","taxonomy build (automatic, synonym without a current name)","2026-10-07"
"P_PYSRM_MLLR","Physarum muelleri","synonym without a current name, in no current source as a current name","taxonomy build (automatic, synonym without a current name)","2026-10-07"
"P_PYSRM_MLNS","Physarum melanospermum","synonym without a current name, in no current source as a current name","taxonomy build (automatic, synonym without a current name)","2026-10-07"
"P_PYSRM_MLTP","Physarum multiplex","synonym without a current name, in no current source as a current name","taxonomy build (automatic, synonym without a current name)","2026-10-07"
"P_PYSRM_MRDS_DDRM","Physarum spumarioides didermoides","synonym without a current name, in no current source as a current name","taxonomy build (automatic, synonym without a current name)","2026-10-07"
"P_PYSRM_MRDS_DEGW","Physarum spumarioides degawae","synonym without a current name, in no current source as a current name","taxonomy build (automatic, synonym without a current name)","2026-10-07"
"P_PYSRM_MRGN","Physarum marginatum","synonym without a current name, in no current source as a current name","taxonomy build (automatic, synonym without a current name)","2026-10-07"
"P_PYSRM_MRNM_AENM","Physarum murinum aeneum","synonym without a current name, in no current source as a current name","taxonomy build (automatic, synonym without a current name)","2026-10-07"
"P_PYSRM_MRNM_RVNL","Physarum murinum ravenelii","synonym without a current name, in no current source as a current name","taxonomy build (automatic, synonym without a current name)","2026-10-07"
"P_PYSRM_MRTA","Physarum conglomerata","synonym without a current name, in no current source as a current name","taxonomy build (automatic, synonym without a current name)","2026-10-07"
"P_PYSRM_MRTM_MNTM","Physarum conglomeratum minutum","synonym without a current name, in no current source as a current name","taxonomy build (automatic, synonym without a current name)","2026-10-07"
"P_PYSRM_MRTM_NPHR","Physarum conglomeratum nephroideum","synonym without a current name, in no current source as a current name","taxonomy build (automatic, synonym without a current name)","2026-10-07"
"P_PYSRM_MRTM_PLYG","Physarum conglomeratum polygonum","synonym without a current name, in no current source as a current name","taxonomy build (automatic, synonym without a current name)","2026-10-07"
"P_PYSRM_MYDS","Physarum maydis","synonym without a current name, in no current source as a current name","taxonomy build (automatic, synonym without a current name)","2026-10-07"
"P_PYSRM_NCLT_FLRG","Physarum nucleatum florigerum","synonym without a current name, in no current source as a current name","taxonomy build (automatic, synonym without a current name)","2026-10-07"
"P_PYSRM_NCLT_RBST","Physarum nucleatum robustum","synonym without a current name, in no current source as a current name","taxonomy build (automatic, synonym without a current name)","2026-10-07"
"P_PYSRM_NCTR","Physarum nectriaeforme","synonym without a current name, in no current source as a current name","taxonomy build (automatic, synonym without a current name)","2026-10-07"
"P_PYSRM_NCTRF","Physarum nectriiforme","synonym without a current name, in no current source as a current name","taxonomy build (automatic, synonym without a current name)","2026-10-07"
"P_PYSRM_NDLS","Physarum nodulosa","synonym without a current name, in no current source as a current name","taxonomy build (automatic, synonym without a current name)","2026-10-07"
"P_PYSRM_NPHR","Physarum nephroidea","synonym without a current name, in no current source as a current name","taxonomy build (automatic, synonym without a current name)","2026-10-07"
"P_PYSRM_NPLT","Physarum neapolitanum","synonym without a current name, in no current source as a current name","taxonomy build (automatic, synonym without a current name)","2026-10-07"
"P_PYSRM_NUTNS","Physarum nutans","synonym without a current name, in no current source as a current name","taxonomy build (automatic, synonym without a current name)","2026-10-07"
"P_PYSRM_NUTNS_AURM","Physarum nutans aureum","synonym without a current name, in no current source as a current name","taxonomy build (automatic, synonym without a current name)","2026-10-07"
"P_PYSRM_NUTNS_CCCN","Physarum nutans coccineum","synonym without a current name, in no current source as a current name","taxonomy build (automatic, synonym without a current name)","2026-10-07"
"P_PYSRM_NUTNS_CRPM","Physarum nutans ovicarpum","synonym without a current name, in no current source as a current name","taxonomy build (automatic, synonym without a current name)","2026-10-07"
"P_PYSRM_NUTNS_FLRG","Physarum nutans florigerum","synonym without a current name, in no current source as a current name","taxonomy build (automatic, synonym without a current name)","2026-10-07"
"P_PYSRM_NUTNS_IRCL","Physarum nutans iricolor","synonym without a current name, in no current source as a current name","taxonomy build (automatic, synonym without a current name)","2026-10-07"
"P_PYSRM_NUTNS_LCPH","Physarum nutans leucophaeum","synonym without a current name, in no current source as a current name","taxonomy build (automatic, synonym without a current name)","2026-10-07"
"P_PYSRM_NUTNS_LTVR","Physarum nutans luteo-virens","synonym without a current name, in no current source as a current name","taxonomy build (automatic, synonym without a current name)","2026-10-07"
"P_PYSRM_NUTNS_NTNS","Physarum nutans nutans","synonym without a current name, in no current source as a current name","taxonomy build (automatic, synonym without a current name)","2026-10-07"
"P_PYSRM_NUTNS_OVCR","Physarum nutans ovicarpea","synonym without a current name, in no current source as a current name","taxonomy build (automatic, synonym without a current name)","2026-10-07"
"P_PYSRM_NUTNS_PHYC","Physarum nutans phycophilum","synonym without a current name, in no current source as a current name","taxonomy build (automatic, synonym without a current name)","2026-10-07"
"P_PYSRM_NUTNS_PRPR","Physarum nutans propria","synonym without a current name, in no current source as a current name","taxonomy build (automatic, synonym without a current name)","2026-10-07"
"P_PYSRM_NUTNS_RBRM","Physarum nutans rubrum","synonym without a current name, in no current source as a current name","taxonomy build (automatic, synonym without a current name)","2026-10-07"
"P_PYSRM_NUTNS_RBST","Physarum nutans robustum","synonym without a current name, in no current source as a current name","taxonomy build (automatic, synonym without a current name)","2026-10-07"
"P_PYSRM_NUTNS_RIGD","Physarum nutans rigida","synonym without a current name, in no current source as a current name","taxonomy build (automatic, synonym without a current name)","2026-10-07"
"P_PYSRM_NUTNS_SBTL","Physarum nutans subtile","synonym without a current name, in no current source as a current name","taxonomy build (automatic, synonym without a current name)","2026-10-07"
"P_PYSRM_NUTNS_VIRD","Physarum nutans viride","synonym without a current name, in no current source as a current name","taxonomy build (automatic, synonym without a current name)","2026-10-07"
"P_PYSRM_NUTNS_VLGR","Physarum nutans vulgare","synonym without a current name, in no current source as a current name","taxonomy build (automatic, synonym without a current name)","2026-10-07"
"P_PYSRM_NUTNS_VLSC","Physarum nutans violascens","synonym without a current name, in no current source as a current name","taxonomy build (automatic, synonym without a current name)","2026-10-07"
"P_PYSRM_NUTNS_VRNS","Physarum nutans luteovirens","synonym without a current name, in no current source as a current name","taxonomy build (automatic, synonym without a current name)","2026-10-07"
"P_PYSRM_NVSC_NTNS","Physarum nivescens nitens","synonym without a current name, in no current source as a current name","taxonomy build (automatic, synonym without a current name)","2026-10-07"
"P_PYSRM_OBLN","Physarum oblongum","synonym without a current name, in no current source as a current name","taxonomy build (automatic, synonym without a current name)","2026-10-07"
"P_PYSRM_OBRS","Physarum obrusseum","synonym without a current name, in no current source as a current name","taxonomy build (automatic, synonym without a current name)","2026-10-07"
"P_PYSRM_OCHR","Physarum ochroleucum","synonym without a current name, in no current source as a current name","taxonomy build (automatic, synonym without a current name)","2026-10-07"
"P_PYSRM_OXLN","Physarum oxalinum","synonym without a current name, in no current source as a current name","taxonomy build (automatic, synonym without a current name)","2026-10-07"
"P_PYSRM_PANC_NVLS","Physarum panicea nivalis","synonym without a current name, in no current source as a current name","taxonomy build (automatic, synonym without a current name)","2026-10-07"
"P_PYSRM_PCTM","Physarum compactum","synonym without a current name, in no current source as a current name","taxonomy build (automatic, synonym without a current name)","2026-10-07"
"P_PYSRM_PDDM","Physarum lepidoideum","synonym without a current name, in no current source as a current name","taxonomy build (automatic, synonym without a current name)","2026-10-07"
"P_PYSRM_PHLL","Physarum phillipsii","synonym without a current name, in no current source as a current name","taxonomy build (automatic, synonym without a current name)","2026-10-07"
"P_PYSRM_PINI","Physarum pini","synonym without a current name, in no current source as a current name","taxonomy build (automatic, synonym without a current name)","2026-10-07"
"P_PYSRM_PLCH","Physarum pulcherrima","synonym without a current name, in no current source as a current name","taxonomy build (automatic, synonym without a current name)","2026-10-07"
"P_PYSRM_PLLD","Physarum pallidum","synonym without a current name, in no current source as a current name","taxonomy build (automatic, synonym without a current name)","2026-10-07"
"P_PYSRM_PLMB","Physarum plumbeum","synonym without a current name, in no current source as a current name","taxonomy build (automatic, synonym without a current name)","2026-10-07"
"P_PYSRM_PLTN","Physarum platense","synonym without a current name, in no current source as a current name","taxonomy build (automatic, synonym without a current name)","2026-10-07"
"P_PYSRM_PLYC","Physarum polycephala","synonym without a current name, in no current source as a current name","taxonomy build (automatic, synonym without a current name)","2026-10-07"
"P_PYSRM_PLYCP_OBRS","Physarum polycephalum obrusseum","synonym without a current name, in no current source as a current name","taxonomy build (automatic, synonym without a current name)","2026-10-07"
"P_PYSRM_PLYM","Physarum polymorphum","synonym without a current name, in no current source as a current name","taxonomy build (automatic, synonym without a current name)","2026-10-07"
"P_PYSRM_PLYM_OBRS","Physarum polymorphum obrusseum","synonym without a current name, in no current source as a current name","taxonomy build (automatic, synonym without a current name)","2026-10-07"
"P_PYSRM_PNDL","Physarum pendulum","synonym without a current name, in no current source as a current name","taxonomy build (automatic, synonym without a current name)","2026-10-07"
"P_PYSRM_PRPH","Physarum porphyra","synonym without a current name, in no current source as a current name","taxonomy build (automatic, synonym without a current name)","2026-10-07"
"P_PYSRM_PRST","Physarum parasiticum","synonym without a current name, in no current source as a current name","taxonomy build (automatic, synonym without a current name)","2026-10-07"
"P_PYSRM_PSTT_CHLR","Physarum psittacinum chlorantum","synonym without a current name, in no current source as a current name","taxonomy build (automatic, synonym without a current name)","2026-10-07"
"P_PYSRM_PSTT_FLVM","Physarum psittacinum fulvum","synonym without a current name, in no current source as a current name","taxonomy build (automatic, synonym without a current name)","2026-10-07"
"P_PYSRM_PSTT_FLVP","Physarum psittacinum fulvipes","synonym without a current name, in no current source as a current name","taxonomy build (automatic, synonym without a current name)","2026-10-07"
"P_PYSRM_PSTT_INTR","Physarum psittacinum intermedium","synonym without a current name, in no current source as a current name","taxonomy build (automatic, synonym without a current name)","2026-10-07"
"P_PYSRM_PSTT_RVNL","Physarum psittacinum ravenelii","synonym without a current name, in no current source as a current name","taxonomy build (automatic, synonym without a current name)","2026-10-07"
"P_PYSRM_PTRS","Physarum petersii","synonym without a current name, in no current source as a current name","taxonomy build (automatic, synonym without a current name)","2026-10-07"
"P_PYSRM_PTRS_FRLW","Physarum petersii farlowii","synonym without a current name, in no current source as a current name","taxonomy build (automatic, synonym without a current name)","2026-10-07"
"P_PYSRM_PTRS_INTR","Physarum petersii intermedium","synonym without a current name, in no current source as a current name","taxonomy build (automatic, synonym without a current name)","2026-10-07"
"P_PYSRM_PZZD","Physarum pezizoidea","synonym without a current name, in no current source as a current name","taxonomy build (automatic, synonym without a current name)","2026-10-07"
"P_PYSRM_RBGN_ARSC","Physarum rubiginosum auriscalpium","synonym without a current name, in no current source as a current name","taxonomy build (automatic, synonym without a current name)","2026-10-07"
"P_PYSRM_RBRN","Physarum rubronodum","synonym without a current name, in no current source as a current name","taxonomy build (automatic, synonym without a current name)","2026-10-07"
"P_PYSRM_RBRP","Physarum rubropunctatum","synonym without a current name, in no current source as a current name","taxonomy build (automatic, synonym without a current name)","2026-10-07"
"P_PYSRM_RBST_CRLM","Physarum robustum coeruleum","synonym without a current name, in no current source as a current name","taxonomy build (automatic, synonym without a current name)","2026-10-07"
"P_PYSRM_RCHA","Physarum chrysotricha","synonym without a current name, in no current source as a current name","taxonomy build (automatic, synonym without a current name)","2026-10-07"
"P_PYSRM_RCHM","Physarum chrysotrichum","synonym without a current name, in no current source as a current name","taxonomy build (automatic, synonym without a current name)","2026-10-07"
"P_PYSRM_REDR","Physarum readeri","synonym without a current name, in no current source as a current name","taxonomy build (automatic, synonym without a current name)","2026-10-07"
"P_PYSRM_RFPS","Physarum rufipes","synonym without a current name, in no current source as a current name","taxonomy build (automatic, synonym without a current name)","2026-10-07"
"P_PYSRM_RLTM","Physarum relatum","synonym without a current name, in no current source as a current name","taxonomy build (automatic, synonym without a current name)","2026-10-07"
"P_PYSRM_RMDS_LVDM","Physarum didermoides lividum","synonym without a current name, in no current source as a current name","taxonomy build (automatic, synonym without a current name)","2026-10-07"
"P_PYSRM_RNFRM","Physarum reniformis","synonym without a current name, in no current source as a current name","taxonomy build (automatic, synonym without a current name)","2026-10-07"
"P_PYSRM_RNTM","Physarum aurantium","synonym without a current name, in no current source as a current name","taxonomy build (automatic, synonym without a current name)","2026-10-07"
"P_PYSRM_RNTM_RFPS","Physarum aurantium rufipes","synonym without a current name, in no current source as a current name","taxonomy build (automatic, synonym without a current name)","2026-10-07"
"P_PYSRM_RNTS","Physarum aurantius","synonym without a current name, in no current source as a current name","taxonomy build (automatic, synonym without a current name)","2026-10-07"
"P_PYSRM_RNTS_ARNT","Physarum aurantius aurantium","synonym without a current name, in no current source as a current name","taxonomy build (automatic, synonym without a current name)","2026-10-07"
"P_PYSRM_ROSM_DSCC","Physarum roseum discocephalum","synonym without a current name, in no current source as a current name","taxonomy build (automatic, synonym without a current name)","2026-10-07"
"P_PYSRM_ROSM_RCMS","Physarum roseum racemosum","synonym without a current name, in no current source as a current name","taxonomy build (automatic, synonym without a current name)","2026-10-07"
"P_PYSRM_RRPS_SLCT","Physarum pulcherripes sulcatipes","synonym without a current name, in no current source as a current name","taxonomy build (automatic, synonym without a current name)","2026-10-07"
"P_PYSRM_RSTF","Physarum rostafinskii","synonym without a current name, in no current source as a current name","taxonomy build (automatic, synonym without a current name)","2026-10-07"
"P_PYSRM_RTCL","Physarum reticulatum","synonym without a current name, in no current source as a current name","taxonomy build (automatic, synonym without a current name)","2026-10-07"
"P_PYSRM_RVNL","Physarum ravenelii","synonym without a current name, in no current source as a current name","taxonomy build (automatic, synonym without a current name)","2026-10-07"
"P_PYSRM_SBLT","Physarum subulatum","synonym without a current name, in no current source as a current name","taxonomy build (automatic, synonym without a current name)","2026-10-07"
"P_PYSRM_SBRS","Physarum subroseum","synonym without a current name, in no current source as a current name","taxonomy build (automatic, synonym without a current name)","2026-10-07"
"P_PYSRM_SCHM","Physarum schumacheri","synonym without a current name, in no current source as a current name","taxonomy build (automatic, synonym without a current name)","2026-10-07"
"P_PYSRM_SCHM_ARNT","Physarum schumacheri aurantiacum","synonym without a current name, in no current source as a current name","taxonomy build (automatic, synonym without a current name)","2026-10-07"
"P_PYSRM_SCHM_CHRY","Physarum schumacheri chrysopus","synonym without a current name, in no current source as a current name","taxonomy build (automatic, synonym without a current name)","2026-10-07"
"P_PYSRM_SCHM_CMPC","Physarum schumacheri compactum","synonym without a current name, in no current source as a current name","taxonomy build (automatic, synonym without a current name)","2026-10-07"
"P_PYSRM_SCHM_CTRN","Physarum schumacheri citrinum","synonym without a current name, in no current source as a current name","taxonomy build (automatic, synonym without a current name)","2026-10-07"
"P_PYSRM_SCHM_MLLM","Physarum schumacheri melleum","synonym without a current name, in no current source as a current name","taxonomy build (automatic, synonym without a current name)","2026-10-07"
"P_PYSRM_SCHM_RFPS","Physarum schumacheri rufipes","synonym without a current name, in no current source as a current name","taxonomy build (automatic, synonym without a current name)","2026-10-07"
"P_PYSRM_SCRB","Physarum scrobiculatum","synonym without a current name, in no current source as a current name","taxonomy build (automatic, synonym without a current name)","2026-10-07"
"P_PYSRM_SIML","Physarum simile","synonym without a current name, in no current source as a current name","taxonomy build (automatic, synonym without a current name)","2026-10-07"
"P_PYSRM_SINS","Physarum sinuosa","synonym without a current name, in no current source as a current name","taxonomy build (automatic, synonym without a current name)","2026-10-07"
"P_PYSRM_SLFR","Physarum sulfureum","synonym without a current name, in no current source as a current name","taxonomy build (automatic, synonym without a current name)","2026-10-07"
"P_PYSRM_SMNN","Physarum semiannulata","synonym without a current name, in no current source as a current name","taxonomy build (automatic, synonym without a current name)","2026-10-07"
"P_PYSRM_SNPM","Physarum sinapium","synonym without a current name, in no current source as a current name","taxonomy build (automatic, synonym without a current name)","2026-10-07"
"P_PYSRM_SNSM","Physarum sinuosum","synonym without a current name, in no current source as a current name","taxonomy build (automatic, synonym without a current name)","2026-10-07"
"P_PYSRM_SPMR_DDYM","Physarum spumariodes didymium","synonym without a current name, in no current source as a current name","taxonomy build (automatic, synonym without a current name)","2026-10-07"
"P_PYSRM_SPNL","Physarum spinulosum","synonym without a current name, in no current source as a current name","taxonomy build (automatic, synonym without a current name)","2026-10-07"
"P_PYSRM_SQML_LCPS","Physarum squamulosum leucopus","synonym without a current name, in no current source as a current name","taxonomy build (automatic, synonym without a current name)","2026-10-07"
"P_PYSRM_STYR","Physarum styriacum","synonym without a current name, in no current source as a current name","taxonomy build (automatic, synonym without a current name)","2026-10-07"
"P_PYSRM_TBLS","Physarum mutabilis","synonym without a current name, in no current source as a current name","taxonomy build (automatic, synonym without a current name)","2026-10-07"
"P_PYSRM_TBLS_ARNT","Physarum mutabilis aurantiaca","synonym without a current name, in no current source as a current name","taxonomy build (automatic, synonym without a current name)","2026-10-07"
"P_PYSRM_TBLS_IRRG","Physarum mutabilis irregularis","synonym without a current name, in no current source as a current name","taxonomy build (automatic, synonym without a current name)","2026-10-07"
"P_PYSRM_TBLS_LUTE","Physarum mutabilis lutea","synonym without a current name, in no current source as a current name","taxonomy build (automatic, synonym without a current name)","2026-10-07"
"P_PYSRM_TCMN","Physarum tucumanense","synonym without a current name, in no current source as a current name","taxonomy build (automatic, synonym without a current name)","2026-10-07"
"P_PYSRM_THTM","Physarum theioteum","synonym without a current name, in no current source as a current name","taxonomy build (automatic, synonym without a current name)","2026-10-07"
"P_PYSRM_TNRR","Physarum tenerrimum","synonym without a current name, in no current source as a current name","taxonomy build (automatic, synonym without a current name)","2026-10-07"
"P_PYSRM_TRNM_RFPS","Physarum citrinum rufipes","synonym without a current name, in no current source as a current name","taxonomy build (automatic, synonym without a current name)","2026-10-07"
"P_PYSRM_TRNM_SSSL","Physarum citrinum sessile","synonym without a current name, in no current source as a current name","taxonomy build (automatic, synonym without a current name)","2026-10-07"
"P_PYSRM_TRRS","Physarum terrestre","synonym without a current name, in no current source as a current name","taxonomy build (automatic, synonym without a current name)","2026-10-07"
"P_PYSRM_TSTC","Physarum testaceum","synonym without a current name, in no current source as a current name","taxonomy build (automatic, synonym without a current name)","2026-10-07"
"P_PYSRM_TXTS","Physarum contextus","synonym without a current name, in no current source as a current name","taxonomy build (automatic, synonym without a current name)","2026-10-07"
"P_PYSRM_VCPS","Physarum fulviceps","synonym without a current name, in no current source as a current name","taxonomy build (automatic, synonym without a current name)","2026-10-07"
"P_PYSRM_VERN","Physarum verna","synonym without a current name, in no current source as a current name","taxonomy build (automatic, synonym without a current name)","2026-10-07"
"P_PYSRM_VIRD_ARNT","Physarum viride aurantium","synonym without a current name, in no current source as a current name","taxonomy build (automatic, synonym without a current name)","2026-10-07"
"P_PYSRM_VIRD_BTHL","Physarum viride bethelii","synonym without a current name, in no current source as a current name","taxonomy build (automatic, synonym without a current name)","2026-10-07"
"P_PYSRM_VIRD_HNNL","Physarum viride hinnuleum","synonym without a current name, in no current source as a current name","taxonomy build (automatic, synonym without a current name)","2026-10-07"
"P_PYSRM_VIRD_INCN","Physarum viride incanum","synonym without a current name, in no current source as a current name","taxonomy build (automatic, synonym without a current name)","2026-10-07"
"P_PYSRM_VIRD_LTVR","Physarum viride luteovirens","synonym without a current name, in no current source as a current name","taxonomy build (automatic, synonym without a current name)","2026-10-07"
"P_PYSRM_VIRD_LUTE","Physarum viride lutea","synonym without a current name, in no current source as a current name","taxonomy build (automatic, synonym without a current name)","2026-10-07"
"P_PYSRM_VIRD_LUTM","Physarum viride luteum","synonym without a current name, in no current source as a current name","taxonomy build (automatic, synonym without a current name)","2026-10-07"
"P_PYSRM_VIRD_RGDM","Physarum viride rigidum","synonym without a current name, in no current source as a current name","taxonomy build (automatic, synonym without a current name)","2026-10-07"
"P_PYSRM_VLCM","Physarum violaceum","synonym without a current name, in no current source as a current name","taxonomy build (automatic, synonym without a current name)","2026-10-07"
"P_PYSRM_VLCN","Physarum violaceun","synonym without a current name, in no current source as a current name","taxonomy build (automatic, synonym without a current name)","2026-10-07"
"P_PYSRM_VLVT","Physarum valvata","synonym without a current name, in no current source as a current name","taxonomy build (automatic, synonym without a current name)","2026-10-07"
"P_PYSRM_VRBL","Physarum variabile","synonym without a current name, in no current source as a current name","taxonomy build (automatic, synonym without a current name)","2026-10-07"
"P_PYSRM_VRDS","Physarum viridis","synonym without a current name, in no current source as a current name","taxonomy build (automatic, synonym without a current name)","2026-10-07"
"P_PYSRM_VRDS_ARNT","Physarum viridis aurantiaca","synonym without a current name, in no current source as a current name","taxonomy build (automatic, synonym without a current name)","2026-10-07"
"P_PYSRM_VRDS_LUTE","Physarum viridis lutea","synonym without a current name, in no current source as a current name","taxonomy build (automatic, synonym without a current name)","2026-10-07"
"P_PYSRM_VRNM_BDHM","Physarum vernum badhamioides","synonym without a current name, in no current source as a current name","taxonomy build (automatic, synonym without a current name)","2026-10-07"
"P_PYSRM_VRNM_IRDS","Physarum vernum iridescens","synonym without a current name, in no current source as a current name","taxonomy build (automatic, synonym without a current name)","2026-10-07"
"P_PYSRM_VRNM_PRVS","Physarum vernum parvisporum","synonym without a current name, in no current source as a current name","taxonomy build (automatic, synonym without a current name)","2026-10-07"
"P_PYSRM_VRSC_ALPN","Physarum virescens alpinum","synonym without a current name, in no current source as a current name","taxonomy build (automatic, synonym without a current name)","2026-10-07"
"P_PYSRM_VRSC_CRCF","Physarum virescens croceoflavum","synonym without a current name, in no current source as a current name","taxonomy build (automatic, synonym without a current name)","2026-10-07"
"P_PYSRM_VRSC_CROC","Physarum virescens croceo","synonym without a current name, in no current source as a current name","taxonomy build (automatic, synonym without a current name)","2026-10-07"
"P_PYSRM_VRSC_FLVM","Physarum virescens flavum","synonym without a current name, in no current source as a current name","taxonomy build (automatic, synonym without a current name)","2026-10-07"
"P_PYSRM_VRSC_LTRT","Physarum virescens lateritium","synonym without a current name, in no current source as a current name","taxonomy build (automatic, synonym without a current name)","2026-10-07"
"P_PYSRM_VRSC_NTNS","Physarum virescens nitens","synonym without a current name, in no current source as a current name","taxonomy build (automatic, synonym without a current name)","2026-10-07"
"P_PYSRM_VRSC_OBSC","Physarum virescens obscurum","synonym without a current name, in no current source as a current name","taxonomy build (automatic, synonym without a current name)","2026-10-07"
"P_PYSRM_VRSC_THTM","Physarum virescens theioteum","synonym without a current name, in no current source as a current name","taxonomy build (automatic, synonym without a current name)","2026-10-07"
"P_PYSRM_WNGT","Physarum wingatense","synonym without a current name, in no current source as a current name","taxonomy build (automatic, synonym without a current name)","2026-10-07"
"P_PYSRM_YSPS","Physarum chrysopus","synonym without a current name, in no current source as a current name","taxonomy build (automatic, synonym without a current name)","2026-10-07"
"P_PYSRM_ZYLN","Physarum zeylanicum","synonym without a current name, in no current source as a current name","taxonomy build (automatic, synonym without a current name)","2026-10-07"
"P_PYSRM_ZZDM_MCRS","Physarum pezizoideum microsporum","synonym without a current name, in no current source as a current name","taxonomy build (automatic, synonym without a current name)","2026-10-07"
"P_PYSRM_ZZDS","Physarum pezizoides","synonym without a current name, in no current source as a current name","taxonomy build (automatic, synonym without a current name)","2026-10-07"
"P_QDRLL_SYMM","Quadrulella symmetrica","synonym without a current name, in no current source as a current name","taxonomy build (automatic, synonym without a current name)","2026-10-07"
"P_RCHPS","Rhynchopus","synonym without a current name, in no current source as a current name","taxonomy build (automatic, synonym without a current name)","2026-10-07"
"P_RHBDMN_STTM","Rhabdomonas costatum","synonym without a current name, in no current source as a current name","taxonomy build (automatic, synonym without a current name)","2026-10-07"
"P_RHNSP","Rhinosporidium","synonym without a current name, in no current source as a current name","taxonomy build (automatic, synonym without a current name)","2026-10-07"
"P_RHYNCH","Rhynchoidomonas","synonym without a current name, in no current source as a current name","taxonomy build (automatic, synonym without a current name)","2026-10-07"
"P_RSTRS_ELLP","Rostrostelium ellipticum","synonym without a current name, in no current source as a current name","taxonomy build (automatic, synonym without a current name)","2026-10-07"
"P_RTCLR_AURM","Reticularia aureum","synonym without a current name, in no current source as a current name","taxonomy build (automatic, synonym without a current name)","2026-10-07"
"P_RTCLR_CPRN","Reticularia cooperensis","synonym without a current name, in no current source as a current name","taxonomy build (automatic, synonym without a current name)","2026-10-07"
"P_RTCLR_FLGN","Reticularia fuliginoides","synonym without a current name, in no current source as a current name","taxonomy build (automatic, synonym without a current name)","2026-10-07"
"P_RTCLR_GNSM","Reticularia rubiginosum","synonym without a current name, in no current source as a current name","taxonomy build (automatic, synonym without a current name)","2026-10-07"
"P_RTCLR_JRNM","Reticularia juranum","synonym without a current name, in no current source as a current name","taxonomy build (automatic, synonym without a current name)","2026-10-07"
"P_RTCLR_LBTM","Reticularia lobatum","synonym without a current name, in no current source as a current name","taxonomy build (automatic, synonym without a current name)","2026-10-07"
"P_RTCLR_LINT","Reticularia lineata","synonym without a current name, in no current source as a current name","taxonomy build (automatic, synonym without a current name)","2026-10-07"
"P_RTCLR_LNTS","Reticularia lineatus","synonym without a current name, in no current source as a current name","taxonomy build (automatic, synonym without a current name)","2026-10-07"
"P_RTCLR_LVCM_LCDS","Reticularia olivaceum liceoides","synonym without a current name, in no current source as a current name","taxonomy build (automatic, synonym without a current name)","2026-10-07"
"P_RTCLR_LVCM_SMLN","Reticularia olivaceum simulans","synonym without a current name, in no current source as a current name","taxonomy build (automatic, synonym without a current name)","2026-10-07"
"P_RTCLR_LYCG","Reticularia lycogala","synonym without a current name, in no current source as a current name","taxonomy build (automatic, synonym without a current name)","2026-10-07"
"P_RTCLR_LYCP_AMRC","Reticularia lycoperdon americana","synonym without a current name, in no current source as a current name","taxonomy build (automatic, synonym without a current name)","2026-10-07"
"P_RTCLR_LYCP_JURN","Reticularia lycoperdon jurana","synonym without a current name, in no current source as a current name","taxonomy build (automatic, synonym without a current name)","2026-10-07"
"P_RTCLR_LYCP_RCNM","Reticularia lycoperdon americanum","synonym without a current name, in no current source as a current name","taxonomy build (automatic, synonym without a current name)","2026-10-07"
"P_RTCLR_OLVC_SMLN","Reticularia olivacea simulans","synonym without a current name, in no current source as a current name","taxonomy build (automatic, synonym without a current name)","2026-10-07"
"P_RTCLR_PNCT","Reticularia punctatum","synonym without a current name, in no current source as a current name","taxonomy build (automatic, synonym without a current name)","2026-10-07"
"P_RTCLR_RMDM","Reticularia intermedium","synonym without a current name, in no current source as a current name","taxonomy build (automatic, synonym without a current name)","2026-10-07"
"P_RTCLR_ROZN","Reticularia rozeana","synonym without a current name, in no current source as a current name","taxonomy build (automatic, synonym without a current name)","2026-10-07"
"P_RTCLR_RZNM","Reticularia rozeanum","synonym without a current name, in no current source as a current name","taxonomy build (automatic, synonym without a current name)","2026-10-07"
"P_RTCLR_SPLN_JRNM","Reticularia splendens juranum","synonym without a current name, in no current source as a current name","taxonomy build (automatic, synonym without a current name)","2026-10-07"
"P_RTCLR_SPLN_JURN","Reticularia splendens jurana","synonym without a current name, in no current source as a current name","taxonomy build (automatic, synonym without a current name)","2026-10-07"
"P_RTCLR_TRBN","Reticularia turbinatum","synonym without a current name, in no current source as a current name","taxonomy build (automatic, synonym without a current name)","2026-10-07"
"P_RTCLR_UMBR","Reticularia umbrina","synonym without a current name, in no current source as a current name","taxonomy build (automatic, synonym without a current name)","2026-10-07"
"P_RTRTM","Retortamonas","synonym without a current name, in no current source as a current name","taxonomy build (automatic, synonym without a current name)","2026-10-07"
"P_SCHZD","Schizodiacrodium","synonym without a current name, in no current source as a current name","taxonomy build (automatic, synonym without a current name)","2026-10-07"
"P_SLFRM_GLRS","Soliformovum irregularis","synonym without a current name, in no current source as a current name","taxonomy build (automatic, synonym without a current name)","2026-10-07"
"P_SLPNG_DSDL","Salpingoeca desaedeleeri","synonym without a current name, in no current source as a current name","taxonomy build (automatic, synonym without a current name)","2026-10-07"
"P_SLPNG_ELGN","Salpingoeca elegans","synonym without a current name, in no current source as a current name","taxonomy build (automatic, synonym without a current name)","2026-10-07"
"P_SLPNG_FRQN","Salpingoeca frequentissima","synonym without a current name, in no current source as a current name","taxonomy build (automatic, synonym without a current name)","2026-10-07"
"P_SLPNG_LNGP","Salpingoeca longipes","synonym without a current name, in no current source as a current name","taxonomy build (automatic, synonym without a current name)","2026-10-07"
"P_SNGHM","Singhamoeba","synonym without a current name, in no current source as a current name","taxonomy build (automatic, synonym without a current name)","2026-10-07"
"P_SNYDR","Snyderella","synonym without a current name, in no current source as a current name","taxonomy build (automatic, synonym without a current name)","2026-10-07"
"P_SPRAG_LOPHI","Spraguea lophi","synonym without a current name, in no current source as a current name","taxonomy build (automatic, synonym without a current name)","2026-10-07"
"P_SPRLY_SCHE","Spirelytha scheii","synonym without a current name, in no current source as a current name","taxonomy build (automatic, synonym without a current name)","2026-10-07"
"P_SPRNY","Spironympha","synonym without a current name, in no current source as a current name","taxonomy build (automatic, synonym without a current name)","2026-10-07"
"P_SQMLR_DINR","Squamularia dieneri","synonym without a current name, in no current source as a current name","taxonomy build (automatic, synonym without a current name)","2026-10-07"
"P_SQMLR_NMML","Squamularia nummulina","synonym without a current name, in no current source as a current name","taxonomy build (automatic, synonym without a current name)","2026-10-07"
"P_SQMLR_PLCH","Squamularia pulcherrima","synonym without a current name, in no current source as a current name","taxonomy build (automatic, synonym without a current name)","2026-10-07"
"P_SQMLR_SBRB","Squamularia suborbicularis","synonym without a current name, in no current source as a current name","taxonomy build (automatic, synonym without a current name)","2026-10-07"
"P_SRPLR_CNTR","Serpularia centrifuga","synonym without a current name, in no current source as a current name","taxonomy build (automatic, synonym without a current name)","2026-10-07"
"P_STMNR_CRYP","Stemonaria crypta","synonym without a current name, in no current source as a current name","taxonomy build (automatic, synonym without a current name)","2026-10-07"
"P_STMNR_EQNC","Stemonaria equinoctialis","synonym without a current name, in no current source as a current name","taxonomy build (automatic, synonym without a current name)","2026-10-07"
"P_STMNR_FSCD_LNGP","Stemonaria fuscoides longipes","synonym without a current name, in no current source as a current name","taxonomy build (automatic, synonym without a current name)","2026-10-07"
"P_STMNR_IRRG_ALTC","Stemonaria irregularis altaica","synonym without a current name, in no current source as a current name","taxonomy build (automatic, synonym without a current name)","2026-10-07"
"P_STMNR_LNGS","Stemonaria longus","synonym without a current name, in no current source as a current name","taxonomy build (automatic, synonym without a current name)","2026-10-07"
"P_STMNR_LONG_FLCC","Stemonaria longa flaccida","synonym without a current name, in no current source as a current name","taxonomy build (automatic, synonym without a current name)","2026-10-07"
"P_STMNR_LONG_IRRG","Stemonaria longa irregularis","synonym without a current name, in no current source as a current name","taxonomy build (automatic, synonym without a current name)","2026-10-07"
"P_STMNT_ACMN","Stemonitis acuminata","synonym without a current name, in no current source as a current name","taxonomy build (automatic, synonym without a current name)","2026-10-07"
"P_STMNT_AXFR_SMTH","Stemonitis axifera smithii","synonym without a current name, in no current source as a current name","taxonomy build (automatic, synonym without a current name)","2026-10-07"
"P_STMNT_AXFR_VILC","Stemonitis axifera violacea","synonym without a current name, in no current source as a current name","taxonomy build (automatic, synonym without a current name)","2026-10-07"
"P_STMNT_BRLN","Stemonitis baeuerlinii","synonym without a current name, in no current source as a current name","taxonomy build (automatic, synonym without a current name)","2026-10-07"
"P_STMNT_BRLN_FNST","Stemonitis baeuerlinii fenestrata","synonym without a current name, in no current source as a current name","taxonomy build (automatic, synonym without a current name)","2026-10-07"
"P_STMNT_BRSL","Stemonitis brasiliensis","synonym without a current name, in no current source as a current name","taxonomy build (automatic, synonym without a current name)","2026-10-07"
"P_STMNT_CRLN","Stemonitis carolinensis","synonym without a current name, in no current source as a current name","taxonomy build (automatic, synonym without a current name)","2026-10-07"
"P_STMNT_CSTL","Stemonitis castillensis","synonym without a current name, in no current source as a current name","taxonomy build (automatic, synonym without a current name)","2026-10-07"
"P_STMNT_DCTY","Stemonitis dictyospora","synonym without a current name, in no current source as a current name","taxonomy build (automatic, synonym without a current name)","2026-10-07"
"P_STMNT_EMOT","Stemonitis emotoi","synonym without a current name, in no current source as a current name","taxonomy build (automatic, synonym without a current name)","2026-10-07"
"P_STMNT_FNST","Stemonitis fenestrata","synonym without a current name, in no current source as a current name","taxonomy build (automatic, synonym without a current name)","2026-10-07"
"P_STMNT_FRRG_GBBS","Stemonitis ferruginea gibbosa","synonym without a current name, in no current source as a current name","taxonomy build (automatic, synonym without a current name)","2026-10-07"
"P_STMNT_FRRG_SMTH","Stemonitis ferruginea smithii","synonym without a current name, in no current source as a current name","taxonomy build (automatic, synonym without a current name)","2026-10-07"
"P_STMNT_FRRG_VILC","Stemonitis ferruginea violacea","synonym without a current name, in no current source as a current name","taxonomy build (automatic, synonym without a current name)","2026-10-07"
"P_STMNT_FSCC","Stemonitis fasciculata","synonym without a current name, in no current source as a current name","taxonomy build (automatic, synonym without a current name)","2026-10-07"
"P_STMNT_FUSC_MAJR","Stemonitis fusca major","synonym without a current name, in no current source as a current name","taxonomy build (automatic, synonym without a current name)","2026-10-07"
"P_STMNT_FUSC_MAXM","Stemonitis fusca maxima","synonym without a current name, in no current source as a current name","taxonomy build (automatic, synonym without a current name)","2026-10-07"
"P_STMNT_FUSC_MINR","Stemonitis fusca minor","synonym without a current name, in no current source as a current name","taxonomy build (automatic, synonym without a current name)","2026-10-07"
"P_STMNT_FUSC_NGRS","Stemonitis fusca nigrescens","synonym without a current name, in no current source as a current name","taxonomy build (automatic, synonym without a current name)","2026-10-07"
"P_STMNT_FUSC_PNNT","Stemonitis fusca pinnata","synonym without a current name, in no current source as a current name","taxonomy build (automatic, synonym without a current name)","2026-10-07"
"P_STMNT_FUSC_RFSC","Stemonitis fusca rufescens","synonym without a current name, in no current source as a current name","taxonomy build (automatic, synonym without a current name)","2026-10-07"
"P_STMNT_GNTA","Stemonitis flavogentia","synonym without a current name, in no current source as a current name","taxonomy build (automatic, synonym without a current name)","2026-10-07"
"P_STMNT_LGNC","Stemonitis lignicola","synonym without a current name, in no current source as a current name","taxonomy build (automatic, synonym without a current name)","2026-10-07"
"P_STMNT_MAXM","Stemonitis maxima","synonym without a current name, in no current source as a current name","taxonomy build (automatic, synonym without a current name)","2026-10-07"
"P_STMNT_MCRS","Stemonitis microspora","synonym without a current name, in no current source as a current name","taxonomy build (automatic, synonym without a current name)","2026-10-07"
"P_STMNT_MRGN","Stemonitis morganii","synonym without a current name, in no current source as a current name","taxonomy build (automatic, synonym without a current name)","2026-10-07"
"P_STMNT_MSSR_EMOT","Stemonitis mussooriensis emotoi","synonym without a current name, in no current source as a current name","taxonomy build (automatic, synonym without a current name)","2026-10-07"
"P_STMNT_NGRS","Stemonitis nigrescens","synonym without a current name, in no current source as a current name","taxonomy build (automatic, synonym without a current name)","2026-10-07"
"P_STMNT_NUDA","Stemonitis nuda","synonym without a current name, in no current source as a current name","taxonomy build (automatic, synonym without a current name)","2026-10-07"
"P_STMNT_NUDA_MINR","Stemonitis nuda minor","synonym without a current name, in no current source as a current name","taxonomy build (automatic, synonym without a current name)","2026-10-07"
"P_STMNT_PLLD_RBSC","Stemonitis pallida rubescens","synonym without a current name, in no current source as a current name","taxonomy build (automatic, synonym without a current name)","2026-10-07"
"P_STMNT_SMTH","Stemonitis smithii","synonym without a current name, in no current source as a current name","taxonomy build (automatic, synonym without a current name)","2026-10-07"
"P_STMNT_SPLN_FNST","Stemonitis splendens fenestrata","synonym without a current name, in no current source as a current name","taxonomy build (automatic, synonym without a current name)","2026-10-07"
"P_STMNT_SPLN_MRGN","Stemonitis splendens morganii","synonym without a current name, in no current source as a current name","taxonomy build (automatic, synonym without a current name)","2026-10-07"
"P_STMNT_SPLN_WBBR","Stemonitis splendens webberi","synonym without a current name, in no current source as a current name","taxonomy build (automatic, synonym without a current name)","2026-10-07"
"P_STMNT_VILC","Stemonitis violacea","synonym without a current name, in no current source as a current name","taxonomy build (automatic, synonym without a current name)","2026-10-07"
"P_STMNT_VRGN_RBGN","Stemonitis virginiensis rubiginosa","synonym without a current name, in no current source as a current name","taxonomy build (automatic, synonym without a current name)","2026-10-07"
"P_STMNT_WBBR","Stemonitis webberi","synonym without a current name, in no current source as a current name","taxonomy build (automatic, synonym without a current name)","2026-10-07"
"P_STNHS_BRCH","Steinhausia brachynema","synonym without a current name, in no current source as a current name","taxonomy build (automatic, synonym without a current name)","2026-10-07"
"P_STNHS_MYTL","Steinhausia mytilovum","synonym without a current name, in no current source as a current name","taxonomy build (automatic, synonym without a current name)","2026-10-07"
"P_STNHS_OVCL","Steinhausia ovicola","synonym without a current name, in no current source as a current name","taxonomy build (automatic, synonym without a current name)","2026-10-07"
"P_STPSS_AEQL_ALTA","Stemonitopsis aequalis alta","synonym without a current name, in no current source as a current name","taxonomy build (automatic, synonym without a current name)","2026-10-07"
"P_STPSS_AFFN","Stemonitopsis affinis","synonym without a current name, in no current source as a current name","taxonomy build (automatic, synonym without a current name)","2026-10-07"
"P_STPSS_ATRA","Stemonitopsis atra","synonym without a current name, in no current source as a current name","taxonomy build (automatic, synonym without a current name)","2026-10-07"
"P_STPSS_CRLY","Stemonitopsis carlylei","synonym without a current name, in no current source as a current name","taxonomy build (automatic, synonym without a current name)","2026-10-07"
"P_STPSS_DCTY","Stemonitopsis dictyospora","synonym without a current name, in no current source as a current name","taxonomy build (automatic, synonym without a current name)","2026-10-07"
"P_STPSS_HYPR_LNDW","Stemonitopsis hyperopta landewaldii","synonym without a current name, in no current source as a current name","taxonomy build (automatic, synonym without a current name)","2026-10-07"
"P_STPSS_HYPR_MCRS","Stemonitopsis hyperopta microspora","synonym without a current name, in no current source as a current name","taxonomy build (automatic, synonym without a current name)","2026-10-07"
"P_STPSS_LCPD","Stemonitopsis leucopoda","synonym without a current name, in no current source as a current name","taxonomy build (automatic, synonym without a current name)","2026-10-07"
"P_STPSS_LYCP","Stemonitopsis lycopoda","synonym without a current name, in no current source as a current name","taxonomy build (automatic, synonym without a current name)","2026-10-07"
"P_STPSS_MCRS","Stemonitopsis microsperma","synonym without a current name, in no current source as a current name","taxonomy build (automatic, synonym without a current name)","2026-10-07"
"P_STPSS_NIGR_AEQL","Stemonitopsis nigra aequalis","synonym without a current name, in no current source as a current name","taxonomy build (automatic, synonym without a current name)","2026-10-07"
"P_STPSS_NIGR_SBCS","Stemonitopsis nigra subcaespitosa","synonym without a current name, in no current source as a current name","taxonomy build (automatic, synonym without a current name)","2026-10-07"
"P_STPSS_PHDS","Stemonitopsis typhoides","synonym without a current name, in no current source as a current name","taxonomy build (automatic, synonym without a current name)","2026-10-07"
"P_STPSS_PHDS_GENN","Stemonitopsis typhoides genuina","synonym without a current name, in no current source as a current name","taxonomy build (automatic, synonym without a current name)","2026-10-07"
"P_STPSS_PHDS_HTRS","Stemonitopsis typhoides heterospora","synonym without a current name, in no current source as a current name","taxonomy build (automatic, synonym without a current name)","2026-10-07"
"P_STPSS_PHDS_LNGP","Stemonitopsis typhoides longipes","synonym without a current name, in no current source as a current name","taxonomy build (automatic, synonym without a current name)","2026-10-07"
"P_STPSS_PHDS_MCRS","Stemonitopsis typhoides microspora","synonym without a current name, in no current source as a current name","taxonomy build (automatic, synonym without a current name)","2026-10-07"
"P_STPSS_PHDS_SMLS","Stemonitopsis typhoides similis","synonym without a current name, in no current source as a current name","taxonomy build (automatic, synonym without a current name)","2026-10-07"
"P_STPSS_PLCH_GRCL","Stemonitopsis pulchella gracilis","synonym without a current name, in no current source as a current name","taxonomy build (automatic, synonym without a current name)","2026-10-07"
"P_STPSS_PLTN","Stemonitopsis platensis","synonym without a current name, in no current source as a current name","taxonomy build (automatic, synonym without a current name)","2026-10-07"
"P_STPSS_PRSN_SBCS","Stemonitopsis persoonii subcaespitosa","synonym without a current name, in no current source as a current name","taxonomy build (automatic, synonym without a current name)","2026-10-07"
"P_STPSS_RTCL_MCRS","Stemonitopsis reticulata macrospora","synonym without a current name, in no current source as a current name","taxonomy build (automatic, synonym without a current name)","2026-10-07"
"P_STPSS_STMN","Stemonitopsis stemonitis","synonym without a current name, in no current source as a current name","taxonomy build (automatic, synonym without a current name)","2026-10-07"
"P_STPSS_TYPH_HTRS","Stemonitopsis typhina heterospora","synonym without a current name, in no current source as a current name","taxonomy build (automatic, synonym without a current name)","2026-10-07"
"P_STPSS_TYPH_MCRS","Stemonitopsis typhina microspora","synonym without a current name, in no current source as a current name","taxonomy build (automatic, synonym without a current name)","2026-10-07"
"P_STPSS_TYPH_PUML","Stemonitopsis typhina pumila","synonym without a current name, in no current source as a current name","taxonomy build (automatic, synonym without a current name)","2026-10-07"
"P_STRMB_ACMN_TRNG","Strombomonas acuminata triangulata","synonym without a current name, in no current source as a current name","taxonomy build (automatic, synonym without a current name)","2026-10-07"
"P_STRMB_HSPD_VRRC","Strombomonas hispida verrucosa","synonym without a current name, in no current source as a current name","taxonomy build (automatic, synonym without a current name)","2026-10-07"
"P_STRMB_NDTA","Strombomonas rotundata","synonym without a current name, in no current source as a current name","taxonomy build (automatic, synonym without a current name)","2026-10-07"
"P_STRMB_SCHN_ASTR","Strombomonas schauinslandii australica","synonym without a current name, in no current source as a current name","taxonomy build (automatic, synonym without a current name)","2026-10-07"
"P_STRMB_SNNS","Strombomonas sinensis","synonym without a current name, in no current source as a current name","taxonomy build (automatic, synonym without a current name)","2026-10-07"
"P_STRMB_URCL_ZLSK","Strombomonas urceolata zaleskii","synonym without a current name, in no current source as a current name","taxonomy build (automatic, synonym without a current name)","2026-10-07"
"P_STRMB_ZMWK","Strombomonas zmiewika","synonym without a current name, in no current source as a current name","taxonomy build (automatic, synonym without a current name)","2026-10-07"
"P_SYMPH_ALPN","Symphytocarpus alpina","synonym without a current name, in no current source as a current name","taxonomy build (automatic, synonym without a current name)","2026-10-07"
"P_SYMPH_CNFL_LBRS","Symphytocarpus confluens sporangiisliberis","synonym without a current name, in no current source as a current name","taxonomy build (automatic, synonym without a current name)","2026-10-07"
"P_SYMPH_CNFL_SPRN","Symphytocarpus confluens sporangiis","synonym without a current name, in no current source as a current name","taxonomy build (automatic, synonym without a current name)","2026-10-07"
"P_SYMPH_CNFL_SYNC","Symphytocarpus confluens syncarpa","synonym without a current name, in no current source as a current name","taxonomy build (automatic, synonym without a current name)","2026-10-07"
"P_SYMPH_FLCC","Symphytocarpus flaccida","synonym without a current name, in no current source as a current name","taxonomy build (automatic, synonym without a current name)","2026-10-07"
"P_SYMPH_FRRG","Symphytocarpus ferruginea","synonym without a current name, in no current source as a current name","taxonomy build (automatic, synonym without a current name)","2026-10-07"
"P_SYMPH_FUSC_CNFL","Symphytocarpus fusca confluens","synonym without a current name, in no current source as a current name","taxonomy build (automatic, synonym without a current name)","2026-10-07"
"P_SYMPH_FUSC_FLCC","Symphytocarpus fusca flaccida","synonym without a current name, in no current source as a current name","taxonomy build (automatic, synonym without a current name)","2026-10-07"
"P_SYMPH_FUSC_SPRA","Symphytocarpus fusca trechyspora","synonym without a current name, in no current source as a current name","taxonomy build (automatic, synonym without a current name)","2026-10-07"
"P_SYMPH_FUSC_TRCC","Symphytocarpus fusca trechispora-confluens","synonym without a current name, in no current source as a current name","taxonomy build (automatic, synonym without a current name)","2026-10-07"
"P_SYMPH_FUSC_TRCH","Symphytocarpus fusca trechispora","synonym without a current name, in no current source as a current name","taxonomy build (automatic, synonym without a current name)","2026-10-07"
"P_SYMPH_HRBT_CNFL","Symphytocarpus herbatica confluens","synonym without a current name, in no current source as a current name","taxonomy build (automatic, synonym without a current name)","2026-10-07"
"P_SYMPH_SKSD_AGGR","Symphytocarpus suksdorfii aggregata","synonym without a current name, in no current source as a current name","taxonomy build (automatic, synonym without a current name)","2026-10-07"
"P_SYMPH_SPLN_CNFL","Symphytocarpus splendens confluens","synonym without a current name, in no current source as a current name","taxonomy build (automatic, synonym without a current name)","2026-10-07"
"P_SYMPH_SPLN_FLCC","Symphytocarpus splendens flaccida","synonym without a current name, in no current source as a current name","taxonomy build (automatic, synonym without a current name)","2026-10-07"
"P_SYMPH_SYNC","Symphytocarpus syncarpa","synonym without a current name, in no current source as a current name","taxonomy build (automatic, synonym without a current name)","2026-10-07"
"P_SYMPH_TRCH","Symphytocarpus trechispora","synonym without a current name, in no current source as a current name","taxonomy build (automatic, synonym without a current name)","2026-10-07"
"P_SYMPH_TRCH_TRCH","Symphytocarpus trechispora trechespora","synonym without a current name, in no current source as a current name","taxonomy build (automatic, synonym without a current name)","2026-10-07"
"P_TANLL_GLTH","Taeniella galatheae","synonym without a current name, in no current source as a current name","taxonomy build (automatic, synonym without a current name)","2026-10-07"
"P_TANLL_GRND","Taeniella grandis","synonym without a current name, in no current source as a current name","taxonomy build (automatic, synonym without a current name)","2026-10-07"
"P_TANLL_LONG","Taeniella longa","synonym without a current name, in no current source as a current name","taxonomy build (automatic, synonym without a current name)","2026-10-07"
"P_TGHMS_LCTM_PPLL","Tieghemostelium lacteum papilloideum","synonym without a current name, in no current source as a current name","taxonomy build (automatic, synonym without a current name)","2026-10-07"
"P_THLHN_MINT","Thelohania minuta","synonym without a current name, in no current source as a current name","taxonomy build (automatic, synonym without a current name)","2026-10-07"
"P_THLLA_PNTD","Trichella pentodona","synonym without a current name, in no current source as a current name","taxonomy build (automatic, synonym without a current name)","2026-10-07"
"P_TLMNS_ALLR_MLST","Trachelomonas allorgei molesta","synonym without a current name, in no current source as a current name","taxonomy build (automatic, synonym without a current name)","2026-10-07"
"P_TLMNS_ARMT_GLBR","Trachelomonas armata glabra","synonym without a current name, in no current source as a current name","taxonomy build (automatic, synonym without a current name)","2026-10-07"
"P_TLMNS_BRNR","Trachelomonas bernardiensis","synonym without a current name, in no current source as a current name","taxonomy build (automatic, synonym without a current name)","2026-10-07"
"P_TLMNS_CRNL","Trachelomonas crenulatocollis","synonym without a current name, in no current source as a current name","taxonomy build (automatic, synonym without a current name)","2026-10-07"
"P_TLMNS_DESS_GRCL","Trachelomonas deses gracilis","synonym without a current name, in no current source as a current name","taxonomy build (automatic, synonym without a current name)","2026-10-07"
"P_TLMNS_DPRS","Trachelomonas depressa","synonym without a current name, in no current source as a current name","taxonomy build (automatic, synonym without a current name)","2026-10-07"
"P_TLMNS_DPRS_PNCT","Trachelomonas depressa punctata","synonym without a current name, in no current source as a current name","taxonomy build (automatic, synonym without a current name)","2026-10-07"
"P_TLMNS_DRCA_GRDV","Trachelomonas cylindrica gordeievi","synonym without a current name, in no current source as a current name","taxonomy build (automatic, synonym without a current name)","2026-10-07"
"P_TLMNS_DRCA_HSPD","Trachelomonas cylindrica hispidula","synonym without a current name, in no current source as a current name","taxonomy build (automatic, synonym without a current name)","2026-10-07"
"P_TLMNS_ECHL_CYLN","Trachelomonas euchlora cylindrica","synonym without a current name, in no current source as a current name","taxonomy build (automatic, synonym without a current name)","2026-10-07"
"P_TLMNS_ECHL_MINR","Trachelomonas euchlora minor","synonym without a current name, in no current source as a current name","taxonomy build (automatic, synonym without a current name)","2026-10-07"
"P_TLMNS_FSFR","Trachelomonas fusiformis","synonym without a current name, in no current source as a current name","taxonomy build (automatic, synonym without a current name)","2026-10-07"
"P_TLMNS_HRMS","Trachelomonas amphoriphormis","synonym without a current name, in no current source as a current name","taxonomy build (automatic, synonym without a current name)","2026-10-07"
"P_TLMNS_HRMS_AMPH","Trachelomonas amphoriphormis amphoriphormis","synonym without a current name, in no current source as a current name","taxonomy build (automatic, synonym without a current name)","2026-10-07"
"P_TLMNS_HSPD_CYLN","Trachelomonas hispida cylindrica","synonym without a current name, in no current source as a current name","taxonomy build (automatic, synonym without a current name)","2026-10-07"
"P_TLMNS_HSPD_GLBL","Trachelomonas hispida globularis","synonym without a current name, in no current source as a current name","taxonomy build (automatic, synonym without a current name)","2026-10-07"
"P_TLMNS_LABT","Trachelomonas labiata","synonym without a current name, in no current source as a current name","taxonomy build (automatic, synonym without a current name)","2026-10-07"
"P_TLMNS_LAVS","Trachelomonas laevis","synonym without a current name, in no current source as a current name","taxonomy build (automatic, synonym without a current name)","2026-10-07"
"P_TLMNS_LNGS","Trachelomonas longissima","synonym without a current name, in no current source as a current name","taxonomy build (automatic, synonym without a current name)","2026-10-07"
"P_TLMNS_MLST","Trachelomonas molesta","synonym without a current name, in no current source as a current name","taxonomy build (automatic, synonym without a current name)","2026-10-07"
"P_TLMNS_MNMA","Trachelomonas bacilliferaminima","synonym without a current name, in no current source as a current name","taxonomy build (automatic, synonym without a current name)","2026-10-07"
"P_TLMNS_NNSS","Trachelomonas bernardinensis","synonym without a current name, in no current source as a current name","taxonomy build (automatic, synonym without a current name)","2026-10-07"
"P_TLMNS_PRXM","Trachelomonas proxima","synonym without a current name, in no current source as a current name","taxonomy build (automatic, synonym without a current name)","2026-10-07"
"P_TLMNS_PSDC","Trachelomonas pseudocaudata","synonym without a current name, in no current source as a current name","taxonomy build (automatic, synonym without a current name)","2026-10-07"
"P_TLMNS_PYRM","Trachelomonas pyramidata","synonym without a current name, in no current source as a current name","taxonomy build (automatic, synonym without a current name)","2026-10-07"
"P_TLMNS_RMFA_CRNL","Trachelomonas intermefia crenulatocollis","synonym without a current name, in no current source as a current name","taxonomy build (automatic, synonym without a current name)","2026-10-07"
"P_TLMNS_RPHM_PLYM","Trachelomonas polymorphum polymorphum","synonym without a current name, in no current source as a current name","taxonomy build (automatic, synonym without a current name)","2026-10-07"
"P_TLMNS_RRMA_LATR","Trachelomonas pulcherrima latior","synonym without a current name, in no current source as a current name","taxonomy build (automatic, synonym without a current name)","2026-10-07"
"P_TLMNS_RRMA_OVLS","Trachelomonas pulcherrima ovalis","synonym without a current name, in no current source as a current name","taxonomy build (automatic, synonym without a current name)","2026-10-07"
"P_TLMNS_RRMA_PLCH","Trachelomonas pulcherrima pulcherrima","synonym without a current name, in no current source as a current name","taxonomy build (automatic, synonym without a current name)","2026-10-07"
"P_TLMNS_SCBR_CBRN","Trachelomonas scabra coberensis","synonym without a current name, in no current source as a current name","taxonomy build (automatic, synonym without a current name)","2026-10-07"
"P_TLMNS_SCBR_CLLS","Trachelomonas scabra longicollis","synonym without a current name, in no current source as a current name","taxonomy build (automatic, synonym without a current name)","2026-10-07"
"P_TLMNS_SCBR_CRDT","Trachelomonas scabra cordata","synonym without a current name, in no current source as a current name","taxonomy build (automatic, synonym without a current name)","2026-10-07"
"P_TLMNS_SCBR_CRNT","Trachelomonas scabra coronata","synonym without a current name, in no current source as a current name","taxonomy build (automatic, synonym without a current name)","2026-10-07"
"P_TLMNS_SCBR_ELLP","Trachelomonas scabra elliptica","synonym without a current name, in no current source as a current name","taxonomy build (automatic, synonym without a current name)","2026-10-07"
"P_TLMNS_SCBR_INTR","Trachelomonas scabra intermedia","synonym without a current name, in no current source as a current name","taxonomy build (automatic, synonym without a current name)","2026-10-07"
"P_TLMNS_SCBR_LNGC","Trachelomonas scabra longicolis","synonym without a current name, in no current source as a current name","taxonomy build (automatic, synonym without a current name)","2026-10-07"
"P_TLMNS_SCBR_OVAT","Trachelomonas scabra ovata","synonym without a current name, in no current source as a current name","taxonomy build (automatic, synonym without a current name)","2026-10-07"
"P_TLMNS_VOLZ_CYLN","Trachelomonas volzii cylindracea","synonym without a current name, in no current source as a current name","taxonomy build (automatic, synonym without a current name)","2026-10-07"
"P_TLMNS_VRNS_GLBS","Trachelomonas varians globosa","synonym without a current name, in no current source as a current name","taxonomy build (automatic, synonym without a current name)","2026-10-07"
"P_TLMNS_VRNS_MINR","Trachelomonas varians minor","synonym without a current name, in no current source as a current name","taxonomy build (automatic, synonym without a current name)","2026-10-07"
"P_TLMNS_VRRC_GRNL","Trachelomonas verrucosa granulosa","synonym without a current name, in no current source as a current name","taxonomy build (automatic, synonym without a current name)","2026-10-07"
"P_TMPHA","Trichonympha","synonym without a current name, in no current source as a current name","taxonomy build (automatic, synonym without a current name)","2026-10-07"
"P_TRBRK_APPL_MCRS","Trabrooksia applanata microspora","synonym without a current name, in no current source as a current name","taxonomy build (automatic, synonym without a current name)","2026-10-07"
"P_TRCHLG_BETA","Tracheleuglypha beta","synonym without a current name, in no current source as a current name","taxonomy build (automatic, synonym without a current name)","2026-10-07"
"P_TRICH_BCKN","Trichia bucknallii","synonym without a current name, in no current source as a current name","taxonomy build (automatic, synonym without a current name)","2026-10-07"
"P_TRICH_BCLR","Trichia bicolor","synonym without a current name, in no current source as a current name","taxonomy build (automatic, synonym without a current name)","2026-10-07"
"P_TRICH_BTRY_FLVC","Trichia botrystis flavicoma","synonym without a current name, in no current source as a current name","taxonomy build (automatic, synonym without a current name)","2026-10-07"
"P_TRICH_CNTR_ALPN","Trichia contorta alpina","synonym without a current name, in no current source as a current name","taxonomy build (automatic, synonym without a current name)","2026-10-07"
"P_TRICH_CNTR_DNSS","Trichia contorta engadinesis","synonym without a current name, in no current source as a current name","taxonomy build (automatic, synonym without a current name)","2026-10-07"
"P_TRICH_CNTR_ENGD","Trichia contorta engadinensis","synonym without a current name, in no current source as a current name","taxonomy build (automatic, synonym without a current name)","2026-10-07"
"P_TRICH_CNTR_NVCL","Trichia contorta nivicola","synonym without a current name, in no current source as a current name","taxonomy build (automatic, synonym without a current name)","2026-10-07"
"P_TRICH_CSCD","Trichia cascadensis","synonym without a current name, in no current source as a current name","taxonomy build (automatic, synonym without a current name)","2026-10-07"
"P_TRICH_MINM","Trichia minima","synonym without a current name, in no current source as a current name","taxonomy build (automatic, synonym without a current name)","2026-10-07"
"P_TRICH_MUND_FUSC","Trichia munda fusca","synonym without a current name, in no current source as a current name","taxonomy build (automatic, synonym without a current name)","2026-10-07"
"P_TRICH_NTNS","Trichia nitens","synonym without a current name, in no current source as a current name","taxonomy build (automatic, synonym without a current name)","2026-10-07"
"P_TRICH_RYTS_FLVC","Trichia botrytis flavicoma","synonym without a current name, in no current source as a current name","taxonomy build (automatic, synonym without a current name)","2026-10-07"
"P_TRICH_RYTS_MUND","Trichia botrytis munda","synonym without a current name, in no current source as a current name","taxonomy build (automatic, synonym without a current name)","2026-10-07"
"P_TRICH_RYTS_SBFS","Trichia botrytis subfusca","synonym without a current name, in no current source as a current name","taxonomy build (automatic, synonym without a current name)","2026-10-07"
"P_TRICH_SCBR_LUTE","Trichia scabra lutea","synonym without a current name, in no current source as a current name","taxonomy build (automatic, synonym without a current name)","2026-10-07"
"P_TRICH_SRDD_SRDD","Trichia sordida sordidoides","synonym without a current name, in no current source as a current name","taxonomy build (automatic, synonym without a current name)","2026-10-07"
"P_TRICH_VARI_FMCL","Trichia varia fimicola","synonym without a current name, in no current source as a current name","taxonomy build (automatic, synonym without a current name)","2026-10-07"
"P_TRNYM","Teranympha","synonym without a current name, in no current source as a current name","taxonomy build (automatic, synonym without a current name)","2026-10-07"
"P_TTRNV","Tetraniveum","synonym without a current name, in no current source as a current name","taxonomy build (automatic, synonym without a current name)","2026-10-07"
"P_TTRTR","Tetratrichomastix","synonym without a current name, in no current source as a current name","taxonomy build (automatic, synonym without a current name)","2026-10-07"
"P_TUBFR_CCCN","Tubifera coccinea","synonym without a current name, in no current source as a current name","taxonomy build (automatic, synonym without a current name)","2026-10-07"
"P_TUBFR_CLVT","Tubifera clavata","synonym without a current name, in no current source as a current name","taxonomy build (automatic, synonym without a current name)","2026-10-07"
"P_TUBFR_CNGL","Tubifera conglobata","synonym without a current name, in no current source as a current name","taxonomy build (automatic, synonym without a current name)","2026-10-07"
"P_TUBFR_CYLN","Tubifera cylindrica","synonym without a current name, in no current source as a current name","taxonomy build (automatic, synonym without a current name)","2026-10-07"
"P_TUBFR_CYLN_ACUT","Tubifera cylindrica acuta","synonym without a current name, in no current source as a current name","taxonomy build (automatic, synonym without a current name)","2026-10-07"
"P_TUBFR_DRCS","Tubifera cylindricus","synonym without a current name, in no current source as a current name","taxonomy build (automatic, synonym without a current name)","2026-10-07"
"P_TUBFR_EFFS","Tubifera effusa","synonym without a current name, in no current source as a current name","taxonomy build (automatic, synonym without a current name)","2026-10-07"
"P_TUBFR_FLLX","Tubifera fallax","synonym without a current name, in no current source as a current name","taxonomy build (automatic, synonym without a current name)","2026-10-07"
"P_TUBFR_FRGF","Tubifera fragifera","synonym without a current name, in no current source as a current name","taxonomy build (automatic, synonym without a current name)","2026-10-07"
"P_TUBFR_FRMS","Tubifera fragiformis","synonym without a current name, in no current source as a current name","taxonomy build (automatic, synonym without a current name)","2026-10-07"
"P_TUBFR_FRMS_CCCN","Tubifera fragiformis coccinea","synonym without a current name, in no current source as a current name","taxonomy build (automatic, synonym without a current name)","2026-10-07"
"P_TUBFR_FRMS_CLVT","Tubifera fragiformis clavata","synonym without a current name, in no current source as a current name","taxonomy build (automatic, synonym without a current name)","2026-10-07"
"P_TUBFR_FRMS_CONC","Tubifera fragiformis conica","synonym without a current name, in no current source as a current name","taxonomy build (automatic, synonym without a current name)","2026-10-07"
"P_TUBFR_FRMS_OPRC","Tubifera fragiformis operculata","synonym without a current name, in no current source as a current name","taxonomy build (automatic, synonym without a current name)","2026-10-07"
"P_TUBFR_FRMS_PPLL","Tubifera fragiformis papillata","synonym without a current name, in no current source as a current name","taxonomy build (automatic, synonym without a current name)","2026-10-07"
"P_TUBFR_FRRG_ACTS","Tubifera ferruginosa acutissima","synonym without a current name, in no current source as a current name","taxonomy build (automatic, synonym without a current name)","2026-10-07"
"P_TUBFR_FRRG_ALBS","Tubifera ferruginosa albostipitata","synonym without a current name, in no current source as a current name","taxonomy build (automatic, synonym without a current name)","2026-10-07"
"P_TUBFR_FRRG_CMPL","Tubifera ferruginosa complanata","synonym without a current name, in no current source as a current name","taxonomy build (automatic, synonym without a current name)","2026-10-07"
"P_TUBFR_FRRG_SBNG","Tubifera ferruginosa subungulata","synonym without a current name, in no current source as a current name","taxonomy build (automatic, synonym without a current name)","2026-10-07"
"P_TUBFR_FRRG_STPT","Tubifera ferruginosa stipitata","synonym without a current name, in no current source as a current name","taxonomy build (automatic, synonym without a current name)","2026-10-07"
"P_TUBFR_FVCM","Tubifera favaceum","synonym without a current name, in no current source as a current name","taxonomy build (automatic, synonym without a current name)","2026-10-07"
"P_TUBFR_GNSM","Tubifera ferruginosum","synonym without a current name, in no current source as a current name","taxonomy build (automatic, synonym without a current name)","2026-10-07"
"P_TUBFR_IRCL","Tubifera iricolor","synonym without a current name, in no current source as a current name","taxonomy build (automatic, synonym without a current name)","2026-10-07"
"P_TUBFR_NTDS","Tubifera nitidissima","synonym without a current name, in no current source as a current name","taxonomy build (automatic, synonym without a current name)","2026-10-07"
"P_TUBFR_RBFR","Tubifera rubiformis","synonym without a current name, in no current source as a current name","taxonomy build (automatic, synonym without a current name)","2026-10-07"
"P_TUBFR_SPCS","Tubifera speciosa","synonym without a current name, in no current source as a current name","taxonomy build (automatic, synonym without a current name)","2026-10-07"
"P_TUBFR_STPT","Tubifera stipitata","synonym without a current name, in no current source as a current name","taxonomy build (automatic, synonym without a current name)","2026-10-07"
"P_TUBFR_TBLN","Tubifera tubulina","synonym without a current name, in no current source as a current name","taxonomy build (automatic, synonym without a current name)","2026-10-07"
"P_TUBFR_UMBR","Tubifera umbrina","synonym without a current name, in no current source as a current name","taxonomy build (automatic, synonym without a current name)","2026-10-07"
"P_TUZET_INFR","Tuzetia infirmum","synonym without a current name, in no current source as a current name","taxonomy build (automatic, synonym without a current name)","2026-10-07"
"P_TXGLG_BCLLF","Toxoglugea bacilliforme","synonym without a current name, in no current source as a current name","taxonomy build (automatic, synonym without a current name)","2026-10-07"
"P_TXRMN","Teixeiramonas","synonym without a current name, in no current source as a current name","taxonomy build (automatic, synonym without a current name)","2026-10-07"
"P_UNKRY_EXIG","Unikaryon exigua","synonym without a current name, in no current source as a current name","taxonomy build (automatic, synonym without a current name)","2026-10-07"
"P_URCLS_CYCL","Urceolus cyclostomum","synonym without a current name, in no current source as a current name","taxonomy build (automatic, synonym without a current name)","2026-10-07"
"P_VRMRP_HYPH","Vairimorpha hyphantriae","synonym without a current name, in no current source as a current name","taxonomy build (automatic, synonym without a current name)","2026-10-07"
"P_VRMRP_MESN","Vairimorpha mesnii","synonym without a current name, in no current source as a current name","taxonomy build (automatic, synonym without a current name)","2026-10-07"
"P_VTTFR_CRNM","Vittaforma corneum","synonym without a current name, in no current source as a current name","taxonomy build (automatic, synonym without a current name)","2026-10-07"
"P_WLLCN","Wallaceina","synonym without a current name, in no current source as a current name","taxonomy build (automatic, synonym without a current name)","2026-10-07"
