"mo","fullname","status","domain","kingdom","phylum","class","order","family","genus","species","subspecies","rank","ref","oxygen_tolerance","source","lpsn","lpsn_parent","lpsn_renamed_to","mycobank","mycobank_parent","mycobank_renamed_to","gbif","gbif_parent","gbif_renamed_to","prevalence","snomed"
"B_ACNTB_BMNN-C","Acinetobacter baumannii complex","accepted","Bacteria","Bacteria","Pseudomonadota","Gammaproteobacteria","Pseudomonadales","Moraxellaceae","Acinetobacter","baumannii complex","","species group",,"aerobe","manually added",,"902",,,,,,"9537",,1,""
"B_BCTRD_FRGL-C","Bacteroides fragilis complex","accepted","Bacteria","Bacteria","Bacteroidota","Bacteroidia","Bacteroidales","Bacteroidaceae","Bacteroides","fragilis complex","","species group",,"anaerobe/microaerophile","manually added",,"195",,,,,,,,2,""
"B_STRPT_HAEM","Beta-haemolytic Streptococcus","accepted","Bacteria","Bacteria","Bacillota","Bacilli","Lactobacillales","Streptococcaceae","Streptococcus","beta-haemolytic","","species group",,"facultative anaerobe","manually added",,"1344",,,,,,"7798",,1,""
"B_BRKHL_CEPC-C","Burkholderia cepacia complex","accepted","Bacteria","Bacteria","Pseudomonadota","Betaproteobacteria","Burkholderiales","Burkholderiaceae","Burkholderia","cepacia complex","","species group",,"aerobe","manually added",,"251",,,,,,"11179493",,2,""
"F_CMPNLS_DNTC","Campanulospora denticulata","accepted","Fungi","Fungi","Basidiomycota","Pucciniomycetes","Pucciniales","Phragmidiaceae","Campanulospora","denticulata","","species","Issi et al., 1983",,"GBIF",,,,,,,"8418316","3269045",,2,""
"F_CANDD_ALBC-C","Candida albicans complex","accepted","Fungi","Fungi","Ascomycota","Pichiomycetes","Serinales","Debaryomycetaceae","Candida","albicans complex","","species group",,,"manually added",,,,,,,,"5893341",,1,""
"F_CANDD_GLBR-C","Candida glabrata complex","accepted","Fungi","Fungi","Ascomycota","Pichiomycetes","Serinales","Debaryomycetaceae","Candida","glabrata complex","","species group",,,"manually added",,,,,,,,"5893341",,1,""
"F_CANDD_HMLN-C","Candida haemulonii complex","accepted","Fungi","Fungi","Ascomycota","Pichiomycetes","Serinales","Debaryomycetaceae","Candida","haemulonii complex","","species group",,,"manually added",,,,,,,,"5893341",,1,""
"F_CANDD_PRPS-C","Candida parapsilosis complex","accepted","Fungi","Fungi","Ascomycota","Pichiomycetes","Serinales","Debaryomycetaceae","Candida","parapsilosis complex","","species group",,,"manually added",,,,,,,,"5893341",,1,""
"F_CPLLR_NLTS","Capillaria annulatus","synonym","Fungi","Fungi","Basidiomycota","Agaricomycetes","Agaricales","Lycoperdaceae","Capillaria","annulatus","","species","Molin, 1858",,"GBIF",,,,,,,"4554177","2542457","5798259",1.25,""
"F_CPLLR_ARND","Capillaria arundinis","accepted","Fungi","Fungi","Basidiomycota","Agaricomycetes","Agaricales","Lycoperdaceae","Capillaria","arundinis","","species","Pers",,"GBIF",,,,,,,"6329108","2542457",,1.25,""
"F_CPLLR_BRST","Capillaria bursata","accepted","Fungi","Fungi","Basidiomycota","Agaricomycetes","Agaricales","Lycoperdaceae","Capillaria","bursata","","species","Freitas et al., 1934",,"GBIF",,,,,,,"7019787","2542457",,1.25,""
"F_CPLLR_CPLL","Capillaria capillaris","synonym","Fungi","Fungi","Basidiomycota","Agaricomycetes","Agaricales","Lycoperdaceae","Capillaria","capillaris","","species","Rudolphi, 1809",,"GBIF",,,,,,,"9164983","2542457","4346527",1.25,""
"F_CPLLR_TRTS","Capillaria contortus","synonym","Fungi","Fungi","Basidiomycota","Agaricomycetes","Agaricales","Lycoperdaceae","Capillaria","contortus","","species","Creplin, 1839",,"GBIF",,,,,,,"4554159","2542457","5798260",1.25,""
"F_CPLLR_FDNG","Capillaria fudingensis","accepted","Fungi","Fungi","Basidiomycota","Agaricomycetes","Agaricales","Lycoperdaceae","Capillaria","fudingensis","","species","Wang, 1982",,"GBIF",,,,,,,"7020183","2542457",,1.25,""
"F_CPLLR_LEGR","Capillaria legerae","accepted","Fungi","Fungi","Basidiomycota","Agaricomycetes","Agaricales","Lycoperdaceae","Capillaria","legerae","","species","Justine et al., 1987",,"GBIF",,,,,,,"7019846","2542457",,1.25,""
"F_CPLLR_LPDP","Capillaria lepidopodis","accepted","Fungi","Fungi","Basidiomycota","Agaricomycetes","Agaricales","Lycoperdaceae","Capillaria","lepidopodis","","species","Johnston et al., 1944",,"GBIF",,,,,,,"7020275","2542457",,1.25,""
"F_CPLLR_PETT","Capillaria petiti","accepted","Fungi","Fungi","Basidiomycota","Agaricomycetes","Agaricales","Lycoperdaceae","Capillaria","petiti","","species","Justine et al., 1987",,"GBIF",,,,,,,"7020080","2542457",,1.25,""
"F_CPLLR_SPEC","Capillaria spec","accepted","Fungi","Fungi","Basidiomycota","Agaricomycetes","Agaricales","Lycoperdaceae","Capillaria","spec","","species","Van Cleave et al., 1932",,"GBIF",,,,,,,"12005386","2542457",,1.25,""
"F_CPLLR_WRWC","Capillaria warwickensis","synonym","Fungi","Fungi","Basidiomycota","Agaricomycetes","Agaricales","Lycoperdaceae","Capillaria","warwickensis","","species","Maxwell, 1954",,"GBIF",,,,,,,"9241445","2542457","9618010",1.25,""
"F_CDSPR_ALSK","Caudospora alaskensis","accepted","Fungi","Fungi","Ascomycota","Sordariomycetes","Diaporthales","Sydowiellaceae","Caudospora","alaskensis","","species","Jamnback, 1970",,"GBIF",,,,,,,"7908225","2567460",,2,""
"F_CDSPR_BRVD","Caudospora brevidauda","accepted","Fungi","Fungi","Ascomycota","Sordariomycetes","Diaporthales","Sydowiellaceae","Caudospora","brevidauda","","species","Jamnback, 1970",,"GBIF",,,,,,,"7983290","2567460",,2,""
"F_CDSPR_NASI","Caudospora nasiae","accepted","Fungi","Fungi","Ascomycota","Sordariomycetes","Diaporthales","Sydowiellaceae","Caudospora","nasiae","","species","Jamnback, 1970",,"GBIF",,,,,,,"7479458","2567460",,2,""
"F_CDSPR_PLST","Caudospora palustris","accepted","Fungi","Fungi","Ascomycota","Sordariomycetes","Diaporthales","Sydowiellaceae","Caudospora","palustris","","species","Adler et al., 2000",,"GBIF",,,,,,,"8306177","2567460",,2,""
"F_CDSPR_PNNS","Caudospora pennsylvanica","accepted","Fungi","Fungi","Ascomycota","Sordariomycetes","Diaporthales","Sydowiellaceae","Caudospora","pennsylvanica","","species","Beaudoin et al., 1965",,"GBIF",,,,,,,"8025985","2567460",,2,""
"F_CDSPR_PLYM","Caudospora polymorpha","accepted","Fungi","Fungi","Ascomycota","Sordariomycetes","Diaporthales","Sydowiellaceae","Caudospora","polymorpha","","species","Maurand, 1975",,"GBIF",,,,,,,"8101655","2567460",,2,""
"F_CDSPR_SIML","Caudospora simulii","accepted","Fungi","Fungi","Ascomycota","Sordariomycetes","Diaporthales","Sydowiellaceae","Caudospora","simulii","","species","Weiser, 1946",,"GBIF",,,,,,,"7592481","2567460",,2,""
"B_CTRBC_AMLN-C","Citrobacter amalonaticus complex","accepted","Bacteria","Bacteria","Pseudomonadota","Gammaproteobacteria","Enterobacterales","Enterobacteriaceae","Citrobacter","amalonaticus complex","","species group",,"facultative anaerobe","manually added",,"482",,,,,,"11158430",,1,""
"B_CTRBC_FRND-C","Citrobacter freundii complex","accepted","Bacteria","Bacteria","Pseudomonadota","Gammaproteobacteria","Enterobacterales","Enterobacteriaceae","Citrobacter","freundii complex","","species group",,"facultative anaerobe","manually added",,"482",,,,,,"11158430",,1,""
"B_STPHY_CONS","Coagulase-negative Staphylococcus (CoNS)","accepted","Bacteria","Bacteria","Bacillota","Bacilli","Caryophanales","Staphylococcaceae","Staphylococcus","coagulase-negative","","species group",,"facultative anaerobe","manually added",,"1330",,,,,,"4708",,1,""
"B_STPHY_COPS","Coagulase-positive Staphylococcus (CoPS)","accepted","Bacteria","Bacteria","Bacillota","Bacilli","Caryophanales","Staphylococcaceae","Staphylococcus","coagulase-positive","","species group",,"facultative anaerobe","manually added",,"1330",,,,,,"4708",,1,""
"B_COENN_DNTC","Coenonia denticulata","accepted","Bacteria","Bacteria","Bacteroidota","Flavobacteriia","Flavobacteriales","Flavobacteriaceae","Coenonia","denticulata","","species","Tiegh, 1884","anaerobe/microaerophile","GBIF",,"517205",,,,,"5425565",,,2,""
"B_CORYNF","Coryneform bacterium","accepted","Bacteria","Bacteria","(unknown phylum)","(unknown class)","(unknown order)","(unknown family)","(unknown genus)","(unknown species)","","species group",,,"manually added",,,,,,,,,,2,""
"F_CRYPT_ACRS","Cryptococcus aceris","accepted","Fungi","Fungi","Basidiomycota","Tremellomycetes","Tremellales","Cryptococcaceae","Cryptococcus","aceris","","species","Borchsenius, 1937",,"GBIF",,,,,"7825",,"5160457","2518146",,1,""
"F_CRYPT_FGSG","Cryptococcus fagisuga","accepted","Fungi","Fungi","Basidiomycota","Tremellomycetes","Tremellales","Cryptococcaceae","Cryptococcus","fagisuga","","species","Lindinger, 1936",,"GBIF",,,,,"7825",,"5160450","2518146",,1,""
"F_CRYPT_INTG","Cryptococcus integricornis","accepted","Fungi","Fungi","Basidiomycota","Tremellomycetes","Tremellales","Cryptococcaceae","Cryptococcus","integricornis","","species","Danzig, 1971",,"GBIF",,,,,"7825",,"5160456","2518146",,1,""
"F_CRYPT_NDTS","Cryptococcus nudatus","accepted","Fungi","Fungi","Basidiomycota","Tremellomycetes","Tremellales","Cryptococcaceae","Cryptococcus","nudatus","","species","Brittin, 1915",,"GBIF",,,,,"7825",,"5160453","2518146",,1,""
"F_CRYPT_ULMI","Cryptococcus ulmi","accepted","Fungi","Fungi","Basidiomycota","Tremellomycetes","Tremellales","Cryptococcaceae","Cryptococcus","ulmi","","species","Tang et al., 1995",,"GBIF",,,,,"7825",,"5160455","2518146",,1,""
"F_CRYPT_WLLM","Cryptococcus williamsi","accepted","Fungi","Fungi","Basidiomycota","Tremellomycetes","Tremellales","Cryptococcaceae","Cryptococcus","williamsi","","species","Kosztarab et al., 1968",,"GBIF",,,,,"7825",,"5160449","2518146",,1,""
"B_ENTRBC_CLOC-C","Enterobacter cloacae complex","accepted","Bacteria","Bacteria","Pseudomonadota","Gammaproteobacteria","Enterobacterales","Enterobacteriaceae","Enterobacter","cloacae complex","","species group",,"facultative anaerobe","manually added",,"482",,,,,,"11158430",,1,""
"F_GRPHM_ABRI","Graphium abri","accepted","Fungi","Fungi","Ascomycota","Sordariomycetes","Microascales","Graphiaceae","Graphium","abri","","species","Smith et al., 2001",,"GBIF",,,,,"8398",,"5141156","2517948",,1.25,""
"F_GRPHM_ACHR","Graphium acheron","synonym","Fungi","Fungi","Ascomycota","Sordariomycetes","Microascales","Graphiaceae","Graphium","acheron","","species","Moore, 1885",,"GBIF",,,,,"8398",,"7209055","2517948","5141226",1.25,""
"F_GRPHM_ADMS","Graphium adamastor","accepted","Fungi","Fungi","Ascomycota","Sordariomycetes","Microascales","Graphiaceae","Graphium","adamastor","","species","Boisduval, 1836",,"GBIF",,,,,"8398",,"5141243","2517948",,1.25,""
"F_GRPHM_AEGS","Graphium aegisthus","synonym","Fungi","Fungi","Ascomycota","Sordariomycetes","Microascales","Graphiaceae","Graphium","aegisthus","","species","Linnaeus, 1763",,"GBIF",,,,,"8398",,"1937289","2517948","5141187",1.25,""
"F_GRPHM_GSTS","Graphium aegistus","unknown","Fungi","Fungi","Ascomycota","Sordariomycetes","Microascales","Graphiaceae","Graphium","aegistus","","species",,,"manually added",,,,,"8398",,,"2517948",,1.25,""
"F_GRPHM_GSTS_AEGS","Graphium aegistus aegistiades","synonym","Fungi","Fungi","Ascomycota","Sordariomycetes","Microascales","Graphiaceae","Graphium","aegistus","aegistiades","subspecies","Honrath, 1888",,"GBIF",,,,,,,"7758591",,"5141182",1.25,""
"F_GRPHM_AGMD","Graphium agamedes","accepted","Fungi","Fungi","Ascomycota","Sordariomycetes","Microascales","Graphiaceae","Graphium","agamedes","","species","Westwood, 1842",,"GBIF",,,,,"8398",,"5141220","2517948",,1.25,""
"F_GRPHM_AGMD_MDSG","Graphium agamedes medesaga","synonym","Fungi","Fungi","Ascomycota","Sordariomycetes","Microascales","Graphiaceae","Graphium","agamedes","medesaga","subspecies","Suffert, 1904",,"GBIF",,,,,,,"6236054","5141220","5141220",1.25,""
"F_GRPHM_AGMM","Graphium agamemnon","accepted","Fungi","Fungi","Ascomycota","Sordariomycetes","Microascales","Graphiaceae","Graphium","agamemnon","","species","Linnaeus, 1758",,"GBIF",,,,,"8398",,"5141187","2517948",,1.25,""
"F_GRPHM_AGMM_ANDM","Graphium agamemnon andamana","synonym","Fungi","Fungi","Ascomycota","Sordariomycetes","Microascales","Graphiaceae","Graphium","agamemnon","andamana","subspecies","Lathy, 1907",,"GBIF",,,,,,,"7209065","5141187","5141187",1.25,""
"F_GRPHM_AGMM_ANOR","Graphium agamemnon anoura","synonym","Fungi","Fungi","Ascomycota","Sordariomycetes","Microascales","Graphiaceae","Graphium","agamemnon","anoura","subspecies",,,"GBIF",,,,,,,"11998099","5141187","5141187",1.25,""
"F_GRPHM_AGMM_APPS","Graphium agamemnon appius","synonym","Fungi","Fungi","Ascomycota","Sordariomycetes","Microascales","Graphiaceae","Graphium","agamemnon","appius","subspecies","Fruhstorfer, 1904",,"GBIF",,,,,,,"7209063","5141187","5141187",1.25,""
"F_GRPHM_AGMM_DCRT","Graphium agamemnon decoratus","synonym","Fungi","Fungi","Ascomycota","Sordariomycetes","Microascales","Graphiaceae","Graphium","agamemnon","decoratus","subspecies","Rothschild, 1895",,"GBIF",,,,,,,"7209066","5141187","5141187",1.25,""
"F_GRPHM_AGMM_EXLS","Graphium agamemnon exilis","synonym","Fungi","Fungi","Ascomycota","Sordariomycetes","Microascales","Graphiaceae","Graphium","agamemnon","exilis","subspecies","Rothschild, 1895",,"GBIF",,,,,,,"7209068","5141187","5141187",1.25,""
"F_GRPHM_AGMM_GTTT","Graphium agamemnon guttatus","synonym","Fungi","Fungi","Ascomycota","Sordariomycetes","Microascales","Graphiaceae","Graphium","agamemnon","guttatus","subspecies","Rothschild, 1895",,"GBIF",,,,,,,"7209067","5141187","5141187",1.25,""
"F_GRPHM_AGMM_KINS","Graphium agamemnon kineas","synonym","Fungi","Fungi","Ascomycota","Sordariomycetes","Microascales","Graphiaceae","Graphium","agamemnon","kineas","subspecies","Fruhstorfer, 1904",,"GBIF",,,,,,,"7209061","5141187","5141187",1.25,""
"F_GRPHM_AGMM_LGTS","Graphium agamemnon ligatus","synonym","Fungi","Fungi","Ascomycota","Sordariomycetes","Microascales","Graphiaceae","Graphium","agamemnon","ligatus","subspecies","Rothschild, 1895",,"GBIF",,,,,,,"7209064","5141187","5141187",1.25,""
"F_GRPHM_AGMM_METN","Graphium agamemnon meton","synonym","Fungi","Fungi","Ascomycota","Sordariomycetes","Microascales","Graphiaceae","Graphium","agamemnon","meton","subspecies","Fruhstorfer, 1904",,"GBIF",,,,,,,"6236052","5141187","5141187",1.25,""
"F_GRPHM_AGMM_NPMM","Graphium agamemnon neopommerania","synonym","Fungi","Fungi","Ascomycota","Sordariomycetes","Microascales","Graphiaceae","Graphium","agamemnon","neopommerania","subspecies","Honrath, 1888",,"GBIF",,,,,,,"7997379","5141187","5141187",1.25,""
"F_GRPHM_AGMM_PEDS","Graphium agamemnon pedius","synonym","Fungi","Fungi","Ascomycota","Sordariomycetes","Microascales","Graphiaceae","Graphium","agamemnon","pedius","subspecies","Fruhstorfer, 1904",,"GBIF",,,,,,,"6236053","5141187","5141187",1.25,""
"F_GRPHM_AGMM_PRCP","Graphium agamemnon perecopus","synonym","Fungi","Fungi","Ascomycota","Sordariomycetes","Microascales","Graphiaceae","Graphium","agamemnon","perecopus","subspecies","Fruhstorfer, 1904",,"GBIF",,,,,,,"6236051","5141187","5141187",1.25,""
"F_GRPHM_AGMM_RFSC","Graphium agamemnon rufescens","synonym","Fungi","Fungi","Ascomycota","Sordariomycetes","Microascales","Graphiaceae","Graphium","agamemnon","rufescens","subspecies",,,"GBIF",,,,,,,"12066963","5141187","5141187",1.25,""
"F_GRPHM_AGMM_SLMN","Graphium agamemnon salomonis","synonym","Fungi","Fungi","Ascomycota","Sordariomycetes","Microascales","Graphiaceae","Graphium","agamemnon","salomonis","subspecies","Rothschild, 1895",,"GBIF",,,,,,,"7209062","5141187","5141187",1.25,""
"F_GRPHM_AGTS","Graphium agetes","accepted","Fungi","Fungi","Ascomycota","Sordariomycetes","Microascales","Graphiaceae","Graphium","agetes","","species","Westwood, 1841",,"GBIF",,,,,"8398",,"5141215","2517948",,1.25,""
"F_GRPHM_AGTS_AGTS","Graphium agetes agetes","accepted","Fungi","Fungi","Ascomycota","Sordariomycetes","Microascales","Graphiaceae","Graphium","agetes","agetes","subspecies",,,"GBIF",,,,,,,"8761160","5141215",,1.25,""
"F_GRPHM_AGTS_CHNN","Graphium agetes chinensis","synonym","Fungi","Fungi","Ascomycota","Sordariomycetes","Microascales","Graphiaceae","Graphium","agetes","chinensis","subspecies","Chou et al., 1994",,"GBIF",,,,,,,"6235945","5141215","5141215",1.25,""
"F_GRPHM_AGTS_INSL","Graphium agetes insularis","synonym","Fungi","Fungi","Ascomycota","Sordariomycetes","Microascales","Graphiaceae","Graphium","agetes","insularis","subspecies","Staudinger, 1895",,"GBIF",,,,,,,"8229030","5141215","5141215",1.25,""
"F_GRPHM_AGTS_IPNS","Graphium agetes iponus","accepted","Fungi","Fungi","Ascomycota","Sordariomycetes","Microascales","Graphiaceae","Graphium","agetes","iponus","subspecies",,,"GBIF",,,,,,,"8755593","5141215",,1.25,""
"F_GRPHM_AGTS_KNBL","Graphium agetes kinabalensis","synonym","Fungi","Fungi","Ascomycota","Sordariomycetes","Microascales","Graphiaceae","Graphium","agetes","kinabalensis","subspecies","Tetens et al., 1902",,"GBIF",,,,,,,"6235949","5141215","5141215",1.25,""
"F_GRPHM_AGTS_TNLN","Graphium agetes tenuilineatus","synonym","Fungi","Fungi","Ascomycota","Sordariomycetes","Microascales","Graphiaceae","Graphium","agetes","tenuilineatus","subspecies","Fruhstorfer, 1901",,"GBIF",,,,,,,"6235946","5141215","5141215",1.25,""
"F_GRPHM_ALBS","Graphium albescens","synonym","Fungi","Fungi","Ascomycota","Sordariomycetes","Microascales","Graphiaceae","Graphium","albescens","","species","Chou et al., 2000",,"GBIF",,,,,"8398",,"1937267","2517948","5141179",1.25,""
"F_GRPHM_LBON","Graphium alebion","accepted","Fungi","Fungi","Ascomycota","Sordariomycetes","Microascales","Graphiaceae","Graphium","alebion","","species","Gray, 1853",,"GBIF",,,,,"8398",,"5141193","2517948",,1.25,""
"F_GRPHM_LBON_CHNG","Graphium alebion chungiyanus","synonym","Fungi","Fungi","Ascomycota","Sordariomycetes","Microascales","Graphiaceae","Graphium","alebion","chungiyanus","subspecies",,,"GBIF",,,,,,,"11316898","5141193","10729867",1.25,""
"F_GRPHM_LBON_TAYL","Graphium alebion tayal","synonym","Fungi","Fungi","Ascomycota","Sordariomycetes","Microascales","Graphiaceae","Graphium","alebion","tayal","subspecies",,,"GBIF",,,,,,,"11304592","5141193","10729867",1.25,""
"F_GRPHM_ALMN","Graphium almansor","accepted","Fungi","Fungi","Ascomycota","Sordariomycetes","Microascales","Graphiaceae","Graphium","almansor","","species","Honrath, 1884",,"GBIF",,,,,"8398",,"5141181","2517948",,1.25,""
"F_GRPHM_ALMN_SNOW","Graphium almansor snowi","synonym","Fungi","Fungi","Ascomycota","Sordariomycetes","Microascales","Graphiaceae","Graphium","almansor","snowi","subspecies","Gabriel, 1945",,"GBIF",,,,,,,"6236056","5141181","5141181",1.25,""
"F_GRPHM_ANDR","Graphium androcles","accepted","Fungi","Fungi","Ascomycota","Sordariomycetes","Microascales","Graphiaceae","Graphium","androcles","","species","Boisduval, 1836",,"GBIF",,,,,"8398",,"5141198","2517948",,1.25,""
"F_GRPHM_ANDR_CLMN","Graphium androcles cleomenes","synonym","Fungi","Fungi","Ascomycota","Sordariomycetes","Microascales","Graphiaceae","Graphium","androcles","cleomenes","subspecies","Fruhstorfer, 1911",,"GBIF",,,,,,,"6236058","5141198","5141198",1.25,""
"F_GRPHM_ANGL","Graphium angolanus","accepted","Fungi","Fungi","Ascomycota","Sordariomycetes","Microascales","Graphiaceae","Graphium","angolanus","","species","Goeze, 1779",,"GBIF",,,,,"8398",,"5141250","2517948",,1.25,""
"F_GRPHM_ANGL_ANGL","Graphium angolanus angolanus","accepted","Fungi","Fungi","Ascomycota","Sordariomycetes","Microascales","Graphiaceae","Graphium","angolanus","angolanus","subspecies",,,"GBIF",,,,,,,"8731373","5141250",,1.25,""
"F_GRPHM_ANGL_BRNS","Graphium angolanus baronis","accepted","Fungi","Fungi","Ascomycota","Sordariomycetes","Microascales","Graphiaceae","Graphium","angolanus","baronis","subspecies","Ungemach, 1932",,"GBIF",,,,,,,"9163676","5141250",,1.25,""
"F_GRPHM_ANTH","Graphium anthedon","synonym","Fungi","Fungi","Ascomycota","Sordariomycetes","Microascales","Graphiaceae","Graphium","anthedon","","species","Felder et al., 1864",,"GBIF",,,,,"8398",,"1937292","2517948","5141188",1.25,""
"F_GRPHM_ANTHS","Graphium antheus","accepted","Fungi","Fungi","Ascomycota","Sordariomycetes","Microascales","Graphiaceae","Graphium","antheus","","species","Cramer, 1779",,"GBIF",,,,,"8398",,"5141195","2517948",,1.25,""
"F_GRPHM_ANTHS_EVMB","Graphium antheus evombaroides","synonym","Fungi","Fungi","Ascomycota","Sordariomycetes","Microascales","Graphiaceae","Graphium","antheus","evombaroides","subspecies","Eimer, 1889",,"GBIF",,,,,,,"6236055","5141195","5141195",1.25,""
"F_GRPHM_ANTHS_LTPC","Graphium antheus latepictulus","synonym","Fungi","Fungi","Ascomycota","Sordariomycetes","Microascales","Graphiaceae","Graphium","antheus","latepictulus","subspecies","Strand, 1914",,"GBIF",,,,,,,"7209029","5141195","5141195",1.25,""
"F_GRPHM_ANTHS_MCRV","Graphium antheus microevombaroides","synonym","Fungi","Fungi","Ascomycota","Sordariomycetes","Microascales","Graphiaceae","Graphium","antheus","microevombaroides","subspecies","Strand, 1914",,"GBIF",,,,,,,"8075574","5141195","5141195",1.25,""
"F_GRPHM_ANTC","Graphium anticrates","synonym","Fungi","Fungi","Ascomycota","Sordariomycetes","Microascales","Graphiaceae","Graphium","anticrates","","species","Doubleday, 1846",,"GBIF",,,,,"8398",,"1937435","2517948","5141254",1.25,""
"F_GRPHM_ANTC_NGRC","Graphium anticrates nigricans","synonym","Fungi","Fungi","Ascomycota","Sordariomycetes","Microascales","Graphiaceae","Graphium","anticrates","nigricans","subspecies","Eimer, 1889",,"GBIF",,,,,,,"7896216","1937435","5141254",1.25,""
"F_GRPHM_ANTP","Graphium antiphates","accepted","Fungi","Fungi","Ascomycota","Sordariomycetes","Microascales","Graphiaceae","Graphium","antiphates","","species","Cramer, 1775",,"GBIF",,,,,"8398",,"5141179","2517948",,1.25,""
"F_GRPHM_ANTP_ANTP","Graphium antiphates antiphates","accepted","Fungi","Fungi","Ascomycota","Sordariomycetes","Microascales","Graphiaceae","Graphium","antiphates","antiphates","subspecies",,,"GBIF",,,,,,,"8797817","5141179",,1.25,""
"F_GRPHM_ANTP_PHNS","Graphium antiphates antiphonus","synonym","Fungi","Fungi","Ascomycota","Sordariomycetes","Microascales","Graphiaceae","Graphium","antiphates","antiphonus","subspecies","Fruhstorfer, 1902",,"GBIF",,,,,,,"6236046","5141179","5141179",1.25,""
"F_GRPHM_ANTP_CYLN","Graphium antiphates ceylonicus","synonym","Fungi","Fungi","Ascomycota","Sordariomycetes","Microascales","Graphiaceae","Graphium","antiphates","ceylonicus","subspecies","Eimer, 1889",,"GBIF",,,,,,,"6236045","5141179","5141179",1.25,""
"F_GRPHM_ANTP_CNTN","Graphium antiphates continentalis","synonym","Fungi","Fungi","Ascomycota","Sordariomycetes","Microascales","Graphiaceae","Graphium","antiphates","continentalis","subspecies","Eimer, 1889",,"GBIF",,,,,,,"6236044","5141179","5141179",1.25,""
"F_GRPHM_ANTP_INSL","Graphium antiphates insularis","synonym","Fungi","Fungi","Ascomycota","Sordariomycetes","Microascales","Graphiaceae","Graphium","antiphates","insularis","subspecies","Eliot, 1978",,"GBIF",,,,,,,"6236040","5141179","5141179",1.25,""
"F_GRPHM_ANTP_ITMP","Graphium antiphates itamputi","accepted","Fungi","Fungi","Ascomycota","Sordariomycetes","Microascales","Graphiaceae","Graphium","antiphates","itamputi","subspecies",,,"GBIF",,,,,,,"9125313","5141179",,1.25,""
"F_GRPHM_ANTP_JVNC","Graphium antiphates javanicus","synonym","Fungi","Fungi","Ascomycota","Sordariomycetes","Microascales","Graphiaceae","Graphium","antiphates","javanicus","subspecies","Eimer, 1889",,"GBIF",,,,,,,"6236041","5141179","5141179",1.25,""
"F_GRPHM_ANTP_KLNS","Graphium antiphates kalaoensis","synonym","Fungi","Fungi","Ascomycota","Sordariomycetes","Microascales","Graphiaceae","Graphium","antiphates","kalaoensis","subspecies","Rothschild, 1896",,"GBIF",,,,,,,"7209037","5141179","5141179",1.25,""
"F_GRPHM_ANTP_LING","Graphium antiphates linga","synonym","Fungi","Fungi","Ascomycota","Sordariomycetes","Microascales","Graphiaceae","Graphium","antiphates","linga","subspecies","Fruhstorfer, 1907",,"GBIF",,,,,,,"6236043","5141179","5141179",1.25,""
"F_GRPHM_ANTP_MATS","Graphium antiphates matsui","accepted","Fungi","Fungi","Ascomycota","Sordariomycetes","Microascales","Graphiaceae","Graphium","antiphates","matsui","subspecies","Saito et al., 2023",,"GBIF",,,,,,,"12238833","5141179",,1.25,""
"F_GRPHM_ANTP_PATS","Graphium antiphates paetus","synonym","Fungi","Fungi","Ascomycota","Sordariomycetes","Microascales","Graphiaceae","Graphium","antiphates","paetus","subspecies","Fruhstorfer, 1907",,"GBIF",,,,,,,"6236042","5141179","5141179",1.25,""
"F_GRPHM_ANTP_PLWN","Graphium antiphates palawanicus","synonym","Fungi","Fungi","Ascomycota","Sordariomycetes","Microascales","Graphiaceae","Graphium","antiphates","palawanicus","subspecies","Eimer, 1889",,"GBIF",,,,,,,"6236047","5141179","5141179",1.25,""
"F_GRPHM_ANTP_TMNS","Graphium antiphates tiomanus","synonym","Fungi","Fungi","Ascomycota","Sordariomycetes","Microascales","Graphiaceae","Graphium","antiphates","tiomanus","subspecies","Moonen, 1984",,"GBIF",,,,,,,"5141180","5141179","5141179",1.25,""
"F_GRPHM_ARCT","Graphium arctofasciatus","synonym","Fungi","Fungi","Ascomycota","Sordariomycetes","Microascales","Graphiaceae","Graphium","arctofasciatus","","species","Lathy, 1899",,"GBIF",,,,,"8398",,"7209043","2517948","5141177",1.25,""
"F_GRPHM_ARST","Graphium aristea","unknown","Fungi","Fungi","Ascomycota","Sordariomycetes","Microascales","Graphiaceae","Graphium","aristea","","species",,,"manually added",,,,,"8398",,,"2517948",,1.25,""
"F_GRPHM_ARST_HNNN","Graphium aristea hainanensis","synonym","Fungi","Fungi","Ascomycota","Sordariomycetes","Microascales","Graphiaceae","Graphium","aristea","hainanensis","subspecies","Chou et al., 1994",,"GBIF",,,,,,,"6235986",,"5141254",1.25,""
"F_GRPHM_STDS","Graphium aristeoides","synonym","Fungi","Fungi","Ascomycota","Sordariomycetes","Microascales","Graphiaceae","Graphium","aristeoides","","species","Eimer, 1889",,"GBIF",,,,,"8398",,"1937433","2517948","5141254",1.25,""
"F_GRPHM_ARSTS","Graphium aristeus","accepted","Fungi","Fungi","Ascomycota","Sordariomycetes","Microascales","Graphiaceae","Graphium","aristeus","","species","Stoll, 1780",,"GBIF",,,,,"8398",,"5141254","2517948",,1.25,""
"F_GRPHM_ARSTS_ARST","Graphium aristeus aristeus","accepted","Fungi","Fungi","Ascomycota","Sordariomycetes","Microascales","Graphiaceae","Graphium","aristeus","aristeus","subspecies",,,"GBIF",,,,,,,"10811258","5141254",,1.25,""
"F_GRPHM_ARSTS_STNS","Graphium aristeus aristinus","synonym","Fungi","Fungi","Ascomycota","Sordariomycetes","Microascales","Graphiaceae","Graphium","aristeus","aristinus","subspecies","Fruhstorfer, 1902",,"GBIF",,,,,,,"6235983","5141254","5141254",1.25,""
"F_GRPHM_ARSTS_HRMC","Graphium aristeus hermocrates","accepted","Fungi","Fungi","Ascomycota","Sordariomycetes","Microascales","Graphiaceae","Graphium","aristeus","hermocrates","subspecies",,,"GBIF",,,,,,,"11567330","5141254",,1.25,""
"F_GRPHM_ARSTS_NGRC","Graphium aristeus nigricans","synonym","Fungi","Fungi","Ascomycota","Sordariomycetes","Microascales","Graphiaceae","Graphium","aristeus","nigricans","subspecies","Eimer, 1889",,"GBIF",,,,,,,"8190160","5141254","5141254",1.25,""
"F_GRPHM_ARSTS_PRMT","Graphium aristeus parmatinus","synonym","Fungi","Fungi","Ascomycota","Sordariomycetes","Microascales","Graphiaceae","Graphium","aristeus","parmatinus","subspecies","Fruhstorfer, 1907",,"GBIF",,,,,,,"6235982","5141254","5141254",1.25,""
"F_GRPHM_ARSTS_PEDO","Graphium aristeus pedo","synonym","Fungi","Fungi","Ascomycota","Sordariomycetes","Microascales","Graphiaceae","Graphium","aristeus","pedo","subspecies","Fruhstorfer, 1907",,"GBIF",,,,,,,"6235984","5141254","5141254",1.25,""
"F_GRPHM_ARYC","Graphium arycles","accepted","Fungi","Fungi","Ascomycota","Sordariomycetes","Microascales","Graphiaceae","Graphium","arycles","","species","Boisduval, 1836",,"GBIF",,,,,"8398",,"5141202","2517948",,1.25,""
"F_GRPHM_ARYC_ARYC","Graphium arycles arycleoides","synonym","Fungi","Fungi","Ascomycota","Sordariomycetes","Microascales","Graphiaceae","Graphium","arycles","arycleoides","subspecies","Fruhstorfer, 1901",,"GBIF",,,,,,,"7209054","5141202","5141202",1.25,""
"F_GRPHM_ARYC_SPHN","Graphium arycles sphinx","synonym","Fungi","Fungi","Ascomycota","Sordariomycetes","Microascales","Graphiaceae","Graphium","arycles","sphinx","subspecies","Fruhstorfer, 1899",,"GBIF",,,,,,,"6235944","5141202","5141202",1.25,""
"F_GRPHM_ASKR","Graphium asakurae","synonym","Fungi","Fungi","Ascomycota","Sordariomycetes","Microascales","Graphiaceae","Graphium","asakurae","","species","Matsumura, 1908",,"GBIF",,,,,"8398",,"4693090","2517948","10785548",1.25,""
"F_GRPHM_ARGR","Graphium auriger","accepted","Fungi","Fungi","Ascomycota","Sordariomycetes","Microascales","Graphiaceae","Graphium","auriger","","species","Butler, 1876",,"GBIF",,,,,"8398",,"5141214","2517948",,1.25,""
"F_GRPHM_ARVL","Graphium aurivilliusi","accepted","Fungi","Fungi","Ascomycota","Sordariomycetes","Microascales","Graphiaceae","Graphium","aurivilliusi","","species","Seeldrayers, 1896",,"GBIF",,,,,"8398",,"5141146","2517948",,1.25,""
"F_GRPHM_AXIN","Graphium axion","synonym","Fungi","Fungi","Ascomycota","Sordariomycetes","Microascales","Graphiaceae","Graphium","axion","","species","Felder et al., 1864",,"GBIF",,,,,"8398",,"1937377","2517948","5141226",1.25,""
"F_GRPHM_BTHY","Graphium bathycles","accepted","Fungi","Fungi","Ascomycota","Sordariomycetes","Microascales","Graphiaceae","Graphium","bathycles","","species","Zincken, 1831",,"GBIF",,,,,"8398",,"5141197","2517948",,1.25,""
"F_GRPHM_BTHY_BTHY","Graphium bathycles bathycles","accepted","Fungi","Fungi","Ascomycota","Sordariomycetes","Microascales","Graphiaceae","Graphium","bathycles","bathycles","subspecies",,,"GBIF",,,,,,,"9207908","5141197",,1.25,""
"F_GRPHM_BTHY_CLDS","Graphium bathycles bathycloides","accepted","Fungi","Fungi","Ascomycota","Sordariomycetes","Microascales","Graphiaceae","Graphium","bathycles","bathycloides","subspecies",,,"GBIF",,,,,,,"11805843","5141197",,1.25,""
"F_GRPHM_BTHY_MNLS","Graphium bathycles manlius","synonym","Fungi","Fungi","Ascomycota","Sordariomycetes","Microascales","Graphiaceae","Graphium","bathycles","manlius","subspecies","Fruhstorfer, 1908",,"GBIF",,,,,,,"6235962","5141197","5141197",1.25,""
"F_GRPHM_BTHY_TERS","Graphium bathycles tereus","synonym","Fungi","Fungi","Ascomycota","Sordariomycetes","Microascales","Graphiaceae","Graphium","bathycles","tereus","subspecies","Fruhstorfer, 1908",,"GBIF",,,,,,,"6235960","5141197","5141197",1.25,""
"F_GRPHM_BKNS","Graphium biokoensis","accepted","Fungi","Fungi","Ascomycota","Sordariomycetes","Microascales","Graphiaceae","Graphium","biokoensis","","species","Gauthier, 1984",,"GBIF",,,,,"8398",,"5141143","2517948",,1.25,""
"F_GRPHM_BOOL","Graphium boolae","synonym","Fungi","Fungi","Ascomycota","Sordariomycetes","Microascales","Graphiaceae","Graphium","boolae","","species","Strand, 1909",,"GBIF",,,,,"8398",,"1937295","2517948","5141189",1.25,""
"F_GRPHM_BOYR","Graphium bouyeri","accepted","Fungi","Fungi","Ascomycota","Sordariomycetes","Microascales","Graphiaceae","Graphium","bouyeri","","species","Cipolla, 2021",,"GBIF",,,,,"8398",,"11171014","2517948",,1.25,""
"F_GRPHM_BRSD","Graphium brasidas","synonym","Fungi","Fungi","Ascomycota","Sordariomycetes","Microascales","Graphiaceae","Graphium","brasidas","","species","Felder et al., 1864",,"GBIF",,,,,"8398",,"1937423","2517948","5141248",1.25,""
"F_GRPHM_BRWN","Graphium browni","accepted","Fungi","Fungi","Ascomycota","Sordariomycetes","Microascales","Graphiaceae","Graphium","browni","","species","Godman et al., 1879",,"GBIF",,,,,"8398",,"5141173","2517948",,1.25,""
"F_GRPHM_CRCH","Graphium carchedonius","synonym","Fungi","Fungi","Ascomycota","Sordariomycetes","Microascales","Graphiaceae","Graphium","carchedonius","","species","Karsch, 1895",,"GBIF",,,,,"8398",,"7209046","2517948","5141181",1.25,""
"F_GRPHM_CHRN","Graphium chiron","synonym","Fungi","Fungi","Ascomycota","Sordariomycetes","Microascales","Graphiaceae","Graphium","chiron","","species","Wallace, 1865",,"GBIF",,,,,"8398",,"7534097","2517948","5141185",1.25,""
"F_GRPHM_RNDS","Graphium chironides","accepted","Fungi","Fungi","Ascomycota","Sordariomycetes","Microascales","Graphiaceae","Graphium","chironides","","species","Honrath, 1884",,"GBIF",,,,,"8398",,"5141185","2517948",,1.25,""
"F_GRPHM_CHRD","Graphium choredon","synonym","Fungi","Fungi","Ascomycota","Sordariomycetes","Microascales","Graphiaceae","Graphium","choredon","","species","Felder et al., 1864",,"GBIF",,,,,"8398",,"1937350","2517948","5141212",1.25,""
"F_GRPHM_CHNG","Graphium chungianus","synonym","Fungi","Fungi","Ascomycota","Sordariomycetes","Microascales","Graphiaceae","Graphium","chungianus","","species","Murayama, 1961",,"GBIF",,,,,"8398",,"4690103","2517948","10729867",1.25,""
"F_GRPHM_CLNT","Graphium cloanthus","accepted","Fungi","Fungi","Ascomycota","Sordariomycetes","Microascales","Graphiaceae","Graphium","cloanthus","","species","Westwood, 1841",,"GBIF",,,,,"8398",,"5141199","2517948",,1.25,""
"F_GRPHM_CLNT_CLNT","Graphium cloanthus cloanthulus","synonym","Fungi","Fungi","Ascomycota","Sordariomycetes","Microascales","Graphiaceae","Graphium","cloanthus","cloanthulus","subspecies","Fruhstorfer, 1902",,"GBIF",,,,,,,"7593455","5141199","5141199",1.25,""
"F_GRPHM_CLNT_NTHS","Graphium cloanthus cloanthus","accepted","Fungi","Fungi","Ascomycota","Sordariomycetes","Microascales","Graphiaceae","Graphium","cloanthus","cloanthus","subspecies",,,"GBIF",,,,,,,"7346372","5141199",,1.25,""
"F_GRPHM_CLNT_CLYM","Graphium cloanthus clymenoides","synonym","Fungi","Fungi","Ascomycota","Sordariomycetes","Microascales","Graphiaceae","Graphium","cloanthus","clymenoides","subspecies","Bang-Haas, 1934",,"GBIF",,,,,,,"6236061","5141199","5141199",1.25,""
"F_GRPHM_CLNT_KUGE","Graphium cloanthus kuge","accepted","Fungi","Fungi","Ascomycota","Sordariomycetes","Microascales","Graphiaceae","Graphium","cloanthus","kuge","subspecies","Fruhstorfer, 1908",,"GBIF",,,,,,,"5880965","5141199",,1.25,""
"F_GRPHM_CLNT_SMZM","Graphium cloanthus sumizome","synonym","Fungi","Fungi","Ascomycota","Sordariomycetes","Microascales","Graphiaceae","Graphium","cloanthus","sumizome","subspecies","Sugitani, 1932",,"GBIF",,,,,,,"11344373","5141199","5880965",1.25,""
"F_GRPHM_CLNT_TOSW","Graphium cloanthus tosawai","synonym","Fungi","Fungi","Ascomycota","Sordariomycetes","Microascales","Graphiaceae","Graphium","cloanthus","tosawai","subspecies","Kobayashi, 1931",,"GBIF",,,,,,,"11232307","5141199","5880965",1.25,""
"F_GRPHM_CDRS","Graphium codrus","accepted","Fungi","Fungi","Ascomycota","Sordariomycetes","Microascales","Graphiaceae","Graphium","codrus","","species","Cramer, 1777",,"GBIF",,,,,"8398",,"5141209","2517948",,1.25,""
"F_GRPHM_CDRS_GBRL","Graphium codrus gabriellae","synonym","Fungi","Fungi","Ascomycota","Sordariomycetes","Microascales","Graphiaceae","Graphium","codrus","gabriellae","subspecies","Racheli, 1979",,"GBIF",,,,,,,"7209073","5141209","5141209",1.25,""
"F_GRPHM_CDRS_NOEL","Graphium codrus noeli","synonym","Fungi","Fungi","Ascomycota","Sordariomycetes","Microascales","Graphiaceae","Graphium","codrus","noeli","subspecies","Page et al., 2003",,"GBIF",,,,,,,"7209072","5141209","5141209",1.25,""
"F_GRPHM_CDRS_TLNS","Graphium codrus toealensis","synonym","Fungi","Fungi","Ascomycota","Sordariomycetes","Microascales","Graphiaceae","Graphium","codrus","toealensis","subspecies","Rothschild, 1896",,"GBIF",,,,,,,"6235967","5141209","5141209",1.25,""
"F_GRPHM_CLNN","Graphium colonna","accepted","Fungi","Fungi","Ascomycota","Sordariomycetes","Microascales","Graphiaceae","Graphium","colonna","","species","Ward, 1873",,"GBIF",,,,,"8398",,"5141170","2517948",,1.25,""
"F_GRPHM_CLNN_LNCN","Graphium colonna loncona","synonym","Fungi","Fungi","Ascomycota","Sordariomycetes","Microascales","Graphiaceae","Graphium","colonna","loncona","subspecies","Suffert, 1904",,"GBIF",,,,,,,"6236018","5141170","5141170",1.25,""
"F_GRPHM_CNFC","Graphium confucius","accepted","Fungi","Fungi","Ascomycota","Sordariomycetes","Microascales","Graphiaceae","Graphium","confucius","","species","Hu et al., 2018",,"GBIF",,,,,"8398",,"9840148","2517948",,1.25,""
"F_GRPHM_CYRN","Graphium cyrnus","accepted","Fungi","Fungi","Ascomycota","Sordariomycetes","Microascales","Graphiaceae","Graphium","cyrnus","","species","Boisduval, 1836",,"GBIF",,,,,"8398",,"5141246","2517948",,1.25,""
"F_GRPHM_CYRN_NSCY","Graphium cyrnus nuscyrus","synonym","Fungi","Fungi","Ascomycota","Sordariomycetes","Microascales","Graphiaceae","Graphium","cyrnus","nuscyrus","subspecies","Suffert, 1904",,"GBIF",,,,,,,"6235959","5141246","5141246",1.25,""
"F_GRPHM_DAYN","Graphium daiyuanae","accepted","Fungi","Fungi","Ascomycota","Sordariomycetes","Microascales","Graphiaceae","Graphium","daiyuanae","","species","Hu et al., 2018",,"GBIF",,,,,"8398",,"10506448","2517948",,1.25,""
"F_GRPHM_DCLR","Graphium decolor","accepted","Fungi","Fungi","Ascomycota","Sordariomycetes","Microascales","Graphiaceae","Graphium","decolor","","species","Staudinger, 1888",,"GBIF",,,,,"8398",,"5141221","2517948",,1.25,""
"F_GRPHM_DCLR_ATRT","Graphium decolor atratoides","synonym","Fungi","Fungi","Ascomycota","Sordariomycetes","Microascales","Graphiaceae","Graphium","decolor","atratoides","subspecies","Page, 1987",,"GBIF",,,,,,,"7954374","5141221","5141221",1.25,""
"F_GRPHM_DCLR_JAMS","Graphium decolor jamesi","synonym","Fungi","Fungi","Ascomycota","Sordariomycetes","Microascales","Graphiaceae","Graphium","decolor","jamesi","subspecies","Page et al., 2003",,"GBIF",,,,,,,"7209016","5141221","5141221",1.25,""
"F_GRPHM_DCLR_NZBR","Graphium decolor neozebraica","synonym","Fungi","Fungi","Ascomycota","Sordariomycetes","Microascales","Graphiaceae","Graphium","decolor","neozebraica","subspecies","Page, 1987",,"GBIF",,,,,,,"5141222","5141221","5141221",1.25,""
"F_GRPHM_DCLR_RBCC","Graphium decolor rebeccae","synonym","Fungi","Fungi","Ascomycota","Sordariomycetes","Microascales","Graphiaceae","Graphium","decolor","rebeccae","subspecies","Page et al., 2003",,"GBIF",,,,,,,"7209015","5141221","5141221",1.25,""
"F_GRPHM_DCLR_SBYN","Graphium decolor sibuyana","synonym","Fungi","Fungi","Ascomycota","Sordariomycetes","Microascales","Graphiaceae","Graphium","decolor","sibuyana","subspecies","Page, 1987",,"GBIF",,,,,,,"5141224","5141221","5141221",1.25,""
"F_GRPHM_DLSS","Graphium delesserti","accepted","Fungi","Fungi","Ascomycota","Sordariomycetes","Microascales","Graphiaceae","Graphium","delesserti","","species","Guerin-Meneville, 1839",,"GBIF",,,,,"8398",,"5141236","2517948",,1.25,""
"F_GRPHM_DLSS_HYLN","Graphium delesserti hyalinus","synonym","Fungi","Fungi","Ascomycota","Sordariomycetes","Microascales","Graphiaceae","Graphium","delesserti","hyalinus","subspecies","Fruhstorfer, 1901",,"GBIF",,,,,,,"6235956","5141236","5141236",1.25,""
"F_GRPHM_DLSS_LBNS","Graphium delesserti labienus","synonym","Fungi","Fungi","Ascomycota","Sordariomycetes","Microascales","Graphiaceae","Graphium","delesserti","labienus","subspecies","Fruhstorfer, 1907",,"GBIF",,,,,,,"6235957","5141236","5141236",1.25,""
"F_GRPHM_DLSS_SCRD","Graphium delesserti sacerdotalis","synonym","Fungi","Fungi","Ascomycota","Sordariomycetes","Microascales","Graphiaceae","Graphium","delesserti","sacerdotalis","subspecies","Fruhstorfer, 1907",,"GBIF",,,,,,,"6235954","5141236","5141236",1.25,""
"F_GRPHM_DLSS_VRBG","Graphium delesserti verbigenus","synonym","Fungi","Fungi","Ascomycota","Sordariomycetes","Microascales","Graphiaceae","Graphium","delesserti","verbigenus","subspecies","Fruhstorfer, 1911",,"GBIF",,,,,,,"6235958","5141236","5141236",1.25,""
"F_GRPHM_SRTI","Graphium delessertii","synonym","Fungi","Fungi","Ascomycota","Sordariomycetes","Microascales","Graphiaceae","Graphium","delessertii","","species","Guerin-Meneville, 1839",,"GBIF",,,,,"8398",,"11398251","2517948","5141236",1.25,""
"F_GRPHM_SRTI_FRVS","Graphium delessertii furvus","synonym","Fungi","Fungi","Ascomycota","Sordariomycetes","Microascales","Graphiaceae","Graphium","delessertii","furvus","subspecies","Page et al., 2011",,"GBIF",,,,,,,"7209048","11398251","5141236",1.25,""
"F_GRPHM_DELI","Graphium deliae","accepted","Fungi","Fungi","Ascomycota","Sordariomycetes","Microascales","Graphiaceae","Graphium","deliae","","species","Libert et al., 2007",,"GBIF",,,,,"8398",,"11135818","2517948",,1.25,""
"F_GRPHM_DSMZ","Graphium desmazieresii","accepted","Fungi","Fungi","Ascomycota","Sordariomycetes","Microascales","Graphiaceae","Graphium","desmazieresii","","species","Sacc",,"GBIF",,,,,"8398",,"10442754","2517948",,1.25,""
"F_GRPHM_DCLN","Graphium deucalion","accepted","Fungi","Fungi","Ascomycota","Sordariomycetes","Microascales","Graphiaceae","Graphium","deucalion","","species","Boisduval, 1836",,"GBIF",,,,,"8398",,"5141219","2517948",,1.25,""
"F_GRPHM_DRCS","Graphium dorcus","accepted","Fungi","Fungi","Ascomycota","Sordariomycetes","Microascales","Graphiaceae","Graphium","dorcus","","species","De Haan, 1840",,"GBIF",,,,,"8398",,"5141204","2517948",,1.25,""
"F_GRPHM_DOSN","Graphium doson","accepted","Fungi","Fungi","Ascomycota","Sordariomycetes","Microascales","Graphiaceae","Graphium","doson","","species","Felder et al., 1864",,"GBIF",,,,,"8398",,"5141226","2517948",,1.25,""
"F_GRPHM_DOSN_AKNS","Graphium doson akanashii","synonym","Fungi","Fungi","Ascomycota","Sordariomycetes","Microascales","Graphiaceae","Graphium","doson","akanashii","subspecies","Matsumura, 1929",,"GBIF",,,,,,,"11226833","5141226","5141226",1.25,""
"F_GRPHM_DOSN_ALBD","Graphium doson albidum","accepted","Fungi","Fungi","Ascomycota","Sordariomycetes","Microascales","Graphiaceae","Graphium","doson","albidum","subspecies",,,"GBIF",,,,,,,"11486477","5141226",,1.25,""
"F_GRPHM_DOSN_CNTM","Graphium doson contaminatus","synonym","Fungi","Fungi","Ascomycota","Sordariomycetes","Microascales","Graphiaceae","Graphium","doson","contaminatus","subspecies","Esaki et al., 1930",,"GBIF",,,,,,,"11283882","5141226","5141226",1.25,""
"F_GRPHM_DOSN_DOSN","Graphium doson doson","accepted","Fungi","Fungi","Ascomycota","Sordariomycetes","Microascales","Graphiaceae","Graphium","doson","doson","subspecies",,,"GBIF",,,,,,,"7346374","5141226",,1.25,""
"F_GRPHM_DOSN_EVMN","Graphium doson evemonides","accepted","Fungi","Fungi","Ascomycota","Sordariomycetes","Microascales","Graphiaceae","Graphium","doson","evemonides","subspecies",,,"GBIF",,,,,,,"11885988","5141226",,1.25,""
"F_GRPHM_DOSN_GELP","Graphium doson gelap","synonym","Fungi","Fungi","Ascomycota","Sordariomycetes","Microascales","Graphiaceae","Graphium","doson","gelap","subspecies","Page et al., 2011",,"GBIF",,,,,,,"7209057","5141226","5141226",1.25,""
"F_GRPHM_DOSN_HNKR","Graphium doson hankuronis","synonym","Fungi","Fungi","Ascomycota","Sordariomycetes","Microascales","Graphiaceae","Graphium","doson","hankuronis","subspecies","Matsumura, 1929",,"GBIF",,,,,,,"11327303","5141226","5141226",1.25,""
"F_GRPHM_DOSN_KRNS","Graphium doson kuronis","synonym","Fungi","Fungi","Ascomycota","Sordariomycetes","Microascales","Graphiaceae","Graphium","doson","kuronis","subspecies","Matsumura, 1929",,"GBIF",,,,,,,"11338449","5141226","5141226",1.25,""
"F_GRPHM_DOSN_PRLL","Graphium doson perillus","accepted","Fungi","Fungi","Ascomycota","Sordariomycetes","Microascales","Graphiaceae","Graphium","doson","perillus","subspecies",,,"GBIF",,,,,,,"11580802","5141226",,1.25,""
"F_GRPHM_DOSN_PSTN","Graphium doson postianus","synonym","Fungi","Fungi","Ascomycota","Sordariomycetes","Microascales","Graphiaceae","Graphium","doson","postianus","subspecies","Fruhstorfer, 1902",,"GBIF",,,,,,,"5880972","5141226","5141226",1.25,""
"F_GRPHM_EMPD","Graphium empedovana","accepted","Fungi","Fungi","Ascomycota","Sordariomycetes","Microascales","Graphiaceae","Graphium","empedovana","","species","Corbet, 1941",,"GBIF",,,,,"8398",,"5141211","2517948",,1.25,""
"F_GRPHM_ENCL","Graphium encelades","accepted","Fungi","Fungi","Ascomycota","Sordariomycetes","Microascales","Graphiaceae","Graphium","encelades","","species","Boisduval, 1836",,"GBIF",,,,,"8398",,"5141203","2517948",,1.25,""
"F_GRPHM_ENDC","Graphium endochus","accepted","Fungi","Fungi","Ascomycota","Sordariomycetes","Microascales","Graphiaceae","Graphium","endochus","","species","Boisduval, 1836",,"GBIF",,,,,"8398",,"5141142","2517948",,1.25,""
"F_GRPHM_EPMN","Graphium epaminondas","accepted","Fungi","Fungi","Ascomycota","Sordariomycetes","Microascales","Graphiaceae","Graphium","epaminondas","","species","Oberthur, 1879",,"GBIF",,,,,"8398",,"5141184","2517948",,1.25,""
"F_GRPHM_ESCH","Graphium escherichi","synonym","Fungi","Fungi","Ascomycota","Sordariomycetes","Microascales","Graphiaceae","Graphium","escherichi","","species","Gaede, 1915",,"GBIF",,,,,"8398",,"7209047","2517948","5141181",1.25,""
"F_GRPHM_EPHR","Graphium euphrates","accepted","Fungi","Fungi","Ascomycota","Sordariomycetes","Microascales","Graphiaceae","Graphium","euphrates","","species","Felder et al., 1862",,"GBIF",,,,,"8398",,"5141166","2517948",,1.25,""
"F_GRPHM_EPHR_BHLN","Graphium euphrates boholensis","synonym","Fungi","Fungi","Ascomycota","Sordariomycetes","Microascales","Graphiaceae","Graphium","euphrates","boholensis","subspecies","Page, 1987",,"GBIF",,,,,,,"5141167","5141166","5141166",1.25,""
"F_GRPHM_EPHR_BHSN","Graphium euphrates buhisanus","synonym","Fungi","Fungi","Ascomycota","Sordariomycetes","Microascales","Graphiaceae","Graphium","euphrates","buhisanus","subspecies","Page, 1987",,"GBIF",,,,,,,"5141168","5141166","5141166",1.25,""
"F_GRPHM_EPHR_ITIM","Graphium euphrates itim","synonym","Fungi","Fungi","Ascomycota","Sordariomycetes","Microascales","Graphiaceae","Graphium","euphrates","itim","subspecies","Page et al., 2011",,"GBIF",,,,,,,"7209050","5141166","5141166",1.25,""
"F_GRPHM_RTDS","Graphium euphratoides","accepted","Fungi","Fungi","Ascomycota","Sordariomycetes","Microascales","Graphiaceae","Graphium","euphratoides","","species","Eimer, 1889",,"GBIF",,,,,"8398",,"5141145","2517948",,1.25,""
"F_GRPHM_EURS","Graphium eurous","accepted","Fungi","Fungi","Ascomycota","Sordariomycetes","Microascales","Graphiaceae","Graphium","eurous","","species","Leech, 1893",,"GBIF",,,,,"8398",,"5141144","2517948",,1.25,""
"F_GRPHM_EURS_ASKR","Graphium eurous asakurae","accepted","Fungi","Fungi","Ascomycota","Sordariomycetes","Microascales","Graphiaceae","Graphium","eurous","asakurae","subspecies","Matsumura, 1908",,"GBIF",,,,,,,"10785548","5141144",,1.25,""
"F_GRPHM_EURS_EURS","Graphium eurous eurous","accepted","Fungi","Fungi","Ascomycota","Sordariomycetes","Microascales","Graphiaceae","Graphium","eurous","eurous","subspecies",,,"GBIF",,,,,,,"9148177","5141144",,1.25,""
"F_GRPHM_EURS_FRMS","Graphium eurous formosanus","synonym","Fungi","Fungi","Ascomycota","Sordariomycetes","Microascales","Graphiaceae","Graphium","eurous","formosanus","subspecies","Oberthur, 1908",,"GBIF",,,,,,,"11300116","5141144","10785548",1.25,""
"F_GRPHM_EURS_INTH","Graphium eurous inthanon","synonym","Fungi","Fungi","Ascomycota","Sordariomycetes","Microascales","Graphiaceae","Graphium","eurous","inthanon","subspecies","Katayama, 1986",,"GBIF",,,,,,,"7209052","5141144","5141144",1.25,""
"F_GRPHM_EURS_KXNG","Graphium eurous koxinga","synonym","Fungi","Fungi","Ascomycota","Sordariomycetes","Microascales","Graphiaceae","Graphium","eurous","koxinga","subspecies","Wileman, 1909",,"GBIF",,,,,,,"11257894","5141144","10785548",1.25,""
"F_GRPHM_EURS_MRDN","Graphium eurous meridionalis","synonym","Fungi","Fungi","Ascomycota","Sordariomycetes","Microascales","Graphiaceae","Graphium","eurous","meridionalis","subspecies","Mell, 1935",,"GBIF",,,,,,,"6235966","5141144","5141144",1.25,""
"F_GRPHM_ERYP","Graphium eurypilus","unknown","Fungi","Fungi","Ascomycota","Sordariomycetes","Microascales","Graphiaceae","Graphium","eurypilus","","species",,,"manually added",,,,,"8398",,,"2517948",,1.25,""
"F_GRPHM_ERYP_INSL","Graphium eurypilus insularis","synonym","Fungi","Fungi","Ascomycota","Sordariomycetes","Microascales","Graphiaceae","Graphium","eurypilus","insularis","subspecies","Rothschild, 1896",,"GBIF",,,,,,,"7209040",,"5141177",1.25,""
"F_GRPHM_ERYP_PRTR","Graphium eurypilus praetorianus","synonym","Fungi","Fungi","Ascomycota","Sordariomycetes","Microascales","Graphiaceae","Graphium","eurypilus","praetorianus","subspecies","Niepelt, 1921",,"GBIF",,,,,,,"7404977",,"5141177",1.25,""
"F_GRPHM_ERYP_SLNS","Graphium eurypilus sulanus","synonym","Fungi","Fungi","Ascomycota","Sordariomycetes","Microascales","Graphiaceae","Graphium","eurypilus","sulanus","subspecies","Fruhstorfer, 1901",,"GBIF",,,,,,,"7209042",,"5141177",1.25,""
"F_GRPHM_ERYP_TLBT","Graphium eurypilus talboti","synonym","Fungi","Fungi","Ascomycota","Sordariomycetes","Microascales","Graphiaceae","Graphium","eurypilus","talboti","subspecies","Niepelt, 1921",,"GBIF",,,,,,,"7595114",,"5141177",1.25,""
"F_GRPHM_PYLS","Graphium eurypylus","accepted","Fungi","Fungi","Ascomycota","Sordariomycetes","Microascales","Graphiaceae","Graphium","eurypylus","","species","Linnaeus, 1758",,"GBIF",,,,,"8398",,"5141177","2517948",,1.25,""
"F_GRPHM_PYLS_ACHR","Graphium eurypylus acheron","accepted","Fungi","Fungi","Ascomycota","Sordariomycetes","Microascales","Graphiaceae","Graphium","eurypylus","acheron","subspecies",,,"GBIF",,,,,,,"10868276","5141177",,1.25,""
"F_GRPHM_PYLS_ALRC","Graphium eurypylus aloricus","synonym","Fungi","Fungi","Ascomycota","Sordariomycetes","Microascales","Graphiaceae","Graphium","eurypylus","aloricus","subspecies","Fruhstorfer, 1909",,"GBIF",,,,,,,"6235968","5141177","5141177",1.25,""
"F_GRPHM_PYLS_DATN","Graphium eurypylus daton","synonym","Fungi","Fungi","Ascomycota","Sordariomycetes","Microascales","Graphiaceae","Graphium","eurypylus","daton","subspecies","Fruhstorfer, 1908",,"GBIF",,,,,,,"6235971","5141177","5141177",1.25,""
"F_GRPHM_PYLS_ERYP","Graphium eurypylus eurypylus","accepted","Fungi","Fungi","Ascomycota","Sordariomycetes","Microascales","Graphiaceae","Graphium","eurypylus","eurypylus","subspecies",,,"GBIF",,,,,,,"8886605","5141177",,1.25,""
"F_GRPHM_PYLS_EXTN","Graphium eurypylus extensus","synonym","Fungi","Fungi","Ascomycota","Sordariomycetes","Microascales","Graphiaceae","Graphium","eurypylus","extensus","subspecies","Rothschild, 1895",,"GBIF",,,,,,,"7209038","5141177","5141177",1.25,""
"F_GRPHM_PYLS_GBNS","Graphium eurypylus gabinus","synonym","Fungi","Fungi","Ascomycota","Sordariomycetes","Microascales","Graphiaceae","Graphium","eurypylus","gabinus","subspecies","Fruhstorfer, 1909",,"GBIF",,,,,,,"6235970","5141177","5141177",1.25,""
"F_GRPHM_PYLS_GRGS","Graphium eurypylus georgius","synonym","Fungi","Fungi","Ascomycota","Sordariomycetes","Microascales","Graphiaceae","Graphium","eurypylus","georgius","subspecies","Fruhstorfer, 1907",,"GBIF",,,,,,,"6235973","5141177","5141177",1.25,""
"F_GRPHM_PYLS_JUBA","Graphium eurypylus juba","synonym","Fungi","Fungi","Ascomycota","Sordariomycetes","Microascales","Graphiaceae","Graphium","eurypylus","juba","subspecies","Fruhstorfer, 1908",,"GBIF",,,,,,,"6235977","5141177","5141177",1.25,""
"F_GRPHM_PYLS_LTRS","Graphium eurypylus lutorius","synonym","Fungi","Fungi","Ascomycota","Sordariomycetes","Microascales","Graphiaceae","Graphium","eurypylus","lutorius","subspecies","Fruhstorfer, 1907",,"GBIF",,,,,,,"6235969","5141177","5141177",1.25,""
"F_GRPHM_PYLS_LYCN","Graphium eurypylus lycaonides","synonym","Fungi","Fungi","Ascomycota","Sordariomycetes","Microascales","Graphiaceae","Graphium","eurypylus","lycaonides","subspecies","Rothschild, 1895",,"GBIF",,,,,,,"7209039","5141177","5141177",1.25,""
"F_GRPHM_PYLS_MLMP","Graphium eurypylus melampus","synonym","Fungi","Fungi","Ascomycota","Sordariomycetes","Microascales","Graphiaceae","Graphium","eurypylus","melampus","subspecies","Rothschild, 1896",,"GBIF",,,,,,,"6235974","5141177","5141177",1.25,""
"F_GRPHM_PYLS_PMPH","Graphium eurypylus pamphylus","accepted","Fungi","Fungi","Ascomycota","Sordariomycetes","Microascales","Graphiaceae","Graphium","eurypylus","pamphylus","subspecies",,,"GBIF",,,,,,,"11791643","5141177",,1.25,""
"F_GRPHM_PYLS_PRSC","Graphium eurypylus priscus","synonym","Fungi","Fungi","Ascomycota","Sordariomycetes","Microascales","Graphiaceae","Graphium","eurypylus","priscus","subspecies","Fruhstorfer, 1907",,"GBIF",,,,,,,"6235976","5141177","5141177",1.25,""
"F_GRPHM_PYLS_RBRP","Graphium eurypylus rubroplaga","synonym","Fungi","Fungi","Ascomycota","Sordariomycetes","Microascales","Graphiaceae","Graphium","eurypylus","rubroplaga","subspecies","Rothschild, 1895",,"GBIF",,,,,,,"7209041","5141177","5141177",1.25,""
"F_GRPHM_EVMN","Graphium evemon","accepted","Fungi","Fungi","Ascomycota","Sordariomycetes","Microascales","Graphiaceae","Graphium","evemon","","species","Boisduval, 1836",,"GBIF",,,,,"8398",,"5141154","2517948",,1.25,""
"F_GRPHM_EVMN_ALBC","Graphium evemon albociliatis","synonym","Fungi","Fungi","Ascomycota","Sordariomycetes","Microascales","Graphiaceae","Graphium","evemon","albociliatis","subspecies","Fruhstorfer, 1901",,"GBIF",,,,,,,"6235952","5141154","5141154",1.25,""
"F_GRPHM_EVMN_EVMN","Graphium evemon evemon","accepted","Fungi","Fungi","Ascomycota","Sordariomycetes","Microascales","Graphiaceae","Graphium","evemon","evemon","subspecies",,,"GBIF",,,,,,,"11437373","5141154",,1.25,""
"F_GRPHM_EVMN_EVNT","Graphium evemon eventus","accepted","Fungi","Fungi","Ascomycota","Sordariomycetes","Microascales","Graphiaceae","Graphium","evemon","eventus","subspecies",,,"GBIF",,,,,,,"11885645","5141154",,1.25,""
"F_GRPHM_EVMN_IGNL","Graphium evemon igneolus","synonym","Fungi","Fungi","Ascomycota","Sordariomycetes","Microascales","Graphiaceae","Graphium","evemon","igneolus","subspecies","Fruhstorfer, 1901",,"GBIF",,,,,,,"6235951","5141154","5141154",1.25,""
"F_GRPHM_EVMN_LEBR","Graphium evemon lebar","synonym","Fungi","Fungi","Ascomycota","Sordariomycetes","Microascales","Graphiaceae","Graphium","evemon","lebar","subspecies","Page et al., 2011",,"GBIF",,,,,,,"7209033","5141154","5141154",1.25,""
"F_GRPHM_EVMB","Graphium evombar","accepted","Fungi","Fungi","Ascomycota","Sordariomycetes","Microascales","Graphiaceae","Graphium","evombar","","species","Boisduval, 1836",,"GBIF",,,,,"8398",,"5141159","2517948",,1.25,""
"F_GRPHM_EVMB_VSST","Graphium evombar viossati","synonym","Fungi","Fungi","Ascomycota","Sordariomycetes","Microascales","Graphiaceae","Graphium","evombar","viossati","subspecies","Collins, 1997",,"GBIF",,,,,,,"5141160","5141159","5141159",1.25,""
"F_GRPHM_FELX","Graphium felixi","synonym","Fungi","Fungi","Ascomycota","Sordariomycetes","Microascales","Graphiaceae","Graphium","felixi","","species","Joicey et al., 1915",,"GBIF",,,,,"8398",,"7209044","2517948","5141219",1.25,""
"F_GRPHM_FRST","Graphium foersterius","synonym","Fungi","Fungi","Ascomycota","Sordariomycetes","Microascales","Graphiaceae","Graphium","foersterius","","species","Strand, 1913",,"GBIF",,,,,"8398",,"1937229","2517948","5141165",1.25,""
"F_GRPHM_FLLR","Graphium fulleri","accepted","Fungi","Fungi","Ascomycota","Sordariomycetes","Microascales","Graphiaceae","Graphium","fulleri","","species","Grose-Smith, 1883",,"GBIF",,,,,"8398",,"5141165","2517948",,1.25,""
"F_GRPHM_GRHW","Graphium garhwalica","accepted","Fungi","Fungi","Ascomycota","Sordariomycetes","Microascales","Graphiaceae","Graphium","garhwalica","","species","Hu et al., 2018",,"GBIF",,,,,"8398",,"11715311","2517948",,1.25,""
"F_GRPHM_GELN","Graphium gelon","accepted","Fungi","Fungi","Ascomycota","Sordariomycetes","Microascales","Graphiaceae","Graphium","gelon","","species","Boisduval, 1859",,"GBIF",,,,,"8398",,"5141251","2517948",,1.25,""
"F_GRPHM_GELN_MGST","Graphium gelon megasthenes","synonym","Fungi","Fungi","Ascomycota","Sordariomycetes","Microascales","Graphiaceae","Graphium","gelon","megasthenes","subspecies","Mathew, 1889",,"GBIF",,,,,,,"9365352","5141251","5141251",1.25,""
"F_GRPHM_GELN_TNLT","Graphium gelon taeniolata","synonym","Fungi","Fungi","Ascomycota","Sordariomycetes","Microascales","Graphiaceae","Graphium","gelon","taeniolata","subspecies","Le Cerf, 1923",,"GBIF",,,,,,,"9595960","5141251","5141251",1.25,""
"F_GRPHM_GLYC","Graphium glycerion","unknown","Fungi","Fungi","Ascomycota","Sordariomycetes","Microascales","Graphiaceae","Graphium","glycerion","","species",,,"manually added",,,,,"8398",,,"2517948",,1.25,""
"F_GRPHM_GLYC_CSCH","Graphium glycerion caschmirensis","synonym","Fungi","Fungi","Ascomycota","Sordariomycetes","Microascales","Graphiaceae","Graphium","glycerion","caschmirensis","subspecies","Rothschild, 1895",,"GBIF",,,,,,,"7209035",,"5141148",1.25,""
"F_GRPHM_GLYC_KIMR","Graphium glycerion kimurai","synonym","Fungi","Fungi","Ascomycota","Sordariomycetes","Microascales","Graphiaceae","Graphium","glycerion","kimurai","subspecies","Murayama, 1982",,"GBIF",,,,,,,"7209034",,"5141148",1.25,""
"F_GRPHM_GDNS","Graphium gudenusi","accepted","Fungi","Fungi","Ascomycota","Sordariomycetes","Microascales","Graphiaceae","Graphium","gudenusi","","species","Rebel, 1911",,"GBIF",,,,,"8398",,"5141206","2517948",,1.25,""
"F_GRPHM_HACH","Graphium hachei","accepted","Fungi","Fungi","Ascomycota","Sordariomycetes","Microascales","Graphiaceae","Graphium","hachei","","species","Dewitz, 1881",,"GBIF",,,,,"8398",,"5141157","2517948",,1.25,""
"F_GRPHM_HCTN","Graphium hicetaon","accepted","Fungi","Fungi","Ascomycota","Sordariomycetes","Microascales","Graphiaceae","Graphium","hicetaon","","species","Mathew, 1886",,"GBIF",,,,,"8398",,"5141218","2517948",,1.25,""
"F_GRPHM_HNNS","Graphium hoeneanus","accepted","Fungi","Fungi","Ascomycota","Sordariomycetes","Microascales","Graphiaceae","Graphium","hoeneanus","","species","Hu et al., 2018",,"GBIF",,,,,"8398",,"10110620","2517948",,1.25,""
"F_GRPHM_IDDS","Graphium idaeoides","accepted","Fungi","Fungi","Ascomycota","Sordariomycetes","Microascales","Graphiaceae","Graphium","idaeoides","","species","Hewitson, 1853",,"GBIF",,,,,"8398",,"5141183","2517948",,1.25,""
"F_GRPHM_IDDS_NRGR","Graphium idaeoides neergaardi","synonym","Fungi","Fungi","Ascomycota","Sordariomycetes","Microascales","Graphiaceae","Graphium","idaeoides","neergaardi","subspecies","Page et al., 2003",,"GBIF",,,,,,,"7209017","5141183","5141183",1.25,""
"F_GRPHM_ILLY","Graphium illyris","accepted","Fungi","Fungi","Ascomycota","Sordariomycetes","Microascales","Graphiaceae","Graphium","illyris","","species","Hewitson, 1873",,"GBIF",,,,,"8398",,"5141174","2517948",,1.25,""
"F_GRPHM_ILLY_FLVS","Graphium illyris flavisparsus","synonym","Fungi","Fungi","Ascomycota","Sordariomycetes","Microascales","Graphiaceae","Graphium","illyris","flavisparsus","subspecies","Fruhstorfer, 1903",,"GBIF",,,,,,,"6236059","5141174","5141174",1.25,""
"F_GRPHM_ILLY_HMTS","Graphium illyris hamatus","accepted","Fungi","Fungi","Ascomycota","Sordariomycetes","Microascales","Graphiaceae","Graphium","illyris","hamatus","subspecies","Joicey et al., 1918",,"GBIF",,,,,,,"11193067","5141174",,1.25,""
"F_GRPHM_ILLY_ILLY","Graphium illyris illyris","accepted","Fungi","Fungi","Ascomycota","Sordariomycetes","Microascales","Graphiaceae","Graphium","illyris","illyris","subspecies",,,"GBIF",,,,,,,"11159695","5141174",,1.25,""
"F_GRPHM_IMPR","Graphium impar","unknown","Fungi","Fungi","Ascomycota","Sordariomycetes","Microascales","Graphiaceae","Graphium","impar","","species",,,"manually added",,,,,"8398",,,"2517948",,1.25,""
"F_GRPHM_IMPR_SHRT","Graphium impar shortlandica","synonym","Fungi","Fungi","Ascomycota","Sordariomycetes","Microascales","Graphiaceae","Graphium","impar","shortlandica","subspecies","Ribbe, 1900",,"GBIF",,,,,,,"8380107",,"5141212",1.25,""
"F_GRPHM_INCR","Graphium incertus","accepted","Fungi","Fungi","Ascomycota","Sordariomycetes","Microascales","Graphiaceae","Graphium","incertus","","species","Bang-Haas, 1927",,"GBIF",,,,,"8398",,"5141194","2517948",,1.25,""
"F_GRPHM_JASN","Graphium jason","unknown","Fungi","Fungi","Ascomycota","Sordariomycetes","Microascales","Graphiaceae","Graphium","jason","","species",,,"manually added",,,,,"8398",,,"2517948",,1.25,""
"F_GRPHM_JASN_ACTR","Graphium jason actor","synonym","Fungi","Fungi","Ascomycota","Sordariomycetes","Microascales","Graphiaceae","Graphium","jason","actor","subspecies","Fruhstorfer, 1907",,"GBIF",,,,,,,"6236001",,"5141226",1.25,""
"F_GRPHM_JASN_AMPY","Graphium jason ampyx","synonym","Fungi","Fungi","Ascomycota","Sordariomycetes","Microascales","Graphiaceae","Graphium","jason","ampyx","subspecies","Fruhstorfer, 1907",,"GBIF",,,,,,,"6236004",,"5141226",1.25,""
"F_GRPHM_JASN_APPL","Graphium jason appulejus","synonym","Fungi","Fungi","Ascomycota","Sordariomycetes","Microascales","Graphiaceae","Graphium","jason","appulejus","subspecies","Fruhstorfer, 1907",,"GBIF",,,,,,,"6236010",,"5141226",1.25,""
"F_GRPHM_JASN_ATRN","Graphium jason autronicus","synonym","Fungi","Fungi","Ascomycota","Sordariomycetes","Microascales","Graphiaceae","Graphium","jason","autronicus","subspecies","Fruhstorfer, 1907",,"GBIF",,,,,,,"6236006",,"5141226",1.25,""
"F_GRPHM_JASN_ELES","Graphium jason eleius","synonym","Fungi","Fungi","Ascomycota","Sordariomycetes","Microascales","Graphiaceae","Graphium","jason","eleius","subspecies","Fruhstorfer, 1907",,"GBIF",,,,,,,"6236009",,"5141226",1.25,""
"F_GRPHM_JASN_ERYP","Graphium jason eurypylides","synonym","Fungi","Fungi","Ascomycota","Sordariomycetes","Microascales","Graphiaceae","Graphium","jason","eurypylides","subspecies","Staudinger, 1895",,"GBIF",,,,,,,"8303318",,"5141226",1.25,""
"F_GRPHM_JASN_EVMN","Graphium jason evemonides","synonym","Fungi","Fungi","Ascomycota","Sordariomycetes","Microascales","Graphiaceae","Graphium","jason","evemonides","subspecies","Honrath, 1884",,"GBIF",,,,,,,"7786805",,"5141226",1.25,""
"F_GRPHM_JASN_GYND","Graphium jason gyndes","synonym","Fungi","Fungi","Ascomycota","Sordariomycetes","Microascales","Graphiaceae","Graphium","jason","gyndes","subspecies","Fruhstorfer, 1907",,"GBIF",,,,,,,"6236005",,"5141226",1.25,""
"F_GRPHM_JASN_JSTN","Graphium jason jostianus","synonym","Fungi","Fungi","Ascomycota","Sordariomycetes","Microascales","Graphiaceae","Graphium","jason","jostianus","subspecies","Fruhstorfer, 1903",,"GBIF",,,,,,,"12055052",,"5141226",1.25,""
"F_GRPHM_JASN_NANS","Graphium jason nanus","synonym","Fungi","Fungi","Ascomycota","Sordariomycetes","Microascales","Graphiaceae","Graphium","jason","nanus","subspecies","Fruhstorfer, 1907",,"GBIF",,,,,,,"6236003",,"5141226",1.25,""
"F_GRPHM_JASN_PRLL","Graphium jason perillus","synonym","Fungi","Fungi","Ascomycota","Sordariomycetes","Microascales","Graphiaceae","Graphium","jason","perillus","subspecies","Fruhstorfer, 1908",,"GBIF",,,,,,,"7209056",,"5141226",1.25,""
"F_GRPHM_JASN_PSTN","Graphium jason postianus","synonym","Fungi","Fungi","Ascomycota","Sordariomycetes","Microascales","Graphiaceae","Graphium","jason","postianus","subspecies","Fruhstorfer, 1902",,"GBIF",,,,,,,"6236008",,"5141226",1.25,""
"F_GRPHM_JASN_VULS","Graphium jason vulso","synonym","Fungi","Fungi","Ascomycota","Sordariomycetes","Microascales","Graphiaceae","Graphium","jason","vulso","subspecies","Fruhstorfer, 1907",,"GBIF",,,,,,,"6236002",,"5141226",1.25,""
"F_GRPHM_JUND","Graphium junodi","accepted","Fungi","Fungi","Ascomycota","Sordariomycetes","Microascales","Graphiaceae","Graphium","junodi","","species","Trimen, 1893",,"GBIF",,,,,"8398",,"5141225","2517948",,1.25,""
"F_GRPHM_KIGM","Graphium kigoma","accepted","Fungi","Fungi","Ascomycota","Sordariomycetes","Microascales","Graphiaceae","Graphium","kigoma","","species","Carcasson, 1964",,"GBIF",,,,,"8398",,"5141244","2517948",,1.25,""
"F_GRPHM_KRBY","Graphium kirbyi","accepted","Fungi","Fungi","Ascomycota","Sordariomycetes","Microascales","Graphiaceae","Graphium","kirbyi","","species","Hewitson, 1872",,"GBIF",,,,,"8398",,"5141153","2517948",,1.25,""
"F_GRPHM_KRBY_OTTN","Graphium kirbyi ottonis","synonym","Fungi","Fungi","Ascomycota","Sordariomycetes","Microascales","Graphiaceae","Graphium","kirbyi","ottonis","subspecies","Aurivillius, 1899",,"GBIF",,,,,,,"7349839","5141153","5141153",1.25,""
"F_GRPHM_KOSI","Graphium kosii","synonym","Fungi","Fungi","Ascomycota","Sordariomycetes","Microascales","Graphiaceae","Graphium","kosii","","species","Muller et al., 1999",,"GBIF",,,,,"8398",,"5141253","2517948","5141252",1.25,""
"F_GRPHM_KOSI_GGNT","Graphium kosii gigantor","synonym","Fungi","Fungi","Ascomycota","Sordariomycetes","Microascales","Graphiaceae","Graphium","kosii","gigantor","subspecies","Muller et al., 2008",,"GBIF",,,,,,,"7209058","5141253","5141252",1.25,""
"F_GRPHM_LDCS","Graphium laodocus","unknown","Fungi","Fungi","Ascomycota","Sordariomycetes","Microascales","Graphiaceae","Graphium","laodocus","","species",,,"manually added",,,,,"8398",,,"2517948",,1.25,""
"F_GRPHM_LDCS_PLWN","Graphium laodocus palawanus","synonym","Fungi","Fungi","Ascomycota","Sordariomycetes","Microascales","Graphiaceae","Graphium","laodocus","palawanus","subspecies","Staudinger, 1889",,"GBIF",,,,,,,"7833539",,"5141236",1.25,""
"F_GRPHM_LTRL","Graphium latreillianus","accepted","Fungi","Fungi","Ascomycota","Sordariomycetes","Microascales","Graphiaceae","Graphium","latreillianus","","species","Godart, 1819",,"GBIF",,,,,"8398",,"5141169","2517948",,1.25,""
"F_GRPHM_LECH","Graphium leechi","accepted","Fungi","Fungi","Ascomycota","Sordariomycetes","Microascales","Graphiaceae","Graphium","leechi","","species","Rothschild, 1895",,"GBIF",,,,,"8398",,"5141200","2517948",,1.25,""
"F_GRPHM_LECH_APRL","Graphium leechi aprilis","synonym","Fungi","Fungi","Ascomycota","Sordariomycetes","Microascales","Graphiaceae","Graphium","leechi","aprilis","subspecies","Bang-Haas, 1934",,"GBIF",,,,,,,"6235988","5141200","5141200",1.25,""
"F_GRPHM_LECH_YNNN","Graphium leechi yunnana","synonym","Fungi","Fungi","Ascomycota","Sordariomycetes","Microascales","Graphiaceae","Graphium","leechi","yunnana","subspecies","1985",,"GBIF",,,,,,,"5141201","5141200","5141200",1.25,""
"F_GRPHM_LNDS","Graphium leonidas","accepted","Fungi","Fungi","Ascomycota","Sordariomycetes","Microascales","Graphiaceae","Graphium","leonidas","","species","Fabricius, 1793",,"GBIF",,,,,"8398",,"5141248","2517948",,1.25,""
"F_GRPHM_LNDS_ONDL","Graphium leonidas onidale","synonym","Fungi","Fungi","Ascomycota","Sordariomycetes","Microascales","Graphiaceae","Graphium","leonidas","onidale","subspecies","Suffert, 1904",,"GBIF",,,,,,,"6235953","5141248","5141248",1.25,""
"F_GRPHM_LNDS_ZNZB","Graphium leonidas zanzibaricus","synonym","Fungi","Fungi","Ascomycota","Sordariomycetes","Microascales","Graphiaceae","Graphium","leonidas","zanzibaricus","subspecies","Kielland, 1990",,"GBIF",,,,,,,"7209053","5141248","5141248",1.25,""
"F_GRPHM_LCDN","Graphium leucadion","synonym","Fungi","Fungi","Ascomycota","Sordariomycetes","Microascales","Graphiaceae","Graphium","leucadion","","species","Staudinger, 1884",,"GBIF",,,,,"8398",,"7209045","2517948","5141219",1.25,""
"F_GRPHM_LCTH","Graphium leucothoe","unknown","Fungi","Fungi","Ascomycota","Sordariomycetes","Microascales","Graphiaceae","Graphium","leucothoe","","species",,,"manually added",,,,,"8398",,,"2517948",,1.25,""
"F_GRPHM_LCTH_INTR","Graphium leucothoe interjectus","synonym","Fungi","Fungi","Ascomycota","Sordariomycetes","Microascales","Graphiaceae","Graphium","leucothoe","interjectus","subspecies","Honrath, 1893",,"GBIF",,,,,,,"7890332",,"5141172",1.25,""
"F_GRPHM_LVSS","Graphium levassori","accepted","Fungi","Fungi","Ascomycota","Sordariomycetes","Microascales","Graphiaceae","Graphium","levassori","","species","Oberthur, 1886",,"GBIF",,,,,"8398",,"5141186","2517948",,1.25,""
"F_GRPHM_LPNS","Graphium liponesco","accepted","Fungi","Fungi","Ascomycota","Sordariomycetes","Microascales","Graphiaceae","Graphium","liponesco","","species","Suffert, 1904",,"GBIF",,,,,"8398",,"5141189","2517948",,1.25,""
"F_GRPHM_MCRS","Graphium macareus","accepted","Fungi","Fungi","Ascomycota","Sordariomycetes","Microascales","Graphiaceae","Graphium","macareus","","species","Godart, 1819",,"GBIF",,,,,"8398",,"5141163","2517948",,1.25,""
"F_GRPHM_MCRS_ALBN","Graphium macareus albinovanus","synonym","Fungi","Fungi","Ascomycota","Sordariomycetes","Microascales","Graphiaceae","Graphium","macareus","albinovanus","subspecies","Fruhstorfer, 1908",,"GBIF",,,,,,,"6235997","5141163","5141163",1.25,""
"F_GRPHM_MCRS_BRMN","Graphium macareus burmensis","synonym","Fungi","Fungi","Ascomycota","Sordariomycetes","Microascales","Graphiaceae","Graphium","macareus","burmensis","subspecies","Moonen, 1984",,"GBIF",,,,,,,"5141164","5141163","5141163",1.25,""
"F_GRPHM_MCRS_INDC","Graphium macareus indochinensis","synonym","Fungi","Fungi","Ascomycota","Sordariomycetes","Microascales","Graphiaceae","Graphium","macareus","indochinensis","subspecies","Fruhstorfer, 1901",,"GBIF",,,,,,,"6235989","5141163","5141163",1.25,""
"F_GRPHM_MCRS_LINL","Graphium macareus lioneli","synonym","Fungi","Fungi","Ascomycota","Sordariomycetes","Microascales","Graphiaceae","Graphium","macareus","lioneli","subspecies","Fruhstorfer, 1902",,"GBIF",,,,,,,"6235990","5141163","5141163",1.25,""
"F_GRPHM_MCRS_PLWN","Graphium macareus palawanicola","synonym","Fungi","Fungi","Ascomycota","Sordariomycetes","Microascales","Graphiaceae","Graphium","macareus","palawanicola","subspecies","Kocak, 1980",,"GBIF",,,,,,,"6235993","5141163","5141163",1.25,""
"F_GRPHM_MCRS_PRKN","Graphium macareus perakensis","synonym","Fungi","Fungi","Ascomycota","Sordariomycetes","Microascales","Graphiaceae","Graphium","macareus","perakensis","subspecies","Fruhstorfer, 1899",,"GBIF",,,,,,,"6235996","5141163","5141163",1.25,""
"F_GRPHM_MCRS_SERD","Graphium macareus serda","synonym","Fungi","Fungi","Ascomycota","Sordariomycetes","Microascales","Graphiaceae","Graphium","macareus","serda","subspecies","Fruhstorfer, 1909",,"GBIF",,,,,,,"7919005","5141163","5141163",1.25,""
"F_GRPHM_MCRST","Graphium macaristus","synonym","Fungi","Fungi","Ascomycota","Sordariomycetes","Microascales","Graphiaceae","Graphium","macaristus","","species","Grose Smith, 1887",,"GBIF",,,,,"8398",,"7209012","2517948","5141163",1.25,""
"F_GRPHM_MCCR","Graphium maccareus","unknown","Fungi","Fungi","Ascomycota","Sordariomycetes","Microascales","Graphiaceae","Graphium","maccareus","","species",,,"manually added",,,,,"8398",,,"2517948",,1.25,""
"F_GRPHM_MCCR_BRNN","Graphium maccareus borneensis","synonym","Fungi","Fungi","Ascomycota","Sordariomycetes","Microascales","Graphiaceae","Graphium","maccareus","borneensis","subspecies","Staudinger, 1889",,"GBIF",,,,,,,"8240210",,"5141163",1.25,""
"F_GRPHM_MCCR_MCCB","Graphium maccareus maccabaeus","synonym","Fungi","Fungi","Ascomycota","Sordariomycetes","Microascales","Graphiaceae","Graphium","maccareus","maccabaeus","subspecies","Staudinger, 1889",,"GBIF",,,,,,,"8416861",,"5141163",1.25,""
"F_GRPHM_MCCR_XNTH","Graphium maccareus xanthosoma","synonym","Fungi","Fungi","Ascomycota","Sordariomycetes","Microascales","Graphiaceae","Graphium","maccareus","xanthosoma","subspecies","Staudinger, 1889",,"GBIF",,,,,,,"7417956",,"5141163",1.25,""
"F_GRPHM_MCFR","Graphium macfarlanei","accepted","Fungi","Fungi","Ascomycota","Sordariomycetes","Microascales","Graphiaceae","Graphium","macfarlanei","","species","Butler, 1877",,"GBIF",,,,,"8398",,"5141182","2517948",,1.25,""
"F_GRPHM_MCFR_CSTS","Graphium macfarlanei cestius","synonym","Fungi","Fungi","Ascomycota","Sordariomycetes","Microascales","Graphiaceae","Graphium","macfarlanei","cestius","subspecies","Fruhstorfer, 1903",,"GBIF",,,,,,,"6235979","5141182","5141182",1.25,""
"F_GRPHM_MCLY","Graphium macleayanus","accepted","Fungi","Fungi","Ascomycota","Sordariomycetes","Microascales","Graphiaceae","Graphium","macleayanus","","species","Leach, 1814",,"GBIF",,,,,"8398",,"5803065","2517948",,1.25,""
"F_GRPHM_MGCS","Graphium magicus","synonym","Fungi","Fungi","Ascomycota","Sordariomycetes","Microascales","Graphiaceae","Graphium","magicus","","species","Staudinger, 1889",,"GBIF",,,,,"8398",,"1937200","2517948","5141151",1.25,""
"F_GRPHM_MNDR","Graphium mandarinus","accepted","Fungi","Fungi","Ascomycota","Sordariomycetes","Microascales","Graphiaceae","Graphium","mandarinus","","species","Oberthur, 1879",,"GBIF",,,,,"8398",,"5141148","2517948",,1.25,""
"F_GRPHM_MNDR_FNGN","Graphium mandarinus fangana","accepted","Fungi","Fungi","Ascomycota","Sordariomycetes","Microascales","Graphiaceae","Graphium","mandarinus","fangana","subspecies","Okano, 1986",,"GBIF",,,,,,,"9224646","5141148",,1.25,""
"F_GRPHM_MNDR_GRHW","Graphium mandarinus garhwalica","accepted","Fungi","Fungi","Ascomycota","Sordariomycetes","Microascales","Graphiaceae","Graphium","mandarinus","garhwalica","subspecies",,,"GBIF",,,,,,,"11863485","5141148",,1.25,""
"F_GRPHM_MNDR_KIMR","Graphium mandarinus kimurai","accepted","Fungi","Fungi","Ascomycota","Sordariomycetes","Microascales","Graphiaceae","Graphium","mandarinus","kimurai","subspecies","Murayama, 1982",,"GBIF",,,,,,,"10449124","5141148",,1.25,""
"F_GRPHM_MNDR_MNDR","Graphium mandarinus mandarinus","accepted","Fungi","Fungi","Ascomycota","Sordariomycetes","Microascales","Graphiaceae","Graphium","mandarinus","mandarinus","subspecies",,,"GBIF",,,,,,,"8966839","5141148",,1.25,""
"F_GRPHM_MNDR_PPHS","Graphium mandarinus paphus","accepted","Fungi","Fungi","Ascomycota","Sordariomycetes","Microascales","Graphiaceae","Graphium","mandarinus","paphus","subspecies",,,"GBIF",,,,,,,"9026479","5141148",,1.25,""
"F_GRPHM_MNDR_STLW","Graphium mandarinus stilwelli","accepted","Fungi","Fungi","Ascomycota","Sordariomycetes","Microascales","Graphiaceae","Graphium","mandarinus","stilwelli","subspecies","Hu et al., 2018",,"GBIF",,,,,,,"10234278","5141148",,1.25,""
"F_GRPHM_MARS","Graphium mariesii","synonym","Fungi","Fungi","Ascomycota","Sordariomycetes","Microascales","Graphiaceae","Graphium","mariesii","","species","Butler, 1881",,"GBIF",,,,,"8398",,"7209059","2517948","5141193",1.25,""
"F_GRPHM_MEDN","Graphium medon","synonym","Fungi","Fungi","Ascomycota","Sordariomycetes","Microascales","Graphiaceae","Graphium","medon","","species","Felder et al., 1864",,"GBIF",,,,,"8398",,"7379279","2517948","5141209",1.25,""
"F_GRPHM_MEEK","Graphium meeki","accepted","Fungi","Fungi","Ascomycota","Sordariomycetes","Microascales","Graphiaceae","Graphium","meeki","","species","Rothschild et al., 1901",,"GBIF",,,,,"8398",,"5141239","2517948",,1.25,""
"F_GRPHM_MEEK_INXP","Graphium meeki inexpectatum","synonym","Fungi","Fungi","Ascomycota","Sordariomycetes","Microascales","Graphiaceae","Graphium","meeki","inexpectatum","subspecies","Miller et al., 1981",,"GBIF",,,,,,,"5141240","5141239","5141239",1.25,""
"F_GRPHM_MEGR","Graphium megaera","accepted","Fungi","Fungi","Ascomycota","Sordariomycetes","Microascales","Graphiaceae","Graphium","megaera","","species","Staudinger, 1888",,"GBIF",,,,,"8398",,"5141241","2517948",,1.25,""
"F_GRPHM_MGRS","Graphium megarus","accepted","Fungi","Fungi","Ascomycota","Sordariomycetes","Microascales","Graphiaceae","Graphium","megarus","","species","Westwood, 1841",,"GBIF",,,,,"8398",,"5141229","2517948",,1.25,""
"F_GRPHM_MGRS_FLXM","Graphium megarus fleximacula","synonym","Fungi","Fungi","Ascomycota","Sordariomycetes","Microascales","Graphiaceae","Graphium","megarus","fleximacula","subspecies","Rothschild, 1895",,"GBIF",,,,,,,"7209051","5141229","5141229",1.25,""
"F_GRPHM_MGRS_MRTN","Graphium megarus martinus","synonym","Fungi","Fungi","Ascomycota","Sordariomycetes","Microascales","Graphiaceae","Graphium","megarus","martinus","subspecies","Fruhstorfer, 1902",,"GBIF",,,,,,,"6236065","5141229","5141229",1.25,""
"F_GRPHM_MGRS_MGPN","Graphium megarus megapenthes","synonym","Fungi","Fungi","Ascomycota","Sordariomycetes","Microascales","Graphiaceae","Graphium","megarus","megapenthes","subspecies","Fruhstorfer, 1902",,"GBIF",,,,,,,"6236064","5141229","5141229",1.25,""
"F_GRPHM_MGRS_MNDC","Graphium megarus mendicus","synonym","Fungi","Fungi","Ascomycota","Sordariomycetes","Microascales","Graphiaceae","Graphium","megarus","mendicus","subspecies","Fruhstorfer, 1902",,"GBIF",,,,,,,"6236067","5141229","5141229",1.25,""
"F_GRPHM_MGRS_SGTT","Graphium megarus sagittiger","synonym","Fungi","Fungi","Ascomycota","Sordariomycetes","Microascales","Graphiaceae","Graphium","megarus","sagittiger","subspecies","Fruhstorfer, 1901",,"GBIF",,,,,,,"6236063","5141229","5141229",1.25,""
"F_GRPHM_MGRS_TMNN","Graphium megarus tiomanensis","synonym","Fungi","Fungi","Ascomycota","Sordariomycetes","Microascales","Graphiaceae","Graphium","megarus","tiomanensis","subspecies","Eliot, 1978",,"GBIF",,,,,,,"6236066","5141229","5141229",1.25,""
"F_GRPHM_MGRS_TSTN","Graphium megarus tistaensis","synonym","Fungi","Fungi","Ascomycota","Sordariomycetes","Microascales","Graphiaceae","Graphium","megarus","tistaensis","subspecies","Bang-Haas, 1937",,"GBIF",,,,,,,"6236068","5141229","5141229",1.25,""
"F_GRPHM_MLNTH","Graphium melanthus","synonym","Fungi","Fungi","Ascomycota","Sordariomycetes","Microascales","Graphiaceae","Graphium","melanthus","","species","Felder et al., 1862",,"GBIF",,,,,"8398",,"1937326","2517948","5141209",1.25,""
"F_GRPHM_MNDN","Graphium mendana","accepted","Fungi","Fungi","Ascomycota","Sordariomycetes","Microascales","Graphiaceae","Graphium","mendana","","species","Godman et al., 1888",,"GBIF",,,,,"8398",,"5141227","2517948",,1.25,""
"F_GRPHM_MNDN_ARFS","Graphium mendana aureofasciatum","synonym","Fungi","Fungi","Ascomycota","Sordariomycetes","Microascales","Graphiaceae","Graphium","mendana","aureofasciatum","subspecies","Racheli, 1979",,"GBIF",,,,,,,"7209019","5141227","5141227",1.25,""
"F_GRPHM_MNDN_MALT","Graphium mendana malaitae","synonym","Fungi","Fungi","Ascomycota","Sordariomycetes","Microascales","Graphiaceae","Graphium","mendana","malaitae","subspecies","Miller et al., 1981",,"GBIF",,,,,,,"5141228","5141227","5141227",1.25,""
"F_GRPHM_MNDN_NEYR","Graphium mendana neyra","synonym","Fungi","Fungi","Ascomycota","Sordariomycetes","Microascales","Graphiaceae","Graphium","mendana","neyra","subspecies","Rothschild, 1895",,"GBIF",,,,,,,"7209018","5141227","5141227",1.25,""
"F_GRPHM_MEYR","Graphium meyeri","accepted","Fungi","Fungi","Ascomycota","Sordariomycetes","Microascales","Graphiaceae","Graphium","meyeri","","species","Hopffer, 1874",,"GBIF",,,,,"8398",,"5141207","2517948",,1.25,""
"F_GRPHM_MILN","Graphium milon","accepted","Fungi","Fungi","Ascomycota","Sordariomycetes","Microascales","Graphiaceae","Graphium","milon","","species","Felder et al., 1864",,"GBIF",,,,,"8398",,"5141188","2517948",,1.25,""
"F_GRPHM_MOEB","Graphium moebii","synonym","Fungi","Fungi","Ascomycota","Sordariomycetes","Microascales","Graphiaceae","Graphium","moebii","","species","Suffert, 1904",,"GBIF",,,,,"8398",,"1937213","2517948","5141157",1.25,""
"F_GRPHM_MNTC","Graphium monticolus","accepted","Fungi","Fungi","Ascomycota","Sordariomycetes","Microascales","Graphiaceae","Graphium","monticolus","","species","Fruhstorfer, 1896",,"GBIF",,,,,"8398",,"5141171","2517948",,1.25,""
"F_GRPHM_MORN","Graphium morania","accepted","Fungi","Fungi","Ascomycota","Sordariomycetes","Microascales","Graphiaceae","Graphium","morania","","species","Angas, 1849",,"GBIF",,,,,"8398",,"5141162","2517948",,1.25,""
"F_GRPHM_MLLH","Graphium mullah","accepted","Fungi","Fungi","Ascomycota","Sordariomycetes","Microascales","Graphiaceae","Graphium","mullah","","species",,,"GBIF",,,,,"8398",,"5803031","2517948",,1.25,""
"F_GRPHM_MLLH_CHNG","Graphium mullah chungianus","accepted","Fungi","Fungi","Ascomycota","Sordariomycetes","Microascales","Graphiaceae","Graphium","mullah","chungianus","subspecies","Murayama, 1961",,"GBIF",,,,,,,"10729867","5803031",,1.25,""
"F_GRPHM_MLLH_MLLH","Graphium mullah mullah","accepted","Fungi","Fungi","Ascomycota","Sordariomycetes","Microascales","Graphiaceae","Graphium","mullah","mullah","subspecies",,,"GBIF",,,,,,,"10838353","5803031",,1.25,""
"F_GRPHM_NBLS","Graphium nebulosus","synonym","Fungi","Fungi","Ascomycota","Sordariomycetes","Microascales","Graphiaceae","Graphium","nebulosus","","species","Butler, 1881",,"GBIF",,,,,"8398",,"7209036","2517948","5141179",1.25,""
"F_GRPHM_NPMM","Graphium neopommerania","synonym","Fungi","Fungi","Ascomycota","Sordariomycetes","Microascales","Graphiaceae","Graphium","neopommerania","","species","Honrath, 1888",,"GBIF",,,,,"8398",,"11359634","2517948","5141187",1.25,""
"F_GRPHM_NOMS","Graphium nomius","accepted","Fungi","Fungi","Ascomycota","Sordariomycetes","Microascales","Graphiaceae","Graphium","nomius","","species","Esper, 1798",,"GBIF",,,,,"8398",,"5141242","2517948",,1.25,""
"F_GRPHM_NOMS_HANN","Graphium nomius hainana","synonym","Fungi","Fungi","Ascomycota","Sordariomycetes","Microascales","Graphiaceae","Graphium","nomius","hainana","subspecies","Chou, 1994",,"GBIF",,,,,,,"6235999","5141242","5141242",1.25,""
"F_GRPHM_OBLT","Graphium obliteratus","synonym","Fungi","Fungi","Ascomycota","Sordariomycetes","Microascales","Graphiaceae","Graphium","obliteratus","","species","Lathy, 1899",,"GBIF",,,,,"8398",,"7209060","2517948","5141187",1.25,""
"F_GRPHM_ODIN","Graphium odin","synonym","Fungi","Fungi","Ascomycota","Sordariomycetes","Microascales","Graphiaceae","Graphium","odin","","species","Strand, 1910",,"GBIF",,,,,"8398",,"1937407","2517948","5141237",1.25,""
"F_GRPHM_OLBR","Graphium olbrechtsi","accepted","Fungi","Fungi","Ascomycota","Sordariomycetes","Microascales","Graphiaceae","Graphium","olbrechtsi","","species","Berger, 1950",,"GBIF",,,,,"8398",,"5141178","2517948",,1.25,""
"F_GRPHM_ORNT","Graphium ornatus","synonym","Fungi","Fungi","Ascomycota","Sordariomycetes","Microascales","Graphiaceae","Graphium","ornatus","","species","Rothschild, 1895",,"GBIF",,,,,"8398",,"7209049","2517948","5141166",1.25,""
"F_GRPHM_PPHS","Graphium paphus","accepted","Fungi","Fungi","Ascomycota","Sordariomycetes","Microascales","Graphiaceae","Graphium","paphus","","species","Hu et al., 2018",,"GBIF",,,,,"8398",,"11504549","2517948",,1.25,""
"F_GRPHM_PRMT","Graphium parmatus","synonym","Fungi","Fungi","Ascomycota","Sordariomycetes","Microascales","Graphiaceae","Graphium","parmatus","","species","Gray, 1853",,"GBIF",,,,,"8398",,"1937431","2517948","5141254",1.25,""
"F_GRPHM_PARS","Graphium parus","accepted","Fungi","Fungi","Ascomycota","Sordariomycetes","Microascales","Graphiaceae","Graphium","parus","","species","De Niceville, 1900",,"GBIF",,,,,"8398",,"5802866","2517948",,1.25,""
"F_GRPHM_PNCLL","Graphium penicilloides","accepted","Fungi","Fungi","Ascomycota","Sordariomycetes","Microascales","Graphiaceae","Graphium","penicilloides","","species","Corda",,"GBIF",,,,,"8398",,"9846420","2517948",,1.25,""
"F_GRPHM_PHDS","Graphium phidias","accepted","Fungi","Fungi","Ascomycota","Sordariomycetes","Microascales","Graphiaceae","Graphium","phidias","","species","Oberthur, 1896",,"GBIF",,,,,"8398",,"5141190","2517948",,1.25,""
"F_GRPHM_PHDS_AKIK","Graphium phidias akikoae","synonym","Fungi","Fungi","Ascomycota","Sordariomycetes","Microascales","Graphiaceae","Graphium","phidias","akikoae","subspecies","Morita et al., 1996",,"GBIF",,,,,,,"5141191","5141190","5141190",1.25,""
"F_GRPHM_PHLN","Graphium philonoe","accepted","Fungi","Fungi","Ascomycota","Sordariomycetes","Microascales","Graphiaceae","Graphium","philonoe","","species","Ward, 1873",,"GBIF",,,,,"8398",,"5141192","2517948",,1.25,""
"F_GRPHM_PGGN","Graphium poggianus","accepted","Fungi","Fungi","Ascomycota","Sordariomycetes","Microascales","Graphiaceae","Graphium","poggianus","","species","Honrath, 1884",,"GBIF",,,,,"8398",,"5141205","2517948",,1.25,""
"F_GRPHM_PLCN","Graphium policenes","accepted","Fungi","Fungi","Ascomycota","Sordariomycetes","Microascales","Graphiaceae","Graphium","policenes","","species","Cramer, 1775",,"GBIF",,,,,"8398",,"5141216","2517948",,1.25,""
"F_GRPHM_PLCN_NGRS","Graphium policenes nigrescens","synonym","Fungi","Fungi","Ascomycota","Sordariomycetes","Microascales","Graphiaceae","Graphium","policenes","nigrescens","subspecies","Eimer, 1889",,"GBIF",,,,,,,"6236049","5141216","5141231",1.25,""
"F_GRPHM_PLCN_SDNC","Graphium policenes sudanicus","synonym","Fungi","Fungi","Ascomycota","Sordariomycetes","Microascales","Graphiaceae","Graphium","policenes","sudanicus","subspecies","Schultze, 1916",,"GBIF",,,,,,,"7548635","5141216","5141216",1.25,""
"F_GRPHM_PLCN_TELL","Graphium policenes telloi","synonym","Fungi","Fungi","Ascomycota","Sordariomycetes","Microascales","Graphiaceae","Graphium","policenes","telloi","subspecies","Hecq, 1999",,"GBIF",,,,,,,"5141217","5141216","5141216",1.25,""
"F_GRPHM_CNDS","Graphium policenoides","accepted","Fungi","Fungi","Ascomycota","Sordariomycetes","Microascales","Graphiaceae","Graphium","policenoides","","species","Holland, 1892",,"GBIF",,,,,"8398",,"5141231","2517948",,1.25,""
"F_GRPHM_PLST","Graphium polistratus","accepted","Fungi","Fungi","Ascomycota","Sordariomycetes","Microascales","Graphiaceae","Graphium","polistratus","","species","Grose-Smith, 1889",,"GBIF",,,,,"8398",,"5141238","2517948",,1.25,""
"F_GRPHM_PRTH","Graphium porthaon","accepted","Fungi","Fungi","Ascomycota","Sordariomycetes","Microascales","Graphiaceae","Graphium","porthaon","","species","Hewitson, 1865",,"GBIF",,,,,"8398",,"5141234","2517948",,1.25,""
"F_GRPHM_PRTH_MACK","Graphium porthaon mackiei","synonym","Fungi","Fungi","Ascomycota","Sordariomycetes","Microascales","Graphiaceae","Graphium","porthaon","mackiei","subspecies","Collins et al., 1974",,"GBIF",,,,,,,"5141235","5141234","5141234",1.25,""
"F_GRPHM_PRCL","Graphium procles","accepted","Fungi","Fungi","Ascomycota","Sordariomycetes","Microascales","Graphiaceae","Graphium","procles","","species","Grose-Smith, 1887",,"GBIF",,,,,"8398",,"5141149","2517948",,1.25,""
"F_GRPHM_PYLD","Graphium pylades","unknown","Fungi","Fungi","Ascomycota","Sordariomycetes","Microascales","Graphiaceae","Graphium","pylades","","species",,,"manually added",,,,,"8398",,,"2517948",,1.25,""
"F_GRPHM_PYLD_LPYD","Graphium pylades lapydes","synonym","Fungi","Fungi","Ascomycota","Sordariomycetes","Microascales","Graphiaceae","Graphium","pylades","lapydes","subspecies","Suffert, 1904",,"GBIF",,,,,,,"6236057",,"5141250",1.25,""
"F_GRPHM_RMCS","Graphium ramaceus","accepted","Fungi","Fungi","Ascomycota","Sordariomycetes","Microascales","Graphiaceae","Graphium","ramaceus","","species","Westwood, 1872",,"GBIF",,,,,"8398",,"5141172","2517948",,1.25,""
"F_GRPHM_RMCS_PNDL","Graphium ramaceus pendleburyi","accepted","Fungi","Fungi","Ascomycota","Sordariomycetes","Microascales","Graphiaceae","Graphium","ramaceus","pendleburyi","subspecies",,,"GBIF",,,,,,,"11674929","5141172",,1.25,""
"F_GRPHM_RMCS_RMCS","Graphium ramaceus ramaceus","accepted","Fungi","Fungi","Ascomycota","Sordariomycetes","Microascales","Graphiaceae","Graphium","ramaceus","ramaceus","subspecies",,,"GBIF",,,,,,,"9320469","5141172",,1.25,""
"F_GRPHM_RHSS","Graphium rhesus","accepted","Fungi","Fungi","Ascomycota","Sordariomycetes","Microascales","Graphiaceae","Graphium","rhesus","","species","Boisduval, 1836",,"GBIF",,,,,"8398",,"5141230","2517948",,1.25,""
"F_GRPHM_RHSS_RHSL","Graphium rhesus rhesulus","synonym","Fungi","Fungi","Ascomycota","Sordariomycetes","Microascales","Graphiaceae","Graphium","rhesus","rhesulus","subspecies","Fruhstorfer, 1902",,"GBIF",,,,,,,"6235980","5141230","5141230",1.25,""
"F_GRPHM_RDLY","Graphium ridleyanus","accepted","Fungi","Fungi","Ascomycota","Sordariomycetes","Microascales","Graphiaceae","Graphium","ridleyanus","","species","White, 1843",,"GBIF",,,,,"8398",,"5141245","2517948",,1.25,""
"F_GRPHM_SLLS","Graphium sallastius","synonym","Fungi","Fungi","Ascomycota","Sordariomycetes","Microascales","Graphiaceae","Graphium","sallastius","","species","Staudinger, 1895",,"GBIF",,,,,"8398",,"1937258","2517948","5141177",1.25,""
"F_GRPHM_SNDW","Graphium sandawanum","accepted","Fungi","Fungi","Ascomycota","Sordariomycetes","Microascales","Graphiaceae","Graphium","sandawanum","","species","Yamamoto, 1977",,"GBIF",,,,,"8398",,"5141232","2517948",,1.25,""
"F_GRPHM_SNGN","Graphium sanganoides","synonym","Fungi","Fungi","Ascomycota","Sordariomycetes","Microascales","Graphiaceae","Graphium","sanganoides","","species","Strand, 1913",,"GBIF",,,,,"8398",,"1937230","2517948","5141165",1.25,""
"F_GRPHM_NGNS","Graphium sanganus","synonym","Fungi","Fungi","Ascomycota","Sordariomycetes","Microascales","Graphiaceae","Graphium","sanganus","","species","Strand, 1913",,"GBIF",,,,,"8398",,"1937232","2517948","5141165",1.25,""
"F_GRPHM_SRPD","Graphium sarpedon","accepted","Fungi","Fungi","Ascomycota","Sordariomycetes","Microascales","Graphiaceae","Graphium","sarpedon","","species",,,"GBIF",,,,,"8398",,"11505819","2517948",,1.25,""
"F_GRPHM_SRPD_ADNR","Graphium sarpedon adonarensis","synonym","Fungi","Fungi","Ascomycota","Sordariomycetes","Microascales","Graphiaceae","Graphium","sarpedon","adonarensis","subspecies","Rothschild, 1896",,"GBIF",,,,,,,"6236024","11505819","5141212",1.25,""
"F_GRPHM_SRPD_COLS","Graphium sarpedon coelius","synonym","Fungi","Fungi","Ascomycota","Sordariomycetes","Microascales","Graphiaceae","Graphium","sarpedon","coelius","subspecies","Fruhstorfer, 1899",,"GBIF",,,,,,,"6236013","11505819","5141188",1.25,""
"F_GRPHM_SRPD_CLUS","Graphium sarpedon colus","synonym","Fungi","Fungi","Ascomycota","Sordariomycetes","Microascales","Graphiaceae","Graphium","sarpedon","colus","subspecies","Fruhstorfer, 1907",,"GBIF",,,,,,,"6236039","11505819","5141212",1.25,""
"F_GRPHM_SRPD_CNNC","Graphium sarpedon connectens","synonym","Fungi","Fungi","Ascomycota","Sordariomycetes","Microascales","Graphiaceae","Graphium","sarpedon","connectens","subspecies","Fruhstorfer, 1906",,"GBIF",,,,,,,"5880979","11505819","5141212",1.25,""
"F_GRPHM_SRPD_CRYC","Graphium sarpedon corycus","synonym","Fungi","Fungi","Ascomycota","Sordariomycetes","Microascales","Graphiaceae","Graphium","sarpedon","corycus","subspecies","Fruhstorfer, 1907",,"GBIF",,,,,,,"6236034","11505819","5141212",1.25,""
"F_GRPHM_SRPD_DDNG","Graphium sarpedon dodingensis","synonym","Fungi","Fungi","Ascomycota","Sordariomycetes","Microascales","Graphiaceae","Graphium","sarpedon","dodingensis","subspecies","Rothschild, 1896",,"GBIF",,,,,,,"6236025","11505819","5141212",1.25,""
"F_GRPHM_SRPD_HLSS","Graphium sarpedon halesus","synonym","Fungi","Fungi","Ascomycota","Sordariomycetes","Microascales","Graphiaceae","Graphium","sarpedon","halesus","subspecies","Fruhstorfer, 1907",,"GBIF",,,,,,,"6236023","11505819","5141212",1.25,""
"F_GRPHM_SRPD_HOSB","Graphium sarpedon hosoobi","synonym","Fungi","Fungi","Ascomycota","Sordariomycetes","Microascales","Graphiaceae","Graphium","sarpedon","hosoobi","subspecies","Tanaka, 1940",,"GBIF",,,,,,,"11262310","11505819","5141212",1.25,""
"F_GRPHM_SRPD_IMPR","Graphium sarpedon impar","synonym","Fungi","Fungi","Ascomycota","Sordariomycetes","Microascales","Graphiaceae","Graphium","sarpedon","impar","subspecies","Rothschild, 1895",,"GBIF",,,,,,,"7209031","11505819","5141212",1.25,""
"F_GRPHM_SRPD_PRLS","Graphium sarpedon imparilis","synonym","Fungi","Fungi","Ascomycota","Sordariomycetes","Microascales","Graphiaceae","Graphium","sarpedon","imparilis","subspecies","Rothschild, 1895",,"GBIF",,,,,,,"7209032","11505819","5141212",1.25,""
"F_GRPHM_SRPD_JGNS","Graphium sarpedon jugans","synonym","Fungi","Fungi","Ascomycota","Sordariomycetes","Microascales","Graphiaceae","Graphium","sarpedon","jugans","subspecies","Rothschild, 1896",,"GBIF",,,,,,,"6236031","11505819","5141212",1.25,""
"F_GRPHM_SRPD_KWMT","Graphium sarpedon kawaimitsuoi","synonym","Fungi","Fungi","Ascomycota","Sordariomycetes","Microascales","Graphiaceae","Graphium","sarpedon","kawaimitsuoi","subspecies","Fujioka, 1997",,"GBIF",,,,,,,"5141213","11505819","5141212",1.25,""
"F_GRPHM_SRPD_LTFS","Graphium sarpedon latifascia","synonym","Fungi","Fungi","Ascomycota","Sordariomycetes","Microascales","Graphiaceae","Graphium","sarpedon","latifascia","subspecies","Kato, 1926",,"GBIF",,,,,,,"11264008","11505819","5141212",1.25,""
"F_GRPHM_SRPD_LCTT","Graphium sarpedon luctatius","synonym","Fungi","Fungi","Ascomycota","Sordariomycetes","Microascales","Graphiaceae","Graphium","sarpedon","luctatius","subspecies","Fruhstorfer, 1907",,"GBIF",,,,,,,"6236036","11505819","5141212",1.25,""
"F_GRPHM_SRPD_LUNL","Graphium sarpedon lunula","synonym","Fungi","Fungi","Ascomycota","Sordariomycetes","Microascales","Graphiaceae","Graphium","sarpedon","lunula","subspecies","Matsumura, 1929",,"GBIF",,,,,,,"11222538","11505819","5141212",1.25,""
"F_GRPHM_SRPD_MELS","Graphium sarpedon melas","synonym","Fungi","Fungi","Ascomycota","Sordariomycetes","Microascales","Graphiaceae","Graphium","sarpedon","melas","subspecies","Fruhstorfer, 1907",,"GBIF",,,,,,,"6236021","11505819","5141212",1.25,""
"F_GRPHM_SRPD_MSSG","Graphium sarpedon messogis","synonym","Fungi","Fungi","Ascomycota","Sordariomycetes","Microascales","Graphiaceae","Graphium","sarpedon","messogis","subspecies","Fruhstorfer, 1907",,"GBIF",,,,,,,"6236029","11505819","5141212",1.25,""
"F_GRPHM_SRPD_MORS","Graphium sarpedon morius","synonym","Fungi","Fungi","Ascomycota","Sordariomycetes","Microascales","Graphiaceae","Graphium","sarpedon","morius","subspecies","Fruhstorfer, 1908",,"GBIF",,,,,,,"6236035","11505819","5141212",1.25,""
"F_GRPHM_SRPD_NPPN","Graphium sarpedon nipponus","accepted","Fungi","Fungi","Ascomycota","Sordariomycetes","Microascales","Graphiaceae","Graphium","sarpedon","nipponus","subspecies",,,"GBIF",,,,,,,"11711489","11505819",,1.25,""
"F_GRPHM_SRPD_PAGS","Graphium sarpedon pagus","synonym","Fungi","Fungi","Ascomycota","Sordariomycetes","Microascales","Graphiaceae","Graphium","sarpedon","pagus","subspecies","Fruhstorfer, 1907",,"GBIF",,,,,,,"6236027","11505819","5141212",1.25,""
"F_GRPHM_SRPD_PSDS","Graphium sarpedon pseudosurusumi","synonym","Fungi","Fungi","Ascomycota","Sordariomycetes","Microascales","Graphiaceae","Graphium","sarpedon","pseudosurusumi","subspecies","Tanaka, 1943",,"GBIF",,,,,,,"11361451","11505819","5141212",1.25,""
"F_GRPHM_SRPD_RFFR","Graphium sarpedon rufofervidus","synonym","Fungi","Fungi","Ascomycota","Sordariomycetes","Microascales","Graphiaceae","Graphium","sarpedon","rufofervidus","subspecies","Fruhstorfer, 1898",,"GBIF",,,,,,,"6236038","11505819","5141212",1.25,""
"F_GRPHM_SRPD_SRPD","Graphium sarpedon sarpedon","accepted","Fungi","Fungi","Ascomycota","Sordariomycetes","Microascales","Graphiaceae","Graphium","sarpedon","sarpedon","subspecies",,,"GBIF",,,,,,,"7346373","11505819",,1.25,""
"F_GRPHM_SRPD_DNDS","Graphium sarpedon sarpedonides","synonym","Fungi","Fungi","Ascomycota","Sordariomycetes","Microascales","Graphiaceae","Graphium","sarpedon","sarpedonides","subspecies","Fruhstorfer, 1908",,"GBIF",,,,,,,"8152566","11505819","5141212",1.25,""
"F_GRPHM_SRPD_SZNM","Graphium sarpedon sazanami","synonym","Fungi","Fungi","Ascomycota","Sordariomycetes","Microascales","Graphiaceae","Graphium","sarpedon","sazanami","subspecies","Esaki et al., 1930",,"GBIF",,,,,,,"11331928","11505819","5141212",1.25,""
"F_GRPHM_SRPD_SMFS","Graphium sarpedon semifasciatus","synonym","Fungi","Fungi","Ascomycota","Sordariomycetes","Microascales","Graphiaceae","Graphium","sarpedon","semifasciatus","subspecies","Honrath, 1888",,"GBIF",,,,,,,"7858397","11505819","5141212",1.25,""
"F_GRPHM_SRPD_SRSM","Graphium sarpedon surusumi","synonym","Fungi","Fungi","Ascomycota","Sordariomycetes","Microascales","Graphiaceae","Graphium","sarpedon","surusumi","subspecies","Matsumura, 1910",,"GBIF",,,,,,,"11288433","11505819","5141212",1.25,""
"F_GRPHM_SRPD_TKMK","Graphium sarpedon takamukuana","synonym","Fungi","Fungi","Ascomycota","Sordariomycetes","Microascales","Graphiaceae","Graphium","sarpedon","takamukuana","subspecies","Matsumura, 1929",,"GBIF",,,,,,,"11333712","11505819","5141212",1.25,""
"F_GRPHM_SRPD_TMNS","Graphium sarpedon temnus","synonym","Fungi","Fungi","Ascomycota","Sordariomycetes","Microascales","Graphiaceae","Graphium","sarpedon","temnus","subspecies","Fruhstorfer, 1907",,"GBIF",,,,,,,"6236032","11505819","5141212",1.25,""
"F_GRPHM_SRPD_TMRN","Graphium sarpedon timorensis","synonym","Fungi","Fungi","Ascomycota","Sordariomycetes","Microascales","Graphiaceae","Graphium","sarpedon","timorensis","subspecies","Rothschild, 1896",,"GBIF",,,,,,,"6236037","11505819","5141212",1.25,""
"F_GRPHM_SRPD_USZM","Graphium sarpedon usuzumi","synonym","Fungi","Fungi","Ascomycota","Sordariomycetes","Microascales","Graphiaceae","Graphium","sarpedon","usuzumi","subspecies","Sugitani, 1932",,"GBIF",,,,,,,"11290164","11505819","5141212",1.25,""
"F_GRPHM_SCHF","Graphium schaffgotschi","accepted","Fungi","Fungi","Ascomycota","Sordariomycetes","Microascales","Graphiaceae","Graphium","schaffgotschi","","species","Niepelt, 1927",,"GBIF",,,,,"8398",,"5141210","2517948",,1.25,""
"F_GRPHM_SCHN","Graphium schoenbergianus","synonym","Fungi","Fungi","Ascomycota","Sordariomycetes","Microascales","Graphiaceae","Graphium","schoenbergianus","","species","Honrath, 1888",,"GBIF",,,,,"8398",,"1937243","2517948","5141172",1.25,""
"F_GRPHM_SCHB","Graphium schubotzi","accepted","Fungi","Fungi","Ascomycota","Sordariomycetes","Microascales","Graphiaceae","Graphium","schubotzi","","species","Schultze, 1913",,"GBIF",,,,,"8398",,"5141237","2517948",,1.25,""
"F_GRPHM_SGNX","Graphium segonax","unknown","Fungi","Fungi","Ascomycota","Sordariomycetes","Microascales","Graphiaceae","Graphium","segonax","","species",,,"manually added",,,,,"8398",,,"2517948",,1.25,""
"F_GRPHM_SGNX_TNBR","Graphium segonax tenebrionis","synonym","Fungi","Fungi","Ascomycota","Sordariomycetes","Microascales","Graphiaceae","Graphium","segonax","tenebrionis","subspecies","Rothschild, 1895",,"GBIF",,,,,,,"7209074",,"5141209",1.25,""
"F_GRPHM_SPTN","Graphium septentrionicolus","accepted","Fungi","Fungi","Ascomycota","Sordariomycetes","Microascales","Graphiaceae","Graphium","septentrionicolus","","species","Page et al., 2013",,"GBIF",,,,,"8398",,"11753039","2517948",,1.25,""
"F_GRPHM_HNCA","Graphium sichuanica","accepted","Fungi","Fungi","Ascomycota","Sordariomycetes","Microascales","Graphiaceae","Graphium","sichuanica","","species","Koiwaya, 1993",,"GBIF",,,,,"8398",,"5141150","2517948",,1.25,""
"F_GRPHM_SMLS","Graphium similis","synonym","Fungi","Fungi","Ascomycota","Sordariomycetes","Microascales","Graphiaceae","Graphium","similis","","species","Lathy, 1899",,"GBIF",,,,,"8398",,"4692700","2517948","5141229",1.25,""
"F_GRPHM_SIMN","Graphium simoni","accepted","Fungi","Fungi","Ascomycota","Sordariomycetes","Microascales","Graphiaceae","Graphium","simoni","","species","Aurivillius, 1899",,"GBIF",,,,,"8398",,"5141249","2517948",,1.25,""
"F_GRPHM_SPEC","Graphium spec","accepted","Fungi","Fungi","Ascomycota","Sordariomycetes","Microascales","Graphiaceae","Graphium","spec","","species","Fruhstorfer, 1901",,"GBIF",,,,,"8398",,"11597371","2517948",,1.25,""
"F_GRPHM_STRT","Graphium stratiotes","accepted","Fungi","Fungi","Ascomycota","Sordariomycetes","Microascales","Graphiaceae","Graphium","stratiotes","","species","Grose-Smith, 1887",,"GBIF",,,,,"8398",,"5141208","2517948",,1.25,""
"F_GRPHM_TCLS","Graphium stratocles","accepted","Fungi","Fungi","Ascomycota","Sordariomycetes","Microascales","Graphiaceae","Graphium","stratocles","","species","Felder et al., 1861",,"GBIF",,,,,"8398",,"5141151","2517948",,1.25,""
"F_GRPHM_TCLS_DDNG","Graphium stratocles dodongi","synonym","Fungi","Fungi","Ascomycota","Sordariomycetes","Microascales","Graphiaceae","Graphium","stratocles","dodongi","subspecies","Page et al., 2003",,"GBIF",,,,,,,"7209022","5141151","5141151",1.25,""
"F_GRPHM_TCLS_PING","Graphium stratocles pingi","synonym","Fungi","Fungi","Ascomycota","Sordariomycetes","Microascales","Graphiaceae","Graphium","stratocles","pingi","subspecies","Page et al., 2003",,"GBIF",,,,,,,"7209021","5141151","5141151",1.25,""
"F_GRPHM_TCLS_STRT","Graphium stratocles stratoclides","synonym","Fungi","Fungi","Ascomycota","Sordariomycetes","Microascales","Graphiaceae","Graphium","stratocles","stratoclides","subspecies","Lathy, 1907",,"GBIF",,,,,,,"7209020","5141151","5141151",1.25,""
"F_GRPHM_STRS","Graphium stresemanni","accepted","Fungi","Fungi","Ascomycota","Sordariomycetes","Microascales","Graphiaceae","Graphium","stresemanni","","species","Rothschild, 1916",,"GBIF",,,,,"8398",,"5141196","2517948",,1.25,""
"F_GRPHM_TRTS","Graphium striatus","synonym","Fungi","Fungi","Ascomycota","Sordariomycetes","Microascales","Graphiaceae","Graphium","striatus","","species","Lathy, 1899",,"GBIF",,,,,"8398",,"7209013","2517948","5141163",1.25,""
"F_GRPHM_SLNS","Graphium sulaensis","synonym","Fungi","Fungi","Ascomycota","Sordariomycetes","Microascales","Graphiaceae","Graphium","sulaensis","","species","Lathy, 1899",,"GBIF",,,,,"8398",,"7209069","2517948","5141188",1.25,""
"F_GRPHM_TBRN","Graphium taboranus","accepted","Fungi","Fungi","Ascomycota","Sordariomycetes","Microascales","Graphiaceae","Graphium","taboranus","","species","Oberthur, 1886",,"GBIF",,,,,"8398",,"5141147","2517948",,1.25,""
"F_GRPHM_TMRL","Graphium tamerlanus","accepted","Fungi","Fungi","Ascomycota","Sordariomycetes","Microascales","Graphiaceae","Graphium","tamerlanus","","species","Oberthur, 1876",,"GBIF",,,,,"8398",,"5141152","2517948",,1.25,""
"F_GRPHM_TMRL_HOEN","Graphium tamerlanus hoenei","synonym","Fungi","Fungi","Ascomycota","Sordariomycetes","Microascales","Graphiaceae","Graphium","tamerlanus","hoenei","subspecies","Mell, 1935",,"GBIF",,,,,,,"6236017","5141152","5141152",1.25,""
"F_GRPHM_TMRL_KNSN","Graphium tamerlanus kansuensis","synonym","Fungi","Fungi","Ascomycota","Sordariomycetes","Microascales","Graphiaceae","Graphium","tamerlanus","kansuensis","subspecies","Bang-Haas, 1933",,"GBIF",,,,,,,"10717496","5141152","5141152",1.25,""
"F_GRPHM_TMRL_TLNS","Graphium tamerlanus taliensis","synonym","Fungi","Fungi","Ascomycota","Sordariomycetes","Microascales","Graphiaceae","Graphium","tamerlanus","taliensis","subspecies","Bang-Haas, 1927",,"GBIF",,,,,,,"6236015","5141152","5141194",1.25,""
"F_GRPHM_THUL","Graphium thule","accepted","Fungi","Fungi","Ascomycota","Sordariomycetes","Microascales","Graphiaceae","Graphium","thule","","species","Wallace, 1865",,"GBIF",,,,,"8398",,"5141247","2517948",,1.25,""
"F_GRPHM_THUL_ALFR","Graphium thule alfredi","synonym","Fungi","Fungi","Ascomycota","Sordariomycetes","Microascales","Graphiaceae","Graphium","thule","alfredi","subspecies","Fruhstorfer, 1904",,"GBIF",,,,,,,"6235981","5141247","5141247",1.25,""
"F_GRPHM_TIMR","Graphium timur","accepted","Fungi","Fungi","Ascomycota","Sordariomycetes","Microascales","Graphiaceae","Graphium","timur","","species","1911",,"GBIF",,,,,"8398",,"5141175","2517948",,1.25,""
"F_GRPHM_TIMR_CHNG","Graphium timur chungianus","synonym","Fungi","Fungi","Ascomycota","Sordariomycetes","Microascales","Graphiaceae","Graphium","timur","chungianus","subspecies","Murayama, 1961",,"GBIF",,,,,,,"6560742","5141175","10729867",1.25,""
"F_GRPHM_TIMR_KOCH","Graphium timur kooichii","synonym","Fungi","Fungi","Ascomycota","Sordariomycetes","Microascales","Graphiaceae","Graphium","timur","kooichii","subspecies","Morita, 1996",,"GBIF",,,,,,,"6236048","5141175","5141175",1.25,""
"F_GRPHM_TIMR_TAYL","Graphium timur tayal","synonym","Fungi","Fungi","Ascomycota","Sordariomycetes","Microascales","Graphiaceae","Graphium","timur","tayal","subspecies","Shirozu, 1961",,"GBIF",,,,,,,"11323273","5141175","10729867",1.25,""
"F_GRPHM_TRGC","Graphium tragicus","synonym","Fungi","Fungi","Ascomycota","Sordariomycetes","Microascales","Graphiaceae","Graphium","tragicus","","species","Butler, 1876",,"GBIF",,,,,"8398",,"1937239","2517948","5141170",1.25,""
"F_GRPHM_TYND","Graphium tynderaeus","accepted","Fungi","Fungi","Ascomycota","Sordariomycetes","Microascales","Graphiaceae","Graphium","tynderaeus","","species","Fabricius, 1793",,"GBIF",,,,,"8398",,"5141158","2517948",,1.25,""
"F_GRPHM_UCLG","Graphium ucalegon","accepted","Fungi","Fungi","Ascomycota","Sordariomycetes","Microascales","Graphiaceae","Graphium","ucalegon","","species","Hewitson, 1865",,"GBIF",,,,,"8398",,"5141176","2517948",,1.25,""
"F_GRPHM_UCLG_LGNC","Graphium ucalegon legonuca","synonym","Fungi","Fungi","Ascomycota","Sordariomycetes","Microascales","Graphiaceae","Graphium","ucalegon","legonuca","subspecies","Suffert, 1904",,"GBIF",,,,,,,"6236012","5141176","5141176",1.25,""
"F_GRPHM_UCLG_UCLG","Graphium ucalegon ucalegonides","synonym","Fungi","Fungi","Ascomycota","Sordariomycetes","Microascales","Graphiaceae","Graphium","ucalegon","ucalegonides","subspecies","Staudinger, 1884",,"GBIF",,,,,,,"7209010","5141176","5141165",1.25,""
"F_GRPHM_WLLC","Graphium wallacei","accepted","Fungi","Fungi","Ascomycota","Sordariomycetes","Microascales","Graphiaceae","Graphium","wallacei","","species","Hewitson, 1858",,"GBIF",,,,,"8398",,"5141155","2517948",,1.25,""
"F_GRPHM_WEBR","Graphium weberi","synonym","Fungi","Fungi","Ascomycota","Sordariomycetes","Microascales","Graphiaceae","Graphium","weberi","","species","Holland, 1917",,"GBIF",,,,,"8398",,"1937233","2517948","5141165",1.25,""
"F_GRPHM_WESK","Graphium weiskei","accepted","Fungi","Fungi","Ascomycota","Sordariomycetes","Microascales","Graphiaceae","Graphium","weiskei","","species","Ribbe, 1900",,"GBIF",,,,,"8398",,"5141252","2517948",,1.25,""
"F_GRPHM_WESK_STRS","Graphium weiskei stresemanni","synonym","Fungi","Fungi","Ascomycota","Sordariomycetes","Microascales","Graphiaceae","Graphium","weiskei","stresemanni","subspecies","Rothschild, 1915",,"GBIF",,,,,,,"10936157","5141252","5141196",1.25,""
"F_GRPHM_WNLN","Graphium wenlingae","accepted","Fungi","Fungi","Ascomycota","Sordariomycetes","Microascales","Graphiaceae","Graphium","wenlingae","","species",,,"GBIF",,,,,"8398",,"10671110","2517948",,1.25,""
"F_GRPHM_XNCL","Graphium xenocles","accepted","Fungi","Fungi","Ascomycota","Sordariomycetes","Microascales","Graphiaceae","Graphium","xenocles","","species","Doubleday, 1842",,"GBIF",,,,,"8398",,"5141233","2517948",,1.25,""
"F_GRPHM_XNCL_KPHS","Graphium xenocles kephisos","synonym","Fungi","Fungi","Ascomycota","Sordariomycetes","Microascales","Graphiaceae","Graphium","xenocles","kephisos","subspecies","Fruhstorfer, 1902",,"GBIF",,,,,,,"7209071","5141233","5141233",1.25,""
"F_GRPHM_XNCL_LNDS","Graphium xenocles lindos","synonym","Fungi","Fungi","Ascomycota","Sordariomycetes","Microascales","Graphiaceae","Graphium","xenocles","lindos","subspecies","Fruhstorfer, 1902",,"GBIF",,,,,,,"7209070","5141233","5141233",1.25,""
"F_GRPHM_XNCL_LNTS","Graphium xenocles lunatus","synonym","Fungi","Fungi","Ascomycota","Sordariomycetes","Microascales","Graphiaceae","Graphium","xenocles","lunatus","subspecies","Niepelt, 1927",,"GBIF",,,,,,,"7759429","5141233","5141233",1.25,""
"F_GRPHM_XNCL_NRNS","Graphium xenocles neronus","synonym","Fungi","Fungi","Ascomycota","Sordariomycetes","Microascales","Graphiaceae","Graphium","xenocles","neronus","subspecies","Fruhstorfer, 1902",,"GBIF",,,,,,,"8254706","5141233","5141233",1.25,""
"F_GRPHM_XNCL_XNCL","Graphium xenocles xenoclides","synonym","Fungi","Fungi","Ascomycota","Sordariomycetes","Microascales","Graphiaceae","Graphium","xenocles","xenoclides","subspecies","Fruhstorfer, 1902",,"GBIF",,,,,,,"6235963","5141233","5141233",1.25,""
"B_HACEK","Haemophilus, Aggregatibacter, Cardiobacterium, Eikenella, Kingella (HACEK)","accepted","Bacteria","Bacteria","(unknown phylum)","(unknown class)","(unknown order)","(unknown family)","(unknown genus)","(unknown species)","","species group",,,"manually added",,,,,,,,,,2,""
"A_HLCCC_FRMC","Halococcus formicarii","accepted","Archaea","Archaea","Methanobacteriota","Halobacteria","Halobacteriales","Halococcaceae","Halococcus","formicarii","","species","Takahashi, 1951",,"GBIF",,"517049",,,,,"5163103","1000165",,1.25,""
"F_HNDRS_CLLN","Hendersonula collina","accepted","Fungi","Fungi","Ascomycota","Dothideomycetes","Botryosphaeriales","","Hendersonula","collina","","species","Pocock, 1903",,"GBIF",,,,,"8511",,"4987262",,,1.25,""
"F_HNDRS_PLNN","Hendersonula palnense","accepted","Fungi","Fungi","Ascomycota","Dothideomycetes","Botryosphaeriales","","Hendersonula","palnense","","species","Carl, 1941",,"GBIF",,,,,"8511",,"10259694",,,1.25,""
"AN_HYMNL_LPTC","Hymenolepis leptocephala","synonym","Animalia","Animalia","Platyhelminthes","Cestoda","Cyclophyllidea","Hymenolepididae","Hymenolepis","leptocephala","","species","Creplin, 1925",,"GBIF",,,,,,,"8224795","3268474","4413528",1.25,""
"B_KLBSL_PNMN-C","Klebsiella pneumoniae complex","accepted","Bacteria","Bacteria","Pseudomonadota","Gammaproteobacteria","Enterobacterales","Enterobacteriaceae","Klebsiella","pneumoniae complex","","species group",,"facultative anaerobe","Manually added",,"515890",,,,,,"3221927",,1,""
"F_MYRZY_GLLR-C","Meyerozyma guilliermondii complex","accepted","Fungi","Fungi","Ascomycota","Pichiomycetes","Serinales","Debaryomycetaceae","Meyerozyma","guilliermondii complex","","species group",,,"manually added",,,,,,,,"5893341",,2,""
"B_MCRSPH_PNCL","Microsphaera penicillata","unknown","Bacteria","Bacteria","Actinomycetota","Actinomycetes","Nakamurellales","Nakamurellaceae","Microsphaera","penicillata","","species",,,"manually added",,"516097",,,,,,,,2,""
"B_MRGNL_AFRA","Morganella afra","accepted","Bacteria","Bacteria","Pseudomonadota","Gammaproteobacteria","Enterobacterales","Morganellaceae","Morganella","afra","","species","Kreisel et al.","likely facultative anaerobe","GBIF",,"516125",,,,,"5242940",,,1,""
"B_MRGNL_ASTR","Morganella austromontana","accepted","Bacteria","Bacteria","Pseudomonadota","Gammaproteobacteria","Enterobacterales","Morganellaceae","Morganella","austromontana","","species","Alves et al.","likely facultative anaerobe","GBIF",,"516125",,,,,"9712637",,,1,""
"B_MRGNL_JMNI","Morganella benjaminii","accepted","Bacteria","Bacteria","Pseudomonadota","Gammaproteobacteria","Enterobacterales","Morganellaceae","Morganella","benjaminii","","species","Cortez et al.","likely facultative anaerobe","GBIF",,"516125",,,,,"5454119",,,1,""
"B_MRGNL_MXCN","Morganella mexicana","accepted","Bacteria","Bacteria","Pseudomonadota","Gammaproteobacteria","Enterobacterales","Morganellaceae","Morganella","mexicana","","species","Zeller","likely facultative anaerobe","GBIF",,"516125",,,,,"5242938",,,1,""
"B_MRGNL_PGGR","Morganella puiggarii","accepted","Bacteria","Bacteria","Pseudomonadota","Gammaproteobacteria","Enterobacterales","Morganellaceae","Morganella","puiggarii","","species","Kreisel et al.","likely facultative anaerobe","GBIF",,"516125",,,,,"5242934",,,1,""
"B_MRGNL_RIMS","Morganella rimosa","accepted","Bacteria","Bacteria","Pseudomonadota","Gammaproteobacteria","Enterobacterales","Morganellaceae","Morganella","rimosa","","species","Baseia et al.","likely facultative anaerobe","GBIF",,"516125",,,,,"7688529",,,1,""
"B_MRGNL_SMNS","Morganella samoensis","accepted","Bacteria","Bacteria","Pseudomonadota","Gammaproteobacteria","Enterobacterales","Morganellaceae","Morganella","samoensis","","species","Ponce de Leon","likely facultative anaerobe","GBIF",,"516125",,,,,"5242935",,,1,""
"B_MRGNL_STRC","Morganella stercoraria","accepted","Bacteria","Bacteria","Pseudomonadota","Gammaproteobacteria","Enterobacterales","Morganellaceae","Morganella","stercoraria","","species","Ponce de Leon","likely facultative anaerobe","GBIF",,"516125",,,,,"5242939",,,1,""
"B_MYCBC_AVIM-C","Mycobacterium avium-intracellulare complex","accepted","Bacteria","Bacteria","Actinomycetota","Actinomycetes","Mycobacteriales","Mycobacteriaceae","Mycobacterium","avium-intracellulare complex","","species group",,"facultative anaerobe","manually added",,"912",,,,,,"8084",,1,""
"B_MYCBC_TBRC-C","Mycobacterium tuberculosis complex","accepted","Bacteria","Bacteria","Actinomycetota","Actinomycetes","Mycobacteriales","Mycobacteriaceae","Mycobacterium","tuberculosis complex","","species group",,"facultative anaerobe","manually added",,"912",,,,,,"8084",,1,""
"F_NECATR_DCRT","Necator decretus","synonym","Fungi","Fungi","Basidiomycota","Agaricomycetes","Corticiales","Corticiaceae","Necator","decretus","","species","Massee, 1898",,"MycoBank",,,,"153398","9082","838387","5244907","2541826","12217421",1.25,""
"F_NECATR_JVNC","Necator javanicum","synonym","Fungi","Fungi","Basidiomycota","Agaricomycetes","Corticiales","Corticiaceae","Necator","javanicum","","species","Sacc et al.",,"GBIF",,,,,"9082",,"2541573","2541826","12217421",1.25,""
"F_NECATR_VNCS","Necator javanicus","synonym","Fungi","Fungi","Basidiomycota","Agaricomycetes","Corticiales","Corticiaceae","Necator","javanicus","","species","Henn",,"GBIF",,,,,"9082",,"2541574","2541826","12217421",1.25,""
"F_NECATR_SLMN","Necator salmonicolor","accepted","Fungi","Fungi","Basidiomycota","Agaricomycetes","Corticiales","Corticiaceae","Necator","salmonicolor","","species","Larsson et al., 2021",,"MycoBank",,,,"838387","9082",,"12217421","2541826",,1.25,""
"F_NECATR_ZMMR","Necator zimmermannii","synonym","Fungi","Fungi","Basidiomycota","Agaricomycetes","Corticiales","Corticiaceae","Necator","zimmermannii","","species","Sacc et al.",,"GBIF",,,,,"9082",,"2541577","2541826","12217421",1.25,""
"F_NECTR_HMLS","Nectria humilis","accepted","Fungi","Fungi","Ascomycota","Sordariomycetes","Hypocreales","Nectriaceae","Nectria","humilis","","species","Zeidler et al., 1986",,"GBIF",,,,,"3431",,"5186792","2560952",,1.25,""
"F_NECTR_MCRB","Nectria macrobrachia","accepted","Fungi","Fungi","Ascomycota","Sordariomycetes","Hypocreales","Nectriaceae","Nectria","macrobrachia","","species","Clark, 1923",,"GBIF",,,,,"3431",,"5186795","2560952",,1.25,""
"F_NECTR_SPNA","Nectria multispina","accepted","Fungi","Fungi","Ascomycota","Sordariomycetes","Hypocreales","Nectriaceae","Nectria","multispina","","species","Clark, 1928",,"GBIF",,,,,"3431",,"5186788","2560952",,1.25,""
"F_NECTR_OCLL","Nectria ocellata","accepted","Fungi","Fungi","Ascomycota","Sordariomycetes","Hypocreales","Nectriaceae","Nectria","ocellata","","species","Perrier, 1875",,"GBIF",,,,,"3431",,"5186793","2560952",,1.25,""
"F_NECTR_LFRA","Nectria ocellifera","accepted","Fungi","Fungi","Ascomycota","Sordariomycetes","Hypocreales","Nectriaceae","Nectria","ocellifera","","species","Lamarck, 1816",,"GBIF",,,,,"3431",,"5186786","2560952",,1.25,""
"F_NECTR_OCLF","Nectria oculifera","synonym","Fungi","Fungi","Ascomycota","Sordariomycetes","Hypocreales","Nectriaceae","Nectria","oculifera","","species","Gray, 1840",,"GBIF",,,,,"3431",,"5186794","2560952","5186793",1.25,""
"F_NECTR_PDCLL","Nectria pedicelligera","accepted","Fungi","Fungi","Ascomycota","Sordariomycetes","Hypocreales","Nectriaceae","Nectria","pedicelligera","","species","Mortensen, 1925",,"GBIF",,,,,"3431",,"5186789","2560952",,1.25,""
"F_NECTR_SAOR","Nectria saoria","accepted","Fungi","Fungi","Ascomycota","Sordariomycetes","Hypocreales","Nectriaceae","Nectria","saoria","","species","Shepherd, 1967",,"GBIF",,,,,"3431",,"5186790","2560952",,1.25,""
"F_NECTR_WLSN","Nectria wilsoni","accepted","Fungi","Fungi","Ascomycota","Sordariomycetes","Hypocreales","Nectriaceae","Nectria","wilsoni","","species","Shepherd et al., 1966",,"GBIF",,,,,"3431",,"5186791","2560952",,1.25,""
"B_PSDMN_FLRS-C","Pseudomonas fluorescens complex","accepted","Bacteria","Bacteria","Pseudomonadota","Gammaproteobacteria","Pseudomonadales","Pseudomonadaceae","Pseudomonas","fluorescens complex","","species group",,"facultative anaerobe","manually added",,"1134",,,,,,"5607",,1,""
"B_MYCBC_RGM","Rapidly growing Mycobacterium (RGM)","accepted","Bacteria","Bacteria","Actinomycetota","Actinomycetes","Mycobacteriales","Mycobacteriaceae","Mycobacterium","rapidly growing","","species group",,"facultative anaerobe","manually added",,"912",,,,,,"8084",,1,""
"F_ROZLL_MYCS","Rozella allomycis","accepted","Fungi","Fungi","Chytridiomycota","Spizellomycetes","Spizellomycetales","","Rozella","allomycis","","species","Faust",,"GBIF",,,,,,,"8228467","2512773",,2,""
"F_ROZLL_PARV","Rozella parva","accepted","Fungi","Fungi","Chytridiomycota","Spizellomycetes","Spizellomycetales","","Rozella","parva","","species","Canter",,"GBIF",,,,,,,"3314111","2512773",,2,""
"B_MYCBC_SGM","Slowly growing Mycobacterium (SGM)","accepted","Bacteria","Bacteria","Actinomycetota","Actinomycetes","Mycobacteriales","Mycobacteriaceae","Mycobacterium","slowly growing","","species group",,"facultative anaerobe","manually added",,"912",,,,,,"8084",,1,""
"B_STRPT_GRPA","Streptococcus Group A","accepted","Bacteria","Bacteria","Bacillota","Bacilli","Lactobacillales","Streptococcaceae","Streptococcus","Group A","","species group","Lancefield, 1933","facultative anaerobe","manually added",,"1344",,,,,,"7798",,1,""
"B_STRPT_ABCG","Streptococcus Group A, B, C, G","accepted","Bacteria","Bacteria","Bacillota","Bacilli","Lactobacillales","Streptococcaceae","Streptococcus","Group A, B, C, G","","species group","Lancefield, 1933","facultative anaerobe","manually added",,"1344",,,,,,"7798",,1,""
"B_STRPT_GRPB","Streptococcus Group B","accepted","Bacteria","Bacteria","Bacillota","Bacilli","Lactobacillales","Streptococcaceae","Streptococcus","Group B","","species group","Lancefield, 1933","facultative anaerobe","manually added",,"1344",,,,,,"7798",,1,""
"B_STRPT_GRPC","Streptococcus Group C","accepted","Bacteria","Bacteria","Bacillota","Bacilli","Lactobacillales","Streptococcaceae","Streptococcus","Group C","","species group","Lancefield, 1933","facultative anaerobe","manually added",,"1344",,,,,,"7798",,1,""
"B_STRPT_GRPD","Streptococcus Group D","accepted","Bacteria","Bacteria","Bacillota","Bacilli","Lactobacillales","Streptococcaceae","Streptococcus","Group D","","species group","Lancefield, 1933","facultative anaerobe","manually added",,"1344",,,,,,"7798",,1,""
"B_STRPT_GRPE","Streptococcus Group E","accepted","Bacteria","Bacteria","Bacillota","Bacilli","Lactobacillales","Streptococcaceae","Streptococcus","Group E","","species group","Lancefield, 1933","facultative anaerobe","manually added",,"1344",,,,,,"7798",,1,""
"B_STRPT_GRPF","Streptococcus Group F","accepted","Bacteria","Bacteria","Bacillota","Bacilli","Lactobacillales","Streptococcaceae","Streptococcus","Group F","","species group","Lancefield, 1933","facultative anaerobe","manually added",,"1344",,,,,,"7798",,1,""
"B_STRPT_GRPG","Streptococcus Group G","accepted","Bacteria","Bacteria","Bacillota","Bacilli","Lactobacillales","Streptococcaceae","Streptococcus","Group G","","species group","Lancefield, 1933","facultative anaerobe","manually added",,"1344",,,,,,"7798",,1,""
"B_STRPT_GRPH","Streptococcus Group H","accepted","Bacteria","Bacteria","Bacillota","Bacilli","Lactobacillales","Streptococcaceae","Streptococcus","Group H","","species group","Lancefield, 1933","facultative anaerobe","manually added",,"1344",,,,,,"7798",,1,""
"B_STRPT_GRPI","Streptococcus Group I","accepted","Bacteria","Bacteria","Bacillota","Bacilli","Lactobacillales","Streptococcaceae","Streptococcus","Group I","","species group","Lancefield, 1933","facultative anaerobe","manually added",,"1344",,,,,,"7798",,1,""
"B_STRPT_GRPJ","Streptococcus Group J","accepted","Bacteria","Bacteria","Bacillota","Bacilli","Lactobacillales","Streptococcaceae","Streptococcus","Group J","","species group","Lancefield, 1933","facultative anaerobe","manually added",,"1344",,,,,,"7798",,1,""
"B_STRPT_GRPK","Streptococcus Group K","accepted","Bacteria","Bacteria","Bacillota","Bacilli","Lactobacillales","Streptococcaceae","Streptococcus","Group K","","species group","Lancefield, 1933","facultative anaerobe","manually added",,"1344",,,,,,"7798",,1,""
"B_STRPT_GRPL","Streptococcus Group L","accepted","Bacteria","Bacteria","Bacillota","Bacilli","Lactobacillales","Streptococcaceae","Streptococcus","Group L","","species group","Lancefield, 1933","facultative anaerobe","manually added",,"1344",,,,,,"7798",,1,""
"B_THERMS_PRFN","Thermus profundus","synonym","Bacteria","Bacteria","Deinococcota","Deinococci","Thermales","Thermaceae","Thermus","profundus","","species","Kobayashi et al., 1995","likely facultative anaerobe","LPSN","785072","516810","782568",,,,,"11364399",,2,""
"B_TBRCL_LTSC","Tubercularia latiuscula","accepted","Bacteria","Bacteria","Cyanobacteria","","","","Tubercularia","latiuscula","","species","Vologdin, 1962",,"GBIF",,,,,,,"7875755","3237658",,2,""
"B_STRPT_VIRI","Viridans Group Streptococcus (VGS)","accepted","Bacteria","Bacteria","Bacillota","Bacilli","Lactobacillales","Streptococcaceae","Streptococcus","viridans","","species group",,"facultative anaerobe","manually added",,"1344",,,,,,"7798",,1,""
"B_YERSN_PSDT-C","Yersinia pseudotuberculosis complex","accepted","Bacteria","Bacteria","Pseudomonadota","Gammaproteobacteria","Enterobacterales","Yersiniaceae","Yersinia","pseudotuberculosis complex","","species group",,"facultative anaerobe","manually added",,"2057",,,,,,"10405611",,1,""
