"mo","fullname","source","chain_ends_at"
"F_ABSID_ALTN","Absidia altaini","GBIF",
"F_ABSID_SCCR","Absidia saccardoi","GBIF",
"B_ABYSSC_INDC","Abyssicoccus indicus","GBIF",
"P_ACLLA_RCTM","Acanthocolla cruciatum","manually added",
"P_ACRBS_UNGC","Acanthocorbis unguiculata","manually added",
"P_ATHNA_ECHN","Acanthonia echinoides","manually added",
"P_AHNDM","Acanthonidium","manually added",
"P_ASTRS_PLLD","Acanthostaurus pallida","manually added",
"B_ACTBC_ESTNN","Acetobacter estunense","manually added",
"B_ACHRMB_DNTR_XYLS","Achromobacter denitrificans xylosoxydans","GBIF",
"B_ACDCLL_AMNLY","Acidocella aminilyticum","GBIF",
"B_ACDVR_AVEN_KNJC","Acidovorax avenae konjaci","GBIF",
"B_ACDVR_PSDL_CTRL","Acidovorax pseudoalcaligenes citrulli","GBIF",
"B_ACDVR_PSDL_KNJC","Acidovorax pseudoalcaligenes konjaci","GBIF",
"B_ACDVR_RBRL","Acidovorax rubrilineans","GBIF",
"B_ACNTB_BERZN","Acinetobacter berezinae","GBIF",
"B_ACNTB_SHNS","Acinetobacter seohaensis","manually added",
"F_ACRMN_ATRR","Acremonium aterrima","GBIF",
"F_ACRMN_RRMM","Acremonium aterrimum","GBIF",
"F_ACRMN_BRNN","Acremonium baarnensis","GBIF",
"F_ACRMN_BLLG","Acremonium ballagii","GBIF",
"F_ACRMN_CPHL","Acremonium cephalosporioides","GBIF",
"F_ACRMN_CNVL","Acremonium convoluta","GBIF",
"F_ACRMN_CNVL_FELN","Acremonium convoluta felina","GBIF",
"F_ACRMN_CRMD","Acremonium coremioides","GBIF",
"F_ACRMN_DCHRM","Acremonium dichromospora","GBIF",
"F_ACRMN_ECHH","Acremonium eichhorniae","GBIF",
"F_ACRMN_ELAT","Acremonium elata","GBIF",
"F_ACRMN_FELN","Acremonium felina","GBIF",
"F_ACRMN_FICI","Acremonium fici","GBIF",
"F_ACRMN_HYLNL","Acremonium hyalinula","GBIF",
"F_ACRMN_MLRM","Acremonium malorum","GBIF",
"F_ACRMN_MLLE","Acremonium meliolae","GBIF",
"F_ACRMN_FRMS","Acremonium moriformis","GBIF",
"F_ACRMN_MRRM_FELN","Acremonium murorum felina","GBIF",
"F_ACRMN_MRRM_FULV","Acremonium murorum fulva","GBIF",
"F_ACRMN_MRRM_PLYC","Acremonium murorum polychroma","GBIF",
"F_ACRMN_PRSC","Acremonium persicinus","GBIF",
"F_ACRMN_PSDZY","Acremonium pseudozeylanica","GBIF",
"F_ACRMN_ROSL","Acremonium roseola","GBIF",
"F_ACRMN_RSLS","Acremonium roseolus","GBIF",
"F_ACRMN_PNSS","Acremonium spinosus","GBIF","Lasionectriopsis spinosum"
"F_ACRMN_ZYLN_CRVS","Acremonium zeylanicum curvisporum","GBIF",
"B_APLNS_GLBSP","Actinoplanes globisporum","GBIF",
"B_AEQRV_AQMR","Aequorivita aquimaris","LPSN",
"P_AGMMN","Agamomonas","manually added",
"B_AGTHBC_FCHM","Agathobaculum faecihominis","GBIF",
"B_AGGRG_PRPH","Aggregatibacter paraphrophilus","GBIF",
"P_ALBST_MLTR","Alabasta militaris","manually added",
"F_ALTRN_AMRN_CELS","Alternaria amaranthi celosiae","GBIF",
"F_ALTRN_RYSM_BTRY","Alternaria botryosum botrytis","GBIF",
"F_ALTRN_RYSM_ULCL","Alternaria botryosum ulocladium","GBIF",
"F_ALTRN_BRSS_SPRM","Alternaria brassicae macrosporum","GBIF",
"F_ALTRN_BRSS_RSDC","Alternaria brassicae resedacearum","GBIF",
"F_ALTRN_CDTM","Alternaria caudatum","GBIF",
"F_ALTRN_CDTM_OPNT","Alternaria caudatum opuntiae","GBIF",
"F_ALTRN_CAVR","Alternaria cavarae","GBIF",
"F_ALTRN_CHRN_ASPR","Alternaria cheiranthi asparagi","GBIF",
"F_ALTRN_CHRN_BETA","Alternaria cheiranthi betae","GBIF",
"F_ALTRN_CHRN_CRCN","Alternaria cheiranthi circinans","GBIF",
"F_ALTRN_CHRN_PTRS","Alternaria cheiranthi petroselini","GBIF",
"F_ALTRN_CMMN_CRCN","Alternaria commune circinans","GBIF",
"F_ALTRN_PCTM","Alternaria compactum","GBIF",
"F_ALTRN_TRCM","Alternaria concentricum","GBIF",
"F_ALTRN_GSTM","Alternaria congestum","GBIF",
"F_ALTRN_GSTM_MINR","Alternaria congestum minor","GBIF",
"F_ALTRN_CNSR_MINR","Alternaria consortiale minor","GBIF",
"F_ALTRN_CRSS_SLNN","Alternaria crassa solani-nigri","GBIF",
"F_ALTRN_CRSS_SNCH","Alternaria crassa sonchi","GBIF",
"F_ALTRN_DACNM","Alternaria daucinum","GBIF",
"F_ALTRN_DCHR_NGRS","Alternaria dichromotricha nigriseda","GBIF",
"F_ALTRN_ERYNG","Alternaria eryngianum","GBIF",
"F_ALTRN_XTSM","Alternaria exitiosum","GBIF",
"F_ALTRN_XTSM_ALTR","Alternaria exitiosum alternarioides","GBIF",
"F_ALTRN_XTSM_DAUC","Alternaria exitiosum dauci","GBIF",
"F_ALTRN_XTSM_LXRS","Alternaria exitiosum luxuriosum","GBIF",
"F_ALTRN_XTSM_SOLN","Alternaria exitiosum solani","GBIF",
"F_ALTRN_XTSS","Alternaria exitiosus","GBIF",
"F_ALTRN_XTSS_ALTR","Alternaria exitiosus alternarioides","GBIF",
"F_ALTRN_XTSS_DAUC","Alternaria exitiosus dauci","GBIF",
"F_ALTRN_XTSS_LXRS","Alternaria exitiosus luxuriosum","GBIF",
"F_ALTRN_FSCCL","Alternaria fasciculatum","GBIF",
"F_ALTRN_RGNM","Alternaria florigenum","GBIF",
"F_ALTRN_NLSM","Alternaria granulosum","GBIF",
"F_ALTRN_HRBR_SCRP","Alternaria herbarum scrophulariae","GBIF",
"F_ALTRN_RCLM","Alternaria herculeum","GBIF",
"F_ALTRN_HTRSC","Alternaria heteroschemon","GBIF",
"F_ALTRN_SPDM","Alternaria hispidum","GBIF",
"F_ALTRN_ILCS","Alternaria ilicis","GBIF",
"F_ALTRN_ILCS_MINR","Alternaria ilicis minor","GBIF",
"F_ALTRN_INFC_ACBC","Alternaria infectoria aucubicola","GBIF",
"F_ALTRN_INFC_NGRS","Alternaria infectoria nigriseda","GBIF",
"F_ALTRN_INFC_PHCL","Alternaria infectoria phaceliae","GBIF",
"F_ALTRN_INFC_SCCH","Alternaria infectoria sacchari","GBIF",
"F_ALTRN_INFC_STIP","Alternaria infectoria stipae","GBIF",
"F_ALTRN_LEPD","Alternaria lepidii","GBIF",
"F_ALTRN_MAJR","Alternaria major","GBIF",
"F_ALTRN_MLDV","Alternaria moldavica","GBIF",
"F_ALTRN_MCSM_PLRS","Alternaria mucosum pluriseptatum","GBIF",
"F_ALTRN_LVCM","Alternaria olivaceum","GBIF",
"F_ALTRN_ONNI","Alternaria onnii","GBIF",
"F_ALTRN_ODMNS","Alternaria oudemansia","GBIF",
"F_ALTRN_PPCR","Alternaria papaceracea","GBIF",
"F_ALTRN_PPVRC","Alternaria papaveracea","GBIF",
"F_ALTRN_PHCM","Alternaria phaeocomoides","GBIF",
"F_ALTRN_PHCM_INFC","Alternaria phaeocomoides infectoria","GBIF",
"F_ALTRN_TCTA","Alternaria photosticta","GBIF",
"F_ALTRN_PLRSP","Alternaria pluriseptatum","GBIF",
"F_ALTRN_RPHM_CHRT","Alternaria polymorphum chartarum","GBIF",
"F_ALTRN_RDCNM_PTRS","Alternaria radicinum petroselini","GBIF",
"F_ALTRN_MLSM_SRDM","Alternaria ramulosum sardoum","GBIF",
"F_ALTRN_RUDS_NGRS","Alternaria rudis nigriseda","GBIF",
"F_ALTRN_SARP","Alternaria sauropi","GBIF",
"F_ALTRN_SCPH","Alternaria scophulariae","GBIF",
"F_ALTRN_TLLST","Alternaria telluster","GBIF",
"F_ALTRN_TENS_TABC","Alternaria tenuis tabaci","GBIF",
"F_ALTRN_TNSSM","Alternaria tenuissimum","GBIF",
"F_ALTRN_LGRS_DSTC","Alternaria vulgaris disticha","GBIF",
"F_ALTRN_LGRS_FRRG","Alternaria vulgaris ferruginea","GBIF",
"F_ALTRN_LGRS_MNST","Alternaria vulgaris monostica","GBIF",
"F_ALTRN_LGRS_TCHA","Alternaria vulgaris monosticha","GBIF",
"F_ALTRN_LGRS_PTMN","Alternaria vulgaris putaminum","GBIF",
"P_AMESN_MICHL","Ameson michaeli","manually added",
"B_AMNBC_HNTZ","Aminobacter heintzii","manually added",
"B_AMMTD_MNNI","Ammatoidea normanni","GBIF",
"P_AMBDM_FSCC","Amoebidium fasciculatum","manually added",
"P_AMBDM_PSSN","Amoebidium poissonii","manually added",
"P_AMPHM_TLLDS","Amphiamblys capitellidis","manually added",
"P_AMPHM_LONG","Amphiamblys longa","manually added",
"B_ANABN_LAXA_CLFR","Anabaena laxa californica","GBIF",
"B_ANABN_SLTR_PLNK","Anabaena solitaria planktonica","GBIF",
"B_ANBNP_NKNI_CRCL","Anabaenopsis elenkinii circularis","GBIF",
"B_ANBNP_FLSA_CRCL","Anabaenopsis flos-aquae circularis","GBIF",
"B_ANCYS_CYAN","Anacystis cyanea","GBIF",
"B_ANRBC_LNTS","Anaerobacillus arsenicoselenatis","GBIF",
"B_ANRCC_MSSL","Anaerococcus massiliensis","manually added",
"B_ANRMS_BRKN","Anaeromusa burkinabensis","GBIF",
"B_ANRST_HDRM","Anaerostipes hadrum","GBIF",
"B_ANGNS_LMNS_AMPH","Anagnostidinema laminosa amphibia","GBIF",
"B_ANPLS_EQUI","Anaplasma equi","GBIF",
"F_ANPTY","Anaptychia","manually added",
"B_ANTHC_GRCL","Anathece gracilis","GBIF",
"AN_ANSKS_ALAT","Anisakis alata","GBIF",
"AN_ANSKS_BCLR","Anisakis bicolor","GBIF",
"AN_ANSKS_CTDN","Anisakis catodontis","GBIF",
"AN_ANSKS_DIMD","Anisakis diomedeae","GBIF",
"AN_ANSKS_IVNZ","Anisakis ivanizkii","GBIF",
"AN_ANSKS_KKNT","Anisakis kuekenthalii","GBIF",
"AN_ANSKS_NTHLI","Anisakis kukenthalii","GBIF",
"AN_ANSKS_MARN","Anisakis marina","GBIF",
"AN_ANSKS_MRNM","Anisakis marinum","GBIF",
"AN_ANSKS_PTGN","Anisakis patagonica","GBIF",
"AN_ANSKS_RSMR","Anisakis rosmari","GBIF",
"AN_ANSKS_SMPL","Anisakis simplex","GBIF",
"AN_ANSKS_TRDN","Anisakis tridentata","GBIF",
"B_ANXYB_SRYK","Anoxybacillus suryakundensis","manually added",
"B_APHNZ_AMRC","Aphanizomenon americanum","GBIF",
"B_APHNZ_CYNM","Aphanizomenon cyaneum","GBIF",
"B_APHNZ_FLSA","Aphanizomenon flos-aquae","GBIF",
"B_APHNZ_SQRE","Aphanizomenon flos-aqure","GBIF",
"B_APHNZ_FLSQ","Aphanizomenon flosaquae","GBIF",
"B_APHNZ_HLST","Aphanizomenon holsaticum","GBIF",
"B_APHNZ_HLTS","Aphanizomenon holtsaticum","GBIF",
"B_APHNC_ANDN_RVLR","Aphanocapsa anodontae rivulorum","GBIF",
"B_APHNC_CLCP","Aphanocapsa calciphila","GBIF",
"B_APHNC_ELCH_PLNC","Aphanocapsa elachista planctonica","GBIF",
"B_APHNC_ENDL_RVLR","Aphanocapsa endolithica rivulorum","GBIF",
"B_APHNC_GRVLL","Aphanocapsa grevellei","GBIF",
"B_APHNC_HLPH","Aphanocapsa halophila","GBIF",
"B_APHNC_HNSG","Aphanocapsa hansgirgiana","GBIF",
"B_APHNC_PLVR_CNFR","Aphanocapsa pulverea conferta","GBIF",
"B_APHNC_PLVR_DLCT","Aphanocapsa pulverea delicatissima","GBIF",
"B_APHNC_PLVR_ELCH","Aphanocapsa pulverea elachista","GBIF",
"B_APHNC_PLVR_INCR","Aphanocapsa pulverea incerta","GBIF",
"B_APHNC_PLVR_PRST","Aphanocapsa pulverea parasitica","GBIF",
"B_APHNT_APHN","Aphanothece aphanothecoides","GBIF",
"B_APHNT_ELBN_MAIR","Aphanothece elabens maior","GBIF",
"B_APHNT_ELBN_MINR","Aphanothece elabens minor","GBIF",
"B_APHNT_HFLR","Aphanothece heufleri","GBIF",
"B_APHNT_SXCL_NDLN","Aphanothece saxicola nidulans","GBIF",
"P_[FAM]_APHELIDD","Aphelidiidae","manually added",
"P_APSMN","Apusomonas","manually added",
"B_AQMCR_LUST","Aquamicrobium lusatiae","GBIF",
"P_ARCLL_ARNR","Arcella arenaria","manually added",
"P_ARCLL_ARNR_SPHG","Arcella arenaria sphagnicola","manually added",
"P_ARCLL_GBBS_LEVS","Arcella gibbosa levis","manually added",
"P_ARCLL_GBBS_MTRF","Arcella gibbosa mitriformis","manually added",
"P_ARCLL_HMSP_INTR","Arcella hemisphaerica intermedia","manually added",
"P_ARCLL_PLYP","Arcella polypora","manually added",
"P_ARCLL_RTND","Arcella rotundata","manually added",
"P_ARCLL_RTND_APLN","Arcella rotundata aplanata","manually added",
"P_ARCTH","Arcuothrix","manually added",
"F_ARTHP","Arthopyrenia","manually added",
"F_[FAM]_ARTHPYRN","Arthopyreniaceae","manually added",
"F_ADRMA_GYPS","Arthroderma gypsea","GBIF",
"F_ADRMA_YPSS","Arthroderma gypseus","GBIF",
"F_AHPHS","Arthrorhaphis","manually added",
"B_ARTHRS_SSNI","Arthrospira ardissoni","GBIF",
"B_ARTHRS_JNNR_PLTN","Arthrospira jenneri platensis","GBIF",
"AN_ASCRS_BCLR","Ascaris bicolor","GBIF",
"AN_ASCRS_CRCL","Ascaris circularis","GBIF",
"AN_ASCRS_PTGN","Ascaris patagonica","GBIF",
"AN_ASCRS_PEDM","Ascaris pedum","GBIF",
"AN_ASCRS_PLGS","Ascaris plagiostomorum","GBIF",
"AN_ASCRS_SMPL","Ascaris simplex","GBIF",
"AN_ASCRS_SBLT","Ascaris subulata","GBIF",
"AN_ASCRS_VRMC","Ascaris vermicularis","GBIF",
"F_ASPRG_ACRS","Aspergillus acristata","GBIF",
"F_ASPRG_ALBS_SPNS","Aspergillus albus spinosus","GBIF",
"F_ASPRG_AMST_MNTV","Aspergillus amstelodami montevidense","GBIF",
"F_ASPRG_ANCP","Aspergillus anceps","GBIF",
"F_ASPRG_ATHEC","Aspergillus athecia","GBIF",
"F_ASPRG_THCM","Aspergillus athecium","GBIF",
"F_ASPRG_CEJP_SPNS","Aspergillus cejpii spinosus","GBIF",
"F_ASPRG_CHVL_INTR","Aspergillus chevalieri intermedium","GBIF",
"F_ASPRG_CHLMY","Aspergillus chlamydospora","GBIF",
"F_ASPRG_CTRSP","Aspergillus citrispora","GBIF",
"F_ASPRG_CRLLG","Aspergillus corolligena","GBIF",
"F_ASPRG_DNTT","Aspergillus dentata","GBIF",
"F_ASPRG_DSCPH","Aspergillus discophora","GBIF",
"F_ASPRG_DYBW_LVSP","Aspergillus dybowskii levisporum","GBIF",
"F_ASPRG_DYBW_MCRS","Aspergillus dybowskii macrospora","GBIF",
"F_ASPRG_ECHNL","Aspergillus echinulata","GBIF",
"F_ASPRG_NLTM","Aspergillus echinulatum","GBIF",
"F_ASPRG_LFRA","Aspergillus filifera","GBIF",
"F_ASPRG_FSCH_LBRA","Aspergillus fischeri glabra","GBIF",
"F_ASPRG_FSCH_SPNS","Aspergillus fischeri spinosa","GBIF",
"F_ASPRG_FSCH_VRRC","Aspergillus fischeri verrucosa","GBIF",
"F_ASPRG_FUMGT_GLBR","Aspergillus fumigata glabra","GBIF",
"F_ASPRG_FUMGT_SPNS","Aspergillus fumigata spinosa","GBIF",
"F_ASPRG_FUMGT_VRRC","Aspergillus fumigata verrucosa","GBIF",
"F_ASPRG_FSCF","Aspergillus fuscoflavum","GBIF",
"F_ASPRG_GLCS_GRP","Aspergillus glaucus grp","GBIF",
"F_ASPRG_HRBR_FGNM","Aspergillus herbariorum fuegianum","GBIF",
"F_ASPRG_HRBR_MGLS","Aspergillus herbariorum megalospora","GBIF",
"F_ASPRG_HRBR_MINR","Aspergillus herbariorum minor","GBIF",
"F_ASPRG_HRBR_VLCM","Aspergillus herbariorum violaceum","GBIF",
"F_ASPRG_LUPP","Aspergillus luppii","GBIF",
"F_ASPRG_LUTE","Aspergillus lutea","GBIF",
"F_ASPRG_MINS","Aspergillus minus","GBIF",
"F_ASPRG_NDLN_ACRS","Aspergillus nidulans acristata","GBIF",
"F_ASPRG_NDLN_ARNT","Aspergillus nidulans aurantiobrunnea","GBIF",
"F_ASPRG_NDLN_DNTT","Aspergillus nidulans dentata","GBIF",
"F_ASPRG_NDLN_ECHN","Aspergillus nidulans echinulata","GBIF",
"F_ASPRG_NDLN_FRTL","Aspergillus nidulans fertilion","GBIF",
"F_ASPRG_NDLN_LATA","Aspergillus nidulans lata","GBIF",
"F_ASPRG_NIGR_SCHM","Aspergillus niger schiemanni","GBIF",
"F_ASPRG_NVGLC","Aspergillus niveoglaucum","GBIF",
"F_ASPRG_OCHRAC_MCRS","Aspergillus ochracea microspora","GBIF",
"F_ASPRG_OSTN_CPPR","Aspergillus ostianus capparidis","GBIF",
"F_ASPRG_PRVTH","Aspergillus parvathecia","GBIF",
"F_ASPRG_CHRI","Aspergillus pseudofischeri","GBIF",
"F_ASPRG_LNTA","Aspergillus pulverulenta","GBIF",
"F_ASPRG_QDRCN","Aspergillus quadricincta","GBIF",
"F_ASPRG_QRCN","Aspergillus quercina","GBIF",
"F_ASPRG_RPNS_AMST","Aspergillus repens amstelodami","GBIF",
"F_ASPRG_RPNS_CHVL","Aspergillus repens chevalieri","GBIF",
"F_ASPRG_RPNS_CLMN","Aspergillus repens columnare","GBIF",
"F_ASPRG_RPNS_PRVV","Aspergillus repens parvivesiculosum","GBIF",
"F_ASPRG_RPNS_PSDG","Aspergillus repens pseudoglaucum","GBIF",
"F_ASPRG_RSTR_EBRN","Aspergillus restrictus eborinus","GBIF",
"F_ASPRG_RUGLS_LZLN","Aspergillus rugulosa lazulina","GBIF",
"F_ASPRG_SLNR","Aspergillus salinarus","GBIF",
"F_ASPRG_SPINLS","Aspergillus spinulosa","GBIF",
"F_ASPRG_STRMN","Aspergillus stramenia","GBIF",
"F_ASPRG_SUBLT","Aspergillus sublata","GBIF",
"F_ASPRG_SBLVS","Aspergillus sublevispora","GBIF",
"F_ASPRG_TNTN","Aspergillus tunetana","GBIF",
"F_ASPRG_UMBRS","Aspergillus umbrosum","GBIF",
"F_ASPRG_VRCL_ASTL","Aspergillus variecolor astellata","GBIF",
"F_ASTRDL","Asteridiella","manually added",
"B_ATPBM_RVLS","Atopobium parvulus","GBIF",
"F_ARBSD_FRMN_BNDK","Aureobasidium fermentans benedekii","GBIF",
"F_ARBSD_FRMN_CNDD","Aureobasidium fermentans candida","GBIF",
"F_ARBSD_FRMN_CSTL","Aureobasidium fermentans castellani","GBIF",
"F_ARBSD_FRMN_LLNI","Aureobasidium fermentans castellanii","GBIF",
"F_ARBSD_FRMN_FRMN","Aureobasidium fermentans fermentans","GBIF",
"F_ARBSD_FRMN_FUSC","Aureobasidium fermentans fusca","GBIF",
"F_ARBSD_FRMN_LEAO","Aureobasidium fermentans leaoi","GBIF",
"F_ARBSD_FRMN_SCCH","Aureobasidium fermentans saccharofermentans","GBIF",
"F_ARBSD_FRMN_SCHN","Aureobasidium fermentans schoenii","GBIF",
"F_ARBSD_FUSC","Aureobasidium fusca","GBIF",
"F_ARBSD_HRPS_PHRD","Aureobasidium harposporum phoradendri","GBIF",
"F_ARBSD_HORD","Aureobasidium hordei","GBIF",
"F_ARBSD_MLCL","Aureobasidium malicola","GBIF",
"F_ARBSD_MTNG","Aureobasidium metaniger","GBIF",
"F_ARBSD_MCRST","Aureobasidium microsticta","GBIF",
"F_ARBSD_NIGR","Aureobasidium niger","GBIF",
"F_ARBSD_NGRA","Aureobasidium nigra","GBIF",
"F_ARBSD_NGRS_PLLL","Aureobasidium nigrescens pullulans","GBIF",
"F_ARBSD_PHRD","Aureobasidium phoradendri","GBIF",
"F_ARBSD_PHRD_UMBL","Aureobasidium phoradendri umbellulariae","GBIF",
"F_ARBSD_PLLL_FUSC","Aureobasidium pullulans fusca","GBIF",
"F_ARBSD_SCHN","Aureobasidium schoenii","GBIF",
"B_AZSPR_SLLM","Azospira suillum","manually added",
"B_ARLLM_FAUR","Azospirillum fauriae","GBIF",
"B_ARLLM_MBLS","Azospirillum largomobilis","GBIF",
"P_BCLLD_STRCT","Bacillidium stricta","manually added",
"B_BCLLS_RGSS","Bacillus rugosus","manually added",
"B_BCLLS_TQLNS","Bacillus tequilaensis","GBIF",
"B_BCTRD_CACMR","Bacteroides caecimuri","GBIF",
"P_BADHM_AFFN_ARML","Badhamia affinis armillata","manually added",
"P_BADHM_AFFN_MCRS","Badhamia affinis microspora","manually added",
"P_BADHM_AFFN_ORBC","Badhamia affinis orbiculata","manually added",
"P_BADHM_ALPN","Badhamia alpina","manually added",
"P_BADHM_ARML","Badhamia armillata","manually added",
"P_BADHM_ARNT","Badhamia aurantiaca","manually added",
"P_BADHM_BTRY","Badhamia botryoides","manually added",
"P_BADHM_BTRY_CHLY","Badhamia botryoides chalybeum","manually added",
"P_BADHM_BTRY_HYLN","Badhamia botryoides hyalinum","manually added",
"P_BADHM_BTRY_OVDM","Badhamia botryoides ovoideum","manually added",
"P_BADHM_RYTS","Badhamia botrytes","manually added",
"P_BADHM_CPSL","Badhamia capsulifer","manually added",
"P_BADHM_LFRA_ARBR","Badhamia capsulifera arborea","manually added",
"P_BADHM_LFRA_LIBR","Badhamia capsulifera libera","manually added",
"P_BADHM_LFRA_MNLF","Badhamia capsulifera monilifera","manually added",
"P_BADHM_LFRA_PPVR","Badhamia capsulifera papaveracea","manually added",
"P_BADHM_LFRA_RPNS","Badhamia capsulifera repens","manually added",
"P_BADHM_LFRM","Badhamia capsuliferum","manually added",
"P_BADHM_CNCN","Badhamia concinnum","manually added",
"P_BADHM_DRNS","Badhamia dearnessii","manually added",
"P_BADHM_FLCL_FLVS","Badhamia foliicola flavescens","manually added",
"P_BADHM_GRCL","Badhamia gracilis","manually added",
"P_BADHM_GRCL_MLNS","Badhamia gracilis melanospora","manually added",
"P_BADHM_HYLN","Badhamia hyalina","manually added",
"P_BADHM_HYLN_GRCL","Badhamia hyalina gracilis","manually added",
"P_BADHM_HYLN_PPVR","Badhamia hyalina papaveracea","manually added",
"P_BADHM_HYLN_SBSS","Badhamia hyalina subsessilis","manually added",
"P_BADHM_YLNM","Badhamia hyalinum","manually added",
"P_BADHM_YLNM_ALBD","Badhamia hyalinum albidum","manually added",
"P_BADHM_YLNM_CHLY","Badhamia hyalinum chalybaeum","manually added",
"P_BADHM_INRT","Badhamia inaurata","manually added",
"P_BADHM_LLCN_MGSP","Badhamia lilacina megaspora","manually added",
"P_BADHM_LCNM","Badhamia lilacinum","manually added",
"P_BADHM_MCRC","Badhamia macrocarpa","manually added",
"P_BADHM_MCRC_GRCL","Badhamia macrocarpa gracilis","manually added",
"P_BADHM_MCRC_SSSL","Badhamia macrocarpa sessilis","manually added",
"P_BADHM_MCRC_STPT","Badhamia macrocarpa stipitata","manually added",
"P_BADHM_CRPN","Badhamia macrocarpon","manually added",
"P_BADHM_CRPS_GRCL","Badhamia macrocarpos gracilis","manually added",
"P_BADHM_CRPS_SSSL","Badhamia macrocarpos sessilis","manually added",
"P_BADHM_CRPS_STPT","Badhamia macrocarpos stipitata","manually added",
"P_BADHM_MAGN","Badhamia magna","manually added",
"P_BADHM_MGNM","Badhamia magnum","manually added",
"P_BADHM_MLLC","Badhamia melaleucum","manually added",
"P_BADHM_NTNS_ARNT","Badhamia nitens aurantiaca","manually added",
"P_BADHM_NTNS_RTCL","Badhamia nitens reticulata","manually added",
"P_BADHM_ORBC","Badhamia orbiculata","manually added",
"P_BADHM_ORBC_MCRS","Badhamia orbiculata microspora","manually added",
"P_BADHM_OVDM","Badhamia ovoideum","manually added",
"P_BADHM_PLLD","Badhamia pallida","manually added",
"P_BADHM_PANC_CNFR","Badhamia panicea conferta","manually added",
"P_BADHM_PANC_HTRS","Badhamia panicea heterospora","manually added",
"P_BADHM_PNCM","Badhamia paniceum","manually added",
"P_BADHM_VRNM","Badhamia papaverinum","manually added",
"P_BADHM_RTCL","Badhamia reticulatum","manually added",
"P_BADHM_RBFR","Badhamia rubiformis","manually added",
"P_BADHM_SCHM","Badhamia schmitzii","manually added",
"P_BADHM_UTRC","Badhamia utriculare","manually added",
"P_BADHM_CLRS_MCRS","Badhamia utricularis microspora","manually added",
"P_BADHM_CLRS_NGRP","Badhamia utricularis nigripes","manually added",
"P_BADHM_CLRS_SCHM","Badhamia utricularis schimperiana","manually added",
"P_BADHM_CLRS_SSSL","Badhamia utricularis sessilis","manually added",
"P_BADHM_CLRS_SPLN","Badhamia utricularis splendens","manually added",
"P_BADHM_VARI","Badhamia varia","manually added",
"P_BDHMP_AINO_MCRS","Badhamiopsis ainoae macrospora","manually added",
"P_BDHMP_INOI","Badhamiopsis ainoi","manually added",
"P_BDHMP_ORBC_MCRS","Badhamiopsis orbiculata microspora","manually added",
"F_[FAM]_BAEMYCTC","Baeomycetaceae","manually added",
"P_BAILY_MTBL","Baileyi mutabilis","manually added",
"P_BAJKR_RSTR","Bajkuria rostrata","manually added",
"P_BRBLN","Barbulanympha","manually added",
"B_BRTNL_MSTM","Bartonella mastomydis","manually added",
"F_BATKO_OBSC","Batkoa obscurus","GBIF",
"F_BEAVR_RNRM","Beauveria arenarium","GBIF",
"F_BEAVR_BSSN_LNZN","Beauveria bassiana lunzinensis","GBIF",
"F_BEAVR_BSSN_TNLL","Beauveria bassiana tenella","GBIF",
"F_BEAVR_BRNG_DLCR","Beauveria brongniartii delacroixii","GBIF",
"F_BEAVR_DNSM","Beauveria densum","GBIF",
"F_BEAVR_EPGM_TRRS","Beauveria epigaeum terrestre","GBIF",
"F_BEAVR_FELN_AVIR","Beauveria felina aviaria","GBIF",
"F_BEAVR_FELN_CNCL","Beauveria felina cuniculina","GBIF",
"F_BEAVR_FELN_DMST","Beauveria felina domestica","GBIF",
"F_BEAVR_FELN_PIRN","Beauveria felina pirina","GBIF",
"F_BEAVR_FELN_SUIN","Beauveria felina suina","GBIF",
"F_BEAVR_FLNM","Beauveria felinum","GBIF",
"F_BEAVR_FLVC_SPCT","Beauveria flavicans spicatum","GBIF",
"F_BEAVR_LFRM","Beauveria globuliferum","GBIF",
"F_BEAVR_KOGN","Beauveria kogane","GBIF",
"F_BEAVR_LRVT","Beauveria larvatum","GBIF",
"F_BEAVR_LRVC","Beauveria larvicola","GBIF",
"F_BEAVR_PRNNS","Beauveria paranaense","GBIF",
"F_BEAVR_NDRS_MCRC","Beauveria stephanoderis macroconidiana","GBIF",
"F_BPLRS_ACRT","Bipolaris acrothecioides","GBIF",
"F_BPLRS_CLFR","Bipolaris californica","GBIF",
"F_BPLRS_RNCM","Bipolaris californicum","GBIF",
"F_BPLRS_CRBN","Bipolaris carbonum","GBIF",
"F_BPLRS_LLDM","Bipolaris flagelloideum","GBIF",
"F_BPLRS_MCRC","Bipolaris macrocarpum","GBIF",
"F_BPLRS_MYBN","Bipolaris miyabeanus","GBIF",
"F_BPLRS_STVM","Bipolaris sativum","GBIF",
"F_BPLRS_STVS","Bipolaris sativus","GBIF",
"F_BPLRS_SRGH","Bipolaris sorghi","GBIF",
"P_BRRMR","Birrimarnoldia","manually added",
"B_BLAUT_MRSM","Blautia marasmi","manually added",
"B_BLNNT_RDSM","Blennothrix cantharidosum","GBIF",
"B_BLNNT_BYCE","Blennothrix lyngbyaceae","GBIF",
"P_BNTCR","Bonetocardiella","manually added",
"P_BTLLS","Botellus","manually added",
"B_BRCHA_BALN","Brachytrichia balani","GBIF",
"B_BRCHA_QUOY","Brachytrichia quoyi","GBIF",
"B_BRDYR_BRSL","Bradyrhizobium brasilense","manually added",
"P_BRGNS_CRVT","Braginastrum curvata","manually added",
"B_BRVBC_GLCT","Brevibacillus galactophilus","GBIF",
"B_BRVRH_MNGN","Brevirhabdus manganoxidans","GBIF",
"B_BUDVC_AQTC","Budvicia aquatica","LPSN",
"F_BUELL","Buellia","manually added",
"P_BURKE_GATS","Burkea gatesi","manually added",
"B_BRKHL_ANTM","Burkholderia antimicrobica","GBIF",
"B_BRKHL_PYRR","Burkholderia pyrrocinia","LPSN",
"B_BRKHL_RMSS","Burkholderia reimsis","manually added",
"B_BCMNS_VGNL","Butyricimonas vaginalis","manually added",
"B_CACBCTR_HXNC","Caecibacter hexanoica","GBIF",
"B_CLDNR_PCFC","Caldanaerobacter pacificum","GBIF",
"B_CLDNR_TNGC","Caldanaerobacter tengcongensis","GBIF",
"B_CLDNR_YNSN","Caldanaerobacter yonseiensis","GBIF",
"F_CALCM","Calicium","manually added",
"P_CALLL","Callela","manually added",
"P_CLLCN_NTNS","Calliacantha natans","manually added",
"P_CALNM_DSSP_TBGR","Calonema dissipatum tubigranulatum","manually added",
"B_CLTHR_AMBG","Calothrix ambigua","GBIF",
"B_CLTHR_CLTH","Calothrix calothrichoides","GBIF",
"B_CLTHR_FLGN","Calothrix fuliginosa","GBIF",
"B_CLTHR_INCR","Calothrix incerta","GBIF",
"B_CLTHR_LNGS","Calothrix longissima","GBIF",
"B_CLTHR_SPEC","Calothrix spec","GBIF",
"F_CANDD_ACTN","Candida actoni","GBIF",
"F_CANDD_AEGY","Candida aegyptiaca","GBIF",
"F_CANDD_ALBC_NNLQ","Candida albicans non-liquefaciens","GBIF",
"F_CANDD_ALBC_VLLM","Candida albicans vuilleminii","GBIF",
"F_CANDD_LBUM","Candida album","GBIF",
"F_CANDD_ALBS","Candida albus","GBIF",
"F_CANDD_ALVR","Candida alvarezsotoi","GBIF",
"F_CANDD_APPN","Candida appendiculare","GBIF",
"F_CANDD_NTNA","Candida argentina","GBIF",
"F_CANDD_ARTH","Candida arthurii","GBIF",
"F_CANDD_ASHF","Candida ashfordii","GBIF",
"F_CANDD_NTCM","Candida atlanticum","GBIF",
"F_CANDD_BTHL","Candida bethaliense","GBIF",
"F_CANDD_BMND_CHLM","Candida bimundalis chlamydospora","GBIF",
"F_CANDD_BRNCH","Candida bronchiale","GBIF",
"F_CANDD_BCCL","Candida buccale","GBIF",
"F_CANDD_CCLS","Candida buccalis","GBIF",
"F_CANDD_BRGS","Candida burgessii","GBIF",
"F_CANDD_CBRL","Candida cabralensis","MycoBank",
"F_CANDD_RNCS","Candida californicus","GBIF",
"F_CANDD_CNDD","Candida candida","GBIF",
"F_CANDD_CNDD_CNCL","Candida candida cuniculi","GBIF",
"F_CANDD_CNDD_MARN","Candida candida marina","GBIF",
"F_CANDD_CNDD_NTRT","Candida candida nitratophila","GBIF",
"F_CANDD_NDDM","Candida candidum","GBIF",
"F_CANDD_NDDS","Candida candidus","GBIF",
"F_CANDD_CANS","Candida canis","GBIF",
"F_CANDD_CLLB","Candida cellobiovorus","GBIF",
"F_CANDD_CLRD","Candida colardii","GBIF",
"F_CANDD_CLLCL","Candida colliculosus","GBIF",
"F_CANDD_CPLL","Candida copellii","GBIF",
"F_CANDD_CRUZ","Candida cruzii","GBIF",
"F_CANDD_CUTN","Candida cutanea","GBIF",
"F_CANDD_CTNM","Candida cutaneum","GBIF",
"F_CANDD_CTNM_CTNM","Candida cutaneum cutaneum","GBIF",
"F_CANDD_CTNM_FUJI","Candida cutaneum fujii","GBIF",
"F_CANDD_DCLR","Candida decolorans","GBIF",
"F_CANDD_DRMT","Candida dermatensis","GBIF",
"F_CANDD_SDSM","Candida desidiosum","GBIF",
"F_CANDD_DMRP","Candida dimorpha","GBIF",
"F_CANDD_EGYP","Candida egyptiaca","GBIF",
"F_CANDD_TRCM","Candida entericum","GBIF",
"F_CANDD_TRCS","Candida entericus","GBIF",
"F_CANDD_EPDR","Candida epidermica","GBIF",
"F_CANDD_ERCT","Candida erectum","GBIF",
"F_CANDD_FCLS","Candida faecalis","GBIF",
"F_CANDD_FICC","Candida fioccoi","GBIF",
"F_CANDD_GFNS","Candida gifuense","GBIF",
"F_CANDD_FNSS","Candida gifuensis","GBIF",
"F_CANDD_GRCL","Candida gracile","GBIF",
"F_CANDD_GRBY","Candida grubyi","GBIF",
"F_CANDD_GRTZ","Candida gruetzii","GBIF",
"F_CANDD_HAMLN_VLNR","Candida haemuloni vulneris","GBIF",
"F_CANDD_HRTR","Candida harteri","GBIF",
"F_CANDD_HSGW","Candida hasegawae","GBIF",
"F_CANDD_INCN_FLFR","Candida inconspicua filiforme","GBIF",
"F_CANDD_INCN_INCN","Candida inconspicua inconspicua","GBIF",
"F_CANDD_INXR","Candida inexorabilis","GBIF",
"F_CANDD_SLTM","Candida insolitum","GBIF",
"F_CANDD_SLTS","Candida insolitus","GBIF",
"F_CANDD_INTRD","Candida interdigitalis","GBIF",
"F_CANDD_INTR_ETHN","Candida intermedia ethanophila","GBIF",
"F_CANDD_RMDM","Candida intermedium","GBIF",
"F_CANDD_RMDS","Candida intermedius","GBIF",
"F_CANDD_INTS","Candida intestinale","GBIF",
"F_CANDD_INTS_EPDR","Candida intestinale epidermicum","GBIF",
"F_CANDD_INTS_INTS","Candida intestinale intestinale","GBIF",
"F_CANDD_IRRT","Candida irritans","GBIF",
"F_CANDD_ISSV","Candida issavi","GBIF",
"F_CANDD_KYNG","Candida kayongosi","GBIF",
"F_CANDD_LRYN","Candida laryngitidis","GBIF",
"F_CANDD_LNGP","Candida linguae-pilosae","GBIF",
"F_CANDD_MNNT","Candida mannitofermentans","GBIF",
"F_CANDD_RTMM","Candida maritimum","GBIF",
"F_CANDD_MTTL","Candida mattletii","GBIF",
"F_CANDD_MELBS_MMBR","Candida melibiosi membranaefaciens","GBIF",
"F_CANDD_MTLN","Candida metalondinense","GBIF",
"F_CANDD_MTLND_MTLN","Candida metalondinensis metalondinensis","GBIF",
"F_CANDD_MTLND_PSDL","Candida metalondinensis pseudolondinensis","GBIF",
"F_CANDD_MTTR","Candida metatropicalis","GBIF",
"F_CANDD_MTSC","Candida metschnikoffii","GBIF",
"F_CANDD_MSAL","Candida miso-alpha","GBIF",
"F_CANDD_MLRD","Candida molardii","GBIF",
"F_CANDD_MRMN","Candida murmanica","GBIF",
"F_CANDD_NBRR","Candida nabarroi","GBIF",
"F_CANDD_NGRN","Candida negronii","GBIF",
"F_CANDD_NIVM","Candida niveum","GBIF",
"F_CANDD_NIVS","Candida niveus","GBIF",
"F_CANDD_NRWG","Candida norwegica","GBIF",
"F_CANDD_ONYC","Candida onychophila","GBIF",
"F_CANDD_OSPR","Candida oosporoides","GBIF",
"F_CANDD_OSPR_OSPR","Candida oosporoides oosporoides","GBIF",
"F_CANDD_PRPSL","Candida parapsilopsis","GBIF",
"F_CANDD_PRPS_QURC","Candida parapsilosis querci","GBIF",
"F_CANDD_PRTRP","Candida paratropicale","GBIF",
"F_CANDD_PRNG","Candida periunguealis","GBIF",
"F_CANDD_PRRY","Candida perryi","GBIF",
"F_CANDD_PTRP","Candida petrophilus","GBIF",
"F_CANDD_PINY_NBRR","Candida pinoyi nabarroi","GBIF",
"F_CANDD_PINY_PINY","Candida pinoyi pinoyi","GBIF",
"F_CANDD_PNYS_PNYS","Candida pinoysimilis pinoysimilis","GBIF",
"F_CANDD_PLMR","Candida pleomorphus","GBIF",
"F_CANDD_PSDLB","Candida pseudoalbicans","GBIF",
"F_CANDD_PSDLN","Candida pseudolondinensis","GBIF",
"F_CANDD_DNDS","Candida pseudolondinoides","GBIF",
"F_CANDD_PSDM","Candida pseudometalondinensis","GBIF",
"F_CANDD_PSLS","Candida psilose","GBIF",
"F_CANDD_PLMN","Candida pulmonale","GBIF",
"F_CANDD_RCHM","Candida richmondii","GBIF",
"F_CANDD_ROBN","Candida robinii","GBIF",
"F_CANDD_SLVCL_MLBS","Candida silvicola melibiosica","GBIF",
"F_CANDD_SKTT","Candida skutetzkyi","GBIF",
"F_CANDD_SRNV","Candida srinivasii","GBIF",
"F_CANDD_TALC","Candida talicei","GBIF",
"F_CANDD_TNSL","Candida tonsillae","GBIF",
"F_CANDD_TNSL_AFLA","Candida tonsillae afla","GBIF",
"F_CANDD_TNSL_TNSL","Candida tonsillae tonsillae","GBIF",
"F_CANDD_LLRM","Candida tonsillarum","GBIF",
"F_CANDD_TRMR","Candida trimorpha","GBIF",
"F_CANDD_TLNN_MNNT","Candida tulanense mannitolfermentans","GBIF",
"F_CANDD_TMFA","Candida tumefaciens-alba","GBIF",
"F_CANDD_SLBM","Candida tumefaciens-album","GBIF",
"F_CANDD_SLBS","Candida tumefaciens-albus","GBIF",
"F_CANDD_UNGS","Candida unguis","GBIF",
"F_CANDD_UNGM","Candida unguium","GBIF",
"F_CANDD_NGUS","Candida unguius","GBIF",
"F_CANDD_UVAE","Candida uvae","GBIF",
"F_CANDD_UVAE_MISO","Candida uvae miso","GBIF",
"F_CANDD_VGNL","Candida vaginalis","GBIF",
"F_CANDD_VRTC","Candida verticillata","GBIF",
"F_CANDD_LLTS","Candida verticillatus","GBIF",
"F_CANDD_VESC","Candida vesica","GBIF",
"F_CANDD_VSCM","Candida vesicum","GBIF",
"F_CANDD_VOSS","Candida vossii","GBIF",
"F_CANDD_VLLM","Candida vuilleminii","GBIF",
"F_CANDD_ZYLN_MCRG","Candida zeylanoides macroglossiae","GBIF",
"B_CRNBCT_CRNS","Carnobacterium carnis","GBIF",
"B_CRNBCT_RMCS","Carnobacterium maltaromicus","GBIF",
"P_CVSPN_URIA","Cavaspina uria","manually added",
"P_CVNDR_AMPHS","Cavenderia amphisporum","manually added",
"P_CVNDR_CTCM","Cavenderia antarcticum","manually added",
"P_CVNDR_ARST_HLVT","Cavenderia aureo-stipes helvetium","manually added",
"P_CVNDR_STPS_HLVT","Cavenderia aureostipes helvetium","manually added",
"P_CVNDR_RCTM","Cavenderia bifurcatum","manually added",
"P_CVNDR_BMRNG","Cavenderia boomerangisporum","manually added",
"P_CVNDR_LCTM","Cavenderia delicatum","manually added",
"P_CVNDR_NTVM","Cavenderia deminutivum","manually added",
"P_CVNDR_EXGM","Cavenderia exiguum","manually added",
"P_CVNDR_CLTM","Cavenderia fasciculatum","manually added",
"P_CVNDR_CLDM","Cavenderia fasciculoideum","manually added",
"P_CVNDR_PHRM","Cavenderia granulophorum","manually added",
"P_CVNDR_CRPM","Cavenderia macrocarpum","manually added",
"P_CVNDR_XCNM","Cavenderia mexicanum","manually added",
"P_CVNDR_MCRSP","Cavenderia microsporum","manually added",
"P_CVNDR_PRVSP","Cavenderia parvisporum","manually added",
"P_CVNDR_LLTM","Cavenderia stellatum","manually added",
"B_CLLLSM_CART","Cellulosimicrobium cartae","GBIF",
"B_CLLLSM_FRMN","Cellulosimicrobium fermentans","GBIF",
"B_CLLLSM_LYTC","Cellulosimicrobium lyticum","GBIF",
"B_CLLLSM_XNTH","Cellulosimicrobium xanthineolytica","GBIF",
"P_CNTRP_AERP_GLBL","Centropyxis aerophila globulosa","manually added",
"P_CNTRP_AERP_SYLV","Centropyxis aerophila sylvatica","manually added",
"P_CNTRP_CNST_ELNG","Centropyxis constricta elongata","manually added",
"P_CNTRP_SYLV_GLBL","Centropyxis sylvatica globulosa","manually added",
"F_CPHLS_GRVS","Cephaloascus grovesii","GBIF",
"P_CPHLT","Cephalothamnium","manually added",
"P_CRTMY_ARBS","Ceratiomyxa arbuscula","manually added",
"P_CRTMY_AURM","Ceratiomyxa aureum","manually added",
"P_CRTMY_BYSS","Ceratiomyxa byssoides","manually added",
"P_CRTMY_CAES","Ceratiomyxa caesia","manually added",
"P_CRTMY_CAES_CAES","Ceratiomyxa caesia caesia","manually added",
"P_CRTMY_CRST","Ceratiomyxa crustosum","manually added",
"P_CRTMY_DSCN","Ceratiomyxa descendens","manually added",
"P_CRTMY_FLFR","Ceratiomyxa filiforme","manually added",
"P_CRTMY_FRYN","Ceratiomyxa freyana","manually added",
"P_CRTMY_FRTC_ARBS","Ceratiomyxa fruticulosa arbuscula","manually added",
"P_CRTMY_FRTC_ARNT","Ceratiomyxa fruticulosa aurantiaca","manually added",
"P_CRTMY_FRTC_AURE","Ceratiomyxa fruticulosa aurea","manually added",
"P_CRTMY_FRTC_CAES","Ceratiomyxa fruticulosa caesia","manually added",
"P_CRTMY_FRTC_COMT","Ceratiomyxa fruticulosa comata","manually added",
"P_CRTMY_FRTC_CRST","Ceratiomyxa fruticulosa crustosum","manually added",
"P_CRTMY_FRTC_DSCN","Ceratiomyxa fruticulosa descendens","manually added",
"P_CRTMY_FRTC_FLAV","Ceratiomyxa fruticulosa flava","manually added",
"P_CRTMY_FRTC_FLXS","Ceratiomyxa fruticulosa flexuosa","manually added",
"P_CRTMY_FRTC_PRDS","Ceratiomyxa fruticulosa porioides","manually added",
"P_CRTMY_FRTC_ROSE","Ceratiomyxa fruticulosa rosea","manually added",
"P_CRTMY_FRTC_RSLL","Ceratiomyxa fruticulosa rosella","manually added",
"P_CRTMY_CLSA","Ceratiomyxa frutucilosa","manually added",
"P_CRTMY_FSCM","Ceratiomyxa fuscum","manually added",
"P_CRTMY_HYDN","Ceratiomyxa hydnoidea","manually added",
"P_CRTMY_DNDM","Ceratiomyxa hydnoideum","manually added",
"P_CRTMY_DNDM_RMSS","Ceratiomyxa hydnoideum ramossisimum","manually added",
"P_CRTMY_DNDM_SBRT","Ceratiomyxa hydnoideum subreticulatum","manually added",
"P_CRTMY_MUCD","Ceratiomyxa mucida","manually added",
"P_CRTMY_MUCD_ARBS","Ceratiomyxa mucida arbuscula","manually added",
"P_CRTMY_MUCD_FLXS","Ceratiomyxa mucida flexuosa","manually added",
"P_CRTMY_MUCD_HYDN","Ceratiomyxa mucida hydnoidea","manually added",
"P_CRTMY_MUCD_PRDS","Ceratiomyxa mucida porioides","manually added",
"P_CRTMY_MCDM","Ceratiomyxa mucidum","manually added",
"P_CRTMY_PLMS","Ceratiomyxa plumosa","manually added",
"P_CRTMY_PRDS","Ceratiomyxa porioides","manually added",
"P_CRTMY_PRDS_ALBA","Ceratiomyxa porioides alba","manually added",
"P_CRTMY_PRDS_FLVM","Ceratiomyxa porioides flavum","manually added",
"P_CRTMY_PRDS_LCTM","Ceratiomyxa porioides lacteum","manually added",
"P_CRTMY_PCCN","Ceratiomyxa puccinia","manually added",
"P_CRTMY_PYXD","Ceratiomyxa pyxidatum","manually added",
"P_CRTMY_PYXD_CRNT","Ceratiomyxa pyxidatum cornutum","manually added",
"P_CRTMY_PYXD_FLBL","Ceratiomyxa pyxidatum flabellatum","manually added",
"P_CRTMY_RTCL","Ceratiomyxa reticulosa","manually added",
"P_CRTMY_ROSM","Ceratiomyxa roseum","manually added",
"P_CRTMY_RBCN","Ceratiomyxa rubicundum","manually added",
"P_CRTMY_SPHR","Ceratiomyxa sphaeroideum","manually added",
"P_CXLLA_THTN_NTRP","Ceratiomyxella tahitiensis neotropicalis","manually added",
"B_CRBCT_MGLP","Cereibacter megalophilus","GBIF",
"F_CHTMM_AGRC","Chaetomium agricola","GBIF",
"F_CHTMM_ALBG","Chaetomium albogriseum","GBIF",
"F_CHTMM_ANGPL","Chaetomium anguipilia","GBIF",
"F_CHTMM_CLFR","Chaetomium californica","GBIF",
"F_CHTMM_CRST","Chaetomium cristalliferum","GBIF",
"F_CHTMM_DSCS","Chaetomium discospora","GBIF",
"F_CHTMM_FSSP","Chaetomium fusispora","GBIF",
"F_CHTMM_MGSP","Chaetomium megaspora","GBIF",
"F_CHTMM_PLLF_BSCH","Chaetomium piluliferum baschkyriense","GBIF",
"F_CHTMM_PLFR","Chaetomium piuliferum","GBIF",
"F_CHTMM_SCPL","Chaetomium scopula","GBIF",
"F_CHTMM_TRGN","Chaetomium trigonospora","GBIF",
"B_CHMSP_GRACL","Chamaesiphon gracile","GBIF",
"B_CHMSP_GRCL_ELNG","Chamaesiphon gracilis elongatus","GBIF",
"B_CHMSP_GRCL_MAIR","Chamaesiphon gracilis maior","GBIF",
"B_CHMSP_MNTS_MAIR","Chamaesiphon minutus maior","GBIF",
"B_CHMSP_REGLR","Chamaesiphon regulari","GBIF",
"P_CHAOS_CRLN","Chaos carolinense","manually added",
"P_CHSMS","Chasmostoma","manually added",
"B_CHMRB_ARCH","Chimaeribacter archeti","GBIF",
"B_CLRBM_CLTH","Chlorobium clathratiforme","manually added",
"B_CLRBM_PHCL","Chlorobium phaeoclathratiforme","GBIF",
"B_CHRCCC_BRMN","Chroococcidiopsis burmensis","GBIF",
"B_CHRCC_MINM_SMTH","Chroococcus minima smithii","GBIF",
"B_CHRCC_MINR_DSPR","Chroococcus minor dispersa","GBIF",
"B_CHRCC_MINR_PRSS","Chroococcus minor dispersus","GBIF",
"B_CHRCC_MNTS_MNMS","Chroococcus minutus minimus","GBIF",
"B_CHRCC_PRRP_LTCP","Chroococcus praerupta laticeps","GBIF",
"B_CHRCC_RFSC_TRCN","Chroococcus rufescens turicensis","GBIF",
"B_CHRCC_TRGD_MPTN","Chroococcus turgidus mipitanensis","GBIF",
"B_CHRCC_TRGD_TENX","Chroococcus turgidus tenax","GBIF",
"B_CHRCC_TRGD_THRM","Chroococcus turgidus thermalis","GBIF",
"F_CRCNL_CRCN","Circinella circinans","MycoBank",
"F_CRCNL_CRCN_VLGG","Circinella circinans volgogradensis","GBIF",
"F_CRCNL_NAMV","Circinella naumovii","MycoBank",
"F_CRCNL_RNFR","Circinella reniformis","MycoBank",
"B_CTRBC_MLNT","Citrobacter malonatica","GBIF",
"F_CLDPH_TRCH","Cladophialophora trichoides","GBIF",
"F_CLDPH_TRCH_CHLM","Cladophialophora trichoides chlamydosporum","GBIF",
"F_CLDSP_ABRN","Cladosporium abroniae","GBIF",
"F_CLDSP_ALLCN_ARTH","Cladosporium allicina arthopyrenioides","GBIF",
"F_CLDSP_ALLI_ALLP","Cladosporium allii allii-porri","GBIF",
"F_CLDSP_ALLI_ALLS","Cladosporium allii allii-sativi","GBIF",
"F_CLDSP_ALLI_BOMR","Cladosporium allii bomareae","GBIF",
"F_CLDSP_ALLI_CPVR","Cladosporium allii cepivorum","GBIF",
"F_CLDSP_ALLI_FUNK","Cladosporium allii funkiae","GBIF",
"F_CLDSP_ALLI_MNTM","Cladosporium allii minutum","GBIF",
"F_CLDSP_ALLI_PLYG","Cladosporium allii polygonati","GBIF",
"F_CLDSP_ALLI_SSYR","Cladosporium allii sisyrinchii","GBIF",
"F_CLDSP_MFLE","Cladosporium elymifoliae","GBIF",
"F_CLDSP_EPPH_CHNN","Cladosporium epiphyllum chionanthi","GBIF",
"F_CLDSP_ERPH","Cladosporium eriophila","GBIF",
"F_CLDSP_FLXS","Cladosporium flexuosum","GBIF",
"F_CLDSP_GRNC","Cladosporium goiranicum","GBIF",
"F_CLDSP_GRCL_MSCR","Cladosporium gracile muscaridis","GBIF",
"F_CLDSP_HMCL","Cladosporium humicola","GBIF",
"F_CLDSP_HMCL_BRNN","Cladosporium humicola brunnea","GBIF",
"F_CLDSP_LBRN","Cladosporium laburni","GBIF",
"F_CLDSP_MCRS","Cladosporium macrospora","GBIF",
"F_CLDSP_MLPH","Cladosporium melophthorum","GBIF",
"F_CLDSP_ORNT_ALLP","Cladosporium ornithogali allii-porri","GBIF",
"F_CLDSP_ORNT_MINS","Cladosporium ornithogali minus","GBIF",
"F_CLDSP_TSSN_ARTH","Cladosporium tassiana arthopyrenioides","GBIF",
"F_CLDSP_TSSN_MCRS","Cladosporium tassiana macrospora","GBIF",
"F_CLDSP_VLGR","Cladosporium vulgare","GBIF",
"F_CLDSP_VLGR_FNGR","Cladosporium vulgare fungorum","GBIF",
"F_CLDSP_VLGR_HRBR","Cladosporium vulgare herbarum","GBIF",
"B_CLSTD_STGR_RVLR","Clastidium setigerum rivulare","GBIF",
"P_CLSTD_BDHM","Clastoderma badhamianum","manually added",
"P_CLSTD_BRYI","Clastoderma debaryi","manually added",
"P_CLSTD_DCTY","Clastoderma dictyosporum","manually added",
"P_CLSTD_ELGN_MCRC","Clastoderma elegans microcarpa","manually added",
"P_CLSTD_MCRC","Clastoderma microcephala","manually added",
"P_CLTHR","Clathroidastron","manually added",
"B_CLVBC_CPSC","Clavibacter capsici","LPSN",
"B_CLVBC_MCHGN_NBRS","Clavibacter michiganense nebraskense","LPSN","Clavibacter michiganensis nebraskensis"
"B_CLVBC_MCHGN_SPDN","Clavibacter michiganense sepedonicum","LPSN","Clavibacter michiganensis sepedonicus"
"B_CLVBC_MCHGN_DNCS","Clavibacter michiganense sepedonicus","LPSN","Clavibacter michiganensis sepedonicus"
"B_CLVBC_MCHG_CPSC","Clavibacter michiganensis capsici","LPSN","Clavibacter capsici"
"B_CLVBC_MCHG_NBRS","Clavibacter michiganensis nebraskense","LPSN","Clavibacter michiganensis nebraskensis"
"B_CLVBC_MCHG_KNSS","Clavibacter michiganensis nebraskensis","LPSN",
"B_CLVBC_MCHG_SPDN","Clavibacter michiganensis sepedonicum","LPSN","Clavibacter michiganensis sepedonicus"
"B_CLVBC_MCHG_DNCS","Clavibacter michiganensis sepedonicus","LPSN",
"B_CLVBC_NBRSK","Clavibacter nebraskense","GBIF",
"B_CLVBC_NBRS","Clavibacter nebraskensis","LPSN",
"B_CLVBC_SPDNC","Clavibacter sepedonicum","GBIF",
"B_CLVBC_SPDN","Clavibacter sepedonicus","LPSN",
"F_CLVSP_CRMS","Clavispora carmosousae","GBIF",
"F_CLVSP_MUSA","Clavispora musae","GBIF",
"B_CTRDM_ATTH","Clostridium autoethanogenum","manually added",
"B_CTRDM_LPTS","Clostridium leptospartum","GBIF",
"B_CTRDM_PLYND","Clostridium polyendosporus","GBIF",
"B_COBET_HLDR","Cobetia halodurans","GBIF",
"P_CBRCS","Cobricosphaeridium","manually added",
"F_CCCCR","Coccocarpia","manually added",
"P_COLCM_ARBS","Colacium arbuscula","manually added",
"P_COLCM_CYCL","Colacium cyclopicola","manually added",
"B_CLDSM_FRMY","Coleodesmium fremyi","GBIF",
"P_CLSPR","Coleospora","manually added",
"P_COLLR_ARCY_JPNC","Collaria arcyrionema japonica","manually added",
"P_COLLR_ARCY_PNCM","Collaria arcyrionema japonicum","manually added",
"P_COLLR_SPRM","Collaria biasperosporum","manually added",
"P_COLLR_CHNP","Collaria chionophila","manually added",
"P_COLLR_NGRC","Collaria nigricapillita","manually added",
"P_COLLR_LLTM","Collaria nigricapillitium","manually added",
"P_COLLR_SHMK","Collaria shimekiana","manually added",
"P_COLLR_SBNM","Collaria subaeneum","manually added",
"F_COLLM","Collema","manually added",
"P_CLLDR_DUBM","Colloderma dubium","manually added",
"P_CLLDR_OCLT_CSTN","Colloderma oculatum castaneum","manually added",
"P_CLLDR_OCLT_RBST","Colloderma oculatum robustum","manually added",
"P_CMTRC_AEQL_PCFC","Comatricha aequalis pacifica","manually added",
"P_CMTRC_ALTA_MCRS","Comatricha alta macrospora","manually added",
"P_CMTRC_ANST","Comatricha anastomosans","manually added",
"P_CMTRC_ARGN","Comatricha argentinae","manually added",
"P_CMTRC_ATRF","Comatricha atrofusca","manually added",
"P_CMTRC_ATRF_NIGR","Comatricha atrofusca nigra","manually added",
"P_CMTRC_ELGN_MCRS","Comatricha elegans microspora","manually added",
"P_CMTRC_ELGN_PLLN","Comatricha elegans pallens","manually added",
"P_CMTRC_ELLS","Comatricha ellisiana","manually added",
"P_CMTRC_LSNM","Comatricha ellisianum","manually added",
"P_CMTRC_LLSI","Comatricha ellisii","manually added",
"P_CMTRC_FRSN","Comatricha friesiana","manually added",
"P_CMTRC_FRSN_EXCL","Comatricha friesiana excelsa","manually added",
"P_CMTRC_FRSN_LPTN","Comatricha friesiana leptonema","manually added",
"P_CMTRC_FRSN_OBLN","Comatricha friesiana oblonga","manually added",
"P_CMTRC_FRSN_OBVT","Comatricha friesiana obovata","manually added",
"P_CMTRC_FRSN_PCHY","Comatricha friesiana pachynema","manually added",
"P_CMTRC_FSFR","Comatricha fusiforme","manually added",
"P_CMTRC_LAXA_MCRS","Comatricha laxa microspora","manually added",
"P_CMTRC_LNGF","Comatricha longifilum","manually added",
"P_CMTRC_MCRS","Comatricha macrosperma","manually added",
"P_CMTRC_MCRS_OBLN","Comatricha macrosperma oblonga","manually added",
"P_CMTRC_MCRS_OBVT","Comatricha macrosperma obovata","manually added",
"P_CMTRC_MCRF","Comatricha mucoriformis","manually added",
"P_CMTRC_NNNN","Comatricha nannengae","manually added",
"P_CMTRC_NIGR_ALTA","Comatricha nigra alta","manually added",
"P_CMTRC_NIGR_BRCH","Comatricha nigra brachypus","manually added",
"P_CMTRC_NIGR_MCRS","Comatricha nigra microspora","manually added",
"P_CMTRC_NIGR_OBLN","Comatricha nigra oblonga","manually added",
"P_CMTRC_NIGR_OBVT","Comatricha nigra obovata","manually added",
"P_CMTRC_NIGR_SKSD","Comatricha nigra suksdorfii","manually added",
"P_CMTRC_NIGR_VRRC","Comatricha nigra verrucosa","manually added",
"P_CMTRC_OBLN","Comatricha oblonga","manually added",
"P_CMTRC_OBTS","Comatricha obtusata","manually added",
"P_CMTRC_OVAT","Comatricha ovata","manually added",
"P_CMTRC_OVAT_ATRF","Comatricha ovata atrofusca","manually added",
"P_CMTRC_PCFC","Comatricha pacifica","manually added",
"P_CMTRC_PNTR","Comatricha penetralis","manually added",
"P_CMTRC_PRSN","Comatricha persoonii","manually added",
"P_CMTRC_PRSN_FUSC","Comatricha persoonii fusca","manually added",
"P_CMTRC_PRSN_GRCL","Comatricha persoonii gracilis","manually added",
"P_CMTRC_PRSN_LPTN","Comatricha persoonii leptonema","manually added",
"P_CMTRC_PRSN_OBLN","Comatricha persoonii oblonga","manually added",
"P_CMTRC_PRSN_OBVT","Comatricha persoonii obovata","manually added",
"P_CMTRC_PRSN_PCHY","Comatricha persoonii pachynema","manually added",
"P_CMTRC_PRSN_PLCH","Comatricha persoonii pulchella","manually added",
"P_CMTRC_PRSN_TNRR","Comatricha persoonii tenerrima","manually added",
"P_CMTRC_PLCH_CYLN","Comatricha pulchella cylindrica","manually added",
"P_CMTRC_PLCH_FUSC","Comatricha pulchella fusca","manually added",
"P_CMTRC_PLCH_OBVT","Comatricha pulchella obovata","manually added",
"P_CMTRC_PLCH_TNRR","Comatricha pulchella tenerrima","manually added",
"P_CMTRC_RCBR","Comatricha raciborskii","manually added",
"P_CMTRC_SMMR","Comatricha sommerfeltii","manually added",
"P_CMTRC_TNRR_MCRS","Comatricha tenerrima macrospora","manually added",
"B_CMPNL_TERR","Companilactobacillus terrae","GBIF",
"F_CNDBL_IGNB","Conidiobolus ignobilis","GBIF","Batkoa obscurus"
"F_CNDBL_OBSCR","Conidiobolus obscura","GBIF","Batkoa obscurus"
"F_CNDBL_PMLM","Conidiobolus pumilum","GBIF",
"F_CNDBL_THXT","Conidiobolus thaxteriana","GBIF","Batkoa obscurus"
"F_CNDBL_VRLN","Conidiobolus virulenta","GBIF",
"F_CNCHT_CNDD_ARCH","Coniochaeta candidum arachnoidea","GBIF",
"F_CNCHT_DSMS_OIDM","Coniochaeta desmosporum oidium","GBIF",
"F_CNCHT_DSCS_MAJR","Coniochaeta discospora major","GBIF",
"F_CNCHT_FLCL","Coniochaeta foliicola","GBIF",
"F_CNCHT_FRIS","Coniochaeta friesii","GBIF",
"F_CNCHT_GRFF","Coniochaeta griffithsii","GBIF",
"F_CNCHT_PLTY","Coniochaeta platyspora","GBIF",
"F_CNCHT_PLVR_AFRC","Coniochaeta pulveracea africana","GBIF",
"F_CNCHT_PLVR_MCRS","Coniochaeta pulveracea microspora","GBIF",
"F_CNCHT_PLVR_PLTY","Coniochaeta pulveracea platysporella","GBIF",
"F_CNCHT_SRDR_MCRT","Coniochaeta sordaria microtricha","GBIF",
"F_CNCHT_SBSM","Coniochaeta subsimilis","GBIF",
"P_CNRDN","Conradinema","manually added",
"AN_CNTRC_AQLL","Contracaecum aquillae","GBIF",
"AN_CNTRC_ASSI","Contracaecum assi","GBIF",
"AN_CNTRC_FLCG","Contracaecum falcigera","GBIF",
"AN_CNTRC_HYDR","Contracaecum hydrurgae","GBIF",
"AN_CNTRC_PEDM","Contracaecum pedum","GBIF",
"AN_CNTRC_PLGS","Contracaecum plagiostomorum","GBIF",
"AN_CNTRC_SPCLG","Contracaecum spiculigera","GBIF",
"AN_CNTRC_SQUL","Contracaecum squalii","GBIF",
"B_CPRBCT_MSSL","Coprobacter massiliensis","GBIF",
"B_CRLLN_SPNG","Corallincola spongiicola","manually added",
"AN_CRDYL_LVNG","Cordylobia livingstonii","GBIF",
"P_CRMST_PLYC","Coremiostelium polycephalum","manually added",
"P_CRNDN","Coronadinium","manually added",
"P_CRRGS","Corrugasphaera","manually added",
"B_CRYNB_CRNT","Corynebacterium crenatum","manually added",
"B_CRYNB_DVRC","Corynebacterium divaricatum","GBIF",
"B_CRYNB_MCHG_NBRS","Corynebacterium michiganense nebraskense","LPSN",
"B_CRYNB_MCHG_SPDN","Corynebacterium michiganense sepedonicum","LPSN",
"B_CRYNB_NBRS","Corynebacterium nebraskense","LPSN",
"B_CRYNB_PLYM","Corynebacterium polymorphus","GBIF",
"B_CRYNB_SGMN","Corynebacterium segmentosum","GBIF",
"B_CRYNB_SPDN","Corynebacterium sepedonicum","LPSN",
"P_CRTRM_AURE","Craterium aurea","manually added",
"P_CRTRM_ARNC_HTRB","Craterium aureonucleatum heterobaculatum","manually added",
"P_CRTRM_BRNN","Craterium brunneum","manually added",
"P_CRTRM_CNRS","Craterium cinereus","manually added",
"P_CRTRM_CNFS","Craterium confusum","manually added",
"P_CRTRM_CNVV","Craterium convivale","manually added",
"P_CRTRM_CRTS","Craterium curtisii","manually added",
"P_CRTRM_CYLN","Craterium cylindricum","manually added",
"P_CRTRM_DPRC","Craterium deoperculatum","manually added",
"P_CRTRM_DCTY","Craterium dictyospermum","manually added",
"P_CRTRM_SPRA","Craterium dictyospora","manually added",
"P_CRTRM_FRIS","Craterium friesii","manually added",
"P_CRTRM_FCKL","Craterium fuckelii","manually added",
"P_CRTRM_GLBS","Craterium globosa","manually added",
"P_CRTRM_GRPN","Craterium guarapiense","manually added",
"P_CRTRM_HOKR","Craterium hookeri","manually added",
"P_CRTRM_LCCP","Craterium leucocephala","manually added",
"P_CRTRM_PHLM_CYLN","Craterium leucocephalum cylindricum","manually added",
"P_CRTRM_PHLM_INCL","Craterium leucocephalum inclusum","manually added",
"P_CRTRM_PHLM_LNGP","Craterium leucocephalum longipes","manually added",
"P_CRTRM_PHLM_RUFM","Craterium leucocephalum rufum","manually added",
"P_CRTRM_PHLM_SCYP","Craterium leucocephalum scyphoides","manually added",
"P_CRTRM_LCST","Craterium leucostictum","manually added",
"P_CRTRM_MNMM","Craterium minimum","manually added",
"P_CRTRM_MINT","Craterium minuta","manually added",
"P_CRTRM_MNTM_AURM","Craterium minutum aureum","manually added",
"P_CRTRM_MNTM_BRNN","Craterium minutum brunneum","manually added",
"P_CRTRM_MNTM_CMPN","Craterium minutum campanulatum","manually added",
"P_CRTRM_MNTM_PYRF","Craterium minutum pyriforme","manually added",
"P_CRTRM_MNTM_TRBN","Craterium minutum turbinatum","manually added",
"P_CRTRM_MNTS","Craterium minutus","manually added",
"P_CRTRM_MTBL","Craterium mutabile","manually added",
"P_CRTRM_TBLS","Craterium mutabilis","manually added",
"P_CRTRM_NTNS","Craterium nutans","manually added",
"P_CRTRM_OBVT","Craterium obovata","manually added",
"P_CRTRM_OBVT_DCTY","Craterium obovata dictyospora","manually added",
"P_CRTRM_BVTM_DCTY","Craterium obovatum dictyospora","manually added",
"P_CRTRM_BVTM_SPRM","Craterium obovatum dictyosporum","manually added",
"P_CRTRM_ORST","Craterium oerstedii","manually added",
"P_CRTRM_OVTM","Craterium ovatum","manually added",
"P_CRTRM_PDNC","Craterium pedunculatum","manually added",
"P_CRTRM_PDNC_ALBC","Craterium pedunculatum albicans","manually added",
"P_CRTRM_PDNC_CNFS","Craterium pedunculatum confussum","manually added",
"P_CRTRM_PNDL","Craterium pendulum","manually added",
"P_CRTRM_PRPS","Craterium perpusilla","manually added",
"P_CRTRM_PRNS","Craterium pruinosum","manually added",
"P_CRTRM_PYRF","Craterium pyriforme","manually added",
"P_CRTRM_RBSC","Craterium rubescens","manually added",
"P_CRTRM_RBGN","Craterium rubiginosa","manually added",
"P_CRTRM_RBGN_CNCN","Craterium rubiginosa concinna","manually added",
"P_CRTRM_RBGN_DCTY","Craterium rubiginosa dictyospora","manually added",
"P_CRTRM_RBGN_GLBS","Craterium rubiginosa globosa","manually added",
"P_CRTRM_GNSM","Craterium rubiginosum","manually added",
"P_CRTRM_SCYP","Craterium scyphoides","manually added",
"P_CRTRM_SCYP_SCYP","Craterium scyphoides scyphoides","manually added",
"P_CRTRM_SBQL","Craterium subaquila","manually added",
"P_CRTRM_TRBN","Craterium turbinatum","manually added",
"P_CRTRM_BNTS","Craterium turbinatus","manually added",
"P_CRTRM_VLGR","Craterium vulgare","manually added",
"P_CRTRM_VLGR_ALBC","Craterium vulgare albicans","manually added",
"P_CRTRM_VLGR_CNFS","Craterium vulgare confusum","manually added",
"P_CRTRM_XNTH","Craterium xanthopus","manually added",
"P_CRBRR_ANML","Cribraria anomalum","manually added",
"P_CRBRR_ARGL","Cribraria argillacea","manually added",
"P_CRBRR_ARGL_ALTC","Cribraria argillacea altaica","manually added",
"P_CRBRR_ARGL_OLGC","Cribraria argillacea oligocostata","manually added",
"P_CRBRR_ARNT_FLAV","Cribraria aurantiaca flava","manually added",
"P_CRBRR_ARNT_SLPH","Cribraria aurantiaca sulphurea","manually added",
"P_CRBRR_BNSZ","Cribraria bieniaszii","manually added",
"P_CRBRR_CNCL","Cribraria cancellata","manually added",
"P_CRBRR_CNCL_ANML","Cribraria cancellata anomala","manually added",
"P_CRBRR_CNCL_FUSC","Cribraria cancellata fusca","manually added",
"P_CRBRR_CNCL_RUFA","Cribraria cancellata rufa","manually added",
"P_CRBRR_LLTM","Cribraria cancellatum","manually added",
"P_CRBRR_LLTM_ALPN","Cribraria cancellatum alpinum","manually added",
"P_CRBRR_LLTM_ANML","Cribraria cancellatum anomalum","manually added",
"P_CRBRR_LLTM_CNCL","Cribraria cancellatum cancellatum","manually added",
"P_CRBRR_LLTM_EXIL","Cribraria cancellatum exile","manually added",
"P_CRBRR_LLTM_FSCM","Cribraria cancellatum fuscum","manually added",
"P_CRBRR_LLTM_HTRD","Cribraria cancellatum heterodictyon","manually added",
"P_CRBRR_LLTM_LNGS","Cribraria cancellatum longisetum","manually added",
"P_CRBRR_LLTM_PPLL","Cribraria cancellatum papillatum","manually added",
"P_CRBRR_LLTM_PRLT","Cribraria cancellatum prolatum","manually added",
"P_CRBRR_LLTM_PRPR","Cribraria cancellatum purpureum","manually added",
"P_CRBRR_LLTS","Cribraria cancellatus","manually added",
"P_CRBRR_CARNM","Cribraria carneum","manually added",
"P_CRBRR_CERN","Cribraria cernua","manually added",
"P_CRBRR_CERNM","Cribraria cernuum","manually added",
"P_CRBRR_CERNM_LAXM","Cribraria cernuum laxum","manually added",
"P_CRBRR_CLSS","Cribraria colossea","manually added",
"P_CRBRR_CUPR","Cribraria cuprea","manually added",
"P_CRBRR_DCTY","Cribraria dictydidioides","manually added",
"P_CRBRR_YDDS","Cribraria dictydioides","manually added",
"P_CRBRR_ELAT","Cribraria elata","manually added",
"P_CRBRR_EXLS","Cribraria exilis","manually added",
"P_CRBRR_EXLS_EXIL","Cribraria exilis exile","manually added",
"P_CRBRR_FULV","Cribraria fulva","manually added",
"P_CRBRR_INTR","Cribraria intermedia","manually added",
"P_CRBRR_RCTA","Cribraria intricata","manually added",
"P_CRBRR_RCTA_DCTY","Cribraria intricata dictydioides","manually added",
"P_CRBRR_RCTA_SIML","Cribraria intricata simlae","manually added",
"P_CRBRR_LNGS_MGNG","Cribraria languescens magnigranosa","manually added",
"P_CRBRR_LNGP","Cribraria longipes","manually added",
"P_CRBRR_MCRC","Cribraria macrocarpa","manually added",
"P_CRBRR_MCRC_TTRC","Cribraria macrocarpa tatrica","manually added",
"P_CRBRR_CRPA","Cribraria microcarpa","manually added",
"P_CRBRR_CRPA_MGSP","Cribraria microcarpa megaspora","manually added",
"P_CRBRR_CRPA_PCHY","Cribraria microcarpa pachydictyon","manually added",
"P_CRBRR_CRPM","Cribraria microcarpum","manually added",
"P_CRBRR_MCRP","Cribraria micropus","manually added",
"P_CRBRR_MCRS","Cribraria microscopica","manually added",
"P_CRBRR_MINM","Cribraria minima","manually added",
"P_CRBRR_MRBL","Cribraria mirabile","manually added",
"P_CRBRR_MRBL_ALPN","Cribraria mirabile alpinum","manually added",
"P_CRBRR_MRBL_CRBR","Cribraria mirabile cribrarioides","manually added",
"P_CRBRR_MRBL_HTRD","Cribraria mirabile heterodyction","manually added",
"P_CRBRR_RBLS","Cribraria mirabilis","manually added",
"P_CRBRR_MNTN","Cribraria montana","manually added",
"P_CRBRR_PCHY","Cribraria pachydictyon","manually added",
"P_CRBRR_PRFR_FSCP","Cribraria piriformis fuscopurpurea","manually added",
"P_CRBRR_PRFR_MCRC","Cribraria piriformis macrocarpoidea","manually added",
"P_CRBRR_PRFR_MAXM","Cribraria piriformis maxima","manually added",
"P_CRBRR_PRFR_NTBL","Cribraria piriformis notabilis","manually added",
"P_CRBRR_PRFR_PRFR","Cribraria piriformis piriformis","manually added",
"P_CRBRR_PRPR_ALTC","Cribraria purpurea altaica","manually added",
"P_CRBRR_RBGN_LNGP","Cribraria rubiginosa longipes","manually added",
"P_CRBRR_RUFA","Cribraria rufa","manually added",
"P_CRBRR_RFSC","Cribraria rufescens","manually added",
"P_CRBRR_RFSC_FULV","Cribraria rufescens fulva","manually added",
"P_CRBRR_RFSC_INTR","Cribraria rufescens intermedia","manually added",
"P_CRBRR_RFSC_PRFR","Cribraria rufescens piriformis","manually added",
"P_CRBRR_RTLM","Cribraria rutilum","manually added",
"P_CRBRR_SMCN_ARNT","Cribraria semicancellata aurantiaca","manually added",
"P_CRBRR_SMCN_TNLL","Cribraria semicancellata tenella","manually added",
"P_CRBRR_SPLN","Cribraria splendens","manually added",
"P_CRBRR_SPLN_GRCL","Cribraria splendens gracilis","manually added",
"P_CRBRR_SPLN_OLGC","Cribraria splendens oligocostata","manually added",
"P_CRBRR_SPLN_PLYB","Cribraria splendens polybrachia","manually added",
"P_CRBRR_TTRC","Cribraria tatrica","manually added",
"P_CRBRR_TNLL_CNCN","Cribraria tenella concinna","manually added",
"P_CRBRR_TNLL_GRCL","Cribraria tenella gracilis","manually added",
"P_CRBRR_TNLL_MCRP","Cribraria tenella macropus","manually added",
"P_CRBRR_TRCH","Cribraria trichioides","manually added",
"P_CRBRR_UMBL","Cribraria umbilicatum","manually added",
"P_CRBRR_UMBL_ANML","Cribraria umbilicatum anomalum","manually added",
"P_CRBRR_UMBL_CRBR","Cribraria umbilicatum cribrarioides","manually added",
"P_CRBRR_UMBL_EXIL","Cribraria umbilicatum exile","manually added",
"P_CRBRR_UMBL_FSCM","Cribraria umbilicatum fuscum","manually added",
"P_CRBRR_UMBL_HTRD","Cribraria umbilicatum heterodictyon","manually added",
"P_CRBRR_UMBL_LAXM","Cribraria umbilicatum laxum","manually added",
"P_CRBRR_UMBL_PRPR","Cribraria umbilicatum purpureum","manually added",
"P_CRBRR_VRBL","Cribraria variabilis","manually added",
"P_CRBRR_VLGR_ARGL","Cribraria vulgaris argillacea","manually added",
"P_CRBRR_VLGR_ARNT","Cribraria vulgaris aurantiaca","manually added",
"P_CRBRR_VLGR_NTDS","Cribraria vulgaris aurantioides","manually added",
"P_CRBRR_VLGR_DLCT","Cribraria vulgaris delicatula","manually added",
"P_CRBRR_VLGR_FLAV","Cribraria vulgaris flava","manually added",
"P_CRBRR_VLGR_INCN","Cribraria vulgaris inconspicua","manually added",
"P_CRBRR_VLGR_LUTS","Cribraria vulgaris lutosa","manually added",
"P_CRBRR_VLGR_MCRC","Cribraria vulgaris macrocarpoidea","manually added",
"P_CRBRR_VLGR_ORGN","Cribraria vulgaris oregana","manually added",
"P_CRBRR_VLGR_RUFA","Cribraria vulgaris rufa","manually added",
"P_CRBRR_VLGR_VLGR","Cribraria vulgaris vulgaris","manually added",
"P_CRYPTL","Cryptaulaxoides","manually added",
"F_CRYPT_ARCH","Cryptococcus arachnophila","GBIF",
"F_CRYPT_AURE","Cryptococcus aurea","GBIF",
"F_CRYPT_BCLLS","Cryptococcus bacillispora","GBIF",
"F_CRYPT_BLNC","Cryptococcus blanchardi","GBIF",
"F_CRYPT_HRDI","Cryptococcus blanchardii","GBIF",
"F_CRYPT_CANS","Cryptococcus canis","GBIF",
"F_CRYPT_HSTL","Cryptococcus histolytica","GBIF",
"F_CRYPT_HMNS_HNDR","Cryptococcus hominis honduriana","GBIF",
"F_CRYPT_LCTTV","Cryptococcus lactativora","GBIF",
"F_CRYPT_NFRM_BCLL","Cryptococcus neoformans bacillispora","GBIF",
"F_CRYPT_NFRM_NSLS","Cryptococcus neoformans nasalis","GBIF",
"F_CRYPT_NFRM_SHPP","Cryptococcus neoformans sheppei","GBIF",
"F_CRYPT_NGRC","Cryptococcus nigricans","manually added",
"P_CFLGA_OPRC","Cryptodifflugia operculata","manually added",
"P_CFLGA_OVFR_FUSC","Cryptodifflugia oviformis fusca","manually added",
"P_CGLNA_AGLS","Cryptoglena agilis","manually added",
"P_CGLNA_AGLS_AGLS","Cryptoglena agilis agilis","manually added",
"F_CNNNG_ELGN_CHBN","Cunninghamella elegans chibaensis","GBIF",
"F_CNNNG_PNCM","Cunninghamella japonicum","GBIF",
"F_CNNNG_PNCS","Cunninghamella japonicus","GBIF",
"B_CPRVD_ETRP","Cupriavidus eutropha","GBIF",
"B_CPRVD_RPHS","Cupriavidus eutrophus","manually added",
"B_CRTBC_BETA","Curtobacterium betae","GBIF",
"B_CRTBC_FLCC_BETA","Curtobacterium flaccumfaciens betae","GBIF",
"B_CRTBC_OORT","Curtobacterium oortii","GBIF",
"B_CRTBC_PNST","Curtobacterium poinsettiae","manually added",
"F_CRVLR_CLLS","Curvularia callospermum","GBIF",
"F_CRVLR_CRPN_MINS","Curvularia crepinii minus","GBIF",
"F_CRVLR_HFFM","Curvularia hoffmannii","GBIF",
"F_CRVLR_LCST","Curvularia leucostyla","GBIF",
"F_CRVLR_TYLM","Curvularia leucostylum","GBIF",
"F_CRVLR_NSKD","Curvularia nisikadoi","GBIF",
"F_CRVLR_DLSM","Curvularia nodulosum","GBIF",
"F_CRVLR_DLSM_TRTC","Curvularia nodulosum tritici","GBIF",
"F_CRVLR_DLSS","Curvularia nodulosus","GBIF",
"F_CRVLR_SCTM","Curvularia sociatum","GBIF",
"F_CRVLR_SPCFR","Curvularia spicifer","GBIF",
"F_CRVLR_BLTM","Curvularia subulatum","GBIF",
"F_CRVLR_SDNNS","Curvularia sudanense","GBIF",
"F_CRVLR_RMRM","Curvularia tetramerum","GBIF",
"F_CRVLR_TNKN","Curvularia tonkinense","GBIF",
"B_CTBCTR_HMRS","Cutibacterium humerusii","GBIF",
"B_CYNBM_CDRR","Cyanobium cedrorum","GBIF",
"B_CTHCE_GNSS_MXMS","Cyanothece aeruginosus maximus","GBIF",
"B_CTHCE_CRSS","Cyanothece crassus","GBIF",
"B_CTHCE_FSCS","Cyanothece fuscus","GBIF",
"B_CTHCE_GRND","Cyanothece grandis","GBIF",
"B_CTHCE_MAJR_CRSS","Cyanothece major crassior","GBIF",
"B_CTHCE_MAJR_MXMS","Cyanothece major maximus","GBIF",
"F_CYBRL_BLRC","Cyberlindnera balearica","GBIF",
"F_CYBRL_BJRN","Cyberlindnera beijerinckii","GBIF",
"F_CYBRL_BMND_AMRC","Cyberlindnera bimundalis americana","GBIF",
"F_CYBRL_CPRP","Cyberlindnera coprophila","GBIF",
"F_CYBRL_FBLG_BLRC","Cyberlindnera fibuliger balearica","GBIF",
"F_CYBRL_FBLG_ENRG","Cyberlindnera fibuliger energica","GBIF",
"F_CYBRL_GLLR_NTRT","Cyberlindnera guilliermondii nitratophila","GBIF",
"F_CYBRL_OBTS_ARBN","Cyberlindnera obtusa arabinosa","GBIF",
"F_CYBRL_PLMQ","Cyberlindnera pilmaiquenensis","GBIF",
"F_CYBRL_STRN_MRAK","Cyberlindnera saturnus mrakii","GBIF",
"F_CYBRL_STRN_SRGN","Cyberlindnera saturnus sargentensis","GBIF",
"F_CYBRL_STRN_SVLN","Cyberlindnera saturnus suaveolens","GBIF",
"F_CYBRL_STRN_SBSF","Cyberlindnera saturnus subsufficiens","GBIF",
"F_CYBRL_UTLS","Cyberlindnera utilis","GBIF",
"B_CYCLC_ZNCL","Cycloclasticus zancles","GBIF",
"B_CPRMM_MAJR","Cylindrospermum major","GBIF",
"B_CPRMM_SPMG_MAJR","Cylindrospermum spumigena major","GBIF",
"P_CYPHD_AMPL","Cyphoderia ampulla","manually added",
"P_CYPHD_MRGR","Cyphoderia margaritacea","manually added",
"B_CYTBC_MSPH","Cytobacillus mesophilum","GBIF",
"P_DCTYL","Dactylosphaerium","manually added",
"P_DLLNG","Dallingeria","manually added",
"B_DNCCC_XNGN","Deinococcus xianganensis","manually added",
"P_DLTTR","Deltotrichonympha","manually added",
"AN_DRMTB_CYNV","Dermatobia cyaniventris","GBIF",
"AN_DRMTB_HUMNS","Dermatobia humanus","GBIF",
"AN_DRMTB_NXLS","Dermatobia noxialis","GBIF",
"B_DPLLA_BSCY","Dermocarpella biscayensis","GBIF",
"P_DRMDM","Dermodium","manually added",
"P_DIACH_BLBL_SPLN","Diachea bulbillosa splendens","manually added",
"P_DIACH_LLSM","Diachea bulbillosum","manually added",
"P_DIACH_CNFS","Diachea confusa","manually added",
"P_DIACH_DEVT","Diachea deviata","manually added",
"P_DIACH_ELGN","Diachea elegans","manually added",
"P_DIACH_FCKL","Diachea fuckelianum","manually added",
"P_DIACH_FCKL_CRCV","Diachea fuckelianum cracoviensis","manually added",
"P_DIACH_FCKL_RHNN","Diachea fuckelianum rhenana","manually added",
"P_DIACH_LCPD","Diachea leucopoda","manually added",
"P_DIACH_CPDA_ANML","Diachea leucopodia anomala","manually added",
"P_DIACH_CPDA_GLBS","Diachea leucopodia globosa","manually added",
"P_DIACH_LCST","Diachea leucostyla","manually added",
"P_DIACH_SYNS","Diachea synspora","manually added",
"P_DIACH_VRRC","Diachea verrucispora","manually added",
"P_DCHPS_SSSM","Diacheopsis insessum","manually added",
"B_DLSTR_MSSL","Dialister massiliensis","manually added",
"P_DIANM_DPRS","Dianema depressa","manually added",
"P_DIANM_HRVY_VRRC","Dianema harveyi verruculatum","manually added",
"P_DIANM_MTLL_MCRS","Dianema metallica microspora","manually added",
"P_DIANM_MNGL_MCRS","Dianema mongolicum macrosporum","manually added",
"P_DIANM_NVLS","Dianema nivalis","manually added",
"B_DPHRB_EBRS","Diaphorobacter ebreus","GBIF",
"P_DSTLM_AURM_LTLM","Dictyostelium aureum luteolum","manually added",
"P_DSTLM_MCRD_MCRD","Dictyostelium mucoroides mucoroides","manually added",
"P_DSTLM_MCRD_STLN","Dictyostelium mucoroides stoloniferum","manually added",
"P_DIDRM_ACLT","Diderma aculeatum","manually added",
"P_DIDRM_AFFN","Diderma affine","manually added",
"P_DIDRM_ALBA_DDYM","Diderma alba didymium","manually added",
"P_DIDRM_ALBS","Diderma albescens","manually added",
"P_DIDRM_ALXN","Diderma alexandrowiczii","manually added",
"P_DIDRM_LPNM_ERPM","Diderma alpinum europaeum","manually added",
"P_DIDRM_LPNM_MCRS","Diderma alpinum macrosporum","manually added",
"P_DIDRM_LPNM_MCRC","Diderma alpinum microcarpum","manually added",
"P_DIDRM_ANTR","Diderma antarctica","manually added",
"P_DIDRM_ARBR","Diderma arboreum","manually added",
"P_DIDRM_ASTR_LUTM","Diderma asteroides luteum","manually added",
"P_DIDRM_ASTR_MCRS","Diderma asteroides macrosporum","manually added",
"P_DIDRM_CNDD","Diderma candidum","manually added",
"P_DIDRM_CRMC","Diderma carmichaelianum","manually added",
"P_DIDRM_CRNM_ALBM","Diderma carneum album","manually added",
"P_DIDRM_CNGL_RMSM","Diderma cingulatum rimosum","manually added",
"P_DIDRM_CNCV","Diderma concavum","manually added",
"P_DIDRM_CNCN","Diderma concinnum","manually added",
"P_DIDRM_CNTR","Diderma contorta","manually added",
"P_DIDRM_CRSS","Diderma crassipes","manually added",
"P_DIDRM_CRST","Diderma cristatosporum","manually added",
"P_DIDRM_CBNS","Diderma cubense","manually added",
"P_DIDRM_DLBT","Diderma dealbatum","manually added",
"P_DIDRM_DPLN_PLVR","Diderma deplanatum pulverulentum","manually added",
"P_DIDRM_LNTS","Diderma deplanatus","manually added",
"P_DIDRM_DPRS","Diderma depressum","manually added",
"P_DIDRM_DONK_ECHN","Diderma donkii echinosporum","manually added",
"P_DIDRM_EFFS_MCRS","Diderma effussum microsporum","manually added",
"P_DIDRM_FFSM_MCRS","Diderma effusum microsporum","manually added",
"P_DIDRM_FLRF_SBFL","Diderma floriforme subfloriforme","manually added",
"P_DIDRM_FRMS","Diderma floriformis","manually added",
"P_DIDRM_GSTR","Diderma geaster","manually added",
"P_DIDRM_GLBS","Diderma globosa","manually added",
"P_DIDRM_LBSM_ALPN","Diderma globosum alpinum","manually added",
"P_DIDRM_LBSM_ERPM","Diderma globosum europaeum","manually added",
"P_DIDRM_LBSM_ROSM","Diderma globosum roseum","manually added",
"P_DIDRM_HMSP","Diderma hemisphaerica","manually added",
"P_DIDRM_HRCM_VRRC","Diderma hemisphaericum verrucosporum","manually added",
"P_DIDRM_INCR","Diderma incarnata","manually added",
"P_DIDRM_LPDT","Diderma lepidotum","manually added",
"P_DIDRM_MARI","Diderma maria","manually added",
"P_DIDRM_MRWL","Diderma maria-wilsonae","manually added",
"P_DIDRM_MRWLS","Diderma mariae-wilsonae","manually added",
"P_DIDRM_ELSNE","Diderma mariae-wilsoniae","manually added",
"P_DIDRM_MCHL","Diderma michelii","manually added",
"P_DIDRM_MCHL_SSSL","Diderma michelii sessile","manually added",
"P_DIDRM_MCHL_STPT","Diderma michelii stipitatum","manually added",
"P_DIDRM_MCRC","Diderma microcarpum","manually added",
"P_DIDRM_MCRS","Diderma microsporum","manually added",
"P_DIDRM_MNTN_ALBM","Diderma montanum album","manually added",
"P_DIDRM_MNTN_ROSM","Diderma montanum roseum","manually added",
"P_DIDRM_NGRM","Diderma nigrum","manually added",
"P_DIDRM_NIVM_CRST","Diderma niveum cristatosporum","manually added",
"P_DIDRM_NIVM_DPLN","Diderma niveum deplanatum","manually added",
"P_DIDRM_NIVM_ENDL","Diderma niveum endoleucum","manually added",
"P_DIDRM_NIVM_FRRG","Diderma niveum ferrugineum","manually added",
"P_DIDRM_NIVM_PLVR","Diderma niveum pulverulentum","manually added",
"P_DIDRM_PHSP","Diderma phaeosperma","manually added",
"P_DIDRM_PHYS","Diderma physaroides","manually added",
"P_DIDRM_PLTY","Diderma platycarpum","manually added",
"P_DIDRM_PLTY_BRKL","Diderma platycarpum berkeleyanum","manually added",
"P_DIDRM_RADT","Diderma radiata","manually added",
"P_DIDRM_RADT_BRCH","Diderma radiata brachyspora","manually added",
"P_DIDRM_RADT_INCR","Diderma radiata incarnata","manually added",
"P_DIDRM_RDTM_ALBM","Diderma radiatum album","manually added",
"P_DIDRM_RDTM_MNTN","Diderma radiatum montanum","manually added",
"P_DIDRM_RDTM_RBRM","Diderma radiatum rubrum","manually added",
"P_DIDRM_RDTM_UMBL","Diderma radiatum umbilicatum","manually added",
"P_DIDRM_RTCL","Diderma reticulatum","manually added",
"P_DIDRM_RTCL_EFFS","Diderma reticulatum effusum","manually added",
"P_DIDRM_RGSM_ASTC","Diderma rugosum asiatica","manually added",
"P_DIDRM_RGSM_SSSL","Diderma rugosum sessile","manually added",
"P_DIDRM_SMLN","Diderma similans","manually added",
"P_DIDRM_SMPL_APPL","Diderma simplex applanatum","manually added",
"P_DIDRM_SMPL_ECHN","Diderma simplex echinulatum","manually added",
"P_DIDRM_SPMR_DDRM","Diderma spumarioides didermoides","manually added",
"P_DIDRM_SPURM","Diderma spurium","manually added",
"P_DIDRM_STLL","Diderma stellare","manually added",
"P_DIDRM_STPT","Diderma stipitatum","manually added",
"P_DIDRM_STRM","Diderma stromateum","manually added",
"P_DIDRM_SBCR","Diderma subcaeruleum","manually added",
"P_DIDRM_SBFL","Diderma subfloriforme","manually added",
"P_DIDRM_SBLT","Diderma sublateritium","manually added",
"P_DIDRM_SHDC","Diderma suhdictyospermum","manually added",
"P_DIDRM_UMBL","Diderma umbilicata","manually added",
"P_DIDRM_LCTM_ALBA","Diderma umbilicatum alba","manually added",
"P_DIDRM_LCTM_ALBM","Diderma umbilicatum album","manually added",
"P_DIDRM_LCTM_FLVG","Diderma umbilicatum flavogenitum","manually added",
"P_DIDRM_LCTM_MCRS","Diderma umbilicatum macrosporum","manually added",
"P_DIDRM_VRGN","Diderma virgineum","manually added",
"P_DDYMM_AFFN","Didymium affine","manually added",
"P_DDYMM_ALBA","Didymium alba","manually added",
"P_DDYMM_GLTM","Didymium angulatum","manually added",
"P_DDYMM_ANNL","Didymium annulatum","manually added",
"P_DDYMM_ARNT","Didymium aurantipes","manually added",
"P_DDYMM_BHNS_MCRS","Didymium bahiense microsporum","manually added",
"P_DDYMM_BNNM","Didymium bonianum","manually added",
"P_DDYMM_CAES","Didymium caesia","manually added",
"P_DDYMM_CASM","Didymium caesium","manually added",
"P_DDYMM_CLCR","Didymium calcareum","manually added",
"P_DDYMM_LCRS","Didymium calcareus","manually added",
"P_DDYMM_CLCP","Didymium calcipes","manually added",
"P_DDYMM_CPTT","Didymium capitatum","manually added",
"P_DDYMM_CHLY","Didymium chalybeum","manually added",
"P_DDYMM_CNRM_CMPL","Didymium cinereum complanatum","manually added",
"P_DDYMM_CMMT","Didymium commutabile","manually added",
"P_DDYMM_CMPL","Didymium complanatum","manually added",
"P_DDYMM_CMPR","Didymium compressa","manually added",
"P_DDYMM_CNFL","Didymium confluens","manually added",
"P_DDYMM_CNFL_CRST","Didymium confluens crustaceum","manually added",
"P_DDYMM_COOK","Didymium cookei","manually added",
"P_DDYMM_CSTT","Didymium costatum","manually added",
"P_DDYMM_CSTT_CSTT","Didymium costatum costatum","manually added",
"P_DDYMM_CRST_OBDC","Didymium crustaceum obducens","manually added",
"P_DDYMM_CYNS","Didymium cyanescens","manually added",
"P_DDYMM_DCHN","Didymium dachnaya","manually added",
"P_DDYMM_DFFR_BNDL","Didymium difforme bendelii","manually added",
"P_DDYMM_DFFR_CMTM","Didymium difforme comatum","manually added",
"P_DDYMM_DFFR_RPND","Didymium difforme repandum","manually added",
"P_DDYMM_DSCD","Didymium discoideum","manually added",
"P_DDYMM_EFFS","Didymium effusum","manually added",
"P_DDYMM_EFFS_MCLT","Didymium effusum maculatum","manually added",
"P_DDYMM_EFFS_TENU","Didymium effusum tenue","manually added",
"P_DDYMM_ELGN","Didymium elegantissimum","manually added",
"P_DDYMM_EXCL","Didymium excelsum","manually added",
"P_DDYMM_XMUM","Didymium eximuum","manually added",
"P_DDYMM_FRMN","Didymium fairmanii","manually added",
"P_DDYMM_FRNC","Didymium farinacea","manually added",
"P_DDYMM_RNCM","Didymium farinaceum","manually added",
"P_DDYMM_RNCM_CNFL","Didymium farinaceum confluens","manually added",
"P_DDYMM_RNCM_ELNG","Didymium farinaceum elongatum","manually added",
"P_DDYMM_RNCM_GLBS","Didymium farinaceum globosum","manually added",
"P_DDYMM_RNCM_MINS","Didymium farinaceum minus","manually added",
"P_DDYMM_RNCM_NGRM","Didymium farinaceum nigrum","manually added",
"P_DDYMM_RNCM_RFPS","Didymium farinaceum rufipes","manually added",
"P_DDYMM_RNCM_SBSS","Didymium farinaceum subsessile","manually added",
"P_DDYMM_FLMN","Didymium filamentosum","manually added",
"P_DDYMM_FCKL","Didymium fuckelianum","manually added",
"P_DDYMM_FLVL","Didymium fulvellum","manually added",
"P_DDYMM_FLVM","Didymium fulvum","manually added",
"P_DDYMM_HRBR","Didymium herbarum","manually added",
"P_DDYMM_HUML","Didymium humile","manually added",
"P_DDYMM_LBYR","Didymium labyrinthiforme","manually added",
"P_DDYMM_LENN","Didymium leonina","manually added",
"P_DDYMM_LNNM_EFFS","Didymium leoninum effusum","manually added",
"P_DDYMM_LCPH_FLXS","Didymium leucophaeum flexuosum","manually added",
"P_DDYMM_LCPH_VLSC","Didymium leucophaeum violascens","manually added",
"P_DDYMM_LBRT","Didymium libertianum","manually added",
"P_DDYMM_LCDS","Didymium liceoides","manually added",
"P_DDYMM_LBTM","Didymium lobatum","manually added",
"P_DDYMM_MCRS_LSPR","Didymium macrospermum leiosporum","manually added",
"P_DDYMM_SPRA","Didymium macrospora","manually added",
"P_DDYMM_MCRSP","Didymium macrosporum","manually added",
"P_DDYMM_MRGN","Didymium marginaturn","manually added",
"P_DDYMM_MSSN","Didymium masseeanum","manually added",
"P_DDYMM_MLNP","Didymium melanopus","manually added",
"P_DDYMM_MLNP_CLVS","Didymium melanopus clavus","manually added",
"P_DDYMM_MLNS_CLCP","Didymium melanospermum calcipes","manually added",
"P_DDYMM_MLNS_ERYT","Didymium melanospermum erythropus","manually added",
"P_DDYMM_MLNS_MINS","Didymium melanospermum minus","manually added",
"P_DDYMM_RSPS","Didymium micraspis","manually added",
"P_DDYMM_CRPM","Didymium microcarpum","manually added",
"P_DDYMM_CRPM_LCTR","Didymium microcarpum leucotrichum","manually added",
"P_DDYMM_PHLM","Didymium microcephalum","manually added",
"P_DDYMM_MNTM","Didymium minutum","manually added",
"P_DDYMM_NEES","Didymium neesii","manually added",
"P_DDYMM_NGLC","Didymium neglectum","manually added",
"P_DDYMM_NGRP_EXMM","Didymium nigripes eximium","manually added",
"P_DDYMM_NGRP_GNNM","Didymium nigripes genuinum","manually added",
"P_DDYMM_NGRP_XNTH","Didymium nigripes xanthopus","manually added",
"P_DDYMM_NGRM","Didymium nigrum","manually added",
"P_DDYMM_NITNS","Didymium nitens","manually added",
"P_DDYMM_NUTNS_IRCL","Didymium nutans iricolor","manually added",
"P_DDYMM_NUTNS_SBTL","Didymium nutans subtile","manually added",
"P_DDYMM_PRTL","Didymium parietale","manually added",
"P_DDYMM_PDCL","Didymium pedicellata","manually added",
"P_DDYMM_PRSN","Didymium persoonii","manually added",
"P_DDYMM_PRPH","Didymium porphyropus","manually added",
"P_DDYMM_PRCX","Didymium praecox","manually added",
"P_DDYMM_PSLL","Didymium pusilla","manually added",
"P_DDYMM_RDTM","Didymium radiatum","manually added",
"P_DDYMM_RBPS_ALBC","Didymium rubeopus albocapillitium","manually added",
"P_DDYMM_RBRP","Didymium rubropus","manually added",
"P_DDYMM_RBRP_ALBC","Didymium rubropus albocapillitium","manually added",
"P_DDYMM_SNSM","Didymium sinuosum","manually added",
"P_DDYMM_SPHR","Didymium sphaerocephala","manually added",
"P_DDYMM_SQML_CLVF","Didymium squamulosum claviforme","manually added",
"P_DDYMM_SQML_CSTT","Didymium squamulosum costatum","manually added",
"P_DDYMM_SQML_RFPS","Didymium squamulosum rufipes","manually added",
"P_DDYMM_SQML_VRGN","Didymium squamulosum virgineum","manually added",
"P_DDYMM_STPT","Didymium stipitata","manually added",
"P_DDYMM_TENU","Didymium tenue","manually added",
"P_DDYMM_RCHS","Didymium trochus","manually added",
"P_DDYMM_TBLT","Didymium tubulatum","manually added",
"P_DDYMM_VRSC","Didymium versicolor","manually added",
"P_DDYMM_WLLR","Didymium wallrothii","manually added",
"P_DDYMM_WLCZ","Didymium wilczekii","manually added",
"P_DDYMM_WLCZ_PLVR","Didymium wilczekii pulverulenta","manually added",
"P_DDYMM_XNTH","Didymium xanthopus","manually added",
"P_DDYMC_CSTT","Didymoeca costata","manually added",
"P_DIFMS","Difaemus","manually added",
"P_DFFLG_GLBLR","Difflugia globularis","manually added",
"P_DFFLG_GLBLR_MCRS","Difflugia globularis microstoma","manually added",
"P_DFFLG_HYDR_LTPH","Difflugia hydrostatica litophila","manually added",
"P_DFFLG_PYRF_BRYP","Difflugia pyriformis bryophila","manually added",
"P_DFFLG_PYRF_LNRS","Difflugia pyriformis linearis","manually added",
"P_DFFLG_PYRF_TENS","Difflugia pyriformis tenuis","manually added",
"P_DFFLG_SBTR_CRCL","Difflugia subterranea circularis","manually added",
"P_DLTSP","Dilatisphaera","manually added",
"P_DNNYM","Dinenympha","manually added",
"AN_DPHYL_BRAN","Diphyllobothrium brauni","GBIF",
"AN_DPHYL_FKKN","Diphyllobothrium fukuokaensis","GBIF",
"AN_DPHYL_GRND","Diphyllobothrium grandis","GBIF",
"AN_DPHYL_SCTT","Diphyllobothrium scotti","GBIF",
"AN_DPHYL_PTRS","Diphyllobothrium tetrapterus","GBIF",
"AN_DPHYL_VRBL","Diphyllobothrium variabilis","GBIF",
"F_DIPLD_MUTL","Diplodia mutila","GBIF",
"AN_DRFLR_CNJN","Dirofilaria conjonctivae","GBIF",
"AN_DRFLR_CTVE","Dirofilaria conjunctivae","GBIF",
"B_DOKDN_PHRS","Dokdonia diaphorus","GBIF",
"B_DLCHS_ARCN","Dolichospermum arcinalis","GBIF",
"B_DLCHS_AGST_INCR","Dolichospermum augstumnalis incrassata","GBIF",
"B_DLCHS_CTNL_SLTR","Dolichospermum catenula solitaria","GBIF",
"B_DLCHS_FLSQ_CRCN","Dolichospermum flosaquae circinalis","GBIF",
"B_DLCHS_HSSL","Dolichospermum hassallii","GBIF",
"B_DLCHS_INCR","Dolichospermum incrassata","GBIF",
"B_DLCHS_LMMR_MINR","Dolichospermum lemmermannii minor","GBIF",
"B_DLCHS_SCHR","Dolichospermum scheremetievi","GBIF",
"B_DLCHS_SPRD_CRSS","Dolichospermum spiroides crassa","GBIF",
"B_DLCHS_SPRD_LNGC","Dolichospermum spiroides longicellulare","GBIF",
"B_DLCHS_UCRN","Dolichospermum ucrainica","GBIF",
"B_DLCHS_UTRM","Dolichospermum utermohlii","GBIF",
"B_DLCHS_VIGR","Dolichospermum vigueri","GBIF",
"P_[FAM]_ECCRINID","Eccriniidae","manually added",
"AN_ECHNS_BLVE","Echinostoma columbaeliviae","GBIF",
"AN_ECHNS_LNDNN","Echinostoma londonensis","GBIF",
"AN_ECHNS_OCHT","Echinostoma ochoterenai","GBIF",
"AN_ECHNS_SYRD_AQTC","Echinostoma syrdariense aquatica","GBIF",
"B_EGGRT_LENT","Eggerthella lenta","LPSN",
"B_EGGRT_LNTM","Eggerthella lentum","GBIF",
"B_ESNBR_MSSL","Eisenbergiella massiliensis","manually added",
"P_ELMYX_ASTR","Elaeomyxa australiensis","manually added",
"P_ELMYX_CRFR","Elaeomyxa cerifera","manually added",
"P_ELMYX_CRFR_SSSL","Elaeomyxa cerifera sessilis","manually added",
"P_ELMYX_CLMB_SSSL","Elaeomyxa columbinum sessile","manually added",
"P_ELMYX_CLMB_VA","Elaeomyxa columbinum va","manually added",
"P_ELMYX_MYZK","Elaeomyxa miyazakiensis","manually added",
"P_ELMYX_PHYS_SSSL","Elaeomyxa physaroides sessile","manually added",
"P_ELMYX_RTCL","Elaeomyxa reticulosporum","manually added",
"P_ELODM_WLSN","Elodium wilsonense","manually added",
"F_ENDCC","Endococcus","manually added",
"P_ENDRT_APOR","Endoreticulatus aporiae","manually added",
"P_ENDRT_BLBN","Endoreticulatus balbianii","manually added",
"P_ENDRT_HYPH","Endoreticulatus hyphantriae","manually added",
"P_ENDRT_PNDM","Endoreticulatus pandemis","manually added",
"P_ENDST_AMRS_MEDM","Endostelium amerosporum medium","manually added",
"P_ENDST_AMRS_MINS","Endostelium amerosporum minus","manually added",
"P_ENDMN","Eneidamonas","manually added",
"P_ENRTH_ATRA","Enerthenema atra","manually added",
"P_ENRTH_CRSS","Enerthenema crassipes","manually added",
"P_ENRTH_ELGN","Enerthenema elegans","manually added",
"P_ENRTH_MMMS","Enerthenema mammosa","manually added",
"P_ENRTH_NOTT","Enerthenema notata","manually added",
"P_ENRTH_PPLL","Enerthenema papillata","manually added",
"P_ENRTH_PPLL_PLYT","Enerthenema papillata polytricha","manually added",
"P_ENRTH_PPLL_SPRS","Enerthenema papillata sparsa","manually added",
"P_ENRTH_LLTM_ANCY","Enerthenema papillatum ancyrophorus","manually added",
"P_ENRTH_LLTM_CRNG","Enerthenema papillatum carneogriseum","manually added",
"P_ENRTH_LLTM_PLYT","Enerthenema papillatum polytricha","manually added",
"P_ENRTH_LLTM_SPRS","Enerthenema papillatum sparsa","manually added",
"P_ENRTH_LLTM_SYNC","Enerthenema papillatum syncarpon","manually added",
"P_ENRTH_SYNC","Enerthenema syncarpon","manually added",
"B_ENSFR_XNJN","Ensifer xinjiangense","GBIF",
"AN_ENTRB_BRVC","Enterobius brevicauda","GBIF",
"AN_ENTRB_CLBS","Enterobius colobis","GBIF",
"AN_ENTRB_GURZ","Enterobius guerezae","GBIF",
"AN_ENTRB_INGL","Enterobius inglisi","GBIF",
"AN_ENTRB_MACC","Enterobius macaci","GBIF",
"AN_ENTRB_NYCT","Enterobius nycticebi","GBIF",
"AN_ENTRB_PSTR","Enterobius pesteri","GBIF",
"AN_ENTRB_PTHC","Enterobius pitheci","GBIF",
"AN_ENTRB_PYGT","Enterobius pygatrichus","GBIF",
"AN_ENTRB_SCIR","Enterobius sciuri","GBIF",
"AN_ENTRB_SRRT","Enterobius serratus","GBIF",
"AN_ENTRB_VRMC","Enterobius vermicularis","GBIF",
"AN_ENTRB_YAGO","Enterobius yagoi","GBIF",
"AN_ENTRB_ZAKR","Enterobius zakiri","GBIF",
"B_ENTRC_MSSL","Enterococcus massiliensis","manually added",
"P_ENTRMN","Enteromonas","manually added",
"B_ENTMP_CRRS","Entomoplasma corruscae","manually added",
"P_ENTSP_SLCT","Entosiphon sulcatum","manually added",
"F_EPPHL","Epiphloea","manually added",
"B_ERWIN_LVRS","Erwinia amylovorus","GBIF",
"B_ERWIN_RHPNT","Erwinia rhapontica","GBIF",
"B_EBCTRM_LNTM","Eubacterium lentum","LPSN","Eggerthella lenta"
"B_ECPSS_CUBC","Eucapsis cubica","GBIF",
"P_EUGLN_ACUS_MTBL","Euglena acus mutabilis","manually added",
"P_EUGLN_ANBN","Euglena anabaena","manually added",
"P_EUGLN_ARCH","Euglena archaeoviridis","manually added",
"P_EUGLN_BNTT","Euglena bonettoi","manually added",
"P_EUGLN_CLMS","Euglena calamus","manually added",
"P_EUGLN_DESS","Euglena deses","manually added",
"P_EUGLN_DESS_DGRN","Euglena deses digrana","manually added",
"P_EUGLN_DESS_MSNL","Euglena deses mesnili","manually added",
"P_EUGLN_DESS_MINT","Euglena deses minuta","manually added",
"P_EUGLN_DESS_TENS","Euglena deses tenuis","manually added",
"P_EUGLN_GRNL_PLYM","Euglena granulata polymorpha","manually added",
"P_EUGLN_HEIM","Euglena heimii","manually added",
"P_EUGLN_INTR","Euglena intermedia","manually added",
"P_EUGLN_INTR_ACDP","Euglena intermedia acidophila","manually added",
"P_EUGLN_INTR_BRVS","Euglena intermedia brevis","manually added",
"P_EUGLN_INTR_KLBS","Euglena intermedia klebsii","manually added",
"P_EUGLN_INTR_MAJR","Euglena intermedia major","manually added",
"P_EUGLN_KLBS","Euglena klebsii","manually added",
"P_EUGLN_LGNL","Euglena lagenula","manually added",
"P_EUGLN_LONG","Euglena longa","manually added",
"P_EUGLN_LTHS","Euglena megalithus","manually added",
"P_EUGLN_MSNL","Euglena mesnili","manually added",
"P_EUGLN_PLYM","Euglena polymorpha","manually added",
"P_EUGLN_PRXM","Euglena proxima","manually added",
"P_EUGLN_RPLS","Euglena repulsans","manually added",
"P_EUGLN_STLL","Euglena satelles","manually added",
"P_EUGLN_SCHM","Euglena schmitzii","manually added",
"P_EUGLN_SIMA","Euglena sima","manually added",
"P_EUGLN_SWRN","Euglena swirenkoi","manually added",
"P_EUGLN_TTRC","Euglena tatrica","manually added",
"P_EUGLN_TRRC","Euglena terricola","manually added",
"P_EUGLN_TEXT","Euglena texta","manually added",
"P_EUGLN_TEXT_RCHN","Euglena texta richiana","manually added",
"P_EUGLN_THNP","Euglena thinophila","manually added",
"P_EUGLN_TORT","Euglena torta","manually added",
"P_EUGLN_VELT_GRNL","Euglena velata granulata","manually added",
"P_EUGLN_VRDS","Euglena viridis","manually added",
"P_EUGLN_VRDS_HLPH","Euglena viridis halophila","manually added",
"P_EUGLN_VRDS_LFVR","Euglena viridis lefevrei","manually added",
"P_EUGLN_VRDS_MRTM","Euglena viridis maritima","manually added",
"P_EUGLN_VRDS_MUCS","Euglena viridis mucosa","manually added",
"P_EUGLN_VRDS_PRPR","Euglena viridis purpurea","manually added",
"P_EUGLN_VRDS_SALN","Euglena viridis salina","manually added",
"P_EUGLN_VRDS_SNGN","Euglena viridis sanguinea","manually added",
"P_EGLNR_CADT_MINR","Euglenaria caudata minor","manually added",
"P_EGLNR_FLAV","Euglenaria flava","manually added",
"P_EGLYP_ACNT_CRRT","Euglypha acanthophora cirrata","manually added",
"P_EGLYP_DNTC","Euglypha denticulata","manually added",
"P_EGLYP_RTND_PLYL","Euglypha rotunda polylepis","manually added",
"P_[ORD]_EUTREPTD","Eutreptiida","manually added",
"F_EXIDI_ATRA","Exidia atra","GBIF",
"F_EXIDI_ARCJ_PTHY","Exidia auricula-judae pithya","GBIF",
"F_EXIDI_FLCC","Exidia flaccida","GBIF",
"F_EXIDI_GLND_INTM","Exidia glandulosa intumescens","GBIF",
"F_EXIDI_GLAC","Exidia glauca","GBIF",
"F_EXIDI_GRLL_NGLC","Exidia grilletii neglecta","GBIF",
"F_EXIDI_NGRC_GLND","Exidia nigricans glandulosa","GBIF",
"F_EXIDI_CLSA_GLAC","Exidia spiculosa glauca","GBIF",
"F_EXIDI_CLSA_NIGR","Exidia spiculosa nigra","GBIF",
"F_EXIDI_CLSA_SCCH","Exidia spiculosa saccharina","GBIF",
"F_EXIDI_THRT_SBLB","Exidia thuretiana sublibera","GBIF",
"F_EXPHL_CLYC","Exophiala calycioides","GBIF",
"F_EXPHL_DBLM_EQNM","Exophiala debellae-marengoi equinum","GBIF",
"F_EXPHL_ELLS","Exophiala ellisii","GBIF",
"F_EXPHL_FRMN_BNDK","Exophiala fermentans benedekii","GBIF",
"F_EXPHL_GGRT","Exophiala gougerotii","GBIF",
"F_EXPHL_RPHS_RBST","Exophiala heteromorphus robustus","GBIF",
"F_EXPHL_SCHW","Exophiala schawii","GBIF",
"F_EXSRH_CRSS","Exserohilum crassiseptata","GBIF",
"F_EXSRH_CRSS_LCTC","Exserohilum crassiseptata lactucae","GBIF",
"F_EXSRH_FNSS","Exserohilum gedarefensis","GBIF",
"F_EXSRH_HLDS_ELCL","Exserohilum halodes elaeicola","GBIF",
"F_EXSRH_HLDS_TRTC","Exserohilum halodes tritici","GBIF",
"F_EXSRH_INCN","Exserohilum inconspicuum","GBIF",
"F_EXSRH_LPTC","Exserohilum leptochloae","GBIF",
"F_EXSRH_LNGRS","Exserohilum longirostrata","GBIF",
"F_EXSRH_PROLT","Exserohilum prolata","GBIF",
"B_FSCCH","Fascichnus","GBIF",
"B_FLMCR_MRNM","Filomicrobium marinum","manually added",
"B_FSCHR_CLCC_PRTN","Fischerella calcicola parietina","GBIF",
"B_FSCHR_CORC_PRTN","Fischerella coriacea parietina","GBIF",
"B_FSCHR_MRBL_AMBG","Fischerella mirabile ambiguum","GBIF",
"B_FSCHR_PRTN","Fischerella parietina","GBIF",
"B_FLPSS_FRMS","Fischerellopsis monoliformis","GBIF",
"B_FLVBC_ARNTC","Flavobacterium aurantiacus","GBIF",
"B_FLVNF_ORBS","Flavonifractor orbiscindens","GBIF",
"B_FLVNF_PLAUT","Flavonifractor plauti","GBIF",
"B_FLXTH_AGGR","Flexithrix aggregans","GBIF",
"B_FLRBC_ZMNI","Fluoribacter bozemanii","GBIF",
"P_FOAIN","Foaina","manually added",
"F_FONSC_ALGR","Fonsecaea algeriense","GBIF",
"F_FONSC_PDRSN","Fonsecaea pedrosianum","GBIF",
"B_FRNCS_MARN","Francisella marina","manually added",
"B_FRNCS_SALN","Francisella salina","manually added",
"B_FRANK_DTSC","Frankia datiscae","manually added",
"B_FRDMN_SLTS","Friedmanniella capsulatus","GBIF",
"B_FRCTL_HMHC","Fructilactobacillus homohiochii","GBIF",
"P_FULIG_AURM","Fuligo aureum","manually added",
"P_FULIG_CNDD","Fuligo candida","manually added",
"P_FULIG_CNDD_PRSC","Fuligo candida persicina","manually added",
"P_FULIG_NDDM","Fuligo candidum","manually added",
"P_FULIG_CARN","Fuligo carnea","manually added",
"P_FULIG_CERE","Fuligo cerea","manually added",
"P_FULIG_CRBR","Fuligo cerebrina","manually added",
"P_FULIG_CINR_ECRT","Fuligo cinerea ecorticata","manually added",
"P_FULIG_CNRM","Fuligo cinereum","manually added",
"P_FULIG_CNRS","Fuligo cinereus","manually added",
"P_FULIG_CDNT","Fuligo coadnata","manually added",
"P_FULIG_ELLP","Fuligo ellipsospora","manually added",
"P_FULIG_SPRM","Fuligo ellipsosporum","manually added",
"P_FULIG_FRRN","Fuligo ferrincola","manually added",
"P_FULIG_FLAV","Fuligo flava","manually added",
"P_FULIG_FLVS","Fuligo flavescens","manually added",
"P_FULIG_FLVM","Fuligo flavum","manually added",
"P_FULIG_GRSF","Fuligo griseoflavum","manually added",
"P_FULIG_HRTN","Fuligo hortensis","manually added",
"P_FULIG_LNDH","Fuligo lindheimeri","manually added",
"P_FULIG_LUTE","Fuligo lutea","manually added",
"P_FULIG_MCLG","Fuligo mucilago","manually added",
"P_FULIG_MSCC","Fuligo muscicola","manually added",
"P_FULIG_MSCR_SBRC","Fuligo muscorum sibirica","manually added",
"P_FULIG_OCHR","Fuligo ochracea","manually added",
"P_FULIG_OVAT","Fuligo ovata","manually added",
"P_FULIG_OVTS","Fuligo ovatus","manually added",
"P_FULIG_PLLD","Fuligo pallida","manually added",
"P_FULIG_RUFA","Fuligo rufa","manually added",
"P_FULIG_RUFM","Fuligo rufum","manually added",
"P_FULIG_SPTC_ALBA","Fuligo septica alba","manually added",
"P_FULIG_SPTC_CNDD","Fuligo septica candida","manually added",
"P_FULIG_SPTC_CNNM","Fuligo septica cinnamomea","manually added",
"P_FULIG_SPTC_CRTC","Fuligo septica corticata","manually added",
"P_FULIG_SPTC_FLAV","Fuligo septica flava","manually added",
"P_FULIG_SPTC_LAVS","Fuligo septica laevis","manually added",
"P_FULIG_SPTC_LPSL","Fuligo septica lapislazulicolor","manually added",
"P_FULIG_SPTC_ROSE","Fuligo septica rosea","manually added",
"P_FULIG_SPTC_RUFA","Fuligo septica rufa","manually added",
"P_FULIG_SPTC_VPRR","Fuligo septica vaporaria","manually added",
"P_FULIG_SPTC_VILC","Fuligo septica violacea","manually added",
"P_FULIG_PTCM","Fuligo septicum","manually added",
"P_FULIG_PTCM_CNNM","Fuligo septicum cinnamomeum","manually added",
"P_FULIG_PTCM_FLVM","Fuligo septicum flavum","manually added",
"P_FULIG_PTCM_RUFA","Fuligo septicum rufa","manually added",
"P_FULIG_PTCM_RUFM","Fuligo septicum rufum","manually added",
"P_FULIG_PTCM_VPRR","Fuligo septicum vaporaria","manually added",
"P_FULIG_PTCM_PRRM","Fuligo septicum vaporarium","manually added",
"P_FULIG_PTCM_VLCM","Fuligo septicum violaceum","manually added",
"P_FULIG_PTCS","Fuligo septicus","manually added",
"P_FULIG_SMLN","Fuligo simulans","manually added",
"P_FULIG_STRC","Fuligo stercoriformis","manually added",
"P_FULIG_TTRC","Fuligo tatrica","manually added",
"P_FULIG_VPRR","Fuligo vaporaria","manually added",
"P_FULIG_PRRM","Fuligo vaporarium","manually added",
"P_FULIG_VRNS","Fuligo varians","manually added",
"P_FULIG_VRNS_ECRT","Fuligo varians ecorticata","manually added",
"P_FULIG_VILC","Fuligo violacea","manually added",
"P_FULIG_VLCM","Fuligo violaceum","manually added",
"F_FUSRM_AFRC","Fusarium africana","GBIF",
"F_FUSRM_ALBID","Fusarium albida","GBIF",
"F_FUSRM_ALBSC","Fusarium albosuccinea","GBIF",
"F_FUSRM_AMBR","Fusarium ambrosia","GBIF",
"F_FUSRM_ASTRM","Fusarium astromata","GBIF",
"F_FUSRM_BCCT","Fusarium baccata","GBIF",
"F_FUSRM_BCCT_ENYM","Fusarium baccata euonymi","GBIF",
"F_FUSRM_BCCT_MAJR","Fusarium baccata major","GBIF",
"F_FUSRM_BCCT_MRCL","Fusarium baccata moricola","GBIF",
"F_FUSRM_BCLLG","Fusarium bacilligera","GBIF",
"F_FUSRM_BRVS","Fusarium brevis","GBIF",
"F_FUSRM_BTLR","Fusarium butleri","GBIF",
"F_FUSRM_CPHL","Fusarium cephalosporioides","GBIF",
"F_FUSRM_CILT","Fusarium ciliata","GBIF",
"F_FUSRM_CCCN_CCTR","Fusarium coccinea cicatricum","GBIF",
"F_FUSRM_CRNC","Fusarium coronicola","GBIF",
"F_FUSRM_CTCLM","Fusarium cuticolum","GBIF",
"F_FUSRM_CYNG","Fusarium cyanogena","GBIF",
"F_FUSRM_CYNST","Fusarium cyanostoma","GBIF",
"F_FUSRM_DSMZ","Fusarium desmazieresii","GBIF",
"F_FUSRM_ZRZI","Fusarium desmazierezii","GBIF",
"F_FUSRM_DMNT","Fusarium diminuta","GBIF",
"F_FUSRM_FLCFR","Fusarium falciformis","GBIF",
"F_FUSRM_JKRI_INTR","Fusarium fujikuroi intermedia","GBIF",
"F_FUSRM_JKRI_MNLF","Fusarium fujikuroi moniliformis","GBIF",
"F_FUSRM_JKRI_SBGL","Fusarium fujikuroi subglutinans","GBIF",
"F_FUSRM_GBBR","Fusarium gibbera","GBIF",
"F_FUSRM_GRDN","Fusarium gordonii","GBIF",
"F_FUSRM_INTR","Fusarium intricans","GBIF",
"F_FUSRM_FRMS","Fusarium moniliformis","GBIF",
"F_FUSRM_FRMS_BMBS","Fusarium moniliformis bambusicola","GBIF",
"F_FUSRM_FRMS_SBGL","Fusarium moniliformis subglutinans","GBIF",
"F_FUSRM_MRCL_BRCH","Fusarium moricola brachyspora","GBIF",
"F_FUSRM_MRCL_LGNC","Fusarium moricola lignicola","GBIF",
"F_FUSRM_OXYS_ORTH","Fusarium oxysporum orthoceras","GBIF",
"F_FUSRM_PRCR","Fusarium parceramosa","GBIF",
"F_FUSRM_PTRLP","Fusarium petroliphila","GBIF",
"F_FUSRM_PINI","Fusarium pini","GBIF",
"F_FUSRM_PLCR","Fusarium pulicaria","GBIF",
"F_FUSRM_LCRS","Fusarium pulicaris","GBIF",
"F_FUSRM_LCRS_BCCT","Fusarium pulicaris baccata","GBIF",
"F_FUSRM_LCRS_MINR","Fusarium pulicaris minor","GBIF",
"F_FUSRM_LCRS_MRCL","Fusarium pulicaris moricola","GBIF",
"F_FUSRM_LCRS_ROBN","Fusarium pulicaris robiniae","GBIF",
"F_FUSRM_LCRS_SBNT","Fusarium pulicaris saubinetii","GBIF",
"F_FUSRM_LCRS_SBTR","Fusarium pulicaris subtropica","GBIF",
"F_FUSRM_RHZP_BETA","Fusarium rhizophila betae","GBIF",
"F_FUSRM_ROSE","Fusarium rosea","GBIF",
"F_FUSRM_ROSE_CRLS","Fusarium rosea cerealis","GBIF",
"F_FUSRM_ROSE_ROSE","Fusarium rosea rosea","GBIF",
"F_FUSRM_SNGN_CCTR","Fusarium sanguinea cicatricum","GBIF",
"F_FUSRM_SBNT_ACUM","Fusarium saubinetii acuum","GBIF",
"F_FUSRM_SBNT_CALM","Fusarium saubinetii calami","GBIF",
"F_FUSRM_SBNT_CRNL","Fusarium saubinetii coronillae","GBIF",
"F_FUSRM_SBNT_FLCC","Fusarium saubinetii flacca","GBIF",
"F_FUSRM_SBNT_MATE","Fusarium saubinetii mate","GBIF",
"F_FUSRM_SBNT_PCHY","Fusarium saubinetii pachyspora","GBIF",
"F_FUSRM_SBNT_TTRS","Fusarium saubinetii tetraspora","GBIF",
"F_FUSRM_SINC","Fusarium sinica","GBIF",
"F_FUSRM_SPRTR_POAE","Fusarium sporotrichiella poae","GBIF",
"F_FUSRM_SPRTR_TRCN","Fusarium sporotrichiella tricinctum","GBIF",
"F_FUSRM_SPRT_CHLM","Fusarium sporotrichioides chlamydosporum","GBIF",
"F_FUSRM_SBTR","Fusarium subtropica","GBIF",
"F_FUSRM_SLFR","Fusarium sulfureum","GBIF",
"F_FUSRM_STTN","Fusarium suttoniana","GBIF",
"F_FUSRM_TNCR","Fusarium tenuicristata","GBIF",
"F_FUSRM_NNSS","Fusarium tonkinensis","GBIF",
"F_FUSRM_UDUM_PSLL","Fusarium udum pusillum","GBIF",
"F_FUSRM_UDUM_SOLN","Fusarium udum solani","GBIF",
"F_FUSRM_VSNF","Fusarium vasinfecta","GBIF",
"F_FUSRM_VSNF_AFRC","Fusarium vasinfecta africana","GBIF",
"F_FUSRM_VSNF_CNDF","Fusarium vasinfecta conidiifera","GBIF",
"F_FUSRM_VSNF_MAJR","Fusarium vasinfecta major","GBIF",
"F_FUSRM_VSNF_PISI","Fusarium vasinfecta pisi","GBIF",
"F_FUSRM_VRRCS","Fusarium verrucosa","GBIF",
"F_FUSCD","Fuscidea","manually added",
"B_FSBCTR_RCTM","Fusobacterium rectum","GBIF",
"B_GBNBC_JSTS","Gabonibacter justesenii","GBIF",
"P_GLRPR_ARTC","Galeripora artocrea","manually added",
"P_GLRPR_BTHY","Galeripora bathystoma","manually added",
"P_GLRPR_CTNS","Galeripora catinus","manually added",
"P_GLRPR_CRVT","Galeripora curvata","manually added",
"P_GLRPR_DSCD_ARCT","Galeripora discoides arcuata","manually added",
"P_GLRPR_DSCD_DFFC","Galeripora discoides difficilis","manually added",
"P_GLRPR_DSCD_FOVS","Galeripora discoides foveosa","manually added",
"P_GLRPR_DSCD_PSDV","Galeripora discoides pseudovulgaris","manually added",
"P_GLRPR_DSCD_SCTL","Galeripora discoides scutelliformis","manually added",
"P_GLRPR_DSCD_UNDL","Galeripora discoides undulata","manually added",
"P_GLRPR_MGST","Galeripora megastoma","manually added",
"P_GLRPR_MGST_ARCT","Galeripora megastoma arcuata","manually added",
"P_GLRPR_PLYP_CRVT","Galeripora polypora curvata","manually added",
"F_GSTRM","Geastrum","manually added",
"B_GTLRN_SPLN","Geitlerinema splendens","GBIF",
"B_GBCLL_CTCS","Geobacillus thermoantarcticus","GBIF",
"F_GGLSS","Geoglossum","manually added",
"F_GTRCH_CMMB","Geotrichum camemberti","GBIF",
"F_GTRCH_FRGR_MINT","Geotrichum fragrans minuta","GBIF",
"F_GTRCH_GTRC","Geotrichum geotricha","GBIF",
"F_GTRCH_RCHM","Geotrichum geotrichum","GBIF",
"F_GTRCH_HUMI","Geotrichum humi","GBIF",
"F_GTRCH_INLN","Geotrichum inulinum","GBIF",
"F_GTRCH_LCTS","Geotrichum lactis","GBIF",
"F_GTRCH_LCTS_EXBR","Geotrichum lactis exuberans","GBIF",
"F_GTRCH_LCTS_LXRN","Geotrichum lactis luxurians","GBIF",
"F_GTRCH_LCTS_MTLN","Geotrichum lactis matalensis","GBIF",
"F_GTRCH_LCTS_OBTS","Geotrichum lactis obtusa","GBIF",
"F_GTRCH_LCTS_PRST","Geotrichum lactis parasitica","GBIF",
"F_GTRCH_LCTB","Geotrichum lactis-butyri","GBIF",
"F_GTRCH_MALI","Geotrichum mali","GBIF",
"F_GTRCH_LNSS","Geotrichum matalensis","GBIF",
"F_GTRCH_NBLM","Geotrichum nubilum","GBIF",
"F_GTRCH_OBTS","Geotrichum obtusum","GBIF",
"F_GTRCH_PYRC","Geotrichum pyricola","GBIF",
"F_GTRCH_SVLN_MNTM","Geotrichum suaveolens minutum","GBIF",
"B_GLBCTR_CLDR","Gloeobacter caldariorum","GBIF",
"B_GLBCTR_CORL","Gloeobacter coerulea","GBIF",
"B_GLBCTR_LNRS","Gloeobacter linearis","GBIF",
"B_GLBCTR_MCRS","Gloeobacter microspora","GBIF",
"B_GLCPS_AMBG","Gloeocapsa ambigua","GBIF",
"B_GLCPS_ATRA","Gloeocapsa atra","GBIF",
"B_GSPSS_CSDS","Gloeocapsopsis pleurocasoides","GBIF",
"F_[FAM]_GLOEHPPC","Gloeoheppiaceae","manually added",
"B_GLTHC_RNCE","Gloeothece membranaceae","GBIF",
"B_GLTHC_RPST_MAXM","Gloeothece rupestris maxima","GBIF",
"B_GLCNC_ACET_LQFC","Gluconacetobacter aceti liquefaciens","GBIF",
"B_GLTMC_LQFC","Glutamicibacter liquefaciens","GBIF",
"B_GORDON_AMAR","Gordona amarae","LPSN","Gordonia amarae"
"B_GORDN_AJCC","Gordonia ajococcus","GBIF",
"B_GORDN_AMAR","Gordonia amarae","LPSN",
"B_GTTSC_ACDRC","Gottschalkia acidiurici","GBIF",
"B_GTTSC_LYTCM","Gottschalkia purinolyticum","GBIF",
"B_GRNLC_ADJC","Granulicatella adjacens","GBIF",
"P_GROMI_LSCS","Gromia liasicus","manually added",
"P_GRBRL","Gruberella","manually added",
"P_GLLMN_CNFS","Gulielmina confusa","manually added",
"P_GLLMN_FRSN","Gulielmina friesiana","manually added",
"P_GLLMN_PLLD","Gulielmina pallida","manually added",
"P_GLLMN_RTCL","Gulielmina reticulata","manually added",
"P_GLLMN_UMBR","Gulielmina umbrina","manually added",
"P_GLLMN_VRBL","Gulielmina variabilis","manually added",
"P_GLLMN_VRMC","Gulielmina vermiculare","manually added",
"P_GLLMN_CLRS_MCRS","Gulielmina vermicularis microsperma","manually added",
"B_HAFNI_AERG_HAFN","Hafnia aerogenes hafniae","GBIF",
"B_HAFNI_HAFN","Hafnia hafniae","GBIF",
"P_HAGWR_NDLM","Hagiwaraea lavandulum","manually added",
"B_HNRBM_YLCS","Halanaerobium acetoethylicus","GBIF",
"A_HLRCL_CLFR","Haloarcula californiae","GBIF",
"A_HLRCL_SNNS","Haloarcula sinaiiensis","GBIF",
"B_HLDSL_ACRY","Halodesulfovibrio acrylicus","GBIF",
"B_HLDSL_DSLF_AEST","Halodesulfovibrio desulfuricans aestuarii","GBIF",
"B_HALMNS_AESTA","Halomonas aesta","GBIF",
"B_HALMNS_AESTS","Halomonas aestus","GBIF",
"B_HALMNS_FCLS_HOMR","Halomonas faecalis homari","GBIF",
"B_HALMNS_HLMPH","Halomonas halmephilium","GBIF",
"B_HALMNS_HMDS","Halomonas humidisoli","manually added",
"P_HLTRP","Halterophora","manually added",
"P_HPLSP_ARMRC","Haplosporidium armoricana","manually added",
"B_HRRYF_MSSL","Harryflintia massiliense","GBIF",
"P_HELGC_NANA","Helgoeca nana","manually added",
"B_HLCBCT_PYLR_MSTL","Helicobacter pylori mustelae","GBIF",
"P_HLKTR","Helikotropis","manually added",
"C_HMSNC_FLFR","Hemisincirra filiformis","GBIF",
"C_HMSNC_VTTR","Hemisincirra vettersi","GBIF",
"P_HSTSA_PRDN","Hemistasia peridinioides","manually added",
"P_HSTSA_PHCYS","Hemistasia phaeocysticola","manually added",
"P_HMTRC_DCPN_HMTR","Hemitrichia decipiens hemitrichioides","manually added",
"P_HMTRC_SRPL_PNSS","Hemitrichia serpula piauiensis","manually added",
"P_HMTRC_SRPL_TBGL","Hemitrichia serpula tubiglabra","manually added",
"F_HNDRS_DTHD","Hendersonula dothidellae","GBIF",
"P_HPTSP_ERCH","Hepatospora eriocheir","manually added",
"B_HRBSP_MSSL","Herbaspirillum massiliense","LPSN","Noviherbaspirillum massiliense"
"B_HRBDS_CLVF","Herbidospora claviforme","GBIF",
"P_HTRCN_BFRM","Heteracon biformis","manually added",
"F_HTRDR","Heterodermia","manually added",
"B_HTRLB_STCH","Heteroleibleinia setchellii","GBIF",
"P_HTRMT","Heteromita","manually added",
"P_HTRNM_XGNM","Heteronema hexagonum","manually added",
"P_HTRST_ALBM","Heterostelium album","manually added",
"P_HTRST_AMPL","Heterostelium ampliverticillatum","manually added",
"P_HTRST_ANSC","Heterostelium anisocaule","manually added",
"P_HTRST_ARCH","Heterostelium arachnoideum","manually added",
"P_HTRST_ASYM","Heterostelium asymetricum","manually added",
"P_HTRST_ASTR","Heterostelium australicum","manually added",
"P_HTRST_BORL","Heterostelium boreale","manually added",
"P_HTRST_CNDD","Heterostelium candidum","manually added",
"P_HTRST_CLLG","Heterostelium colligatum","manually added",
"P_HTRST_CMLC","Heterostelium cumulocystum","manually added",
"P_HTRST_EQST","Heterostelium equisetoides","manually added",
"P_HTRST_FLMN","Heterostelium filamentosum","manually added",
"P_HTRST_FLXS","Heterostelium flexuosum","manually added",
"P_HTRST_GRNL","Heterostelium granulosum","manually added",
"P_HTRST_LPDS","Heterostelium lapidosum","manually added",
"P_HTRST_LRDM","Heterostelium luridum","manually added",
"P_HTRST_MGRT","Heterostelium migratissimum","manually added",
"P_HTRST_MLTC","Heterostelium multicystogenum","manually added",
"P_HTRST_NVCL","Heterostelium naviculare","manually added",
"P_HTRST_PLLD","Heterostelium pallidum","manually added",
"P_HTRST_PRSY","Heterostelium perasymmetricum","manually added",
"P_HTRST_PLRM","Heterostelium plurimicrocystogenum","manually added",
"P_HTRST_PSDC","Heterostelium pseudocandidum","manually added",
"P_HTRST_LGTM","Heterostelium pseudocolligatum","manually added",
"P_HTRST_PSDP","Heterostelium pseudoplasmodiomagnum","manually added",
"P_HTRST_RCMF","Heterostelium racemiferum","manually added",
"P_HTRST_RTTM","Heterostelium rotatum","manually added",
"P_HTRST_STLN","Heterostelium stolonicoideum","manually added",
"P_HTRST_TNSS","Heterostelium tenuissimum","manually added",
"P_HTRST_TKLN","Heterostelium tikalense","manually added",
"P_HTRST_UNGL","Heterostelium unguliferum","manually added",
"P_HTRST_VLCT","Heterostelium violaceotypum","manually added",
"B_HYNDR_FRRG","Heyndrickxia farraginis","GBIF",
"B_HYNDR_OBST","Heyndrickxia obstructivus","GBIF",
"F_HSTPL_EQUI","Histoplasma equi","GBIF",
"F_HSTPL_FRCM","Histoplasma farciminosa","GBIF",
"F_HSTPL_MNSS","Histoplasma farciminosus","GBIF",
"F_HSTPL_FRCN","Histoplasma farcinimosa","GBIF",
"F_HSTPL_TKSH","Histoplasma tokishigei","GBIF",
"B_HLSPR_OBTS","Holospora obtusa","LPSN",
"B_HLSPR_UNDL","Holospora undulata","LPSN",
"F_HMSTG","Homostegia","manually added",
"P_HBR-P","Hueber-Pestalozziamonas","manually added",
"B_HGNHL_RSLS","Hugenholtzia roseolus","GBIF",
"B_HCCCS_CSTN","Hydrococcus cesatiana","GBIF",
"B_HCCCS_RIVLRS","Hydrococcus riivularis","GBIF",
"AN_HYMNL_TTRN","Hymenolepis tetraonis","GBIF",
"F_HYPRP","Hyperphyscia","manually added",
"B_HYPHM_INDC","Hyphomicrobium indicum","LPSN","Photobacterium indicum"
"F_HYPMY_AGRC","Hypomyces agaricinum","GBIF",
"F_HYPMY_ALBR","Hypomyces albertinii","GBIF",
"F_HYPMY_APCLT","Hypomyces apiculata","GBIF",
"F_HYPMY_ARNL","Hypomyces arnoldii","GBIF",
"F_HYPMY_AURNT_FLGN","Hypomyces aurantia fulgens","GBIF",
"F_HYPMY_BSLTT","Hypomyces biasolettiana","GBIF",
"F_HYPMY_TTNM","Hypomyces biasolettianum","GBIF",
"F_HYPMY_BMBC","Hypomyces bombacinus","GBIF",
"F_HYPMY_BMBY","Hypomyces bombycina","GBIF",
"F_HYPMY_YCNM","Hypomyces bombycinum","GBIF",
"F_HYPMY_CERVN_CSTN","Hypomyces cervina castaneicola","GBIF",
"F_HYPMY_CERVN_NCLA","Hypomyces cervina castanicola","GBIF",
"F_HYPMY_CERVN_PPYR","Hypomyces cervina papyrogena","GBIF",
"F_HYPMY_CERVN_SBNC","Hypomyces cervina subincarnata","GBIF",
"F_HYPMY_CERVN_THBR","Hypomyces cervina theobromae","GBIF",
"F_HYPMY_RVNM_SBNC","Hypomyces cervinum subincarnatum","GBIF",
"F_HYPMY_CHRYS_STRP","Hypomyces chrysosperma strophariae","GBIF",
"F_HYPMY_CTRN_OCHR","Hypomyces citrina ochracea","GBIF",
"F_HYPMY_CRLP","Hypomyces coriolopsidicola","GBIF",
"F_HYPMY_DNDR","Hypomyces dendroides","GBIF",
"F_HYPMY_FLCC","Hypomyces floccosa","GBIF",
"F_HYPMY_LCTR","Hypomyces lactarii","GBIF",
"F_HYPMY_MCNP","Hypomyces meconopsidis","GBIF",
"F_HYPMY_MINR","Hypomyces minor","GBIF",
"F_HYPMY_MINS","Hypomyces minus","GBIF",
"F_HYPMY_PHLM_RBCN","Hypomyces mycophilum rubicundum","GBIF",
"F_HYPMY_PRVSPR","Hypomyces parvispora","GBIF",
"F_HYPMY_PCCN","Hypomyces puccinioides","GBIF",
"F_HYPMY_RHDM","Hypomyces rhodomela","GBIF",
"F_HYPMY_ROSLL_HAMT","Hypomyces rosella haematea","GBIF",
"F_HYPMY_TRNT","Hypomyces ternatum","GBIF",
"F_HYPMY_VRSP","Hypomyces variosperma","GBIF",
"F_HYPMY_VRSPR","Hypomyces variospermum","GBIF",
"F_HYPMY_PRMA","Hypomyces varisperma","GBIF",
"F_HYPMY_VARM","Hypomyces varium","GBIF",
"AN_HYSTR_ASSI","Hysterothylacium assi","GBIF",
"AN_HYSTR_BNMS","Hysterothylacium benimasu","GBIF",
"AN_HYSTR_CRSS","Hysterothylacium crassicaudatum","GBIF",
"AN_HYSTR_ELNG","Hysterothylacium elongatum","GBIF",
"AN_HYSTR_HPPG","Hysterothylacium hippoglossi","GBIF",
"AN_HYSTR_HYPM","Hysterothylacium hypomesi","GBIF",
"AN_HYSTR_MRNM","Hysterothylacium marinum","GBIF",
"AN_HYSTR_MESP","Hysterothylacium mesopi","GBIF",
"AN_HYSTR_OCHT","Hysterothylacium ochotense","GBIF",
"AN_HYSTR_OSHR","Hysterothylacium oshoroensis","GBIF",
"B_JAGNM_MCRS","Jaaginema microscopica","GBIF",
"P_JAKOB_LIBR","Jakoba libera","manually added",
"B_JNTHN_MPHT","Janthinobacterium mephitica","GBIF",
"B_JCLLS_GLBS_MRNS","Jeotgalibacillus globisporus marinus","GBIF",
"P_JONDS","Joenoides","manually added",
"B_KSTLL_MNSQ","Kaistella manosquense","GBIF",
"P_KAMER","Kamera","manually added",
"B_KMPTN_TENS_FRMS","Kamptonema tenuis formosa","GBIF",
"P_KRTMR","Karotomorpha","manually added",
"B_KHDDP_TMNN","Khoudiadiopia timonensis","GBIF",
"B_KTSTS_AVLL","Kitasatospora avellaneus","GBIF",
"B_KTSTS_CCHLT","Kitasatospora cochleatus","GBIF",
"B_KTSTS_SPRS","Kitasatospora griseolosporeus","GBIF",
"B_KTSTS_MTCS","Kitasatospora psammoticus","GBIF",
"B_KTSTS_VRDF","Kitasatospora viridifaciens","manually added",
"B_KLBSL_QSVR","Klebsiella quasivariicola","manually added",
"P_KLBSN","Klebsina","manually added",
"F_KLYVR_ASHB","Kluyveromyces ashbyii","GBIF",
"F_KLYVR_CASE","Kluyveromyces casei","GBIF",
"F_KLYVR_CVRN","Kluyveromyces cavernicola","GBIF",
"F_KLYVR_CHVL_ACLL","Kluyveromyces chevalieri acellobiosus","GBIF",
"F_KLYVR_CHVL_ATYP","Kluyveromyces chevalieri atypicus","GBIF",
"F_KLYVR_DRSP_ACLL","Kluyveromyces drosophilarum acellobiosus","GBIF",
"F_KLYVR_FRGL_BLGR","Kluyveromyces fragilis bulgaricus","GBIF",
"F_KLYVR_FRGL_FRGL","Kluyveromyces fragilis fragilis","GBIF",
"F_KLYVR_FRGR","Kluyveromyces fragrans","GBIF",
"F_KLYVR_KRTL","Kluyveromyces kartulisii","GBIF",
"F_KLYVR_KFYR","Kluyveromyces kefyr","GBIF",
"F_KLYVR_KFYR_KFYR","Kluyveromyces kefyr kefyr","GBIF",
"F_KLYVR_KRSS","Kluyveromyces krassilnikovii","GBIF",
"F_KLYVR_LCTS_KRSS","Kluyveromyces lactis krassilnikovii","GBIF",
"F_KLYVR_LCTS_PHSL","Kluyveromyces lactis phaseolospora","GBIF",
"F_KLYVR_LCTS_VNDN","Kluyveromyces lactis vanudenii","GBIF",
"F_KLYVR_CTSA","Kluyveromyces lactosa","GBIF",
"F_KLYVR_MCDN","Kluyveromyces macedoniense","GBIF",
"F_KLYVR_NNSS","Kluyveromyces macedoniensis","GBIF",
"F_KLYVR_NNSS_MCDN","Kluyveromyces macedoniensis macedoniensis","GBIF",
"F_KLYVR_NNSS_NSDS","Kluyveromyces macedoniensis macedoniensoides","GBIF",
"F_KLYVR_NSDS","Kluyveromyces macedoniensoides","GBIF",
"F_KLYVR_MAZZ","Kluyveromyces mazzae","GBIF",
"F_KLYVR_MRTF","Kluyveromyces mortifera","GBIF",
"F_KLYVR_MCPR","Kluyveromyces muciparus","GBIF",
"F_KLYVR_PHSL","Kluyveromyces phaseolospora","GBIF",
"F_KLYVR_PNYS_CTLL","Kluyveromyces pinoysimilis citelliana","GBIF",
"F_KLYVR_PZLS","Kluyveromyces pozolis","GBIF",
"F_KLYVR_PRCR","Kluyveromyces procerum","GBIF",
"F_KLYVR_PSDT","Kluyveromyces pseudotropicale","GBIF",
"F_KLYVR_PCLS","Kluyveromyces pseudotropicalis","GBIF",
"F_KLYVR_PCLS_LCTS","Kluyveromyces pseudotropicalis lactosa","GBIF",
"F_KLYVR_PCLS_MTPS","Kluyveromyces pseudotropicalis metapseudotropicalis","GBIF",
"F_KLYVR_PCLS_PSDT","Kluyveromyces pseudotropicalis pseudotropicalis","GBIF",
"F_KLYVR_SOCS","Kluyveromyces sociasi","GBIF",
"F_KLYVR_SPHR","Kluyveromyces sphaerica","GBIF",
"F_KLYVR_HRCS","Kluyveromyces sphaericus","GBIF",
"F_KLYVR_VRSC","Kluyveromyces versicolor","GBIF",
"B_KOCUR_SDMN","Kocuria sediminis","manually added",
"F_KODAM_GLLR_MMBR","Kodamaea guilliermondii membranaefaciens","GBIF",
"F_KODAM_GLLR_FCNS","Kodamaea guilliermondii membranifaciens","GBIF",
"F_KODAM_GLLR_SOYA","Kodamaea guilliermondii soya","GBIF",
"F_KODAM_OHMR_MINR","Kodamaea ohmeri minor","GBIF",
"B_KMGTB_ACET_XYLN","Komagataeibacter aceti xylinum","GBIF",
"B_KMGTB_ACET_YLNS","Komagataeibacter aceti xylinus","GBIF",
"B_KMGTB_XYLN_SCRF","Komagataeibacter xylinus sucrofermentans","GBIF",
"B_KSHNR_MRSFL","Kushneria marisflavae","GBIF",
"B_KTZNR_LBDM","Kutzneria albidum","GBIF",
"B_KTZNR_GRSM_KFNS","Kutzneria viridogriseum kofuense","GBIF",
"B_LCYLL_THLP","Laceyella thalpophilus","GBIF",
"F_LCTRS","Lactarius","manually added",
"B_LCTPL_JPNC","Lactiplantibacillus japonicus","GBIF",
"B_LCTCC_LCTS_DCTL","Lactococcus lactis diacetilactis","GBIF",
"B_LCTCC_SRLC","Lactococcus seriolicida","GBIF",
"B_LCTCC_XYLS","Lactococcus xylosus","GBIF",
"P_LRSSN_BTSM","Larssonia obtusum","manually added",
"F_LASLL","Lasallia","manually added",
"F_LSNCT_SPNS","Lasionectriopsis spinosum","GBIF",
"F_LTHGR","Lathagrium","manually added",
"B_LWSNB_PHCN","Lawsonibacter phoceensis","GBIF",
"B_LCHVL_AERC_AERC","Lechevalieria aerocolonigenes aerocolonigenes","GBIF",
"F_LECID","Lecidea","manually added",
"F_LECDM","Lecidoma","manually added",
"B_LEBLN_NRDG","Leibleinia nordgaardii","GBIF",
"P_LDYMY_ATTN","Leidyomyces attenuata","manually added",
"B_LMMRM_PLLC","Lemmermanniella pellucida","GBIF",
"F_LNTNL","Lentinellus","manually added",
"P_LCRPS_ATRV","Leocarpus atrovirens","manually added",
"P_LCRPS_BSPR","Leocarpus bisporus","manually added",
"P_LCRPS_ELGN","Leocarpus elegans","manually added",
"P_LCRPS_FRGL","Leocarpus fragile","manually added",
"P_LCRPS_RGLS_BSPR","Leocarpus fragilis bisporus","manually added",
"P_LCRPS_RGLS_PLSM","Leocarpus fragilis plasmodiocarpia","manually added",
"P_LCRPS_JRNS","Leocarpus jurensis","manually added",
"P_LCRPS_LUTE","Leocarpus lutea","manually added",
"P_LCRPS_NTDM","Leocarpus nitidum","manually added",
"P_LCRPS_PRST","Leocarpus parasiticum","manually added",
"P_LCRPS_STCS","Leocarpus parasiticus","manually added",
"P_LCRPS_RAMS","Leocarpus ramosa","manually added",
"P_LCRPS_RMSM","Leocarpus ramosum","manually added",
"P_LCRPS_RMSS","Leocarpus ramosus","manually added",
"P_LCRPS_SPRM","Leocarpus spermoides","manually added",
"P_LCRPS_VRNC","Leocarpus vernicosum","manually added",
"P_LCRPS_VRNC_OVTM","Leocarpus vernicosum ovatum","manually added",
"P_LCRPS_VRNC_PRST","Leocarpus vernicosum parasiticum","manually added",
"P_LCRPS_NCSS","Leocarpus vernicosus","manually added",
"P_LCRPS_NCSS_LGNC","Leocarpus vernicosus lignicola","manually added",
"P_LPCNC_ACTS","Lepocinclis acutissima","manually added",
"P_LPCNC_BTSC","Lepocinclis buetschlii","manually added",
"P_LPCNC_CHLI_ANGS","Lepocinclis butschli angustata","manually added",
"P_LPCNC_CHRK_MINR","Lepocinclis charkoviensis minor","manually added",
"P_LPCNC_FUSC_MRCH","Lepocinclis fusca marchica","manually added",
"P_LPCNC_GIGS","Lepocinclis gigas","manually added",
"P_LPCNC_LCDS","Lepocinclis helicoideus","manually added",
"P_LPCNC_LATA","Lepocinclis lata","manually added",
"P_LPCNC_OVUM_CHLI","Lepocinclis ovum butschlii","manually added",
"P_LPCNC_OVUM_GLBL","Lepocinclis ovum globula","manually added",
"P_LPCNC_OXYR_CHRKV","Lepocinclis oxyuris charkoviensis","manually added",
"P_LPCNC_OXYR_MAIR","Lepocinclis oxyuris maior","manually added",
"P_LPCNC_SPHG","Lepocinclis sphagnophila","manually added",
"P_LPCNC_SPRG_FUSC","Lepocinclis spirogyra fusca","manually added",
"P_LPCNC_SPRG_FSFR","Lepocinclis spirogyra fusiformis","manually added",
"P_LPCNC_SPRG_SPRG","Lepocinclis spirogyra spirogyra","manually added",
"P_LPCNC_TEXT_MMLL","Lepocinclis texta mamillata","manually added",
"P_LPCNC_TRPT_CRSS","Lepocinclis tripteris crassa","manually added",
"F_LPTGM","Leptogium","manually added",
"B_LPTLY_RGDM","Leptolyngbya frigidum","GBIF",
"B_LPTLY_MRTN_DSTN","Leptolyngbya martensiana distincta","GBIF",
"B_LPTLY_ROSL","Leptolyngbya roseola","GBIF",
"B_LPTLY_TENU_MRNM","Leptolyngbya tenue marinum","GBIF",
"B_LPTLY_VLDR","Leptolyngbya valderiae","GBIF",
"F_[FAM]_LETROUTC","Letrouitiaceae","manually added",
"F_LCPHL","Leucophellinus","manually added",
"P_LCTHL_APPL","Licaethalium applanata","manually added",
"P_LCTHL_ATRM","Licaethalium atrum","manually added",
"P_LCTHL_GLMR","Licaethalium glomerulifera","manually added",
"P_LCTHL_MCRS","Licaethalium macrosporum","manually added",
"P_LCTHL_MINT","Licaethalium minuta","manually added",
"P_LCTHL_MNTM","Licaethalium minutum","manually added",
"P_LCTHL_OLVC","Licaethalium olivacea","manually added",
"P_LCTHL_OLVC_OLVC","Licaethalium olivacea olivacea","manually added",
"P_LCTHL_LVCM_LCDS","Licaethalium olivaceum liceoides","manually added",
"P_LCTHL_RSTR","Licaethalium rostrupii","manually added",
"P_LICEA_APPL","Licea applanata","manually added",
"P_LICEA_BLMN","Licea belmontiana","manually added",
"P_LICEA_BFRS","Licea biforis","manually added",
"P_LICEA_BFRS_SINS","Licea biforis sinuosa","manually added",
"P_LICEA_CPTT","Licea capitata","manually added",
"P_LICEA_CINR","Licea cinerea","manually added",
"P_LICEA_CRST","Licea cristallifera","manually added",
"P_LICEA_ERCT_ERCT","Licea erecta erectoides","manually added",
"P_LICEA_CTDS","Licea erectoides","manually added",
"P_LICEA_FLRF_ARSP","Licea floriformis aureospora","manually added",
"P_LICEA_LONG","Licea longa","manually added",
"P_LICEA_OPRC","Licea operculata","manually added",
"P_LICEA_OPRC_SSSL","Licea operculata sessile","manually added",
"P_LICEA_CLTM","Licea operculatum","manually added",
"P_LICEA_PRST","Licea parasitica","manually added",
"P_LICEA_STCS","Licea parasiticus","manually added",
"P_LICEA_PDCL","Licea pedicellata","manually added",
"P_LICEA_PSLL_PYGM","Licea pusilla pygmaea","manually added",
"P_LICEA_SCYP_RTCL","Licea scyphoides reticulata","manually added",
"P_LICEA_SNGL","Licea singularis","manually added",
"P_LICEA_SINS","Licea sinuosa","manually added",
"P_LICEA_TNZN","Licea tanzanica","manually added",
"P_LICEA_TBRC_PPLL","Licea tuberculata papillata","manually added",
"F_LCHTH_BLKS_ATRS","Lichtheimia blakesleeana atrospora","GBIF",
"F_LCHTH_SLNS","Lichtheimia blakesleeanus","GBIF",
"F_LCHTH_CRYM","Lichtheimia corymbifer","GBIF",
"F_LCHTH_CRYM_RGNR","Lichtheimia corymbifer regnieri","GBIF",
"F_LCHTH_CRYM_TRCH","Lichtheimia corymbifer truchisii","GBIF",
"F_LCHTH_BFRA_CRYM","Lichtheimia corymbifera corymbifera","GBIF",
"F_LCHTH_BFRA_RAMS","Lichtheimia corymbifera ramosa","GBIF",
"F_LCHTH_BFRA_RGNR","Lichtheimia corymbifera regnieri","GBIF",
"F_LCHTH_BFRA_TRCH","Lichtheimia corymbifera truchisi","GBIF",
"F_LCHTH_BFRA_CHSI","Lichtheimia corymbifera truchisii","GBIF",
"F_LCHTH_BFRS","Lichtheimia corymbiferus","GBIF",
"F_LCHTH_CRST","Lichtheimia cristata","GBIF",
"F_LCHTH_GNSN","Lichtheimia ginsan","GBIF",
"F_LCHTH_GRCL","Lichtheimia gracilis","GBIF",
"F_LCHTH_HSSL","Lichtheimia hesseltinei","GBIF",
"F_LCHTH_HNGK","Lichtheimia hongkongensis","GBIF",
"F_LCHTH_HYLN","Lichtheimia hyalinus","GBIF",
"F_LCHTH_LCHT","Lichtheimia lichtheimii","GBIF",
"F_LCHTH_LCHT_LCHT","Lichtheimia lichtheimii lichtheimii","GBIF",
"F_LCHTH_LCHT_RAST","Lichtheimia lichtheimii rastii","GBIF",
"F_LCHTH_LCHT_ZRCH","Lichtheimia lichtheimii zurcheri","GBIF",
"F_LCHTH_MRDR","Lichtheimia merdaria","GBIF",
"F_LCHTH_RAMS_TYPC","Lichtheimia ramosa typica","GBIF",
"F_LCHTH_RGNR","Lichtheimia regneri","GBIF",
"F_LCHTH_UCRN","Lichtheimia ucrainica","GBIF",
"F_LCHTH_UMBL","Lichtheimia umbellatus","GBIF",
"P_LMBCY","Limbicysta","manually added",
"B_LMNRP_HRNY_RBST","Limnoraphis hieronymusii robusta","GBIF",
"B_LMNTH_UTRM","Limnothrix utermoehliana","GBIF",
"B_LMNTH_MHLI","Limnothrix utermoehlii","GBIF",
"P_LBLDA_ATRM","Lindbladia atrum","manually added",
"P_LBLDA_CSPT","Lindbladia caespitosa","manually added",
"P_LBLDA_PTSM","Lindbladia caespitosum","manually added",
"P_LBLDA_CRBR","Lindbladia cribrarioides","manually added",
"P_LBLDA_EFFS","Lindbladia effusa","manually added",
"P_LBLDA_EFFS_CRBR","Lindbladia effusa cribrarioides","manually added",
"P_LBLDA_EFFS_PRFR","Lindbladia effusa perforata","manually added",
"P_LBLDA_EFFS_SMPL","Lindbladia effusa simplex","manually added",
"P_LBLDA_SPRM","Lindbladia spermoides","manually added",
"P_LBLDA_TBLN_SMPL","Lindbladia tubulina simplex","manually added",
"P_LBLDA_YBNM","Lindbladia yabeanum","manually added",
"F_LNNMN_HYGR","Linnemannia hygrophila","manually added",
"F_LNNMN_SPNS","Linnemannia spinosa","manually added",
"P_LPMNM_OVAL","Lipmanium ovala","manually added",
"F_LOBAR","Lobaria","manually added",
"F_[FAM]_LOBARIAC","Lobariaceae","manually added",
"P_LOSCH","Loeschia","manually added",
"B_LTBCTR_JNGD","Lutibacter jeungdoensis","GBIF",
"P_LYCGL_AFFN","Lycogala affine","manually added",
"P_LYCGL_ATRP","Lycogala atropurpureum","manually added",
"P_LYCGL_CHLY","Lycogala chalybeum","manually added",
"P_LYCGL_CONC","Lycogala conica","manually added",
"P_LYCGL_CNCM_PSTL","Lycogala conicum pustulatum","manually added",
"P_LYCGL_CRTC","Lycogala corticola","manually added",
"P_LYCGL_EPDN_EXIG","Lycogala epidendrum exigua","manually added",
"P_LYCGL_EPDN_EXGM","Lycogala epidendrum exiguum","manually added",
"P_LYCGL_EPDN_TRRS","Lycogala epidendrum terrestre","manually added",
"P_LYCGL_EPDN_TSSL","Lycogala epidendrum tessellatum","manually added",
"P_LYCGL_FRRG","Lycogala ferrugineum","manually added",
"P_LYCGL_FLVF","Lycogala flavofusca","manually added",
"P_LYCGL_FSCM_ALBD","Lycogala flavofuscum albidum","manually added",
"P_LYCGL_FSCM_ARGN","Lycogala flavofuscum argentea","manually added",
"P_LYCGL_FSCM_ARMN","Lycogala flavofuscum armeniacum","manually added",
"P_LYCGL_FRGF","Lycogala fragiformis","manually added",
"P_LYCGL_LYCG","Lycogala lycogala","manually added",
"P_LYCGL_MINT","Lycogala miniata","manually added",
"P_LYCGL_MNTM","Lycogala miniatum","manually added",
"P_LYCGL_MNTM_FLGN","Lycogala miniatum fuligineum","manually added",
"P_LYCGL_MNTM_MRGN","Lycogala miniatum marginatum","manually added",
"P_LYCGL_MNTM_TSSL","Lycogala miniatum tessellatum","manually added",
"P_LYCGL_NGRC","Lycogala nigricans","manually added",
"P_LYCGL_NTDM","Lycogala nitidum","manually added",
"P_LYCGL_PSFR","Lycogala pisiforme","manually added",
"P_LYCGL_PNCT","Lycogala punctata","manually added",
"P_LYCGL_RPLT","Lycogala repletum","manually added",
"P_LYCGL_ROSE","Lycogala rosea","manually added",
"P_LYCGL_TRRS","Lycogala terrestre","manually added",
"P_LYCGL_VRLS","Lycogala variolosum","manually added",
"F_LYCPR","Lycoperdon","manually added",
"P_LYMPH","Lymphohaematocytozoon","manually added",
"B_LYNGB_AEST_ATRV","Lyngbya aestuarii atrovirens","GBIF",
"B_LYNGB_BSTR","Lyngbya bostrychicola","GBIF",
"B_LYNGB_CPLL","Lyngbya capillacea","GBIF",
"B_LYNGB_MAJR_KRGL","Lyngbya major kerguelenensis","GBIF",
"B_LYNGB_MJSC_KRGL","Lyngbya majuscula kerguelenensis","GBIF",
"B_LYNGB_MRTNN","Lyngbya martenianus","GBIF",
"B_LYNGB_PLYC","Lyngbya polychroa","GBIF",
"B_LYNGB_ROSE","Lyngbya rosea","GBIF",
"B_LYNGB_SMPLN","Lyngbya semiplana","GBIF",
"B_LYNGB_SRDD_BSTR","Lyngbya sordida bostrychicola","GBIF",
"B_LYNGB_SRDD_ROSE","Lyngbya sordida rosea","GBIF",
"P_MCBRD_CORN_MCRS","Macbrideola cornea macrospora","manually added",
"P_MCBRD_SCNT_VRRC","Macbrideola scintillans verrucosa","manually added",
"P_MCBRD_VRRC","Macbrideola verrucosa","manually added",
"P_MCBRD_VSCL","Macbrideola vesiculifera","manually added",
"B_MCLLB_CHRT","Macellibacteroides chartae","GBIF",
"F_MDRLL_RCNM","Madurella americanum","GBIF",
"F_MLSSZ_CANS","Malassezia canis","GBIF",
"F_MLSSZ_CPLL","Malassezia capillitii","GBIF",
"F_MLSSZ_MCFD","Malassezia macfadenyi","GBIF",
"F_MLSSZ_MLSS","Malassezia malassez","GBIF",
"F_MLSSZ_SSZI","Malassezia malassezii","GBIF",
"F_MLSSZ_OVAL","Malassezia ovale","GBIF",
"F_MLSSZ_PSRS","Malassezia psoriasis","GBIF",
"F_MLSSZ_RHNC","Malassezia rhinocerosum","GBIF",
"F_MLSSZ_SPHR","Malassezia sphaericum","GBIF",
"F_MLSSZ_HRCS","Malassezia sphaericus","GBIF",
"F_MLSSZ_RPCM","Malassezia tropicum","GBIF",
"F_MLBRN_BFRC","Malbranchea bifurcatus","GBIF",
"F_MLBRN_BRVS","Malbranchea brevisetosus","GBIF",
"F_MLBRN_BRNN","Malbranchea brunneum","GBIF",
"F_MLBRN_SBMB","Malbranchea subumbrinus","GBIF",
"F_MLBRN_LFRM","Malbranchea sulfureum","GBIF",
"F_MLBRN_SLPH","Malbranchea sulphureum","GBIF",
"F_MLBRN_BRNS_THXT","Malbranchea umbrinus thaxteri","GBIF",
"F_MLBRN_BRNS_UMBR","Malbranchea umbrinus umbrinus","GBIF",
"B_MARCLS_HLBC","Maricaulis halobacteroides","GBIF",
"B_MRNBCT_JMTH","Marinobacter jomthongense","GBIF",
"B_MRNMN_VAGM","Marinomonas vagum","GBIF",
"P_MARLT","Maroltia","manually added",
"F_MELIL","Meliola","manually added",
"B_MLSSC_PLUTNS","Melissococcus plutonis","GBIF",
"P_MRDRM_ATRS","Meriderma atrosporum","manually added",
"P_MRDRM_ATRS_ECHN","Meriderma atrosporum echinulatum","manually added",
"P_MRDRM_ATRS_MCRS","Meriderma atrosporum macrosporum","manually added",
"P_MRDRM_ATRS_PSDC","Meriderma atrosporum pseudocribrarioides","manually added",
"P_MRDRM_ATRS_SBCY","Meriderma atrosporum subcylindricum","manually added",
"P_MRDRM_CRBR_ATRS","Meriderma cribrarioides atrosporum","manually added",
"P_MRDRM_CRBR_CRST","Meriderma cribrarioides carestiae","manually added",
"P_MRDRM_ECHN_MCRS","Meriderma echinulatum macrosporum","manually added",
"P_MRDRM_SATR_CRST","Meriderma sauteri carestiae","manually added",
"P_MRDRM_VLCM_CRST","Meriderma violaceum carestiae","manually added",
"B_MRSMP_CYAN","Merismopedia cyanea","GBIF",
"B_MRSMP_DSTN","Merismopedia distans","GBIF",
"B_MRSMP_ELGN_MNDL","Merismopedia elegans mandalensis","GBIF",
"B_MRSMP_GLAC_AMTH","Merismopedia glauca amethystina","GBIF",
"B_MRSMP_GLAC_MDTR","Merismopedia glauca mediterranea","GBIF",
"B_MRSMP_HAMN","Merismopedia haumanii","GBIF",
"B_MRSMP_KTZN","Merismopedia kuetzingii","GBIF",
"B_MRSMP_MSSR","Merismopedia massartii","GBIF",
"B_MRSMP_NOVA","Merismopedia nova","GBIF",
"B_MSRHZ_HNGR","Mesorhizobium hungaricum","manually added",
"P_MTCRN","Metacoronympha","manually added",
"P_METNM","Metanema","manually added",
"P_MTTRC_AYRS","Metatrichia ayresii","manually added",
"P_MTTRC_BTRY_LTRT","Metatrichia botrytis lateritia","manually added",
"P_MTTRC_CHLY","Metatrichia chalybea","manually added",
"P_MTTRC_CNNB","Metatrichia cinnabarina","manually added",
"P_MTTRC_DCSN","Metatrichia decaisneana","manually added",
"P_MTTRC_ELLS","Metatrichia ellisii","manually added",
"P_MTTRC_FLRF","Metatrichia floriforme","manually added",
"P_MTTRC_FRGF","Metatrichia fragiformis","manually added",
"P_MTTRC_LTRT","Metatrichia lateritia","manually added",
"P_MTTRC_NESN","Metatrichia neesiana","manually added",
"P_MTTRC_PRPH","Metatrichia porphyrium","manually added",
"P_MTTRC_PYRF","Metatrichia pyriformis","manually added",
"P_MTTRC_RBFR","Metatrichia rubiformis","manually added",
"P_MTTRC_RBFR_LAVS","Metatrichia rubiformis laevis","manually added",
"P_MTTRC_RBFR_MINR","Metatrichia rubiformis minor","manually added",
"P_MTTRC_RBFR_NESN","Metatrichia rubiformis neesiana","manually added",
"P_MTTRC_RBFR_PLSM","Metatrichia rubiformis plasmodiocarpa","manually added",
"P_MTTRC_RBFR_CRPA","Metatrichia rubiformis plasmodiocarpia","manually added",
"P_MTTRC_RBFR_PLVR","Metatrichia rubiformis pulverulenta","manually added",
"P_MTTRC_RBFR_SSSL","Metatrichia rubiformis sessilis","manually added",
"P_MTTRC_RBFR_TBLN","Metatrichia rubiformis tubulina","manually added",
"P_MTTRC_VSPR_MRBL","Metatrichia vesparia mirabilis","manually added",
"P_MTTRC_VSPR_NESN","Metatrichia vesparia neesiana","manually added",
"P_MTTRC_VSPR_SSSL","Metatrichia vesparia sessilis","manually added",
"P_MTTRC_SPRM","Metatrichia vesparium","manually added",
"A_MBCTR_ARBP","Methanobrevibacter arbophilicum","GBIF",
"A_MTHNCC_VLTI","Methanococcus voltaei","GBIF",
"A_MCLLS_FRTT","Methanoculleus frittonii","GBIF",
"A_MCLLS_HLCM","Methanoculleus thermophilicum","GBIF",
"A_MRCNA_FRSS","Methanosarcina frisius","GBIF",
"A_MTHNT_THRML","Methanothermobacter thermalcaliphilum","GBIF",
"A_MTHNT_LPHLM","Methanothermobacter thermoalcaliphilum","GBIF",
"A_MTHNT_RPHCM","Methanothermobacter thermoautotrophicum","GBIF",
"A_MTHNT_MCCM","Methanothermobacter thermoformicicum","GBIF",
"B_MTHYL_BOVS","Methylobacter bovis","GBIF",
"B_MTHYL_CHRC","Methylobacter chroococcus","GBIF",
"B_MTHYL_VNLN","Methylobacter vinelandii","manually added",
"B_MTHYLB_PRPR","Methylobacterium purpurogena","GBIF",
"B_MTHYLB_RTCS","Methylobacterium purpurogeneiscleroticus","GBIF",
"B_MYLMNS_DNTR","Methylomonas denitrificans","manually added",
"B_MPHLS_CLAR","Methylophilus clara","GBIF",
"F_MTSCH_CRCT","Metschnikowia cruciatus","GBIF",
"F_MTSCH_KBYS","Metschnikowia kobayasii","GBIF",
"F_MTSCH_PLCH_RUBR","Metschnikowia pulcherrima rubra","GBIF",
"F_MTSCH_PLCH_VRBL","Metschnikowia pulcherrima variabilis","GBIF",
"F_MTSCH_ZYGT","Metschnikowia zygota","GBIF",
"F_MYRZY_ALPN","Meyerozyma alpina","GBIF",
"F_MYRZY_LPNS","Meyerozyma alpinus","GBIF",
"F_MYRZY_AMDV","Meyerozyma amidevorans","GBIF",
"F_MYRZY_ARZT","Meyerozyma arztii","GBIF",
"F_MYRZY_FKYM","Meyerozyma fukuyamaensis","GBIF",
"F_MYRZY_GLLR_CRPP","Meyerozyma guilliermondii carpophila","GBIF",
"F_MYRZY_GLLR_JPNC","Meyerozyma guilliermondii japonica","GBIF",
"F_MYRZY_GLLR_MUHR","Meyerozyma guilliermondii muhira","GBIF",
"F_MYRZY_GLLR_PSDG","Meyerozyma guilliermondii pseudoguilliermondii","GBIF",
"F_MYRZY_KRAS","Meyerozyma krausii","GBIF",
"F_MYRZY_LCTS","Meyerozyma lacteus","GBIF",
"F_MYRZY_LCTC","Meyerozyma lacticolor","GBIF",
"F_MYRZY_LSTG","Meyerozyma lustigii","GBIF",
"F_MYRZY_MMLL","Meyerozyma mamillae","GBIF",
"F_MYRZY_MLBS","Meyerozyma melibiosi","GBIF",
"F_MYRZY_MUHR","Meyerozyma muhira","GBIF",
"F_MYRZY_NEGR","Meyerozyma negrii","GBIF",
"F_MYRZY_PRNN","Meyerozyma paranaensis","GBIF",
"F_MYRZY_PRPS_TXTL","Meyerozyma parapsilosis tuxtlensis","GBIF",
"F_MYRZY_PSDG","Meyerozyma pseudoguilliermondii","GBIF",
"B_MICRL_AERG","Micraloa aeruginosa","GBIF",
"B_MCRBS_TRITC","Microbispora tritici","manually added",
"P_MCRCH_PTLL","Microchlamys patella","manually added",
"B_MCRCLS_LCDM_AMNM","Microcoleus lucidum amoenum","GBIF",
"B_MCRCLS_SNDB","Microcoleus sandbergii","GBIF",
"B_MCRCLS_STCH","Microcoleus setcheliana","GBIF",
"B_MCRCLS_TRRS","Microcoleus terrestris","GBIF",
"B_MCRCY_AERG","Microcystis aeruginosa","GBIF",
"B_MCRCY_AERG_FLSA","Microcystis aeruginosa flos-aquae","GBIF",
"B_MCRCY_AERG_PRTC","Microcystis aeruginosa protocystis","GBIF",
"B_MCRCY_AERG_VRDS","Microcystis aeruginosa viridis","GBIF",
"B_MCRCY_CYAN","Microcystis cyanea","GBIF",
"B_MCRCY_GRVL_PLCH","Microcystis grevillei pulchra","GBIF",
"P_MCRGM_CLLR","Microgemma caulleryi","manually added",
"P_MCRGM_OVDM","Microgemma ovoideum","manually added",
"P_MCRGL_PXLL_BCLL","Microglomus paxillus bicellulare","manually added",
"P_MCRJN","Microjoenia","manually added",
"P_MCRMS","Micromastigotes","manually added",
"B_MSPRA_LBSA","Micromonospora globosa","GBIF",
"P_MCRRH","Microrhopalodina","manually added",
"F_MCRSP_AUDN_SPRS","Microsporum audouinii macrosporius","GBIF",
"F_MCRSP_PRTS","Microsporum depauperatus","GBIF",
"F_MCRSP_FRRG_URGY","Microsporum ferrugineum uruguayense","GBIF",
"F_MCRSP_FULV","Microsporum fulva","GBIF",
"F_MCRSP_FLVS","Microsporum fulvus","GBIF",
"F_MCRSP_GYPSE","Microsporum gypsea","GBIF",
"F_MCRSP_GYPSE_INCR","Microsporum gypsea incurvata","GBIF",
"F_MCRSP_INCRV","Microsporum incurvata","GBIF",
"F_MCRSP_TARD","Microsporum tarda","GBIF",
"F_MCRSP_TRDS","Microsporum tardus","GBIF",
"B_MCRVRG_DSPR","Microvirgula dispar","GBIF",
"F_MLLRZ_CACA","Millerozyma cacao","GBIF",
"F_MLLRZ_MNSC","Millerozyma minuscula","GBIF",
"F_MLLRZ_MOGI","Millerozyma mogii","GBIF",
"F_MLLRZ_PTRP","Millerozyma petrophila","GBIF",
"F_MLLRZ_SRBT","Millerozyma sorbitophila","GBIF",
"F_MLLRZ_TKMN","Millerozyma tikumaensis","GBIF",
"B_MBLNC_GRND","Mobiluncus grandis","GBIF",
"B_MBLNC_VGNL","Mobiluncus vaginalis","GBIF",
"P_MNCRC","Monocercomonas","manually added",
"P_MNMRP_NRDS","Monomorphina nordstedtii","manually added",
"P_MNMRP_PSDN","Monomorphina pseudonordstedtii","manually added",
"P_MNMRP_PYRM_PSDN","Monomorphina pyrum pseudonordstedtii","manually added",
"F_MRLLA","Monosporella","GBIF",
"B_MORLL_THRMC","Moorella thermaceticum","GBIF",
"B_MORLL_THRMT","Moorella thermautotrophicum","GBIF",
"B_MORLL_CTCM","Moorella thermoaceticum","GBIF",
"B_MORLL_RPHCM","Moorella thermoautotrophicum","GBIF",
"B_MRGNL_BNJM","Morganella benjamin","GBIF",
"F_MRTRL_SPRM","Mortierella chlamydosporum","GBIF",
"F_MRTRL_FSCC","Mortierella fasciculatum","GBIF",
"F_MRTRL_GRCL","Mortierella gracile","GBIF",
"F_MRTRL_PLTT","Mortierella paolettianus","GBIF",
"P_MRAZK_MTBM","Mrazekia hematobium","manually added",
"P_MUCLG_ALBA","Mucilago alba","manually added",
"P_MUCLG_ALBA_CRNT","Mucilago alba cornuta","manually added",
"P_MUCLG_ALBA_DCTY","Mucilago alba dictyospora","manually added",
"P_MUCLG_ALBA_LMNS","Mucilago alba laminosa","manually added",
"P_MUCLG_ALBA_MCLG","Mucilago alba mucilago","manually added",
"P_MUCLG_ALBA_SOLD","Mucilago alba solida","manually added",
"P_MUCLG_CRNT","Mucilago cornuta","manually added",
"P_MUCLG_CRST_DCTY","Mucilago crustacea dictyospora","manually added",
"P_MUCLG_DCTY","Mucilago dictyospora","manually added",
"P_MUCLG_MCLG","Mucilago mucilago","manually added",
"P_MUCLG_SOLD","Mucilago solida","manually added",
"P_MUCLG_SPNG","Mucilago spongiosa","manually added",
"P_MUCLG_SPNG_DCTY","Mucilago spongiosa dictyospora","manually added",
"P_MUCLG_SPNG_SOLD","Mucilago spongiosa solida","manually added",
"P_MUCLG_NGSS","Mucilago spongiosus","manually added",
"P_MUCLG_SPMR","Mucilago spumariaeforme","manually added",
"P_MUCLG_FRME","Mucilago spumariiforme","manually added",
"F_MUCOR_BRNR","Mucor bernardii","GBIF",
"F_MUCOR_CLFR","Mucor californiensis","GBIF",
"F_MUCOR_CRCNN","Mucor circinans","MycoBank",
"F_MUCOR_CRCN_MNDS","Mucor circinelloides mandshuricus","GBIF",
"F_MUCOR_DNGR","Mucor dangeardii","GBIF",
"F_MUCOR_EXPN_EXPN","Mucor exponens exponens","GBIF",
"F_MUCOR_EXPN_SMTH","Mucor exponens smithii","GBIF",
"F_MUCOR_FRFR","Mucor furfuraceus","manually added",
"F_MUCOR_GRSC","Mucor griseocinereus","GBIF",
"F_MUCOR_MCRSP_MCRS","Mucor microsporus microsporus","GBIF",
"F_MUCOR_MINM","Mucor minima","GBIF",
"F_MUCOR_MRRM_CLRT","Mucor murorum coloratus","GBIF",
"F_MUCOR_MRRM_MCRS","Mucor murorum macrosporus","GBIF",
"F_MUCOR_MRRM_RBST","Mucor murorum robustus","GBIF",
"F_MUCOR_MRRM_RFSC","Mucor murorum rufescens","GBIF",
"F_MUCOR_PTRP_MCRS","Mucor petropolitanus macrosporus","GBIF",
"F_MUCOR_PHSP","Mucor phosphoreus","GBIF",
"F_MUCOR_PRLL","Mucor pirelloides","MycoBank",
"F_MUCOR_PLYG","Mucor polygonosporus","GBIF",
"F_MUCOR_RCMS_GRSS","Mucor racemosus griseosporus","GBIF",
"F_MUCOR_SCRN_ATTN","Mucor sciurinus attenuatus","GBIF",
"F_MUCOR_RCRA","Mucor stercorea","GBIF",
"F_MUCOR_TNLL","Mucor tenella","GBIF",
"F_MUCOR_VRRC","Mucor verruculosus","GBIF",
"F_MUCOR_VIRDS","Mucor viridis","GBIF",
"F_MUCOR_VLLM","Mucor vuilleminii","GBIF",
"F_MUCOR_VLLM_AGMS","Mucor vuilleminii agamus","GBIF",
"F_MUCOR_VLLM_ALBS","Mucor vuilleminii albus","GBIF",
"F_MUCOR_VLLM_DNGR","Mucor vuilleminii dangeardii","GBIF",
"F_MUCOR_VLLM_VLLM","Mucor vuilleminii vuilleminii","GBIF",
"F_MUCOR_VLGR","Mucor vulgaris","GBIF",
"B_MYCBC_ACPL","Mycobacterium acapulense","GBIF",
"B_MYCBC_CNTT","Mycobacterium canettii","manually added",
"B_MYCBC_CHLR","Mycobacterium chlorophenolicum","LPSN",
"B_MYCBC_NLCS","Mycobacterium chlorophenolicus","GBIF",
"B_MYCBC_LFLN","Mycobacterium liflandii","manually added",
"B_MYCBC_NOVM","Mycobacterium novum","GBIF",
"B_MYCBC_ORYG","Mycobacterium orygis","manually added",
"B_MYCBC_NNSS","Mycobacterium sinensis","GBIF",
"F_[FAM]_MYCBLSTC","Mycoblastaceae","manually added",
"F_[FAM]_MYCOCLCC","Mycocaliciaceae","manually added",
"F_MYCCN_ALNT","Mycocentrospora ailanthi","GBIF",
"F_MYCCN_ANMN","Mycocentrospora anemonis","GBIF",
"F_MYCCN_CLLS","Mycocentrospora callosa","GBIF",
"F_MYCCN_CARI","Mycocentrospora cari","GBIF",
"F_MYCCN_FLGL","Mycocentrospora flagellifera","GBIF",
"F_MYCCN_MCRS","Mycocentrospora macrospora","GBIF",
"F_MYCCN_OHLS","Mycocentrospora ohlsenii","GBIF",
"F_MYCCN_PRLN","Mycocentrospora praelonga","GBIF",
"F_MYCCN_ULMC","Mycocentrospora ulmicola","GBIF",
"F_MYCGL","Mycoglaena","manually added",
"B_MYCLC_CHLR","Mycolicibacterium chlorophenolicum","LPSN","Mycobacterium chlorophenolicum"
"B_MYCPLS_HMSS","Mycoplasma haemosuis","manually added",
"B_MYCPLS_RMDS","Mycoplasma zalophidermidis","GBIF",
"F_MYRST","Myriostoma","manually added",
"P_MYXMY_MNGN","Myxomycetes mangini","manually added",
"F_NGNSH_GLTN","Naganishia gelatinosa","GBIF",
"P_NJDSP","Najadospirifer","manually added",
"F_NAKZW_SLVC","Nakazawaea silvicola","GBIF",
"F_NNNZZ_JTNI","Nannizzia cajetani","GBIF",
"P_NNNBR","Nannobarbophora","manually added",
"P_NRCRV","Narcarvonia","manually added",
"A_NTRNM_JTGL","Natrinema jeotgali","GBIF",
"F_NECTR_AQTC","Nectria aquaticus","GBIF",
"F_NECTR_RLLM","Nectria chlorellum","GBIF",
"F_NECTR_CNNB_AMYG","Nectria cinnabarina amygdalina","GBIF",
"F_NECTR_CRYN","Nectria corynespora","GBIF",
"F_NECTR_FLVVR","Nectria flavoviride","GBIF",
"F_NECTR_FRGF","Nectria fragiformis","GBIF",
"F_NECTR_MUNTS","Nectria munitus","GBIF",
"F_NECTR_ENDE","Nectria novae-zelandiae","GBIF",
"F_NECTR_OBTS","Nectria obtusiusculum","GBIF",
"F_NECTR_LFRS","Nectria ocelliferus","GBIF",
"F_NECTR_OXYS_OBTS","Nectria oxysporum obtusiusculum","GBIF",
"F_NECTR_PSDT_ASTR","Nectria pseudotrichia australiensis","GBIF",
"F_NECTR_PSDT_OLGS","Nectria pseudotrichia oligospora","GBIF",
"F_NECTR_PRPR","Nectria purpurata","GBIF",
"F_NECTR_RESN","Nectria resinae","manually added",
"F_NECTR_SRMN","Nectria sarmentorum","GBIF",
"F_NECTR_FRMS_CLNC","Nectria tuberculariformis caulincola","GBIF",
"F_NECTR_VLGR_BETL","Nectria vulgaris betulae","GBIF",
"F_NECTR_VLGR_CRCH","Nectria vulgaris corchori","GBIF",
"F_NECTR_VLGR_GRGN","Nectria vulgaris georginae","GBIF",
"F_NECTR_VLGR_PRPR","Nectria vulgaris purpurata","GBIF",
"F_NECTR_VLGR_RIBS","Nectria vulgaris ribis","GBIF",
"F_NECTR_VLGR_RUBI","Nectria vulgaris rubi","GBIF",
"F_NECTR_VLGR_SRMN","Nectria vulgaris sarmentorum","GBIF",
"F_NECTR_VLGR_STPT","Nectria vulgaris stipitata","GBIF",
"F_NECTR_VLGR_SBSS","Nectria vulgaris subsessilis","GBIF",
"F_NECTR_LPNM","Nectria vulpinum","GBIF",
"B_NRCKT_RSTC","Neorickettsia risticii","manually added",
"F_NSRTR_LVTS","Neosartorya clavatus","manually added",
"F_NPHRM","Nephroma","manually added",
"F_[FAM]_NEPHRMTC","Nephromataceae","manually added",
"B_NNCLA_NTRT","Nitrincola nitratireducens","manually added",
"B_NOCRD_AMAR","Nocardia amarae","LPSN","Gordonia amarae"
"B_NOCRD_VLCF","Nocardia violaceofusca","GBIF",
"B_NCRDP_FLVD","Nocardiopsis flavidofuscus","GBIF",
"P_NDMST","Nodamastix","manually added",
"B_NODLR_HRVY_SPHR","Nodularia harveyana sphaerocarpa","GBIF",
"B_NONMR_CRMN","Nonomuraea carminata","GBIF",
"P_NOSEM_GAST","Nosema gasti","GBIF",
"P_NOSEM_RSTE","Nosema pyraustae","GBIF",
"P_NOSEM_STGM","Nosema stegomyiae","GBIF",
"B_NOSTC_CORLM_PLNC","Nostoc coeruleum planctonicum","GBIF",
"B_NOSTC_CNFS","Nostoc confusum","GBIF",
"B_NOSTC_HDRL","Nostoc hederulae","GBIF",
"B_NOSTC_RCTA","Nostoc intricata","GBIF",
"B_NOSTC_RCTM","Nostoc intricatum","GBIF",
"B_NOSTC_NSTC","Nostoc nostoc","GBIF",
"P_NTSLN_OBLQ","Notoselenus obliquus","manually added",
"B_NVHRB_MSSL","Noviherbaspirillum massiliense","LPSN",
"B_NVSPH_STYG","Novosphingobium stygia","GBIF",
"B_NVSPH_SBRC","Novosphingobium subarctica","GBIF",
"P_NTMNS","Nutomonas","manually added",
"B_OCLLA_XMNN","Oceanicella xiamenense","GBIF",
"F_OCHRC_MCRS","Ochroconis macrosporum","GBIF",
"F_OCHRC_MNMM","Ochroconis minimum","GBIF",
"F_OCHRC_VRBL","Ochroconis variabile","GBIF",
"F_OCHRC_VRBL_CHLM","Ochroconis variabile chlamydosporis","GBIF",
"P_OCTMT","Octomitus","manually added",
"F_ODDND_TENSSM_NIGR","Oidiodendron tenuissima nigra","GBIF",
"P_OLGNM_ABRP","Oligonema abrupta","manually added",
"P_OLGNM_FFNS","Oligonema affinis","manually added",
"P_OLGNM_FFNS_JACK","Oligonema affinis jackii","manually added",
"P_OLGNM_ANNL","Oligonema annulifera","manually added",
"P_OLGNM_BLFR","Oligonema balfourii","manually added",
"P_OLGNM_BVRC","Oligonema bavarica","manually added",
"P_OLGNM_VRCM","Oligonema bavaricum","manually added",
"P_OLGNM_BRVF","Oligonema brevifilum","manually added",
"P_OLGNM_CHRY","Oligonema chrysosperma","manually added",
"P_OLGNM_PRMS","Oligonema chrysospermus","manually added",
"P_OLGNM_DRAK","Oligonema drakeae","manually added",
"P_OLGNM_DRKI","Oligonema drakei","manually added",
"P_OLGNM_FVGN","Oligonema favoginea","manually added",
"P_OLGNM_FVGN_PRSM","Oligonema favoginea persimilis","manually added",
"P_OLGNM_FLVD","Oligonema flavida","manually added",
"P_OLGNM_LVDM_BRVF","Oligonema flavidum brevifilum","manually added",
"P_OLGNM_HLVT","Oligonema helvetica","manually added",
"P_OLGNM_INTR","Oligonema intermedia","manually added",
"P_OLGNM_JACK","Oligonema jackii","manually added",
"P_OLGNM_KLBR","Oligonema kalbreyeri","manually added",
"P_OLGNM_KCKX","Oligonema kickxii","manually added",
"P_OLGNM_MNTL","Oligonema minutulum","manually added",
"P_OLGNM_NTNS","Oligonema nitens","manually added",
"P_OLGNM_NTNS_ANML","Oligonema nitens anomalum","manually added",
"P_OLGNM_SMLS","Oligonema persimilis","manually added",
"P_OLGNM_SMLS_ABRP","Oligonema persimilis abrupta","manually added",
"P_OLGNM_SMLS_INTR","Oligonema persimilis intermedia","manually added",
"P_OLGNM_PRXM","Oligonema proximella","manually added",
"P_OLGNM_PLCH","Oligonema pulchella","manually added",
"P_OLGNM_PSLL","Oligonema pusilla","manually added",
"P_OLGNM_SLPH","Oligonema sulphurea","manually added",
"P_OLGNM_SPRB","Oligonema superba","manually added",
"P_OLGNM_VRRC","Oligonema verrucosa","manually added",
"P_OMMTR_TTRH_TTRT","Ommatartus tetrahalamus tetrathalamus","manually added",
"AN_OPSTH_CONS","Opisthorchis conus","GBIF",
"AN_OPSTH_WNGR","Opisthorchis winogradoffi","GBIF",
"P_ORDSP_DRFR","Ordospora durforti","manually added",
"F_ORPHN","Orphniospora","manually added",
"P_ORTHT_SPRS","Orthothelohania octosporus","manually added",
"B_OLTRA_MNTM","Oscillatoria acuminatum","GBIF",
"B_OLTRA_AMON_CHLR","Oscillatoria amoena chlorina","GBIF",
"B_OLTRA_CLBR","Oscillatoria colubrina","GBIF",
"B_OLTRA_CRLL","Oscillatoria corallinae","GBIF",
"B_OLTRA_CRVC_ANGS","Oscillatoria curviceps angusta","GBIF",
"B_OLTRA_NLTM","Oscillatoria grossegranulatum","GBIF",
"B_OLTRA_MTPH","Oscillatoria metaphyticum","GBIF",
"B_OLTRA_NETN","Oscillatoria neotenue","GBIF",
"B_OLTRA_ORNT_CRSS","Oscillatoria ornata crassa","GBIF",
"B_OLTRA_RETZ","Oscillatoria retzii","GBIF",
"B_OLTRA_TENS_LEVS","Oscillatoria tenuis levis","GBIF",
"B_OLTRA_TENS_LIMS","Oscillatoria tenuis limosa","GBIF",
"B_OLTRA_TENS_TENS","Oscillatoria tenuis tenuis","GBIF",
"B_OLTRA_TRBR_BGGT","Oscillatoria terebriformis beggiatoiformis","GBIF",
"P_OVLNT_PARV","Ovulinata parva","manually added",
"P_[FAM]_OXYMONDD","Oxymonadidae","manually added",
"F_PCLMY_DRMT","Paecilomyces dermatophagum","GBIF",
"F_PCLMY_ELGN_MSCR","Paecilomyces elegans muscorum","GBIF",
"F_PCLMY_FMTR","Paecilomyces fimetaria","GBIF",
"F_PCLMY_MNDS","Paecilomyces mandshuricum","GBIF",
"F_PCLMY_NIVE_LGNC","Paecilomyces nivea lagunculariae","GBIF",
"F_PCLMY_PNCL","Paecilomyces penicillata","GBIF",
"F_PCLMY_VNFR","Paecilomyces viniferum","GBIF",
"B_PNBCL_COOKI","Paenibacillus cookie","GBIF",
"B_PNCLS_GHONI","Paeniclostridium ghoni","GBIF",
"B_PNRHD_HNGD","Paenirhodobacter hungdaonensis","GBIF",
"P_PLHRP","Palaeoharpastum","manually added",
"P_PLVSC_BFRT","Palavascia beaufortae","manually added",
"F_PANNR","Pannaria","manually added",
"B_PANNS_PNCT","Pannus punctiferum","GBIF",
"B_PANTO_HRBC","Pantoea herbicola","manually added",
"B_PANTO_HERC","Pantoea hericii","manually added",
"B_PANTO_MLLT","Pantoea milletiae","GBIF",
"B_PANTO_PLRT","Pantoea pleuroti","manually added",
"B_PANTO_URDV","Pantoea uredovora","GBIF",
"P_PPNCH","Papinochium","manually added",
"B_PRBCT_PRVN","Parabacteroides provencensis","manually added",
"B_PRBRK_DKDN","Paraburkholderia dokdonella","manually added",
"P_PRCHS_ZCHL","Parachaos zoochlorellae","manually added",
"B_PRCLS_MSSL","Paraclostridium massiliensis","GBIF",
"B_PRCCC_RPDC","Paracoccus rapidicrescens","GBIF",
"P_PHPSS_FMBR_PNCL","Paradiacheopsis fimbriata penicillata","manually added",
"P_PHPSS_LAXA_MCRC","Paradiacheopsis laxa microcarpa","manually added",
"P_PHPSS_LAXA_RIGD","Paradiacheopsis laxa rigida","manually added",
"P_PHPSS_PNCL","Paradiacheopsis penicillata","manually added",
"P_PRMCD","Paramecioides","manually added",
"B_PRRSK_ALGA","Paraoerskovia algae","GBIF",
"P_PRSTS","Parastasia","manually added",
"P_PSLLA","Parastasiella","manually added",
"P_PRTNL_BNCL","Parataeniella binucleata","manually added",
"P_PRTNL_INTR","Parataeniella intermedia","manually added",
"B_PRVMN_GLYC","Parvimonas glycinophilus","GBIF",
"B_PRVMN_MCRS","Parvimonas micros","manually added",
"P_PSSLM_CMPR","Passalomyces compressa","manually added",
"P_PCLBM","Paucilobimorpha","manually added",
"B_PCTBC_CRTVR_ATRS","Pectobacterium carotovora atroseptica","GBIF",
"B_PCTBC_CRTVR_BTVS","Pectobacterium carotovora betavasculorum","GBIF",
"B_PCTBC_CRTVR_CRTV","Pectobacterium carotovora carotovora","GBIF",
"B_PCTBC_CRTVR_ODRF","Pectobacterium carotovora odorifera","GBIF",
"B_PCTBC_CRTVR_WASB","Pectobacterium carotovora wasabiae","GBIF",
"F_PLTGR","Peltigera","manually added",
"F_[FAM]_PELTULAC","Peltulaceae","manually added",
"P_PERNM_MCRM","Peranema macromastix","manually added",
"P_PERNM_TRCH","Peranema trichophorum","manually added",
"P_PRNMP_PHRS","Peranemopsis trichophorus","manually added",
"B_PRBCLL_CHNS","Peribacillus cihuensis","GBIF",
"P_PRCHN_ABTN","Perichaena abietina","manually added",
"P_PRCHN_APPL","Perichaena applanata","manually added",
"P_PRCHN_ARTC","Perichaena artocreas","manually added",
"P_PRCHN_ASTR","Perichaena australe","manually added",
"P_PRCHN_TRLS","Perichaena australis","manually added",
"P_PRCHN_BROM","Perichaena broomei","manually added",
"P_PRCHN_CNFL","Perichaena canoflavescens","manually added",
"P_PRCHN_CHRY_WRGH","Perichaena chrysosperma wrightii","manually added",
"P_PRCHN_CRCM","Perichaena circumscissa","manually added",
"P_PRCHN_CRCM_ABTN","Perichaena circumscissa abietina","manually added",
"P_PRCHN_CRCM_PPLN","Perichaena circumscissa populina","manually added",
"P_PRCHN_CRCM_SCBR","Perichaena circumscissa scabra","manually added",
"P_PRCHN_CRCM_SPNS","Perichaena circumscissa spinosa","manually added",
"P_PRCHN_CRTC","Perichaena corticale","manually added",
"P_PRCHN_TCLS_AFFN","Perichaena corticalis affinis","manually added",
"P_PRCHN_TCLS_CRTC","Perichaena corticalis corticalis","manually added",
"P_PRCHN_TCLS_LCDS","Perichaena corticalis liceoides","manually added",
"P_PRCHN_TCLS_MRGN","Perichaena corticalis marginata","manually added",
"P_PRCHN_TCLS_OCHR","Perichaena corticalis ochrospora","manually added",
"P_PRCHN_CRRY","Perichaena curreyi","manually added",
"P_PRCHN_DPRS_QDRT","Perichaena depressa quadrata","manually added",
"P_PRCHN_RSSM","Perichaena depressum","manually added",
"P_PRCHN_DCTY","Perichaena dictyocarpa","manually added",
"P_PRCHN_FSCT","Perichaena fuscoatra","manually added",
"P_PRCHN_GYMN","Perichaena gymnosperma","manually added",
"P_PRCHN_IRRG","Perichaena irregularis","manually added",
"P_PRCHN_LTLB","Perichaena luteoalbum","manually added",
"P_PRCHN_LTLM","Perichaena luteolum","manually added",
"P_PRCHN_MRGN","Perichaena marginata","manually added",
"P_PRCHN_MLNP","Perichaena melanopeziza","manually added",
"P_PRCHN_NTNS","Perichaena nitens","manually added",
"P_PRCHN_OCHR","Perichaena ochrospora","manually added",
"P_PRCHN_PNNR","Perichaena pannorum","manually added",
"P_PRCHN_PRCH","Perichaena perichaenoides","manually added",
"P_PRCHN_PPLN","Perichaena populina","manually added",
"P_PRCHN_PPLN_AFFN","Perichaena populina affinis","manually added",
"P_PRCHN_PPLN_SORB","Perichaena populina sorbea","manually added",
"P_PRCHN_PYGM","Perichaena pygmaeus","manually added",
"P_PRCHN_RSTF","Perichaena rostafinskii","manually added",
"P_PRCHN_SSSL","Perichaena sessile","manually added",
"P_PRCHN_SSLS","Perichaena sessilis","manually added",
"P_PRCHN_WRGH","Perichaena wrightii","manually added",
"P_PRKNS","Perkinsela","manually added",
"P_PTLMN_MDCN_ANGS","Petalomonas mediocanellata angusta","manually added",
"B_PTLNM_HEPP","Petalonema heppii","GBIF",
"B_PTLNM_RPST","Petalonema rupestris","GBIF",
"P_PHACS_ACCM_MINR","Phacus accuminatus minor","manually added",
"P_PHACS_AENG","Phacus aenigmatica","manually added",
"P_PHACS_CDTS_PLNC","Phacus caudatus polonicus","manually added",
"P_PHACS_CRCLUM","Phacus corculum","manually added",
"P_PHACS_CRVC_ANML","Phacus curvicauda anomalus","manually added",
"P_PHACS_HLCD","Phacus helicoides","manually added",
"P_PHACS_PDLS_SCCS","Phacus hispidulus suecicus","manually added",
"P_PHACS_LNGC_OVLS","Phacus longicauda ovalis","manually added",
"P_PHACS_LNGC_OVAT","Phacus longicauda ovata","manually added",
"P_PHACS_LNGC_TORT","Phacus longicauda torta","manually added",
"P_PHACS_LNGC_TRTS","Phacus longicauda tortus","manually added",
"P_PHACS_LNGC_VXTR","Phacus longicauda vixtorta","manually added",
"P_PHACS_MCRS","Phacus macrostigma","manually added",
"P_PHACS_MNLT","Phacus monilata","manually added",
"P_PHACS_NLTA","Phacus moniliata","manually added",
"P_PHACS_NLTA_SUCC","Phacus moniliata suecica","manually added",
"P_PHACS_NLTA_SCCS","Phacus moniliata suecicus","manually added",
"P_PHACS_MORI_INSC","Phacus morii insecta","manually added",
"P_PHACS_ORBC_ZMUD","Phacus orbicularis zmudae","manually added",
"P_PHACS_PRVL_PSLL","Phacus parvulus pusillus","manually added",
"P_PHACS_PLRN_BRVC","Phacus pleuronectes brevicaudata","manually added",
"P_PHACS_PLRN_HAML","Phacus pleuronectes hamelii","manually added",
"P_PHACS_PLRN_RTHR","Phacus pleuronectes rothertii","manually added",
"P_PHACS_PYRM_CSTT","Phacus pyrum costata","manually added",
"P_PHACS_SBSL","Phacus subsalsus","manually added",
"P_PHACS_QTRA","Phacus triquetra","manually added",
"F_PHCRM_ALNC","Phaeoacremonium alnicola","GBIF",
"F_PHCRM_NVZL","Phaeoacremonium novae-zealandiae","GBIF",
"F_PHCRM_PNCL","Phaeoacremonium paniculata","GBIF",
"F_PHLLS","Phallus","manually added",
"F_PHLPH_PDRS_PHLP","Phialophora pedrosoi phialophora","GBIF",
"AN_PHLBT_ACMN","Phlebotomus acuminatus","GBIF",
"AN_PHLBT_CCSC","Phlebotomus caucasicus","GBIF",
"AN_PHLBT_DYCE","Phlebotomus dycei","GBIF",
"AN_PHLBT_RTNI","Phlebotomus fourtoni","GBIF",
"AN_PHLBT_GRIS","Phlebotomus grisea","GBIF",
"AN_PHLBT_KNDL","Phlebotomus kandelakii","GBIF",
"AN_PHLBT_KTNG","Phlebotomus katangensis","GBIF",
"AN_PHLBT_KSHS","Phlebotomus keshishiani","GBIF",
"AN_PHLBT_KRMN","Phlebotomus krimensis","GBIF",
"AN_PHLBT_LI","Phlebotomus li","GBIF",
"AN_PHLBT_MCKR","Phlebotomus mackerrasi","GBIF",
"AN_PHLBT_MAJR","Phlebotomus major","GBIF",
"AN_PHLBT_MAJR_WUI","Phlebotomus major wui","GBIF",
"AN_PHLBT_MSGH","Phlebotomus mesghalii","GBIF",
"AN_PHLBT_MNTS","Phlebotomus minutus","GBIF",
"AN_PHLBT_MRLL","Phlebotomus mireillae","GBIF",
"AN_PHLBT_MLST","Phlebotomus molesta","GBIF",
"AN_PHLBT_NQBN","Phlebotomus naqbenius","GBIF",
"AN_PHLBT_NTZL","Phlebotomus nitzulescui","GBIF",
"AN_PHLBT_NOTS","Phlebotomus notus","GBIF",
"AN_PHLBT_ROSS","Phlebotomus rossi","GBIF",
"AN_PHLBT_SALT","Phlebotomus saltiae","GBIF",
"AN_PHLBT_SLCT","Phlebotomus selectus","GBIF",
"AN_PHLBT_SMRN","Phlebotomus smirnovi","GBIF",
"AN_PHLBT_SMLN","Phlebotomus somaliensis","GBIF",
"AN_PHLBT_TAUR","Phlebotomus tauriae","GBIF",
"AN_PHLBT_TMNN","Phlebotomus tumenensis","GBIF",
"AN_PHLBT_WLLN","Phlebotomus wellingsae","GBIF",
"AN_PHLBT_WUI","Phlebotomus wui","GBIF",
"AN_PHLBT_YNSH","Phlebotomus yunshengensis","GBIF",
"F_PHOMA_RGLNS","Phoma astragalinus","GBIF",
"F_PHOMA_BDDL","Phoma buddleiae","GBIF",
"F_PHOMA_CNNE","Phoma cannae","GBIF",
"F_PHOMA_CRCC_CRCN","Phoma caricicola caricis-nitidae","GBIF",
"F_PHOMA_CRCV","Phoma caricivora","GBIF",
"F_PHOMA_CCRN","Phoma cicerina","GBIF",
"F_PHOMA_CNTA","Phoma circinata","GBIF",
"F_PHOMA_CCRB_CCMC","Phoma cucurbitacearum cucumis-calocynthi","GBIF",
"F_PHOMA_CRRY","Phoma curreyi","GBIF",
"F_PHOMA_TSPRA","Phoma cytospora","manually added",
"F_PHOMA_DNTR","Phoma dentariae","manually added",
"F_PHOMA_KYNS","Phoma filarszkyanus","GBIF",
"F_PHOMA_GLYCY","Phoma glycyrrhizae","GBIF",
"F_PHOMA_ILCS_ENYM","Phoma ilicis euonymi","GBIF",
"F_PHOMA_SOLR_FLCL","Phoma solieri foliicola","GBIF",
"F_PHOMA_STRF_HYST","Phoma striaeformis hysteriola","GBIF",
"F_PHOMA_YRCS","Phoma syriacus","GBIF",
"F_PHOMA_ZNGB","Phoma zingiberi","GBIF",
"B_PHRMD_ALLR_CRSS","Phormidium allorgei crassior","GBIF",
"B_PHRMD_AMON","Phormidium amoena","GBIF",
"B_PHRMD_BRRL","Phormidium bourrellyana","GBIF",
"B_PHRMD_BRVS_NPLT","Phormidium brevis neapolitana","GBIF",
"B_PHRMD_CHLR","Phormidium chlorina","GBIF",
"B_PHRMD_CRLL","Phormidium corallinae","GBIF",
"B_PHRMD_CORM_CPTT","Phormidium corium capitatum","GBIF",
"B_PHRMD_EXPS","Phormidium exposirum","GBIF",
"B_PHRMD_FAVS","Phormidium favosa","GBIF",
"B_PHRMD_GMNT","Phormidium gomontiana","GBIF",
"B_PHRMD_RCLS","Phormidium gracilis","GBIF",
"B_PHRMD_RCLS_MNLS","Phormidium gracilis monilis","GBIF",
"B_PHRMD_GRNW_ARTC","Phormidium grunowiana articulata","GBIF",
"B_PHRMD_HODN","Phormidium hodenii","GBIF",
"B_PHRMD_LURD","Phormidium lurida","GBIF",
"B_PHRMD_NPLT","Phormidium neapolitana","GBIF",
"B_PHRMD_NGRV","Phormidium nigro-viridis","GBIF",
"B_PHRMD_PHRM","Phormidium phormidium","GBIF",
"B_PHRMD_PRDC","Phormidium producta","GBIF",
"B_PHRMD_RETZ","Phormidium retzii","GBIF",
"B_PHRMD_SBFS_JHNN","Phormidium subfuscum johannianum","GBIF",
"B_PHRMD_TENS_NPLT","Phormidium tenuis neapolitana","GBIF",
"B_PHRMD_TENS_TRGS","Phormidium tenuis tergestina","GBIF",
"B_PHRMD_FRMS_BRVS","Phormidium terebriformis brevis","GBIF",
"B_PHTBC_INDC","Photobacterium indicum","LPSN",
"B_PHTRH_LMNS_LMNS","Photorhabdus luminescens luminescens","LPSN",
"P_PHYSR_HINS","Physarella hians","manually added",
"P_PHYSR_INFL","Physarella inflatum","manually added",
"P_PHYSR_LSTN","Physarella lusitanica","manually added",
"P_PHYSR_MRBL","Physarella mirabile","manually added",
"P_PHYSR_RBLS","Physarella mirabilis","manually added",
"P_PHYSR_OBLN_ALBA","Physarella oblonga alba","manually added",
"P_PHYSR_OBLN_LSTN","Physarella oblonga lusitanica","manually added",
"P_PHYSR_PSDC","Physarella pseudoaecidium","manually added",
"P_PHYSR_RFBS","Physarella rufibasis","manually added",
"P_PYSRM_ABND_LCPH","Physarum abundans leucophaeum","manually added",
"P_PYSRM_AFFN","Physarum affine","manually added",
"P_PYSRM_ALBA","Physarum alba","manually added",
"P_PYSRM_ALBA_DDYM","Physarum alba didymium","manually added",
"P_PYSRM_ALBC","Physarum albicans","manually added",
"P_PYSRM_ALBP","Physarum albipes","manually added",
"P_PYSRM_CTTM","Physarum albopunctatum","manually added",
"P_PYSRM_ALBM_SBTL","Physarum album subtile","manually added",
"P_PYSRM_LBUS","Physarum albus","manually added",
"P_PYSRM_ALPN_ALBS","Physarum alpinum albescens","manually added",
"P_PYSRM_ALPN_BDHM","Physarum alpinum badhamioides","manually added",
"P_PYSRM_ALPN_PLLD","Physarum alpinum pallidosporeum","manually added",
"P_PYSRM_APCL","Physarum apiculospora","manually added",
"P_PYSRM_ATRA","Physarum atra","manually added",
"P_PYSRM_ATRR","Physarum atrorubrum","manually added",
"P_PYSRM_ATRM","Physarum atrum","manually added",
"P_PYSRM_ARNT","Physarum aurantia","manually added",
"P_PYSRM_RNTM","Physarum aurantium","manually added",
"P_PYSRM_RNTM_RFPS","Physarum aurantium rufipes","manually added",
"P_PYSRM_RNTS","Physarum aurantius","manually added",
"P_PYSRM_RNTS_ARNT","Physarum aurantius aurantium","manually added",
"P_PYSRM_AURM","Physarum aureum","manually added",
"P_PYSRM_AURM_CHRY","Physarum aureum chrysopus","manually added",
"P_PYSRM_ASTR","Physarum australe","manually added",
"P_PYSRM_BRTR","Physarum barteri","manually added",
"P_PYSRM_BRKL","Physarum berkeleyanum","manually added",
"P_PYSRM_KLYI","Physarum berkeleyi","manually added",
"P_PYSRM_BCLR","Physarum bicolor","manually added",
"P_PYSRM_BLGR","Physarum bilgramii","manually added",
"P_PYSRM_BGRN_MTSM","Physarum bogoriense matsumotoi","manually added",
"P_PYSRM_BLBF","Physarum bulbiforme","manually added",
"P_PYSRM_BLLT","Physarum bullatum","manually added",
"P_PYSRM_CASM","Physarum caesium","manually added",
"P_PYSRM_CSPT","Physarum caespitosum","manually added",
"P_PYSRM_CLDR","Physarum calidris","manually added",
"P_PYSRM_CLVS","Physarum calvescens","manually added",
"P_PYSRM_CNDD","Physarum candidum","manually added",
"P_PYSRM_CPNS","Physarum capense","manually added",
"P_PYSRM_CRLY","Physarum carlylei","manually added",
"P_PYSRM_CRBR","Physarum cerebrinum","manually added",
"P_PYSRM_CERN","Physarum cernua","manually added",
"P_PYSRM_CERN_DFLX","Physarum cernua deflexa","manually added",
"P_PYSRM_CERN_RIGD","Physarum cernua rigida","manually added",
"P_PYSRM_CERNM","Physarum cernuum","manually added",
"P_PYSRM_CHRY","Physarum chrysopeplum","manually added",
"P_PYSRM_YSPS","Physarum chrysopus","manually added",
"P_PYSRM_RCHA","Physarum chrysotricha","manually added",
"P_PYSRM_RCHM","Physarum chrysotrichum","manually added",
"P_PYSRM_CINR","Physarum cinerea","manually added",
"P_PYSRM_CNRM_ARND","Physarum cinereum aureonodum","manually added",
"P_PYSRM_CNRM_ECLC","Physarum cinereum ecalcaratum","manually added",
"P_PYSRM_CNRM_GLBS","Physarum cinereum globosum","manually added",
"P_PYSRM_CNRM_MGND","Physarum cinereum magnidosum","manually added",
"P_PYSRM_CNRM_MGNN","Physarum cinereum magninodosum","manually added",
"P_PYSRM_CNRM_OBVT","Physarum cinereum obovatum","manually added",
"P_PYSRM_CNRM_OBVM","Physarum cinereum obovaum","manually added",
"P_PYSRM_CNRM_OVDM","Physarum cinereum ovoideum","manually added",
"P_PYSRM_CNRM_SCNT","Physarum cinereum scintillans","manually added",
"P_PYSRM_CTRN","Physarum citrinellum","manually added",
"P_PYSRM_TRNM_RFPS","Physarum citrinum rufipes","manually added",
"P_PYSRM_TRNM_SSSL","Physarum citrinum sessile","manually added",
"P_PYSRM_CLMB","Physarum columbina","manually added",
"P_PYSRM_MBNM","Physarum columbinum","manually added",
"P_PYSRM_CLML","Physarum columellatum","manually added",
"P_PYSRM_CMPC","Physarum compacta","manually added",
"P_PYSRM_PCTM","Physarum compactum","manually added",
"P_PYSRM_CNGS","Physarum congestum","manually added",
"P_PYSRM_CNGL","Physarum conglobatum","manually added",
"P_PYSRM_MRTA","Physarum conglomerata","manually added",
"P_PYSRM_MRTM_MNTM","Physarum conglomeratum minutum","manually added",
"P_PYSRM_MRTM_NPHR","Physarum conglomeratum nephroideum","manually added",
"P_PYSRM_MRTM_PLYG","Physarum conglomeratum polygonum","manually added",
"P_PYSRM_CNTX_GLMR","Physarum contextum glomerulosum","manually added",
"P_PYSRM_CNTX_MRTN","Physarum contextum mortonii","manually added",
"P_PYSRM_CNTX_SPLN","Physarum contextum splendens","manually added",
"P_PYSRM_TXTS","Physarum contextus","manually added",
"P_PYSRM_CRTR","Physarum crateriachea","manually added",
"P_PYSRM_CRTRF_CLML","Physarum crateriforme columellatum","manually added",
"P_PYSRM_CRCF","Physarum croceoflavum","manually added",
"P_PYSRM_CPRP","Physarum cupripes","manually added",
"P_PYSRM_DLCT","Physarum delicatissimum","manually added",
"P_PYSRM_DDRM_TSTC","Physarum diderma testaceum","manually added",
"P_PYSRM_RMDS_LVDM","Physarum didermoides lividum","manually added",
"P_PYSRM_DDYM","Physarum didymium","manually added",
"P_PYSRM_DSCD","Physarum discoidale","manually added",
"P_PYSRM_DTMR","Physarum ditmarii","manually added",
"P_PYSRM_DTMR_CRCF","Physarum ditmarii croceoflavum","manually added",
"P_PYSRM_DTMR_LTRT","Physarum ditmarii lateritium","manually added",
"P_PYSRM_DTMR_VRSC","Physarum ditmarii virescens","manually added",
"P_PYSRM_DRJY","Physarum durjoylingum","manually added",
"P_PYSRM_ERYT","Physarum erythrinum","manually added",
"P_PYSRM_EXGM","Physarum exiguum","manually added",
"P_PYSRM_FMNT_SBRC","Physarum famintzinii sibiricum","manually added",
"P_PYSRM_FLGL","Physarum flagellata","manually added",
"P_PYSRM_FLAVM","Physarum flavum","manually added",
"P_PYSRM_FCKL","Physarum fuckeliana","manually added",
"P_PYSRM_FCKL_GRCL","Physarum fuckeliana gracilis","manually added",
"P_PYSRM_VCPS","Physarum fulviceps","manually added",
"P_PYSRM_FLVP","Physarum fulvipes","manually added",
"P_PYSRM_FULVM","Physarum fulvum","manually added",
"P_PYSRM_FLVS","Physarum fulvus","manually added",
"P_PYSRM_FRFR","Physarum furfuraceum","manually added",
"P_PYSRM_GLCM","Physarum glaucum","manually added",
"P_PYSRM_GLBF","Physarum globiferum","manually added",
"P_PYSRM_GLBL","Physarum globulifer","manually added",
"P_PYSRM_LFRA","Physarum globulifera","manually added",
"P_PYSRM_LFRM_CNFL","Physarum globuliferum confluens","manually added",
"P_PYSRM_LFRM_FLVM","Physarum globuliferum flavum","manually added",
"P_PYSRM_LFRM_LLCN","Physarum globuliferum lilacinum","manually added",
"P_PYSRM_LFRS","Physarum globuliferus","manually added",
"P_PYSRM_GRCL","Physarum gracilenta","manually added",
"P_PYSRM_LNTM","Physarum gracilentum","manually added",
"P_PYSRM_GRNL","Physarum granulatum","manually added",
"P_PYSRM_GLLM","Physarum gulielma","manually added",
"P_PYSRM_LLME","Physarum gulielmae","manually added",
"P_PYSRM_GYRC","Physarum gyrocephala","manually added",
"P_PYSRM_GYRCP","Physarum gyrocephalum","manually added",
"P_PYSRM_GYRS","Physarum gyrosa","manually added",
"P_PYSRM_HTRS","Physarum heterosporum","manually added",
"P_PYSRM_IMTN","Physarum imitans","manually added",
"P_PYSRM_IMTN_FLXS","Physarum imitans flexuosa","manually added",
"P_PYSRM_INQL","Physarum inaequale","manually added",
"P_PYSRM_INST","Physarum instratum","manually added",
"P_PYSRM_JVNC","Physarum javanica","manually added",
"P_PYSRM_KLCH","Physarum kalchbrenneri","manually added",
"P_PYSRM_LPDD","Physarum lepidodermoides","manually added",
"P_PYSRM_PDDM","Physarum lepidoideum","manually added",
"P_PYSRM_LCPH","Physarum leucophaea","manually added",
"P_PYSRM_CPHM_CNGL","Physarum leucophaeum conglobatum","manually added",
"P_PYSRM_CPHM_CNNX","Physarum leucophaeum connexum","manually added",
"P_PYSRM_CPHM_FLXS","Physarum leucophaeum flexuosum","manually added",
"P_PYSRM_CPHM_SSSL","Physarum leucophaeum sessile","manually added",
"P_PYSRM_CPHM_STPT","Physarum leucophaeum stipitatum","manually added",
"P_PYSRM_CPHM_VLSC","Physarum leucophaeum violascens","manually added",
"P_PYSRM_LCPS_LCPS","Physarum leucopus leucopus","manually added",
"P_PYSRM_LVLL","Physarum leveillei","manually added",
"P_PYSRM_LVLL_ARPS","Physarum leveillei auripes","manually added",
"P_PYSRM_LVLL_CHRY","Physarum leveillei chrysopus","manually added",
"P_PYSRM_LVLL_FSTN","Physarum leveillei fuistingii","manually added",
"P_PYSRM_LCHNF","Physarum licheniformis","manually added",
"P_PYSRM_LLCN","Physarum lilacinum","manually added",
"P_PYSRM_LLCN_CRLM","Physarum lilacinum coeruleum","manually added",
"P_PYSRM_LMNM","Physarum limonium","manually added",
"P_PYSRM_LSTR","Physarum listeri","manually added",
"P_PYSRM_LVDM","Physarum lividum","manually added",
"P_PYSRM_LVDM_CNGL","Physarum lividum conglobatum","manually added",
"P_PYSRM_LVDM_LCHN","Physarum lividum licheniformis","manually added",
"P_PYSRM_LVDM_LVDM","Physarum lividum lividum","manually added",
"P_PYSRM_LNGP","Physarum longipes","manually added",
"P_PYSRM_LUTE","Physarum lutea","manually added",
"P_PYSRM_LTLB","Physarum luteoalbum","manually added",
"P_PYSRM_LTLB_AURM","Physarum luteoalbum aureum","manually added",
"P_PYSRM_LTGR","Physarum luteogriseum","manually added",
"P_PYSRM_LUTM","Physarum luteum","manually added",
"P_PYSRM_LUTS","Physarum luteus","manually added",
"P_PYSRM_MCLT","Physarum maculatum","manually added",
"P_PYSRM_MRGN","Physarum marginatum","manually added",
"P_PYSRM_MYDS","Physarum maydis","manually added",
"P_PYSRM_MLNS","Physarum melanospermum","manually added",
"P_PYSRM_MLLM_LUTM","Physarum melleum luteum","manually added",
"P_PYSRM_MCRD","Physarum mucoroides","manually added",
"P_PYSRM_MCSM","Physarum mucosum","manually added",
"P_PYSRM_MLLR","Physarum muelleri","manually added",
"P_PYSRM_MLTP","Physarum multiplex","manually added",
"P_PYSRM_MRNM_AENM","Physarum murinum aeneum","manually added",
"P_PYSRM_MRNM_RVNL","Physarum murinum ravenelii","manually added",
"P_PYSRM_TBLS","Physarum mutabilis","manually added",
"P_PYSRM_TBLS_ARNT","Physarum mutabilis aurantiaca","manually added",
"P_PYSRM_TBLS_IRRG","Physarum mutabilis irregularis","manually added",
"P_PYSRM_TBLS_LUTE","Physarum mutabilis lutea","manually added",
"P_PYSRM_NPLT","Physarum neapolitanum","manually added",
"P_PYSRM_NCTR","Physarum nectriaeforme","manually added",
"P_PYSRM_NCTRF","Physarum nectriiforme","manually added",
"P_PYSRM_NPHR","Physarum nephroidea","manually added",
"P_PYSRM_HRDM","Physarum nephroideum","manually added",
"P_PYSRM_NVSC_NTNS","Physarum nivescens nitens","manually added",
"P_PYSRM_NDLS","Physarum nodulosa","manually added",
"P_PYSRM_NCLT_FLRG","Physarum nucleatum florigerum","manually added",
"P_PYSRM_NCLT_RBST","Physarum nucleatum robustum","manually added",
"P_PYSRM_NUTNS","Physarum nutans","manually added",
"P_PYSRM_NUTNS_AURM","Physarum nutans aureum","manually added",
"P_PYSRM_NUTNS_CCCN","Physarum nutans coccineum","manually added",
"P_PYSRM_NUTNS_FLRG","Physarum nutans florigerum","manually added",
"P_PYSRM_NUTNS_IRCL","Physarum nutans iricolor","manually added",
"P_PYSRM_NUTNS_LCPH","Physarum nutans leucophaeum","manually added",
"P_PYSRM_NUTNS_LTVR","Physarum nutans luteo-virens","manually added",
"P_PYSRM_NUTNS_VRNS","Physarum nutans luteovirens","manually added",
"P_PYSRM_NUTNS_NTNS","Physarum nutans nutans","manually added",
"P_PYSRM_NUTNS_OVCR","Physarum nutans ovicarpea","manually added",
"P_PYSRM_NUTNS_CRPM","Physarum nutans ovicarpum","manually added",
"P_PYSRM_NUTNS_PHYC","Physarum nutans phycophilum","manually added",
"P_PYSRM_NUTNS_PRPR","Physarum nutans propria","manually added",
"P_PYSRM_NUTNS_RIGD","Physarum nutans rigida","manually added",
"P_PYSRM_NUTNS_RBST","Physarum nutans robustum","manually added",
"P_PYSRM_NUTNS_RBRM","Physarum nutans rubrum","manually added",
"P_PYSRM_NUTNS_SBTL","Physarum nutans subtile","manually added",
"P_PYSRM_NUTNS_VLSC","Physarum nutans violascens","manually added",
"P_PYSRM_NUTNS_VIRD","Physarum nutans viride","manually added",
"P_PYSRM_NUTNS_VLGR","Physarum nutans vulgare","manually added",
"P_PYSRM_OBLN","Physarum oblongum","manually added",
"P_PYSRM_OBRS","Physarum obrusseum","manually added",
"P_PYSRM_OCHR","Physarum ochroleucum","manually added",
"P_PYSRM_OXLN","Physarum oxalinum","manually added",
"P_PYSRM_PLLD","Physarum pallidum","manually added",
"P_PYSRM_PANC_NVLS","Physarum panicea nivalis","manually added",
"P_PYSRM_PRST","Physarum parasiticum","manually added",
"P_PYSRM_PNDL","Physarum pendulum","manually added",
"P_PYSRM_PTRS","Physarum petersii","manually added",
"P_PYSRM_PTRS_FRLW","Physarum petersii farlowii","manually added",
"P_PYSRM_PTRS_INTR","Physarum petersii intermedium","manually added",
"P_PYSRM_PZZD","Physarum pezizoidea","manually added",
"P_PYSRM_ZZDS","Physarum pezizoides","manually added",
"P_PYSRM_ZZDM_MCRS","Physarum pezizoideum microsporum","manually added",
"P_PYSRM_PHLL","Physarum phillipsii","manually added",
"P_PYSRM_PINI","Physarum pini","manually added",
"P_PYSRM_PLTN","Physarum platense","manually added",
"P_PYSRM_PLMB","Physarum plumbeum","manually added",
"P_PYSRM_PLYC","Physarum polycephala","manually added",
"P_PYSRM_PLYCP_OBRS","Physarum polycephalum obrusseum","manually added",
"P_PYSRM_PLYM","Physarum polymorphum","manually added",
"P_PYSRM_PLYM_OBRS","Physarum polymorphum obrusseum","manually added",
"P_PYSRM_PRPH","Physarum porphyra","manually added",
"P_PYSRM_PSTT_CHLR","Physarum psittacinum chlorantum","manually added",
"P_PYSRM_PSTT_FLVP","Physarum psittacinum fulvipes","manually added",
"P_PYSRM_PSTT_FLVM","Physarum psittacinum fulvum","manually added",
"P_PYSRM_PSTT_INTR","Physarum psittacinum intermedium","manually added",
"P_PYSRM_PSTT_RVNL","Physarum psittacinum ravenelii","manually added",
"P_PYSRM_PLCH","Physarum pulcherrima","manually added",
"P_PYSRM_RRPS_SLCT","Physarum pulcherripes sulcatipes","manually added",
"P_PYSRM_RVNL","Physarum ravenelii","manually added",
"P_PYSRM_REDR","Physarum readeri","manually added",
"P_PYSRM_RLTM","Physarum relatum","manually added",
"P_PYSRM_RNFRM","Physarum reniformis","manually added",
"P_PYSRM_RTCL","Physarum reticulatum","manually added",
"P_PYSRM_RBST_CRLM","Physarum robustum coeruleum","manually added",
"P_PYSRM_ROSM_DSCC","Physarum roseum discocephalum","manually added",
"P_PYSRM_ROSM_RCMS","Physarum roseum racemosum","manually added",
"P_PYSRM_RSTF","Physarum rostafinskii","manually added",
"P_PYSRM_RBGN_ARSC","Physarum rubiginosum auriscalpium","manually added",
"P_PYSRM_RBRN","Physarum rubronodum","manually added",
"P_PYSRM_RBRP","Physarum rubropunctatum","manually added",
"P_PYSRM_RFPS","Physarum rufipes","manually added",
"P_PYSRM_SCHM","Physarum schumacheri","manually added",
"P_PYSRM_SCHM_ARNT","Physarum schumacheri aurantiacum","manually added",
"P_PYSRM_SCHM_CHRY","Physarum schumacheri chrysopus","manually added",
"P_PYSRM_SCHM_CTRN","Physarum schumacheri citrinum","manually added",
"P_PYSRM_SCHM_CMPC","Physarum schumacheri compactum","manually added",
"P_PYSRM_SCHM_MLLM","Physarum schumacheri melleum","manually added",
"P_PYSRM_SCHM_RFPS","Physarum schumacheri rufipes","manually added",
"P_PYSRM_SCRB","Physarum scrobiculatum","manually added",
"P_PYSRM_SMNN","Physarum semiannulata","manually added",
"P_PYSRM_SIML","Physarum simile","manually added",
"P_PYSRM_SNPM","Physarum sinapium","manually added",
"P_PYSRM_SINS","Physarum sinuosa","manually added",
"P_PYSRM_SNSM","Physarum sinuosum","manually added",
"P_PYSRM_SPNL","Physarum spinulosum","manually added",
"P_PYSRM_SPMR_DDYM","Physarum spumariodes didymium","manually added",
"P_PYSRM_MRDS_DEGW","Physarum spumarioides degawae","manually added",
"P_PYSRM_MRDS_DDRM","Physarum spumarioides didermoides","manually added",
"P_PYSRM_SQML_LCPS","Physarum squamulosum leucopus","manually added",
"P_PYSRM_STYR","Physarum styriacum","manually added",
"P_PYSRM_SBRS","Physarum subroseum","manually added",
"P_PYSRM_SBLT","Physarum subulatum","manually added",
"P_PYSRM_SLFR","Physarum sulfureum","manually added",
"P_PYSRM_TNRR","Physarum tenerrimum","manually added",
"P_PYSRM_TRRS","Physarum terrestre","manually added",
"P_PYSRM_TSTC","Physarum testaceum","manually added",
"P_PYSRM_THTM","Physarum theioteum","manually added",
"P_PYSRM_TCMN","Physarum tucumanense","manually added",
"P_PYSRM_VLVT","Physarum valvata","manually added",
"P_PYSRM_LVTM","Physarum valvatum","manually added",
"P_PYSRM_VRBL","Physarum variabile","manually added",
"P_PYSRM_VERN","Physarum verna","manually added",
"P_PYSRM_VRNM_BDHM","Physarum vernum badhamioides","manually added",
"P_PYSRM_VRNM_IRDS","Physarum vernum iridescens","manually added",
"P_PYSRM_VRNM_PRVS","Physarum vernum parvisporum","manually added",
"P_PYSRM_VLCM","Physarum violaceum","manually added",
"P_PYSRM_VLCN","Physarum violaceun","manually added",
"P_PYSRM_VRSC_ALPN","Physarum virescens alpinum","manually added",
"P_PYSRM_VRSC_CROC","Physarum virescens croceo","manually added",
"P_PYSRM_VRSC_CRCF","Physarum virescens croceoflavum","manually added",
"P_PYSRM_VRSC_FLVM","Physarum virescens flavum","manually added",
"P_PYSRM_VRSC_LTRT","Physarum virescens lateritium","manually added",
"P_PYSRM_VRSC_NTNS","Physarum virescens nitens","manually added",
"P_PYSRM_VRSC_OBSC","Physarum virescens obscurum","manually added",
"P_PYSRM_VRSC_THTM","Physarum virescens theioteum","manually added",
"P_PYSRM_VIRD_ARNT","Physarum viride aurantium","manually added",
"P_PYSRM_VIRD_BTHL","Physarum viride bethelii","manually added",
"P_PYSRM_VIRD_HNNL","Physarum viride hinnuleum","manually added",
"P_PYSRM_VIRD_INCN","Physarum viride incanum","manually added",
"P_PYSRM_VIRD_LUTE","Physarum viride lutea","manually added",
"P_PYSRM_VIRD_LTVR","Physarum viride luteovirens","manually added",
"P_PYSRM_VIRD_LUTM","Physarum viride luteum","manually added",
"P_PYSRM_VIRD_RGDM","Physarum viride rigidum","manually added",
"P_PYSRM_VRDS","Physarum viridis","manually added",
"P_PYSRM_VRDS_ARNT","Physarum viridis aurantiaca","manually added",
"P_PYSRM_VRDS_LUTE","Physarum viridis lutea","manually added",
"P_PYSRM_WNGT","Physarum wingatense","manually added",
"P_PYSRM_ZYLN","Physarum zeylanicum","manually added",
"F_PHYSCI","Physcia","manually added",
"F_PHYSM","Physma","manually added",
"P_PHYSC","Physochila","manually added",
"P_PHYTM","Phytomonas","GBIF",
"F_PICHI_ANML_BLGC","Pichia anomala belgica","GBIF",
"F_PICHI_NMLS","Pichia anomalus","GBIF",
"F_PICHI_NMLS_BLGC","Pichia anomalus belgicus","GBIF",
"F_PICHI_LGCS","Pichia belgicus","GBIF",
"F_PICHI_BSPR","Pichia bisporus","GBIF",
"F_PICHI_CHVL","Pichia chevalieri","GBIF",
"F_PICHI_CHVL_ANDR","Pichia chevalieri andersonii","GBIF",
"F_PICHI_CHVL_CHVL","Pichia chevalieri chevalieri","GBIF",
"F_PICHI_CHVL_FRMN","Pichia chevalieri fermentati","GBIF",
"F_PICHI_CHVR","Pichia chevariacea","GBIF",
"F_PICHI_CHNT","Pichia chiantigiana","GBIF",
"F_PICHI_CHDT_FRMN","Pichia chodatii fermentans","GBIF",
"F_PICHI_CITR","Pichia citrea","GBIF",
"F_PICHI_DCLR","Pichia decolorans","GBIF",
"F_PICHI_FMTR","Pichia fimetaria","GBIF",
"F_PICHI_SPRS","Pichia hyalosporus","GBIF",
"F_PICHI_KRUS_TRNS","Pichia krusei transitoria","GBIF",
"F_PICHI_KRUS_VNLR","Pichia krusei vanlaeriana","GBIF",
"F_PICHI_LCTS","Pichia lactis","GBIF",
"F_PICHI_LAFR","Pichia lafarii","GBIF",
"F_PICHI_LMBC","Pichia lambica","GBIF",
"F_PICHI_MONS","Pichia monosa","GBIF",
"F_PICHI_MYCP","Pichia mycoderma-punctisporus","GBIF",
"F_PICHI_PSTA","Pichia pastorianus-arborescens","GBIF",
"F_PICHI_PRFR","Pichia piriformis","GBIF",
"F_PICHI_PNCT","Pichia punctisporus","GBIF",
"F_PICHI_PYRF","Pichia pyriformis","GBIF",
"F_PICHI_SCND","Pichia scandinavicus","GBIF",
"F_PICHI_SLCL","Pichia solicola","GBIF",
"F_PICHI_SOOS","Pichia soosii","GBIF",
"F_PICHI_SRBS","Pichia sorbosa","GBIF",
"F_PICHI_TNNC","Pichia tannica","GBIF",
"F_PICHI_TRMP","Pichia trumpyi","GBIF",
"F_PICHI_VALD","Pichia valida","GBIF",
"F_PICHI_VNLR","Pichia vanlaeriana","GBIF",
"F_PIEDR_GUAY","Piedraia guayo","GBIF",
"F_PTHMY_QUDRT","Pithomyces quadrata","GBIF",
"F_PTHMY_DRTM","Pithomyces quadratum","GBIF",
"P_PTHNL","Pithonella","manually added",
"F_PNTHM","Placynthium","manually added",
"P_PLGPY_DCLV_CRYP","Plagiopyxis declivis cryptostoma","manually added",
"P_PLGPY_DCLV_OBLN","Plagiopyxis declivis oblonga","manually added",
"P_PLNCT","Planctonites","manually added",
"B_PLNKTL_SPRL","Planktolyngbya spiralis","GBIF",
"B_PLNKTL_SPRD","Planktolyngbya spiroides","GBIF",
"B_PLNKTL_SPLN_LMNT","Planktolyngbya splendida limnetica","GBIF",
"B_PRCDS_RCBR_RCBR","Planktothricoides raciborskii raciborskii","GBIF",
"B_PLNKTT_AGRD_AEQC","Planktothrix agardhii aequicrassa","GBIF",
"B_PLNKTT_AGRD_GMNT","Planktothrix agardhii gomontii","GBIF",
"B_PLNKTT_AGRD_ISTH","Planktothrix agardhii isothrix","GBIF",
"B_PLNKTT_AGRD_LMMR","Planktothrix agardhii lemmermannii","GBIF",
"B_PLNKTT_AGRD_MOBS","Planktothrix agardhii moebiusii","GBIF",
"B_PLNKTT_AGRD_WSLC","Planktothrix agardhii wislouchii","GBIF",
"B_PLNKTT_AGHR","Planktothrix aghardii","GBIF",
"B_PLNKTT_LYNG","Planktothrix lyngbyaceum","GBIF",
"B_PLNKTT_MGTI_CLTH","Planktothrix mougeotiii clathrata","GBIF",
"B_PLNKTT_ORNT_PLNC","Planktothrix ornata planctonica","GBIF",
"B_PLNMC_STCS","Planomicrobium alkanoclasticus","GBIF",
"B_PLNMC_PHLS","Planomicrobium psychrophilus","GBIF",
"B_PLRCP_MINS","Pleurocapsa minus","GBIF",
"P_PLRMS","Pleuromastigella","manually added",
"P_PLOET_RGTA","Ploeotia currugata","manually added",
"P_PDMPH","Podamphora","manually added",
"F_PLYCC","Polycoccum","manually added",
"B_PYSTS_AERG","Polycystis aeruginosa","GBIF",
"P_PLYFB_DLTT","Polyfibula dilatata","manually added",
"P_[FAM]_PLYMSTGD","Polymastigidae","manually added",
"P_PLYSC_AGGR","Polyschismium aggregatum","manually added",
"P_PLYSC_CRST","Polyschismium carestiana","manually added",
"P_PLYSC_STNM_BRNN","Polyschismium carestianum brunnescens","manually added",
"P_PLYSC_STNM_CHLL","Polyschismium carestianum chailletii","manually added",
"P_PLYSC_STNM_FLVS","Polyschismium carestianum flavescens","manually added",
"P_PLYSC_STNM_GRNL","Polyschismium carestianum granuliferum","manually added",
"P_PLYSC_STNM_PSDC","Polyschismium carestianum pseudocarestianum","manually added",
"P_PLYSC_STNM_PLVR","Polyschismium carestianum pulverulenta","manually added",
"P_PLYSC_STNM_ROSM","Polyschismium carestianum roseum","manually added",
"P_PLYSC_DDRM","Polyschismium didermoides","manually added",
"P_PLYSC_GRNL","Polyschismium granulifera","manually added",
"P_PLYSC_LYLL","Polyschismium lyallii","manually added",
"P_PLYSC_MINR","Polyschismium minor","manually added",
"P_PLYSC_MINS","Polyschismium minus","manually added",
"P_PLYSC_NIVL","Polyschismium nivale","manually added",
"P_PLYSC_NIVM","Polyschismium niveum","manually added",
"P_PLYSC_NIVM_LYLL","Polyschismium niveum lyallii","manually added",
"P_PLYSC_SPNS","Polyschismium spinosifila","manually added",
"P_PLYSC_TRVL_NIVL","Polyschismium trevelyanii nivale","manually added",
"F_PORIN","Porina","manually added",
"B_PRPHYR_MLNN_MACC","Porphyromonas melaninogenicus macacae","GBIF",
"B_PRPHYR_LVSS","Porphyromonas salivosus","GBIF",
"F_PORPD","Porpidia","manually added",
"B_PRVTL_CPLL","Prevotella capillus","GBIF",
"B_PRVTL_GNCS_INTR","Prevotella melaninogenicus intermedius","GBIF",
"B_PRVTL_PNTS","Prevotella pentosaceus","GBIF",
"B_PRVTL_ZGLF","Prevotella zoogleiformans","GBIF",
"F_PRCMY_VINI","Priceomyces vini","GBIF",
"F_PRCMY_VINI_MLBS","Priceomyces vini melibiosi","GBIF",
"P_PRSTC","Pristacantha","manually added",
"P_PRTRS_NANA","Proterospongia nana","manually added",
"B_PRTCH_MSSL","Protochlamydia massiliensis","manually added",
"P_PSTLM_MYCP_CRSS","Protostelium mycophagum crassipes","manually added",
"P_PSTLM_MYCP_MAJS","Protostelium mycophagum majus","manually added",
"P_PRCHA_CHML","Prototrichia chamaeleontina","manually added",
"P_PRCHA_CUPR","Prototrichia cuprea","manually added",
"P_PRCHA_ELGN","Prototrichia elegantula","manually added",
"P_PRCHA_FLGL","Prototrichia flagellifer","manually added",
"P_PRCHA_LFRA","Prototrichia flagellifera","manually added",
"P_PRCHA_SCHR","Prototrichia schroeteri","manually added",
"B_PRVDN_INCN","Providencia inconstans","GBIF",
"F_PSDLL_AMRC","Pseudallescheria americana","GBIF",
"F_PSDLL_GSTM","Pseudallescheria angustum","GBIF",
"F_PSDLL_PRMM","Pseudallescheria apiospermum","GBIF",
"F_PSDLL_CHRT","Pseudallescheria chartoikoon","GBIF",
"F_PSDLL_PSDM","Pseudallescheria ellipsoideum","GBIF",
"F_PSDLL_FSDM","Pseudallescheria fusoideum","GBIF",
"F_PSDLL_HMNS","Pseudallescheria hominis","GBIF",
"B_PNBNA_LMNT_ACCL","Pseudanabaena limnetica acicularis","GBIF",
"B_PNBNA_NMNN","Pseudanabaena naumannii","GBIF",
"B_PSDLT_PRPH","Pseudoalteromonas porphyrae","manually added",
"B_PSDLT_SPRL","Pseudoalteromonas spiralis","manually added",
"B_PSDLT_TLLR","Pseudoalteromonas telluritireducens","manually added",
"B_PSDBZ_CRSS","Pseudobizionia crassostreae","GBIF",
"P_PSDCR_ACTM","Pseudocorythion acutum","manually added",
"F_PCHNA","Pseudolachnea","manually added",
"F_PTRMA_HNNL","Pseudomicrostroma hinnulea","GBIF",
"B_PSDMN_AESTS","Pseudomonas aestus","manually added",
"B_PSDMN_PLYT","Pseudomonas polytricha","GBIF",
"B_PSDMN_PYRR","Pseudomonas pyrrocinia","LPSN","Burkholderia pyrrocinia"
"B_PSDMN_SDRC","Pseudomonas siderocapsulatus","GBIF",
"B_PSDPRP_PRPN","Pseudopropionibacterium propionica","GBIF",
"B_PSDPRP_PNCS","Pseudopropionibacterium propionicus","GBIF",
"F_PSORM","Psoroma","manually added",
"P_PSRSP","Psorospermis","manually added",
"B_PBCLLS_QSQL","Psychrobacillus quisquiliarum","GBIF",
"F_PRPRC_RYGM","Purpureocillium ryogamimontana","GBIF",
"F_PRPRC_NNSS","Purpureocillium takamizusanensis","GBIF",
"P_PYRTH_ACTM","Pyrotheca acutum","manually added",
"P_PYRTH_RGLM","Pyrotheca virgulum","manually added",
"P_[FAM]_PYRSNYMP","Pyrsonymphidae","manually added",
"F_PYXIN","Pyxine","manually added",
"P_QDRLL_SYMM","Quadrulella symmetrica","manually added",
"F_RAMLR_SPRF","Ramularia superflua","GBIF",
"B_RLTLL_TRVS","Raoultella trevisanii","GBIF",
"P_RTCLR_AURM","Reticularia aureum","manually added",
"P_RTCLR_CPRN","Reticularia cooperensis","manually added",
"P_RTCLR_FLGN","Reticularia fuliginoides","manually added",
"P_RTCLR_RMDM","Reticularia intermedium","manually added",
"P_RTCLR_JRNM","Reticularia juranum","manually added",
"P_RTCLR_LINT","Reticularia lineata","manually added",
"P_RTCLR_LNTS","Reticularia lineatus","manually added",
"P_RTCLR_LBTM","Reticularia lobatum","manually added",
"P_RTCLR_LYCG","Reticularia lycogala","manually added",
"P_RTCLR_LYCP_AMRC","Reticularia lycoperdon americana","manually added",
"P_RTCLR_LYCP_RCNM","Reticularia lycoperdon americanum","manually added",
"P_RTCLR_LYCP_JURN","Reticularia lycoperdon jurana","manually added",
"P_RTCLR_OLVC_SMLN","Reticularia olivacea simulans","manually added",
"P_RTCLR_LVCM_LCDS","Reticularia olivaceum liceoides","manually added",
"P_RTCLR_LVCM_SMLN","Reticularia olivaceum simulans","manually added",
"P_RTCLR_PNCT","Reticularia punctatum","manually added",
"P_RTCLR_ROZN","Reticularia rozeana","manually added",
"P_RTCLR_RZNM","Reticularia rozeanum","manually added",
"P_RTCLR_GNSM","Reticularia rubiginosum","manually added",
"P_RTCLR_SPLN_JURN","Reticularia splendens jurana","manually added",
"P_RTCLR_SPLN_JRNM","Reticularia splendens juranum","manually added",
"P_RTCLR_TRBN","Reticularia turbinatum","manually added",
"P_RTCLR_UMBR","Reticularia umbrina","manually added",
"P_RTRTM","Retortamonas","manually added",
"B_RHBDD_ELLP","Rhabdoderma ellipsoidea","GBIF",
"B_RHBDD_PSDS","Rhabdoderma ellipsoideus","GBIF",
"P_RHBDMN_STTM","Rhabdomonas costatum","manually added",
"F_RHNCL_PCTM","Rhinocladiella compactum","GBIF",
"F_RHNCL_EMTB","Rhinocladiella eumetabolus","GBIF",
"F_RHNCL_OLGS","Rhinocladiella oligospermus","GBIF",
"P_RHNSP","Rhinosporidium","manually added",
"B_RHZBM_TMFCN","Rhizobium tumefaciens","manually added",
"B_RHZBM_TMFC","Rhizobium tumifaciens","GBIF",
"F_RHZMC_BNTN","Rhizomucor buntingii","GBIF",
"F_RHZMC_HAGM","Rhizomucor hagemii","GBIF",
"F_RHZMC_MIEH_MIEH","Rhizomucor miehei miehei","GBIF",
"F_RHZMC_MIEH_MINR","Rhizomucor miehei minor","GBIF",
"F_RHZMC_MRPR","Rhizomucor muriperda","GBIF",
"F_RHZPG","Rhizopogon","manually added",
"F_RHZPS_AGRC","Rhizopus agaricina","GBIF",
"F_RHZPS_RCNS","Rhizopus agaricinus","GBIF",
"F_RHZPS_ASCP","Rhizopus ascophorus","GBIF",
"F_RHZPS_LYCCC","Rhizopus lyococcos","GBIF",
"F_RHZPS_MUCD","Rhizopus mucedo","GBIF",
"F_RHZPS_PYGM","Rhizopus pygmaeus","GBIF",
"F_RHZPS_RORD","Rhizopus rorida","GBIF",
"F_RHZPS_RRDS","Rhizopus roridus","GBIF",
"F_RHZPS_RXNS","Rhizopus rouxianus","GBIF",
"F_RHZPS_ROUX","Rhizopus rouxii","GBIF",
"F_RHZPS_SLBR_INST","Rhizopus salebrosus instriatis","GBIF",
"F_RHZPS_TODN","Rhizopus todeana","GBIF",
"F_RHZPS_VLGR","Rhizopus vulgaris","GBIF",
"B_RHDBC_BGRN","Rhodobaca bogoriensis","LPSN",
"B_RHDCS_NTNM","Rhodocista centenum","GBIF",
"B_RHDCC_CLCR","Rhodococcus calcarea","GBIF",
"B_RHDCC_CHLR","Rhodococcus chlorophenolicus","LPSN","Mycobacterium chlorophenolicum"
"B_RHDCC_PCLN","Rhodococcus picolinophilus","GBIF",
"B_RHDCC_RSTR","Rhodococcus restricta","GBIF",
"B_RHDGL_RUBR","Rhodoglobus rubra","GBIF",
"B_RHDNL_IKKN","Rhodonellum ikkaensis","GBIF",
"F_RHDTR_AERM","Rhodotorula aereum","GBIF",
"F_RHDTR_ARNT","Rhodotorula aurantia","GBIF",
"F_RHDTR_CRBN","Rhodotorula carbonei","GBIF",
"F_RHDTR_CSNR","Rhodotorula cisnerosi","GBIF",
"F_RHDTR_DCLN","Rhodotorula decolans","GBIF",
"F_RHDTR_DFFL_JPNC","Rhodotorula diffluens japonica","GBIF","Naganishia gelatinosa"
"F_RHDTR_DUBI","Rhodotorula dubia","GBIF",
"F_RHDTR_DUBI_DUBI","Rhodotorula dubia dubia","GBIF",
"F_RHDTR_DUBI_PRTR","Rhodotorula dubia portoricensis","GBIF",
"F_RHDTR_DUBS","Rhodotorula dubius","GBIF",
"F_RHDTR_DUBS_PRTR","Rhodotorula dubius portoricensis","GBIF",
"F_RHDTR_FRSN","Rhodotorula fresenii","GBIF",
"F_RHDTR_LTNS_LSTN","Rhodotorula glutinis lusitanica","GBIF",
"F_RHDTR_NNLS","Rhodotorula hinnuleus","GBIF","Pseudomicrostroma hinnulea"
"F_RHDTR_YTCS","Rhodotorula histolyticus","GBIF","Cryptococcus histolytica"
"F_RHDTR_MNNT","Rhodotorula mannitica","GBIF",
"F_RHDTR_MINT","Rhodotorula miniata","GBIF",
"F_RHDTR_MCLG_KNTC","Rhodotorula mucilaginosa kentuckyii","GBIF",
"F_RHDTR_NTRT","Rhodotorula nitritophila","GBIF",
"F_RHDTR_PRRS","Rhodotorula pararoseus","GBIF",
"F_RHDTR_PHTG_ALBR","Rhodotorula photographus alborubescens","GBIF",
"F_RHDTR_MNLE","Rhodotorula pulmonale","GBIF",
"F_RHDTR_RDTS","Rhodotorula radiatus","GBIF",
"F_RHDTR_ROSE","Rhodotorula rosea","GBIF",
"F_RHDTR_RSCR","Rhodotorula roseocorallina","GBIF",
"F_RHDTR_RUBER","Rhodotorula ruber","GBIF",
"F_RHDTR_RUBR_MARN","Rhodotorula rubra marina","GBIF",
"F_RHDTR_RGSS","Rhodotorula rubrorugosus","GBIF",
"F_RHDTR_RFSC","Rhodotorula rufescens","GBIF",
"F_RHDTR_SAIT","Rhodotorula saitoi","GBIF",
"P_RHYNCH","Rhynchoidomonas","manually added",
"P_RCHPS","Rhynchopus","manually added",
"B_RTTSA_ARGS","Rickettsia argasii","GBIF",
"B_RTTSA_CLMB","Rickettsia colombianensi","manually added",
"B_RTTSA_PHLP","Rickettsia philipii","manually added",
"F_RINDN","Rinodina","manually added",
"B_RIVLR_ATRA_CDNT","Rivularia atra coadunata","GBIF",
"B_ROBBS_WODS","Robbsia woodsii","GBIF",
"B_RSNTR_BRGZ","Roseinatronobacter barguzinensis","GBIF",
"B_RSNTR_BGRN","Roseinatronobacter bogoriensis","LPSN",
"B_RSMNS_ROSS","Roseomonas roseus","GBIF",
"P_RSTRS_ELLP","Rostrostelium ellipticum","manually added",
"B_RMNCL_SIRM","Ruminiclostridium siraeum","manually added",
"F_RUSSL","Russula","manually added",
"F_SCCHR_BATT","Saccharomyces batatae","GBIF",
"F_SCCHR_CRLS_MNSH","Saccharomyces carlsbergensis manshuricus","GBIF",
"F_SCCHR_CRLS_MNCN","Saccharomyces carlsbergensis monacencis","GBIF",
"F_SCCHR_CRVS_BLRD","Saccharomyces cerevisiae boulardii","GBIF",
"F_SCCHR_ELLP_TYPC","Saccharomyces ellipsoideus typica","GBIF",
"F_SCCHR_ITLC_ITLC","Saccharomyces italicus italicus","GBIF",
"F_SCCHR_MNDS_II","Saccharomyces mandshuricus ii","manually added",
"F_SCCHR_MNDS_III","Saccharomyces mandshuricus iii","manually added",
"F_SCCHR_MNDS_IV","Saccharomyces mandshuricus iv","manually added",
"F_SCCHR_MNGN_CASE","Saccharomyces mangini casei","GBIF",
"F_SCCHR_MNGN_MNGN","Saccharomyces mangini mangini","GBIF",
"F_SCCHR_MNGN_MISO","Saccharomyces mangini miso","GBIF",
"F_SCCHR_MNGN_TTRS","Saccharomyces mangini tetrasporus","GBIF",
"F_SCCHR_OVFR_CHRN","Saccharomyces oviformis cheriensis","GBIF",
"F_SCCHR_RBST","Saccharomyces robusta","GBIF",
"F_SCCHR_VERN_OSLN","Saccharomyces veronae osloensis","GBIF",
"F_SCCHR_VNMN","Saccharomyces vini-muntz","GBIF",
"B_SCCHRP_FAEN","Saccharopolyspora faeni","GBIF",
"B_SLNMN_INDC","Salinimonas indica","GBIF",
"B_SLNNM_XNJN","Salininema xinjiangensis","GBIF",
"P_SLPNG_DSDL","Salpingoeca desaedeleeri","manually added",
"P_SLPNG_ELGN","Salpingoeca elegans","manually added",
"P_SLPNG_FRQN","Salpingoeca frequentissima","manually added",
"P_SLPNG_LNGP","Salpingoeca longipes","manually added",
"AN_SRCPT_SIRA_SCAB","Sarcoptes sira scabiei","GBIF",
"F_SCHFF_SHHT_INSC","Scheffersomyces shehatae insectosa","GBIF",
"F_SCHFF_SHHT_LGNS","Scheffersomyces shehatae lignosa","GBIF",
"P_SCHZD","Schizodiacrodium","manually added",
"B_SCHZT_FSCC_SMGL","Schizothrix fasciculata semiglobosa","GBIF",
"B_SCHLG_PHLM","Schlegelella thermophilum","GBIF",
"F_SCLCB_MINM","Scolecobasidium minima","GBIF","Ochroconis minimum"
"F_SCPLR_BANR","Scopulariopsis bainieri","GBIF",
"F_SCPLR_BRVC_HMNS","Scopulariopsis brevicaule hominis","GBIF",
"F_SCPLR_EPGM","Scopulariopsis epigaeum","GBIF",
"F_SCPLR_TVRM","Scopulariopsis insectivorum","GBIF",
"F_SCPLR_BLLM","Scopulariopsis rubellum","GBIF",
"F_SCPLR_SCPL","Scopulariopsis scopulariopsis","GBIF",
"F_SCPLR_CRRM","Scopulariopsis stercorarium","GBIF",
"F_SCYTL_CUBDM","Scytalidium cubodeum","GBIF",
"B_SCYTN_CNCN","Scytonema cincinnata","GBIF",
"B_SCYTN_CMPC","Scytonema compactus","GBIF",
"B_SCYTN_CRISP","Scytonema crispa","GBIF",
"B_SCYTN_DUBM","Scytonema dubium","GBIF",
"B_SCYTN_NTNS","Scytonema natans","GBIF",
"B_SCYTN_TNSS","Scytonema tenuissimum","GBIF",
"B_SDMNBCT_PNZB","Sediminibacterium penzbergensis","GBIF",
"B_SGTCC_SOLI","Segeticoccus soli","GBIF",
"B_SLLMN_MSSL","Sellimonas massiliensis","GBIF",
"P_SRPLR_CNTR","Serpularia centrifuga","manually added",
"B_SHWNL_FCNS","Shewanella putrifaciens","GBIF",
"B_SHNLL_SCCH","Shinella saccharophila","GBIF",
"B_SCCBC_ZRCH","Siccibacter zurichensis","GBIF",
"P_SNGHM","Singhamoeba","manually added",
"B_SKRMN_LRGM_PRNS","Skermanella largomobilis parooensis","GBIF",
"P_SNYDR","Snyderella","manually added",
"P_SLFRM_GLRS","Soliformovum irregularis","manually added",
"F_SOLRN","Solorina","manually added",
"F_STHCM","Sphaerellothecium","manually added",
"F_SPHAR_AMPH","Sphaeria amphitricha","GBIF",
"P_[FAM]_SPHNMNDD","Sphenomonadidae","manually added",
"B_SPHNGB_YBCH","Sphingobacterium yabuuchiae","GBIF",
"B_SNGMNS_DVRN","Sphingomonas devorans","GBIF",
"P_SPRLY_SCHE","Spirelytha scheii","manually added",
"P_SPRNL_PCPL","Spirinella pauciplicata","manually added",
"AN_SPRMT_FAST","Spirometra fausti","GBIF",
"P_SPRNY","Spironympha","manually added",
"C_SPNGS_SCBS","Spongospora scabies","GBIF",
"C_SPNGS_SCBS_CSPT","Spongospora scabies caespitosum","GBIF",
"C_SPNGS_SBTR_NSTR","Spongospora subterranea nasturtii","GBIF",
"C_SPNGS_SBTR_SBTR","Spongospora subterranea subterranea","GBIF",
"C_SPNGS_SBTR_VLDE","Spongospora subterranea valde-evoluta","GBIF",
"F_SPRBL_MTRS","Sporobolomyces metaroseus","GBIF",
"F_SPRBL_RPHS_PHTG","Sporobolomyces photographus photographus","GBIF",
"F_SPRBL_PLVR","Sporobolomyces pulverulentus","GBIF",
"F_SPRBL_RBRA","Sporobolomyces rubra","GBIF",
"F_SPRBL_SLMN_ALBS","Sporobolomyces salmonicolor albus","GBIF",
"F_SPRBL_SOML","Sporobolomyces somala","GBIF",
"B_SPRSR_SPRS","Sporosarcina globisporus","GBIF",
"F_SPRTH_AERG","Sporothrix aeruginosum","GBIF",
"F_SPRTH_AERG_MCRS","Sporothrix aeruginosum microsporum","GBIF",
"F_SPRTH_BRMN_ASTR","Sporothrix beurmannii asteroides","GBIF",
"F_SPRTH_BRMN_FICC","Sporothrix beurmannii fioccoi","GBIF",
"F_SPRTH_BRMN_NDCM","Sporothrix beurmannii indicum","GBIF",
"F_SPRTH_BRMN_JNSL","Sporothrix beurmannii janselmei","GBIF",
"F_SPRTH_BRMN_SLMI","Sporothrix beurmannii jeanselmei","GBIF",
"F_SPRTH_BRMN_SCHN","Sporothrix beurmannii schencki","GBIF",
"F_SPRTH_BRMN_NCKI","Sporothrix beurmannii schenckii","GBIF",
"F_SPRTH_CLMN","Sporothrix columnare","GBIF",
"F_SPRTH_SPRM","Sporothrix echinosporum","GBIF",
"F_SPRTH_EQUI","Sporothrix equi","GBIF",
"F_SPRTH_FNSC","Sporothrix fonsecae","GBIF",
"F_SPRTH_GSSY_RBST","Sporothrix gossypina robusta","GBIF",
"F_SPRTH_INDC","Sporothrix indicum","GBIF",
"F_SPRTH_JNSL","Sporothrix jeanselmei","GBIF",
"F_SPRTH_SNGN","Sporothrix sanguinea","manually added",
"F_SPRTH_SCHN_BMNN","Sporothrix schenckii beaumannii","GBIF",
"F_SPRTH_SCHN_BRMN","Sporothrix schenckii beurmannii","GBIF",
"F_SPRTH_SCHN_FICC","Sporothrix schenckii fioccoi","GBIF",
"F_SPRTH_SCHN_GRCN","Sporothrix schenckii greconis","GBIF",
"F_SPRTH_SCHB_BRMN","Sporothrix schenckii-beurmannii beurmannii","GBIF",
"F_SPRTH_SCHB_SCHN","Sporothrix schenckii-beurmannii schenckii","GBIF",
"F_SPRTH_SCPL","Sporothrix scopula","GBIF",
"F_SPRTH_TRPC","Sporothrix tropicale","GBIF",
"F_SPRTH_VRTC","Sporothrix verticilloides","GBIF",
"F_SPRTR_CRTRF","Sporotrichum crateriformis","GBIF",
"F_SPRTR_FNSTR","Sporotrichum fenestralis","GBIF",
"F_SPRTR_LTBR","Sporotrichum latebrarum","manually added",
"F_SPRTR_SNGN","Sporotrichum sanguineum","manually added",
"P_SPRAG_LOPHI","Spraguea lophi","GBIF",
"P_SQMLR_DINR","Squamularia dieneri","manually added",
"P_SQMLR_NMML","Squamularia nummulina","manually added",
"P_SQMLR_PLCH","Squamularia pulcherrima","manually added",
"P_SQMLR_SBRB","Squamularia suborbicularis","manually added",
"F_STCHY_ATRR","Stachybotrys aterrima","GBIF",
"F_STCHY_ATRA_BRVC","Stachybotrys atra brevicaulis","GBIF",
"F_STCHY_ATRA_LBLT","Stachybotrys atra lobulata","GBIF",
"F_STCHY_BGTT","Stachybotrys biguttatum","GBIF",
"F_STCHY_CHRTM","Stachybotrys charatum","GBIF",
"F_STCHY_ECHNT","Stachybotrys echinata","GBIF",
"F_STCHY_HNTM","Stachybotrys echinatum","GBIF",
"F_STCHY_LEPRS","Stachybotrys leprosa","GBIF",
"F_STCHY_LVSPR","Stachybotrys levispora","GBIF",
"F_STCHY_LBLT","Stachybotrys lobulata","GBIF",
"F_STCHY_LBLT_ANGS","Stachybotrys lobulata angustispora","GBIF",
"F_STCHY_BLTS_ANGS","Stachybotrys lobulatus angustisporus","GBIF",
"F_STCHY_LNGST","Stachybotrys longistipitata","GBIF",
"F_STCHY_NVZL","Stachybotrys novae-zelandiae","GBIF",
"B_STPHY_VRTR","Staphylococcus veratri","GBIF",
"B_STRKY_VLLS","Starkeya novellus","GBIF",
"P_STNHS_BRCH","Steinhausia brachynema","manually added",
"P_STNHS_MYTL","Steinhausia mytilovum","manually added",
"P_STNHS_OVCL","Steinhausia ovicola","manually added",
"P_STMNR_CRYP","Stemonaria crypta","manually added",
"P_STMNR_EQNC","Stemonaria equinoctialis","manually added",
"P_STMNR_FSCD_LNGP","Stemonaria fuscoides longipes","manually added",
"P_STMNR_IRRG_ALTC","Stemonaria irregularis altaica","manually added",
"P_STMNR_LONG_FLCC","Stemonaria longa flaccida","manually added",
"P_STMNR_LONG_IRRG","Stemonaria longa irregularis","manually added",
"P_STMNR_LNGS","Stemonaria longus","manually added",
"P_STMNT_ACMN","Stemonitis acuminata","manually added",
"P_STMNT_AXFR_SMTH","Stemonitis axifera smithii","manually added",
"P_STMNT_AXFR_VILC","Stemonitis axifera violacea","manually added",
"P_STMNT_BRLN","Stemonitis baeuerlinii","manually added",
"P_STMNT_BRLN_FNST","Stemonitis baeuerlinii fenestrata","manually added",
"P_STMNT_BRSL","Stemonitis brasiliensis","manually added",
"P_STMNT_CRLN","Stemonitis carolinensis","manually added",
"P_STMNT_CSTL","Stemonitis castillensis","manually added",
"P_STMNT_DCTY","Stemonitis dictyospora","manually added",
"P_STMNT_EMOT","Stemonitis emotoi","manually added",
"P_STMNT_FSCC","Stemonitis fasciculata","manually added",
"P_STMNT_FNST","Stemonitis fenestrata","manually added",
"P_STMNT_FRRG","Stemonitis ferruginea","manually added",
"P_STMNT_FRRG_GBBS","Stemonitis ferruginea gibbosa","manually added",
"P_STMNT_FRRG_SMTH","Stemonitis ferruginea smithii","manually added",
"P_STMNT_FRRG_VILC","Stemonitis ferruginea violacea","manually added",
"P_STMNT_GNTA","Stemonitis flavogentia","manually added",
"P_STMNT_FUSC_MAJR","Stemonitis fusca major","manually added",
"P_STMNT_FUSC_MAXM","Stemonitis fusca maxima","manually added",
"P_STMNT_FUSC_MINR","Stemonitis fusca minor","manually added",
"P_STMNT_FUSC_NGRS","Stemonitis fusca nigrescens","manually added",
"P_STMNT_FUSC_PNNT","Stemonitis fusca pinnata","manually added",
"P_STMNT_FUSC_RFSC","Stemonitis fusca rufescens","manually added",
"P_STMNT_LGNC","Stemonitis lignicola","manually added",
"P_STMNT_MAXM","Stemonitis maxima","manually added",
"P_STMNT_MCRS","Stemonitis microspora","manually added",
"P_STMNT_MRGN","Stemonitis morganii","manually added",
"P_STMNT_MSSR_EMOT","Stemonitis mussooriensis emotoi","manually added",
"P_STMNT_NGRS","Stemonitis nigrescens","manually added",
"P_STMNT_NUDA","Stemonitis nuda","manually added",
"P_STMNT_NUDA_MINR","Stemonitis nuda minor","manually added",
"P_STMNT_PLLD_RBSC","Stemonitis pallida rubescens","manually added",
"P_STMNT_SMTH","Stemonitis smithii","manually added",
"P_STMNT_SPLN_FNST","Stemonitis splendens fenestrata","manually added",
"P_STMNT_SPLN_MRGN","Stemonitis splendens morganii","manually added",
"P_STMNT_SPLN_WBBR","Stemonitis splendens webberi","manually added",
"P_STMNT_VILC","Stemonitis violacea","manually added",
"P_STMNT_VRGN_RBGN","Stemonitis virginiensis rubiginosa","manually added",
"P_STMNT_WBBR","Stemonitis webberi","manually added",
"P_STPSS_AEQL_ALTA","Stemonitopsis aequalis alta","manually added",
"P_STPSS_AFFN","Stemonitopsis affinis","manually added",
"P_STPSS_ATRA","Stemonitopsis atra","manually added",
"P_STPSS_CRLY","Stemonitopsis carlylei","manually added",
"P_STPSS_DCTY","Stemonitopsis dictyospora","manually added",
"P_STPSS_HYPR_LNDW","Stemonitopsis hyperopta landewaldii","manually added",
"P_STPSS_HYPR_MCRS","Stemonitopsis hyperopta microspora","manually added",
"P_STPSS_LCPD","Stemonitopsis leucopoda","manually added",
"P_STPSS_LYCP","Stemonitopsis lycopoda","manually added",
"P_STPSS_MCRS","Stemonitopsis microsperma","manually added",
"P_STPSS_NIGR_AEQL","Stemonitopsis nigra aequalis","manually added",
"P_STPSS_NIGR_SBCS","Stemonitopsis nigra subcaespitosa","manually added",
"P_STPSS_PRSN_SBCS","Stemonitopsis persoonii subcaespitosa","manually added",
"P_STPSS_PLTN","Stemonitopsis platensis","manually added",
"P_STPSS_PLCH_GRCL","Stemonitopsis pulchella gracilis","manually added",
"P_STPSS_RTCL_MCRS","Stemonitopsis reticulata macrospora","manually added",
"P_STPSS_STMN","Stemonitopsis stemonitis","manually added",
"P_STPSS_TYPH_HTRS","Stemonitopsis typhina heterospora","manually added",
"P_STPSS_TYPH_MCRS","Stemonitopsis typhina microspora","manually added",
"P_STPSS_TYPH_PUML","Stemonitopsis typhina pumila","manually added",
"P_STPSS_PHDS","Stemonitopsis typhoides","manually added",
"P_STPSS_PHDS_GENN","Stemonitopsis typhoides genuina","manually added",
"P_STPSS_PHDS_HTRS","Stemonitopsis typhoides heterospora","manually added",
"P_STPSS_PHDS_LNGP","Stemonitopsis typhoides longipes","manually added",
"P_STPSS_PHDS_MCRS","Stemonitopsis typhoides microspora","manually added",
"P_STPSS_PHDS_SMLS","Stemonitopsis typhoides similis","manually added",
"F_STNHM","Stenhammarella","manually added",
"B_STNTR_RTRF","Stenotrophomonas retroflexus","GBIF",
"B_STCHSP_PSDP","Stichosiphon pseudo-polymorphus","GBIF",
"F_STICT","Sticta","manually added",
"B_STGNM_HRMD_CRSS","Stigonema hormoides crassivaginatum","GBIF",
"B_STRPT_PRDN","Streptococcus periodonticum","manually added",
"B_STRPTM_ARAB","Streptomonospora arabia","GBIF",
"B_SMYCS_ACDP","Streptomyces acidiphila","GBIF",
"B_SMYCS_ALBLNG","Streptomyces albolonga","GBIF",
"B_SMYCS_ALBV","Streptomyces alboverticillatum","GBIF",
"B_SMYCS_RSLE","Streptomyces aureoversile","GBIF",
"B_SMYCS_BVRTC","Streptomyces biverticillatum","GBIF",
"B_SMYCS_CRLM","Streptomyces caeruleum","GBIF",
"B_SMYCS_CPNS","Streptomyces capuensis","GBIF",
"B_SMYCS_NMNM_ALBS","Streptomyces cinnamoneum albosporum","GBIF",
"B_SMYCS_DPLS","Streptomyces diplospora","GBIF",
"B_SMYCS_DSTL","Streptomyces distallicum","GBIF",
"B_SMYCS_EHMN","Streptomyces ehimense","GBIF",
"B_SMYCS_FLAVA","Streptomyces flava","GBIF",
"B_SMYCS_FLVP","Streptomyces flavopersicum","GBIF",
"B_SMYCS_FUMGT","Streptomyces fumigata","GBIF",
"B_SMYCS_GLEBSS","Streptomyces glebosus","manually added",
"B_SMYCS_GRMNIS","Streptomyces graminis","GBIF",
"B_SMYCS_GRSVR","Streptomyces griseoverticillatum","GBIF",
"B_SMYCS_HCHJ","Streptomyces hachijoense","GBIF",
"B_SMYCS_NNSE","Streptomyces indianense","GBIF",
"B_SMYCS_RNSE","Streptomyces kashmirense","GBIF",
"B_SMYCS_KANSS","Streptomyces kauaiensis","GBIF",
"B_SMYCS_KNTC","Streptomyces kentuckense","GBIF",
"B_SMYCS_KSHW","Streptomyces kishiwadense","GBIF",
"B_SMYCS_LVDN","Streptomyces lividans","manually added",
"B_SMYCS_LTCL","Streptomyces luteocolor","manually added",
"B_SMYCS_LTVRT","Streptomyces luteoverticillatum","GBIF",
"B_SMYCS_NGSK","Streptomyces nagasakiensis","GBIF",
"B_SMYCS_OCHRC","Streptomyces ochracea","GBIF",
"B_SMYCS_OLVR_CLLL","Streptomyces olivoreticuli cellulophilum","GBIF",
"B_SMYCS_OLVR_PHLS","Streptomyces olivoreticuli cellulophilus","GBIF",
"B_SMYCS_OLVRT","Streptomyces olivoreticulum","GBIF",
"B_SMYCS_PHSL","Streptomyces phosalacinea","GBIF",
"B_SMYCS_RGNA","Streptomyces purpurogena","GBIF","Methylobacterium purpurogeneiscleroticus"
"B_SMYCS_RCTVRT","Streptomyces rectiverticillatum","GBIF",
"B_SMYCS_RETCL","Streptomyces reticuli","manually added",
"B_SMYCS_ROSE","Streptomyces rosea","GBIF",
"B_SMYCS_RSVRTC","Streptomyces roseoverticillatum","GBIF",
"B_SMYCS_SPPR","Streptomyces sapporonense","GBIF",
"B_SMYCS_SPTT","Streptomyces septatum","GBIF",
"B_SMYCS_PHLM","Streptomyces vitaminophilum","GBIF",
"B_SMYCS_WDYM","Streptomyces wadayamensis","GBIF",
"P_STRMB_ACMN_TRNG","Strombomonas acuminata triangulata","manually added",
"P_STRMB_HSPD_VRRC","Strombomonas hispida verrucosa","manually added",
"P_STRMB_NDTA","Strombomonas rotundata","manually added",
"P_STRMB_SCHN_ASTR","Strombomonas schauinslandii australica","manually added",
"P_STRMB_SNNS","Strombomonas sinensis","manually added",
"P_STRMB_URCL_ZLSK","Strombomonas urceolata zaleskii","manually added",
"P_STRMB_ZMWK","Strombomonas zmiewika","manually added",
"P_SYMPH_ALPN","Symphytocarpus alpina","manually added",
"P_SYMPH_CNFL_SPRN","Symphytocarpus confluens sporangiis","manually added",
"P_SYMPH_CNFL_LBRS","Symphytocarpus confluens sporangiisliberis","manually added",
"P_SYMPH_CNFL_SYNC","Symphytocarpus confluens syncarpa","manually added",
"P_SYMPH_FRRG","Symphytocarpus ferruginea","manually added",
"P_SYMPH_FLCC","Symphytocarpus flaccida","manually added",
"P_SYMPH_FUSC_CNFL","Symphytocarpus fusca confluens","manually added",
"P_SYMPH_FUSC_FLCC","Symphytocarpus fusca flaccida","manually added",
"P_SYMPH_FUSC_TRCH","Symphytocarpus fusca trechispora","manually added",
"P_SYMPH_FUSC_TRCC","Symphytocarpus fusca trechispora-confluens","manually added",
"P_SYMPH_FUSC_SPRA","Symphytocarpus fusca trechyspora","manually added",
"P_SYMPH_HRBT_CNFL","Symphytocarpus herbatica confluens","manually added",
"P_SYMPH_SPLN_CNFL","Symphytocarpus splendens confluens","manually added",
"P_SYMPH_SPLN_FLCC","Symphytocarpus splendens flaccida","manually added",
"P_SYMPH_SKSD_AGGR","Symphytocarpus suksdorfii aggregata","manually added",
"P_SYMPH_SYNC","Symphytocarpus syncarpa","manually added",
"P_SYMPH_TRCH","Symphytocarpus trechispora","manually added",
"P_SYMPH_TRCH_TRCH","Symphytocarpus trechispora trechespora","manually added",
"B_SYMPL_RBNT","Symploca rubinatum","GBIF",
"F_SYNCP_RCMS_PCSP","Syncephalastrum racemosum paucisporum","GBIF",
"B_SYSTS_DDMN_ROSE","Synechocystis didemni rosea","GBIF",
"B_SYSTS_ENDP","Synechocystis endophytica","GBIF",
"AN_TAENI_CLLL","Taenia cellulosae","GBIF",
"AN_TAENI_CRBR","Taenia cerebralis","GBIF",
"AN_TAENI_GAGR","Taenia gaigeri","GBIF",
"AN_TAENI_PSFR","Taenia pisiformis","GBIF",
"AN_TAENI_RDNS","Taenia radians","GBIF",
"AN_TAENI_RMSS","Taenia ramosus","GBIF",
"AN_TAENI_SRRT","Taenia serrata","GBIF",
"AN_TAENI_SKRJ","Taenia skrjabini","GBIF",
"AN_TAENI_TNCL","Taenia tenuicollis","GBIF",
"P_TANLL_GLTH","Taeniella galatheae","manually added",
"P_TANLL_GRND","Taeniella grandis","manually added",
"P_TANLL_LONG","Taeniella longa","manually added",
"F_TLRMY_ACLT_APCL","Talaromyces aculeatum apiculatum","GBIF",
"F_TLRMY_ARCP","Talaromyces aureocephalum","GBIF",
"F_TLRMY_BCLL","Talaromyces bacillisporum","GBIF",
"F_TLRMY_CHRY","Talaromyces chrysitis","GBIF",
"F_TLRMY_CLVG","Talaromyces clavigerum","GBIF",
"F_TLRMY_CNCV","Talaromyces concavorugulosum","GBIF",
"F_TLRMY_CRTR","Talaromyces crateriforme","GBIF",
"F_TLRMY_DNGR","Talaromyces dangeardii","GBIF",
"F_TLRMY_VRSM_AURM","Talaromyces diversum aureum","GBIF",
"F_TLRMY_ECHN","Talaromyces echinosporum","GBIF",
"F_TLRMY_ELNG","Talaromyces elongatum","GBIF",
"F_TLRMY_EMMN","Talaromyces emmonsii","GBIF",
"F_TLRMY_INDC_MAJR","Talaromyces indicus major","GBIF",
"F_TLRMY_KLCK","Talaromyces kloeckeri","GBIF",
"F_TLRMY_KRSM","Talaromyces korosum","GBIF",
"F_TLRMY_LTRN","Talaromyces luteoaurantium","GBIF",
"F_TLRMY_MCRS","Talaromyces macrosporum","GBIF",
"F_TLRMY_PCSP","Talaromyces paucispora","GBIF",
"F_TLRMY_PHLSP","Talaromyces phialosporum","GBIF",
"F_TLRMY_PRPR_RBRS","Talaromyces purpureogenum rubri-sclerotium","GBIF",
"F_TLRMY_RGLS_ATRC","Talaromyces rugulosum atricola","GBIF",
"F_TLRMY_RGLS_RCLM","Talaromyces rugulosum atricolum","GBIF",
"F_TLRMY_RGLS_LEVE","Talaromyces rugulosum leve","GBIF",
"F_TLRMY_RGLS_LNZN","Talaromyces rugulosum lunzinense","GBIF",
"F_TLRMY_SPRL","Talaromyces spirillum","GBIF",
"F_TLRMY_TRDM","Talaromyces tardum","GBIF",
"F_TLRMY_VRMC","Talaromyces vermiculatum","GBIF",
"F_TLRMY_VRMC_VRMC","Talaromyces vermiculatum vermiculatum","GBIF",
"B_TNNRL_YTHS","Tannerella forsythus","GBIF",
"F_TRZTT","Tarzetta","manually added",
"B_TTLCK_PTTS","Tatlockia pittsburghensis","GBIF",
"P_TXRMN","Teixeiramonas","manually added",
"B_TNCBC_MARN","Tenacibaculum marina","GBIF",
"P_TRNYM","Teranympha","manually added",
"P_TTRNV","Tetraniveum","manually added",
"P_TTRTR","Tetratrichomastix","manually added",
"B_TSSBS_GLTNV","Thalassobius gelatinovora","GBIF",
"B_TSSBS_VRNS","Thalassobius gelatinovorans","GBIF",
"B_TSSBS_NVRM","Thalassobius gelatinovorum","GBIF",
"B_THLSSS_PRMN","Thalassospira permensis","manually added",
"P_THLHN_MINT","Thelohania minuta","GBIF",
"B_TNCLA_PTNS","Thermincola potens","manually added",
"B_THRMNR_INDN","Thermoanaerobacter indiensis","manually added",
"B_THRMNRB_KRSH","Thermoanaerobacterium kirishiense","GBIF",
"B_THRMNRB_FRGNS","Thermoanaerobacterium thermosulfurogenes","manually added",
"B_TBFDA_MSVF","Thermobifida mesouviformis","GBIF",
"B_THCYS_MINS","Thiocystis minus","GBIF",
"B_THMCRS_YSRS","Thiomicrospira thyasiris","GBIF",
"P_TGHMS_LCTM_PPLL","Tieghemostelium lacteum papilloideum","manually added",
"B_TSSRL_HSTF","Tissierella hastiforme","GBIF",
"B_TLYPT_DSTR_DSTR","Tolypothrix distorta distorta","GBIF",
"B_TLYPT_TENS_LANT","Tolypothrix tenuis lanata","GBIF",
"B_TLYPT_TENS_TENS","Tolypothrix tenuis tenuis","GBIF",
"AN_TOXCR_CRCM","Toxocara circumflexa","GBIF",
"AN_TOXCR_MRGN","Toxocara marginata","GBIF",
"AN_TOXCR_TRQT","Toxocara triquetra","GBIF",
"AN_TOXCR_VLPS","Toxocara vulpis","GBIF",
"P_TXGLG_BCLLF","Toxoglugea bacilliforme","manually added",
"P_TRBRK_APPL_MCRS","Trabrooksia applanata microspora","manually added",
"P_TRCHLG_BETA","Tracheleuglypha beta","manually added",
"P_TLMNS_ALLR","Trachelomonas allorgei","manually added",
"P_TLMNS_ALLR_MLST","Trachelomonas allorgei molesta","manually added",
"P_TLMNS_HRMS","Trachelomonas amphoriphormis","manually added",
"P_TLMNS_HRMS_AMPH","Trachelomonas amphoriphormis amphoriphormis","manually added",
"P_TLMNS_ARMT_GLBR","Trachelomonas armata glabra","manually added",
"P_TLMNS_MNMA","Trachelomonas bacilliferaminima","manually added",
"P_TLMNS_BRNR","Trachelomonas bernardiensis","manually added",
"P_TLMNS_NNSS","Trachelomonas bernardinensis","manually added",
"P_TLMNS_CRNL","Trachelomonas crenulatocollis","manually added",
"P_TLMNS_DRCA_GRDV","Trachelomonas cylindrica gordeievi","manually added",
"P_TLMNS_DRCA_HSPD","Trachelomonas cylindrica hispidula","manually added",
"P_TLMNS_GRDI","Trachelomonas dangeardii","manually added",
"P_TLMNS_DPRS","Trachelomonas depressa","manually added",
"P_TLMNS_DPRS_PNCT","Trachelomonas depressa punctata","manually added",
"P_TLMNS_DESS_GRCL","Trachelomonas deses gracilis","manually added",
"P_TLMNS_ECHL_CYLN","Trachelomonas euchlora cylindrica","manually added",
"P_TLMNS_ECHL_MINR","Trachelomonas euchlora minor","manually added",
"P_TLMNS_FSFR","Trachelomonas fusiformis","manually added",
"P_TLMNS_HSPD_CYLN","Trachelomonas hispida cylindrica","manually added",
"P_TLMNS_HSPD_GLBL","Trachelomonas hispida globularis","manually added",
"P_TLMNS_RMFA_CRNL","Trachelomonas intermefia crenulatocollis","manually added",
"P_TLMNS_LABT","Trachelomonas labiata","manually added",
"P_TLMNS_LAVS","Trachelomonas laevis","manually added",
"P_TLMNS_LNGS","Trachelomonas longissima","manually added",
"P_TLMNS_MLST","Trachelomonas molesta","manually added",
"P_TLMNS_RPHM_PLYM","Trachelomonas polymorphum polymorphum","manually added",
"P_TLMNS_PRXM","Trachelomonas proxima","manually added",
"P_TLMNS_PSDC","Trachelomonas pseudocaudata","manually added",
"P_TLMNS_RRMA","Trachelomonas pulcherrima","manually added",
"P_TLMNS_RRMA_LATR","Trachelomonas pulcherrima latior","manually added",
"P_TLMNS_RRMA_OVLS","Trachelomonas pulcherrima ovalis","manually added",
"P_TLMNS_RRMA_PLCH","Trachelomonas pulcherrima pulcherrima","manually added",
"P_TLMNS_PYRM","Trachelomonas pyramidata","manually added",
"P_TLMNS_SCBR_CBRN","Trachelomonas scabra coberensis","manually added",
"P_TLMNS_SCBR_CRDT","Trachelomonas scabra cordata","manually added",
"P_TLMNS_SCBR_CRNT","Trachelomonas scabra coronata","manually added",
"P_TLMNS_SCBR_ELLP","Trachelomonas scabra elliptica","manually added",
"P_TLMNS_SCBR_INTR","Trachelomonas scabra intermedia","manually added",
"P_TLMNS_SCBR_LNGC","Trachelomonas scabra longicolis","manually added",
"P_TLMNS_SCBR_CLLS","Trachelomonas scabra longicollis","manually added",
"P_TLMNS_SCBR_OVAT","Trachelomonas scabra ovata","manually added",
"P_TLMNS_VRNS_GLBS","Trachelomonas varians globosa","manually added",
"P_TLMNS_VRNS_MINR","Trachelomonas varians minor","manually added",
"P_TLMNS_VRRC_GRNL","Trachelomonas verrucosa granulosa","manually added",
"P_TLMNS_VOLZ_CYLN","Trachelomonas volzii cylindracea","manually added",
"P_THLLA_PNTD","Trichella pentodona","manually added",
"P_TRICH_BCLR","Trichia bicolor","manually added",
"P_TRICH_BTRY_FLVC","Trichia botrystis flavicoma","manually added",
"P_TRICH_RYTS_FLVC","Trichia botrytis flavicoma","manually added",
"P_TRICH_RYTS_MUND","Trichia botrytis munda","manually added",
"P_TRICH_RYTS_SBFS","Trichia botrytis subfusca","manually added",
"P_TRICH_BCKN","Trichia bucknallii","manually added",
"P_TRICH_CSCD","Trichia cascadensis","manually added",
"P_TRICH_CNTR_ALPN","Trichia contorta alpina","manually added",
"P_TRICH_CNTR_ENGD","Trichia contorta engadinensis","manually added",
"P_TRICH_CNTR_DNSS","Trichia contorta engadinesis","manually added",
"P_TRICH_CNTR_NVCL","Trichia contorta nivicola","manually added",
"P_TRICH_MINM","Trichia minima","manually added",
"P_TRICH_MUND_FUSC","Trichia munda fusca","manually added",
"P_TRICH_NTNS","Trichia nitens","manually added",
"P_TRICH_SCBR_LUTE","Trichia scabra lutea","manually added",
"P_TRICH_SRDD_SRDD","Trichia sordida sordidoides","manually added",
"P_TRICH_VARI_FMCL","Trichia varia fimicola","manually added",
"F_TRCHD_ALBA","Trichoderma alba","GBIF",
"F_TRCHD_ATRVR","Trichoderma atroviridae","GBIF",
"F_TRCHD_ARVRD_MCRS","Trichoderma aureoviridis macrospora","GBIF",
"F_TRCHD_CHRY","Trichoderma chrysofulva","GBIF",
"F_TRCHD_CITRN_AMRC","Trichoderma citrina americana","GBIF",
"F_TRCHD_CITRN_FNGC","Trichoderma citrina fungicola","GBIF",
"F_TRCHD_CITRN_OCHR","Trichoderma citrina ochracea","GBIF",
"F_TRCHD_CLVT","Trichoderma clavata","GBIF",
"F_TRCHD_TRTA","Trichoderma contorta","GBIF",
"F_TRCHD_CRRGT","Trichoderma corrugata","GBIF",
"F_TRCHD_TCDS","Trichoderma corticioides","GBIF",
"F_TRCHD_DANC","Trichoderma danica","GBIF",
"F_TRCHD_ELLP","Trichoderma ellipticum","GBIF",
"F_TRCHD_ERBS","Trichoderma erubescens","GBIF",
"F_TRCHD_FRNS","Trichoderma farinosa","GBIF",
"F_TRCHD_FRGLS","Trichoderma fragilis","GBIF",
"F_TRCHD_FNGC","Trichoderma fungicola","GBIF",
"F_TRCHD_FNGC_RADL","Trichoderma fungicola raduli","GBIF",
"F_TRCHD_GLTNS_LUTE","Trichoderma gelatinosa lutea","GBIF",
"F_TRCHD_HMTM_CNDD","Trichoderma hamatum candidum","GBIF",
"F_TRCHD_HXSPR","Trichoderma hexaspora","GBIF",
"F_TRCHD_XSPRS","Trichoderma hexasporus","GBIF",
"F_TRCHD_HSPNC","Trichoderma hispanica","GBIF",
"F_TRCHD_JCRN","Trichoderma jecorina","GBIF",
"F_TRCHD_KRST","Trichoderma karsteniana","GBIF",
"F_TRCHD_LTZNT","Trichoderma latizonata","GBIF",
"F_TRCHD_LGNR_AURM","Trichoderma lignorum aureum","GBIF",
"F_TRCHD_LGNR_VLGR","Trichoderma lignorum vulgare","GBIF",
"F_TRCHD_PLSA","Trichoderma longipilosa","GBIF",
"F_TRCHD_LUTE","Trichoderma lutea","GBIF",
"F_TRCHD_MGLCT","Trichoderma megalocitrina","GBIF",
"F_TRCHD_MCRC","Trichoderma microcitrina","GBIF",
"F_TRCHD_MCRS","Trichoderma microspermum","GBIF",
"F_TRCHD_NERF","Trichoderma neorufa","GBIF",
"F_TRCHD_NYBRG","Trichoderma nybergiana","GBIF",
"F_TRCHD_OCHRL","Trichoderma ochroleuca","GBIF",
"F_TRCHD_NTLS","Trichoderma orientalis","GBIF",
"F_TRCHD_PTLL_TRPC","Trichoderma patella tropica","GBIF",
"F_TRCHD_PELTT","Trichoderma peltata","GBIF",
"F_TRCHD_PRTPL","Trichoderma protopulvinata","GBIF",
"F_TRCHD_PLVNT_SRLS","Trichoderma pulvinata serialis","GBIF",
"F_TRCHD_FRME","Trichoderma pulviniforme","GBIF",
"F_TRCHD_RGNS","Trichoderma rigens","GBIF",
"F_TRCHD_RGNS_CNTR","Trichoderma rigens contorta","GBIF",
"F_TRCHD_RUFA","Trichoderma rufa","GBIF",
"F_TRCHD_RUFA_DSCD","Trichoderma rufa discoidea","GBIF",
"F_TRCHD_RUFA_FRMS","Trichoderma rufa formosana","GBIF",
"F_TRCHD_RUFA_LTRT","Trichoderma rufa lateritia","GBIF",
"F_TRCHD_RUFA_MINR","Trichoderma rufa minor","GBIF",
"F_TRCHD_RUFA_RUFA","Trichoderma rufa rufa","GBIF",
"F_TRCHD_RUFA_STRL","Trichoderma rufa sterilis","GBIF",
"F_TRCHD_RUFA_SBLT","Trichoderma rufa sublateritia","GBIF",
"F_TRCHD_RUFA_UMBR","Trichoderma rufa umbrina","GBIF",
"F_TRCHD_SGMN","Trichoderma sagamiensis","GBIF",
"F_TRCHD_SCHW","Trichoderma schweinitzii","GBIF",
"F_TRCHD_SORDD","Trichoderma sordida","GBIF",
"F_TRCHD_RDDS","Trichoderma sordidus","GBIF",
"F_TRCHD_SPNL","Trichoderma spinulosa","GBIF",
"F_TRCHD_NLSS","Trichoderma spinulosus","GBIF",
"F_TRCHD_RLSM_ERBS","Trichoderma sporulosum erubescens","GBIF",
"F_TRCHD_STLLT","Trichoderma stellata","GBIF",
"F_TRCHD_MNLLA","Trichoderma straminella","GBIF",
"F_TRCHD_STRCT","Trichoderma strictipilosa","GBIF",
"F_TRCHD_SBTRC","Trichoderma subtrachycarpa","GBIF",
"F_TRCHD_SBTRCH","Trichoderma subtrachycarpus","GBIF",
"F_TRCHD_CCSS","Trichoderma succisus","GBIF",
"F_TRCHD_SNSS","Trichoderma sulawesensis","GBIF",
"F_TRCHD_SLFR","Trichoderma sulfurea","GBIF",
"F_TRCHD_SLPHR","Trichoderma sulphurea","GBIF",
"F_TRCHD_SLPHR_MCRS","Trichoderma sulphurea macrospora","GBIF",
"F_TRCHD_TAWA_MCRS","Trichoderma tawa microspora","GBIF",
"F_TRCHD_TRCHY","Trichoderma trachycarpa","GBIF",
"F_TRCHD_TRCHYC","Trichoderma trachycarpus","GBIF",
"F_TRCHD_VRSCN","Trichoderma virescentiflava","GBIF",
"F_TRCHD_VLGR","Trichoderma vulgaris","GBIF",
"P_TMPHA","Trichonympha","manually added",
"F_TRCHP_ABSS","Trichophyton abissinica","GBIF",
"F_TRCHP_ABYS","Trichophyton abyssinicum","GBIF",
"F_TRCHP_ACHR","Trichophyton achorion","GBIF",
"F_TRCHP_ACMN","Trichophyton acuminata","GBIF",
"F_TRCHP_AJLL_NANS","Trichophyton ajelloi nanus","GBIF",
"F_TRCHP_ALBA","Trichophyton alba","GBIF",
"F_TRCHP_ALBM_SNGL","Trichophyton album singulare","GBIF",
"F_TRCHP_BALCN","Trichophyton balcanea","GBIF",
"F_TRCHP_DNTCL","Trichophyton denticulata","GBIF",
"F_TRCHP_CLTS","Trichophyton denticulatus","GBIF",
"F_TRCHP_EFFR","Trichophyton effracta","GBIF",
"F_TRCHP_EQNS","Trichophyton equinus","GBIF",
"F_TRCHP_FLNM_DNTC","Trichophyton felineum denticulatum","GBIF",
"F_TRCHP_GLABR","Trichophyton glabra","GBIF",
"F_TRCHP_GRNL","Trichophyton granulosa","GBIF",
"F_TRCHP_NLSS","Trichophyton granulosus","GBIF",
"F_TRCHP_YPSS","Trichophyton gypseus","GBIF",
"F_TRCHP_INDIC","Trichophyton indica","GBIF",
"F_TRCHP_INTR_ROSM","Trichophyton interdigitale roseum","GBIF",
"F_TRCHP_GFSS","Trichophyton longifusus","GBIF",
"F_TRCHP_MNTG_CHBN","Trichophyton mentagrophytes chibaense","GBIF",
"F_TRCHP_MNTG_RDLT","Trichophyton mentagrophytes radiolatum","GBIF",
"F_TRCHP_OCHR","Trichophyton ochracea","GBIF",
"F_TRCHP_FRMS","Trichophyton plurizoniformis","GBIF",
"F_TRCHP_PURPR","Trichophyton purpurea","GBIF",
"F_TRCHP_RUBR_ALBS","Trichophyton ruber albus","GBIF",
"F_TRCHP_RUBR_BLNC","Trichophyton ruber blanche","GBIF",
"F_TRCHP_SCHN_MNGL","Trichophyton schoenleinii mongolica","GBIF",
"F_TRCHP_SPDC","Trichophyton spadicea","GBIF",
"F_TRCHP_UNCN","Trichophyton uncinatum","GBIF",
"F_TRCHP_VLCM_CCCN","Trichophyton violaceum coccinatum","GBIF",
"F_TRCHP_VLCM_MRGN","Trichophyton violaceum marginatum","GBIF",
"F_TRCHS_ASAH_CRMF","Trichosporon asahii coremiformis","GBIF",
"F_TRCHS_ASAH_FCLS","Trichosporon asahii faecalis","GBIF",
"F_TRCHS_CTNM_INFS","Trichosporon cutaneum infestans","GBIF",
"F_TRCHS_CTNM_PENS","Trichosporon cutaneum peneaus","GBIF",
"F_TRCHS_MALI_FCLS","Trichosporon mali faecalis","GBIF",
"AN_TRCHR_AFFN","Trichuris affinis","GBIF",
"AN_TRCHR_NUTR","Trichuris nutria","GBIF",
"AN_TRCHR_UNGC","Trichuris unguiculatus","GBIF",
"B_TSKMR_ARNT","Tsukamurella aurantiacus","GBIF",
"B_TSKMR_CLMB","Tsukamurella columbiensis","GBIF",
"P_TUBFR_CLVT","Tubifera clavata","manually added",
"P_TUBFR_CCCN","Tubifera coccinea","manually added",
"P_TUBFR_CNGL","Tubifera conglobata","manually added",
"P_TUBFR_CYLN","Tubifera cylindrica","manually added",
"P_TUBFR_CYLN_ACUT","Tubifera cylindrica acuta","manually added",
"P_TUBFR_DRCS","Tubifera cylindricus","manually added",
"P_TUBFR_EFFS","Tubifera effusa","manually added",
"P_TUBFR_FLLX","Tubifera fallax","manually added",
"P_TUBFR_FVCM","Tubifera favaceum","manually added",
"P_TUBFR_FRRG_ACTS","Tubifera ferruginosa acutissima","manually added",
"P_TUBFR_FRRG_ALBS","Tubifera ferruginosa albostipitata","manually added",
"P_TUBFR_FRRG_CMPL","Tubifera ferruginosa complanata","manually added",
"P_TUBFR_FRRG_STPT","Tubifera ferruginosa stipitata","manually added",
"P_TUBFR_FRRG_SBNG","Tubifera ferruginosa subungulata","manually added",
"P_TUBFR_GNSM","Tubifera ferruginosum","manually added",
"P_TUBFR_FRGF","Tubifera fragifera","manually added",
"P_TUBFR_FRMS","Tubifera fragiformis","manually added",
"P_TUBFR_FRMS_CLVT","Tubifera fragiformis clavata","manually added",
"P_TUBFR_FRMS_CCCN","Tubifera fragiformis coccinea","manually added",
"P_TUBFR_FRMS_CONC","Tubifera fragiformis conica","manually added",
"P_TUBFR_FRMS_OPRC","Tubifera fragiformis operculata","manually added",
"P_TUBFR_FRMS_PPLL","Tubifera fragiformis papillata","manually added",
"P_TUBFR_IRCL","Tubifera iricolor","manually added",
"P_TUBFR_NTDS","Tubifera nitidissima","manually added",
"P_TUBFR_RBFR","Tubifera rubiformis","manually added",
"P_TUBFR_SPCS","Tubifera speciosa","manually added",
"P_TUBFR_STPT","Tubifera stipitata","manually added",
"P_TUBFR_TBLN","Tubifera tubulina","manually added",
"P_TUBFR_UMBR","Tubifera umbrina","manually added",
"B_TBPHY_OBSC","Tubiphytes obscura","GBIF",
"AN_TUNGA_LGRN","Tunga lagrangei","GBIF",
"AN_TUNGA_RPTN","Tunga reptans","GBIF",
"P_TUZET_INFR","Tuzetia infirmum","manually added",
"B_TYCHN_NTTI","Tychonema bornetti","GBIF",
"F_UMBLC","Umbilicaria","manually added",
"P_UNKRY_EXIG","Unikaryon exigua","manually added",
"P_URCLS_CYCL","Urceolus cyclostomum","manually added",
"F_USTLG_AELR","Ustilago aeluropi","GBIF",
"F_USTLG_CLMGR","Ustilago calamagrostis","GBIF",
"F_USTLG_CARB_VLGR","Ustilago carbo vulgaris","GBIF",
"F_USTLG_CNCR","Ustilago concortica","GBIF",
"F_USTLG_DNTR","Ustilago de-notarisii","GBIF",
"F_USTLG_DBRY","Ustilago debaryana","GBIF",
"F_USTLG_RVNM","Ustilago peruvianum","GBIF",
"F_USTLG_PTHC","Ustilago pithecellobiicola","GBIF",
"F_USTLG_PMPH_TULP","Ustilago pompholygodes tulipae","GBIF",
"F_USTLG_CLSM","Ustilago utriculosum","GBIF",
"F_USTLG_CLSS","Ustilago utriculosus","GBIF",
"F_USTLG_VERA_AVEN","Ustilago vera avenae","GBIF",
"F_USTLG_VERA_HLCA","Ustilago vera holci-avenacei","GBIF",
"F_USTLG_VERA_HORD","Ustilago vera hordei","GBIF",
"F_USTLG_VERA_TRTC","Ustilago vera tritici","GBIF",
"P_VRMRP_HYPH","Vairimorpha hyphantriae","manually added",
"P_VRMRP_MESN","Vairimorpha mesnii","manually added",
"P_[FAM]_VANNELLD","Vannellidae","manually added",
"B_VIBRI_ANTQ","Vibrio antiquarius","manually added",
"B_VIBRI_CHMG","Vibrio chemaguriensis","manually added",
"B_VIBRI_HYDR_PRTL","Vibrio hydrophila proteolytica","GBIF",
"B_VIBRI_NERD","Vibrio nereida","GBIF",
"B_VIBRI_NGRPL","Vibrio nigrapulchrituda","GBIF",
"B_VIBRI_PELG","Vibrio pelagia","GBIF",
"B_VIBRI_QNGH","Vibrio qinghaiensis","manually added",
"B_VRGBC_DKRN","Virgibacillus dakarensis","manually added",
"B_VTLLB_AQMR","Vitellibacter aquimaris","LPSN","Aequorivita aquimaris"
"P_VTTFR_CRNM","Vittaforma corneum","manually added",
"P_WLLCN","Wallaceina","manually added",
"F_WALLM_EPIZ","Wallemia epizoa","GBIF",
"F_WALLM_EPIZ_MURI","Wallemia epizoa muriae","GBIF",
"F_WALLM_EPZM","Wallemia epizoum","GBIF",
"F_WALLM_FLGN","Wallemia fuliginea","GBIF",
"F_WALLM_SCCH","Wallemia sacchari","GBIF",
"F_WALLM_STLL","Wallemia stellata","GBIF",
"P_WRRNL_KIRK","Warrenella kirki","manually added",
"F_WMYCS_ACRS","Wickerhamomyces aceris-sacchari","GBIF",
"F_WMYCS_SRNI","Wickerhamomyces aceris-saccharini","GBIF",
"F_WMYCS_ACTT","Wickerhamomyces acetaethylicus","GBIF",
"F_WMYCS_ANML_CHMR","Wickerhamomyces anomala chamir","GBIF",
"F_WMYCS_ANML_CFRR","Wickerhamomyces anomala ciferrii","GBIF",
"F_WMYCS_ANML_HTRM","Wickerhamomyces anomala heteromorpha","GBIF",
"F_WMYCS_ANML_JVNC","Wickerhamomyces anomala javanica","GBIF",
"F_WMYCS_ANML_LONG","Wickerhamomyces anomala longa","GBIF",
"F_WMYCS_ANML_PRDC","Wickerhamomyces anomala productiva","GBIF",
"F_WMYCS_ANML_RBST","Wickerhamomyces anomala robusta","GBIF",
"F_WMYCS_ANML_SCHN","Wickerhamomyces anomala schneggii","GBIF",
"F_WMYCS_ANML_SPHR","Wickerhamomyces anomala sphaerica","GBIF",
"F_WMYCS_ANML_SBPL","Wickerhamomyces anomala subpelliculosa","GBIF",
"F_WMYCS_NMLS_BLGC","Wickerhamomyces anomalus belgicus","GBIF",
"F_WMYCS_ARBT","Wickerhamomyces arabitolgenes","GBIF",
"F_WMYCS_BECK","Wickerhamomyces beckii","GBIF",
"F_WMYCS_BVRW","Wickerhamomyces beverwijkiae","GBIF",
"F_WMYCS_BSPR","Wickerhamomyces bispora","GBIF",
"F_WMYCS_JVNC","Wickerhamomyces javanica","GBIF",
"F_WMYCS_LMBC","Wickerhamomyces lambica","GBIF",
"F_WMYCS_MRGR","Wickerhamomyces margaritae","GBIF",
"F_WMYCS_MELN","Wickerhamomyces melinii","GBIF",
"F_WMYCS_MISO_MISO","Wickerhamomyces miso miso","GBIF",
"F_WMYCS_MISO_OCTS","Wickerhamomyces miso octosporus","GBIF",
"F_WMYCS_MSCC","Wickerhamomyces muscicola","GBIF",
"F_WMYCS_NTRT","Wickerhamomyces nitrativorans","GBIF",
"F_WMYCS_NIVE","Wickerhamomyces nivea","GBIF",
"F_WMYCS_OCTS","Wickerhamomyces octospora","GBIF",
"F_WMYCS_ODSS","Wickerhamomyces odessa","GBIF",
"F_WMYCS_DSSS","Wickerhamomyces odessus","GBIF",
"F_WMYCS_PANS","Wickerhamomyces panis","GBIF",
"F_WMYCS_PEPN","Wickerhamomyces peipin","GBIF",
"F_WMYCS_PLLC","Wickerhamomyces pelliculosa","GBIF",
"F_WMYCS_PLLC_CYLN","Wickerhamomyces pelliculosa cylindrica","GBIF",
"F_WMYCS_PRDC","Wickerhamomyces productiva","GBIF",
"F_WMYCS_PLVR","Wickerhamomyces pulverulentum","GBIF",
"F_WMYCS_SCHN","Wickerhamomyces schneggii","GBIF",
"F_WMYCS_SPHR","Wickerhamomyces sphaerica","GBIF",
"F_WMYCS_HRCS","Wickerhamomyces sphaericus","GBIF",
"F_WMYCS_UKRN","Wickerhamomyces ukrainica","GBIF",
"F_WMYCS_WING","Wickerhamomyces wingei","GBIF",
"F_WMYCS_XYLP","Wickerhamomyces xylopsoci","GBIF",
"B_WRNCH_APNN_DLCT","Woronichinia aponina delicatula","GBIF",
"B_WRNCH_NGLN_LMMR","Woronichinia naegeliana lemmermannii","GBIF",
"B_WRNCH_NGLNUM","Woronichinia nagelianum","GBIF",
"B_WRNCH_VIRX","Woronichinia virieuxii","GBIF",
"B_XNTHM_CMPS_VSCT","Xanthomonas campestris vesicatoria","GBIF",
"B_XNTHM_POPL","Xanthomonas populi","LPSN",
"B_XNCCC_SCHS_PLLD","Xenococcus schousboei pallidus","GBIF",
"B_XNCCC_SCTT_CLDP","Xenococcus scutata cladophorae","GBIF",
"F_YARRW_LPLY_THRM","Yarrowia lipolytica thermotolerans","GBIF",
"F_YARRW_OLEA","Yarrowia oleae","GBIF",
"F_YARRW_OLPH","Yarrowia oleophila","GBIF",
"F_YARRW_PRLP","Yarrowia paralipolytica","GBIF",
"F_YARRW_PTRP","Yarrowia petrophilum","GBIF",
"F_YARRW_PSDL","Yarrowia pseudolipolytica","GBIF",
"B_YKNLL_TRBL","Yokenella trabulsii","GBIF",
"F_ZYGSC_ACDF_ACDF","Zygosaccharomyces acidifaciens acidifaciens","GBIF",
"F_ZYGSC_ACDF_HLMM","Zygosaccharomyces acidifaciens halomembranis","GBIF",
"F_ZYGSC_BAIL_OSMP","Zygosaccharomyces bailii osmophilus","GBIF",
"F_ZYGSC_BSPR","Zygosaccharomyces bispora","GBIF",
"F_ZYGSC_SPRS_MLLS","Zygosaccharomyces bisporus mellis","GBIF",
"F_ZYGSC_ELGN","Zygosaccharomyces elegans","GBIF",
"F_ZYGSC_ELGN_ELGN","Zygosaccharomyces elegans elegans","GBIF",
"F_ZYGSC_ELGN_INTR","Zygosaccharomyces elegans intermedius","GBIF",
"F_ZYGSC_MMBR_MNCH","Zygosaccharomyces membranifaciens manchurica","GBIF",
"F_ZYGSC_MMBR_MNDS","Zygosaccharomyces membranifaciens mandshurica","GBIF",
"F_ZYGSC_MSTR","Zygosaccharomyces mestris","GBIF",
"F_ZYGSC_MCRL","Zygosaccharomyces microellipsodes","GBIF",
"F_ZYGSC_MSDL","Zygosaccharomyces miso-delta","GBIF",
"F_ZYGSC_PLCN","Zygosaccharomyces placentae","GBIF",
"F_ZYGSC_ROUX_HLMM","Zygosaccharomyces rouxii halomembranis","GBIF",
"F_ZYGSC_ROUX_PLYM","Zygosaccharomyces rouxii polymorphus","GBIF",
"F_ZYGSC_ROUX_ROUX","Zygosaccharomyces rouxii rouxii","GBIF",
"F_ZYGSC_SAKE_ALPH","Zygosaccharomyces sake alpha","GBIF",
