"fullname","domain","rank","source","prevalence","lpsn_outcome","outcome"
"Absidia altaini","Fungi","species","GBIF",1.25,,"removed"
"Absidia saccardoi","Fungi","species","GBIF",1.25,,"removed"
"Abyssicoccus indicus","Bacteria","species","GBIF",2,"not in LPSN","removed"
"Acanthochiasma","Protozoa","genus","manually added",2,,"status 'unknown' (has children that are kept)"
"Acanthocolla cruciatum","Protozoa","species","manually added",2,,"removed"
"Acanthocorbis unguiculata","Protozoa","species","manually added",2,,"removed"
"Acanthometra","Protozoa","genus","manually added",2,,"status 'unknown' (has children that are kept)"
"Acanthonia echinoides","Protozoa","species","manually added",2,,"removed"
"Acanthonidium","Protozoa","genus","manually added",2,,"removed"
"Acanthostaurus pallida","Protozoa","species","manually added",2,,"removed"
"Achromobacter denitrificans xylosoxydans","Bacteria","subspecies","GBIF",1.15,"not in LPSN","removed"
"Acidocella aminilyticum","Bacteria","species","GBIF",2,"not in LPSN","removed"
"Acidovorax avenae konjaci","Bacteria","subspecies","GBIF",1.5,"not in LPSN","removed"
"Acidovorax pseudoalcaligenes citrulli","Bacteria","subspecies","GBIF",1.5,"not in LPSN","removed"
"Acidovorax pseudoalcaligenes konjaci","Bacteria","subspecies","GBIF",1.5,"not in LPSN","removed"
"Acidovorax rubrilineans","Bacteria","species","GBIF",1.5,"not in LPSN","removed"
"Acinetobacter berezinae","Bacteria","species","GBIF",1,"not in LPSN","removed"
"Acremonium aterrima","Fungi","species","GBIF",1.25,,"removed"
"Acremonium aterrimum","Fungi","species","GBIF",1.25,,"removed"
"Acremonium baarnensis","Fungi","species","GBIF",1.25,,"removed"
"Acremonium ballagii","Fungi","species","GBIF",1.25,,"removed"
"Acremonium cephalosporioides","Fungi","species","GBIF",1.25,,"removed"
"Acremonium convoluta","Fungi","species","GBIF",1.25,,"removed"
"Acremonium convoluta felina","Fungi","subspecies","GBIF",1.25,,"removed"
"Acremonium coremioides","Fungi","species","GBIF",1.25,,"removed"
"Acremonium dichromospora","Fungi","species","GBIF",1.25,,"removed"
"Acremonium eichhorniae","Fungi","species","GBIF",1.25,,"removed"
"Acremonium elata","Fungi","species","GBIF",1.25,,"removed"
"Acremonium felina","Fungi","species","GBIF",1.25,,"removed"
"Acremonium fici","Fungi","species","GBIF",1.25,,"removed"
"Acremonium hyalinula","Fungi","species","GBIF",1.25,,"removed"
"Acremonium malorum","Fungi","species","GBIF",1.25,,"removed"
"Acremonium meliolae","Fungi","species","GBIF",1.25,,"removed"
"Acremonium moriformis","Fungi","species","GBIF",1.25,,"removed"
"Acremonium murorum felina","Fungi","subspecies","GBIF",1.25,,"removed"
"Acremonium murorum fulva","Fungi","subspecies","GBIF",1.25,,"removed"
"Acremonium murorum polychroma","Fungi","subspecies","GBIF",1.25,,"removed"
"Acremonium persicinus","Fungi","species","GBIF",1.25,,"removed"
"Acremonium pseudozeylanica","Fungi","species","GBIF",1.25,,"removed"
"Acremonium roseola","Fungi","species","GBIF",1.25,,"removed"
"Acremonium roseolus","Fungi","species","GBIF",1.25,,"removed"
"Acremonium spinosus","Fungi","species","GBIF",1.25,,"removed"
"Acremonium zeylanicum curvisporum","Fungi","subspecies","GBIF",1.25,,"removed"
"Actinoplanes globisporum","Bacteria","species","GBIF",2,"not in LPSN","removed"
"Agamomonas","Protozoa","genus","manually added",2,,"removed"
"Agathobaculum faecihominis","Bacteria","species","GBIF",2,"not in LPSN","removed"
"Aggregatibacter paraphrophilus","Bacteria","species","GBIF",1.5,"not in LPSN","removed"
"Alabasta militaris","Protozoa","species","manually added",2,,"removed"
"Alternaria amaranthi celosiae","Fungi","subspecies","GBIF",1.25,,"removed"
"Alternaria botryosum botrytis","Fungi","subspecies","GBIF",1.25,,"removed"
"Alternaria botryosum ulocladium","Fungi","subspecies","GBIF",1.25,,"removed"
"Alternaria brassicae macrosporum","Fungi","subspecies","GBIF",1.25,,"removed"
"Alternaria brassicae resedacearum","Fungi","subspecies","GBIF",1.25,,"removed"
"Alternaria caudatum","Fungi","species","GBIF",1.25,,"removed"
"Alternaria caudatum opuntiae","Fungi","subspecies","GBIF",1.25,,"removed"
"Alternaria cavarae","Fungi","species","GBIF",1.25,,"removed"
"Alternaria cheiranthi asparagi","Fungi","subspecies","GBIF",1.25,,"removed"
"Alternaria cheiranthi betae","Fungi","subspecies","GBIF",1.25,,"removed"
"Alternaria cheiranthi circinans","Fungi","subspecies","GBIF",1.25,,"removed"
"Alternaria cheiranthi petroselini","Fungi","subspecies","GBIF",1.25,,"removed"
"Alternaria commune circinans","Fungi","subspecies","GBIF",1.25,,"removed"
"Alternaria compactum","Fungi","species","GBIF",1.25,,"removed"
"Alternaria concentricum","Fungi","species","GBIF",1.25,,"removed"
"Alternaria congestum","Fungi","species","GBIF",1.25,,"removed"
"Alternaria congestum minor","Fungi","subspecies","GBIF",1.25,,"removed"
"Alternaria consortiale minor","Fungi","subspecies","GBIF",1.25,,"removed"
"Alternaria crassa solani-nigri","Fungi","subspecies","GBIF",1.25,,"removed"
"Alternaria crassa sonchi","Fungi","subspecies","GBIF",1.25,,"removed"
"Alternaria daucinum","Fungi","species","GBIF",1.25,,"removed"
"Alternaria dichromotricha nigriseda","Fungi","subspecies","GBIF",1.25,,"removed"
"Alternaria eryngianum","Fungi","species","GBIF",1.25,,"removed"
"Alternaria exitiosum","Fungi","species","GBIF",1.25,,"removed"
"Alternaria exitiosum alternarioides","Fungi","subspecies","GBIF",1.25,,"removed"
"Alternaria exitiosum dauci","Fungi","subspecies","GBIF",1.25,,"removed"
"Alternaria exitiosum luxuriosum","Fungi","subspecies","GBIF",1.25,,"removed"
"Alternaria exitiosum solani","Fungi","subspecies","GBIF",1.25,,"removed"
"Alternaria exitiosus","Fungi","species","GBIF",1.25,,"removed"
"Alternaria exitiosus alternarioides","Fungi","subspecies","GBIF",1.25,,"removed"
"Alternaria exitiosus dauci","Fungi","subspecies","GBIF",1.25,,"removed"
"Alternaria exitiosus luxuriosum","Fungi","subspecies","GBIF",1.25,,"removed"
"Alternaria fasciculatum","Fungi","species","GBIF",1.25,,"removed"
"Alternaria florigenum","Fungi","species","GBIF",1.25,,"removed"
"Alternaria granulosum","Fungi","species","GBIF",1.25,,"removed"
"Alternaria herbarum scrophulariae","Fungi","subspecies","GBIF",1.25,,"removed"
"Alternaria herculeum","Fungi","species","GBIF",1.25,,"removed"
"Alternaria heteroschemon","Fungi","species","GBIF",1.25,,"removed"
"Alternaria hispidum","Fungi","species","GBIF",1.25,,"removed"
"Alternaria ilicis","Fungi","species","GBIF",1.25,,"removed"
"Alternaria ilicis minor","Fungi","subspecies","GBIF",1.25,,"removed"
"Alternaria infectoria aucubicola","Fungi","subspecies","GBIF",1.25,,"removed"
"Alternaria infectoria nigriseda","Fungi","subspecies","GBIF",1.25,,"removed"
"Alternaria infectoria phaceliae","Fungi","subspecies","GBIF",1.25,,"removed"
"Alternaria infectoria sacchari","Fungi","subspecies","GBIF",1.25,,"removed"
"Alternaria infectoria stipae","Fungi","subspecies","GBIF",1.25,,"removed"
"Alternaria lepidii","Fungi","species","GBIF",1.25,,"removed"
"Alternaria major","Fungi","species","GBIF",1.25,,"removed"
"Alternaria moldavica","Fungi","species","GBIF",1.25,,"removed"
"Alternaria mucosum pluriseptatum","Fungi","subspecies","GBIF",1.25,,"removed"
"Alternaria olivaceum","Fungi","species","GBIF",1.25,,"removed"
"Alternaria onnii","Fungi","species","GBIF",1.25,,"removed"
"Alternaria oudemansia","Fungi","species","GBIF",1.25,,"removed"
"Alternaria papaceracea","Fungi","species","GBIF",1.25,,"removed"
"Alternaria papaveracea","Fungi","species","GBIF",1.25,,"removed"
"Alternaria phaeocomoides","Fungi","species","GBIF",1.25,,"removed"
"Alternaria phaeocomoides infectoria","Fungi","subspecies","GBIF",1.25,,"removed"
"Alternaria photosticta","Fungi","species","GBIF",1.25,,"removed"
"Alternaria pluriseptatum","Fungi","species","GBIF",1.25,,"removed"
"Alternaria polymorphum chartarum","Fungi","subspecies","GBIF",1.25,,"removed"
"Alternaria radicinum petroselini","Fungi","subspecies","GBIF",1.25,,"removed"
"Alternaria ramulosum sardoum","Fungi","subspecies","GBIF",1.25,,"removed"
"Alternaria rudis nigriseda","Fungi","subspecies","GBIF",1.25,,"removed"
"Alternaria sauropi","Fungi","species","GBIF",1.25,,"removed"
"Alternaria scophulariae","Fungi","species","GBIF",1.25,,"removed"
"Alternaria telluster","Fungi","species","GBIF",1.25,,"removed"
"Alternaria tenuis tabaci","Fungi","subspecies","GBIF",1.25,,"removed"
"Alternaria tenuissimum","Fungi","species","GBIF",1.25,,"removed"
"Alternaria vulgaris disticha","Fungi","subspecies","GBIF",1.25,,"removed"
"Alternaria vulgaris ferruginea","Fungi","subspecies","GBIF",1.25,,"removed"
"Alternaria vulgaris monostica","Fungi","subspecies","GBIF",1.25,,"removed"
"Alternaria vulgaris monosticha","Fungi","subspecies","GBIF",1.25,,"removed"
"Alternaria vulgaris putaminum","Fungi","subspecies","GBIF",1.25,,"removed"
"Ameson michaeli","Fungi","species","manually added",2,,"removed"
"Ammatoidea normanni","Bacteria","species","GBIF",2,"not in LPSN","removed"
"Amoebidium fasciculatum","Protozoa","species","manually added",2,,"removed"
"Amoebidium poissonii","Protozoa","species","manually added",2,,"removed"
"Amphiamblys capitellidis","Fungi","species","manually added",2,,"removed"
"Amphiamblys longa","Fungi","species","manually added",2,,"removed"
"Anabaena laxa californica","Bacteria","subspecies","GBIF",2,"not in LPSN","removed"
"Anabaena solitaria planktonica","Bacteria","subspecies","GBIF",2,"not in LPSN","removed"
"Anabaenopsis elenkinii circularis","Bacteria","subspecies","GBIF",2,"not in LPSN","removed"
"Anabaenopsis flos-aquae circularis","Bacteria","subspecies","GBIF",2,"not in LPSN","removed"
"Anaerobacillus arsenicoselenatis","Bacteria","species","GBIF",2,"not in LPSN","removed"
"Anaerococcus massiliensis","Bacteria","species","LPSN",1.5,"LPSN: pro","removed"
"Anaeromusa burkinabensis","Bacteria","species","GBIF",2,"not in LPSN","removed"
"Anaerostipes hadrum","Bacteria","species","GBIF",1.5,"not in LPSN","removed"
"Anagnostidinema laminosa amphibia","Bacteria","subspecies","GBIF",2,"not in LPSN","removed"
"Anaplasma equi","Bacteria","species","GBIF",1.5,"not in LPSN","removed"
"Anaptychia","Fungi","genus","manually added",2,,"status 'unknown' (has children that are kept)"
"Anathece gracilis","Bacteria","species","GBIF",2,"not in LPSN","removed"
"Anisakis bicolor","Animalia","species","GBIF",1.25,,"removed"
"Anisakis diomedeae","Animalia","species","GBIF",1.25,,"removed"
"Anisakis marinum","Animalia","species","GBIF",1.25,,"removed"
"Anoxybacillus suryakundensis","Bacteria","species","LPSN",2,"LPSN: preferred name","removed"
"Aphanizomenon flos-aqure","Bacteria","species","GBIF",2,"not in LPSN","removed"
"Aphanocapsa anodontae rivulorum","Bacteria","subspecies","GBIF",2,"not in LPSN","removed"
"Aphanocapsa calciphila","Bacteria","species","GBIF",2,"not in LPSN","removed"
"Aphanocapsa elachista planctonica","Bacteria","subspecies","GBIF",2,"not in LPSN","removed"
"Aphanocapsa endolithica rivulorum","Bacteria","subspecies","GBIF",2,"not in LPSN","removed"
"Aphanocapsa grevellei","Bacteria","species","GBIF",2,"not in LPSN","removed"
"Aphanocapsa halophila","Bacteria","species","GBIF",2,"not in LPSN","removed"
"Aphanocapsa hansgirgiana","Bacteria","species","GBIF",2,"not in LPSN","removed"
"Aphanocapsa pulverea conferta","Bacteria","subspecies","GBIF",2,"not in LPSN","removed"
"Aphanocapsa pulverea delicatissima","Bacteria","subspecies","GBIF",2,"not in LPSN","removed"
"Aphanocapsa pulverea elachista","Bacteria","subspecies","GBIF",2,"not in LPSN","removed"
"Aphanocapsa pulverea incerta","Bacteria","subspecies","GBIF",2,"not in LPSN","removed"
"Aphanocapsa pulverea parasitica","Bacteria","subspecies","GBIF",2,"not in LPSN","removed"
"Aphanothece aphanothecoides","Bacteria","species","GBIF",2,"not in LPSN","removed"
"Aphanothece elabens maior","Bacteria","subspecies","GBIF",2,"not in LPSN","removed"
"Aphanothece elabens minor","Bacteria","subspecies","GBIF",2,"not in LPSN","removed"
"Aphanothece heufleri","Bacteria","species","GBIF",2,"not in LPSN","removed"
"Aphanothece saxicola nidulans","Bacteria","subspecies","GBIF",2,"not in LPSN","removed"
"Aphelidiidae","Protozoa","family","manually added",2,,"status 'unknown' (has children that are kept)"
"Apusomonas","Protozoa","genus","manually added",2,,"removed"
"Aquamicrobium lusatiae","Bacteria","species","GBIF",2,"not in LPSN","removed"
"Arcella arenaria","Protozoa","species","manually added",2,,"removed"
"Arcella arenaria sphagnicola","Protozoa","subspecies","manually added",2,,"removed"
"Arcella gibbosa levis","Protozoa","subspecies","manually added",2,,"removed"
"Arcella gibbosa mitriformis","Protozoa","subspecies","manually added",2,,"removed"
"Arcella hemisphaerica intermedia","Protozoa","subspecies","manually added",2,,"removed"
"Arcella polypora","Protozoa","species","manually added",2,,"removed"
"Arcella rotundata","Protozoa","species","manually added",2,,"removed"
"Arcella rotundata aplanata","Protozoa","subspecies","manually added",2,,"removed"
"Arcuothrix","Protozoa","genus","manually added",2,,"removed"
"Arthopyrenia","Fungi","genus","manually added",2,,"status 'unknown' (has children that are kept)"
"Arthopyreniaceae","Fungi","family","manually added",2,,"status 'unknown' (has children that are kept)"
"Arthroderma gypsea","Fungi","species","GBIF",1.25,,"removed"
"Arthroderma gypseus","Fungi","species","GBIF",1.25,,"removed"
"Arthrorhaphis","Fungi","genus","manually added",2,,"status 'unknown' (has children that are kept)"
"Arthrospira ardissoni","Bacteria","species","GBIF",2,"not in LPSN","removed"
"Arthrospira jenneri platensis","Bacteria","subspecies","GBIF",2,"not in LPSN","removed"
"Aspergillus acristata","Fungi","species","GBIF",1,,"removed"
"Aspergillus albus spinosus","Fungi","subspecies","GBIF",1,,"removed"
"Aspergillus amstelodami montevidense","Fungi","subspecies","GBIF",1,,"removed"
"Aspergillus anceps","Fungi","species","GBIF",1,,"removed"
"Aspergillus athecia","Fungi","species","GBIF",1,,"removed"
"Aspergillus athecium","Fungi","species","GBIF",1,,"removed"
"Aspergillus cejpii spinosus","Fungi","subspecies","GBIF",1,,"removed"
"Aspergillus chevalieri intermedium","Fungi","subspecies","GBIF",1,,"removed"
"Aspergillus chlamydospora","Fungi","species","GBIF",1,,"removed"
"Aspergillus citrispora","Fungi","species","GBIF",1,,"removed"
"Aspergillus corolligena","Fungi","species","GBIF",1,,"removed"
"Aspergillus dentata","Fungi","species","GBIF",1,,"removed"
"Aspergillus discophora","Fungi","species","GBIF",1,,"removed"
"Aspergillus dybowskii levisporum","Fungi","subspecies","GBIF",1,,"removed"
"Aspergillus dybowskii macrospora","Fungi","subspecies","GBIF",1,,"removed"
"Aspergillus echinulata","Fungi","species","GBIF",1,,"removed"
"Aspergillus echinulatum","Fungi","species","GBIF",1,,"removed"
"Aspergillus filifera","Fungi","species","GBIF",1,,"removed"
"Aspergillus fischeri glabra","Fungi","subspecies","GBIF",1,,"removed"
"Aspergillus fischeri spinosa","Fungi","subspecies","GBIF",1,,"removed"
"Aspergillus fischeri verrucosa","Fungi","subspecies","GBIF",1,,"removed"
"Aspergillus fumigata glabra","Fungi","subspecies","GBIF",1,,"removed"
"Aspergillus fumigata spinosa","Fungi","subspecies","GBIF",1,,"removed"
"Aspergillus fumigata verrucosa","Fungi","subspecies","GBIF",1,,"removed"
"Aspergillus fuscoflavum","Fungi","species","GBIF",1,,"removed"
"Aspergillus glaucus grp","Fungi","subspecies","GBIF",1,,"removed"
"Aspergillus herbariorum fuegianum","Fungi","subspecies","GBIF",1,,"removed"
"Aspergillus herbariorum megalospora","Fungi","subspecies","GBIF",1,,"removed"
"Aspergillus herbariorum minor","Fungi","subspecies","GBIF",1,,"removed"
"Aspergillus herbariorum violaceum","Fungi","subspecies","GBIF",1,,"removed"
"Aspergillus luppii","Fungi","species","GBIF",1,,"removed"
"Aspergillus lutea","Fungi","species","GBIF",1,,"removed"
"Aspergillus minus","Fungi","species","GBIF",1,,"removed"
"Aspergillus nidulans acristata","Fungi","subspecies","GBIF",1,,"removed"
"Aspergillus nidulans aurantiobrunnea","Fungi","subspecies","GBIF",1,,"removed"
"Aspergillus nidulans dentata","Fungi","subspecies","GBIF",1,,"removed"
"Aspergillus nidulans echinulata","Fungi","subspecies","GBIF",1,,"removed"
"Aspergillus nidulans fertilion","Fungi","subspecies","GBIF",1,,"removed"
"Aspergillus nidulans lata","Fungi","subspecies","GBIF",1,,"removed"
"Aspergillus niger schiemanni","Fungi","subspecies","GBIF",1,,"removed"
"Aspergillus niveoglaucum","Fungi","species","GBIF",1,,"removed"
"Aspergillus ochracea microspora","Fungi","subspecies","GBIF",1,,"removed"
"Aspergillus ostianus capparidis","Fungi","subspecies","GBIF",1,,"removed"
"Aspergillus parvathecia","Fungi","species","GBIF",1,,"removed"
"Aspergillus pseudofischeri","Fungi","species","GBIF",1,,"removed"
"Aspergillus pulverulenta","Fungi","species","GBIF",1,,"removed"
"Aspergillus quadricincta","Fungi","species","GBIF",1,,"removed"
"Aspergillus quercina","Fungi","species","GBIF",1,,"removed"
"Aspergillus repens amstelodami","Fungi","subspecies","GBIF",1,,"removed"
"Aspergillus repens chevalieri","Fungi","subspecies","GBIF",1,,"removed"
"Aspergillus repens columnare","Fungi","subspecies","GBIF",1,,"removed"
"Aspergillus repens parvivesiculosum","Fungi","subspecies","GBIF",1,,"removed"
"Aspergillus repens pseudoglaucum","Fungi","subspecies","GBIF",1,,"removed"
"Aspergillus restrictus eborinus","Fungi","subspecies","GBIF",1,,"removed"
"Aspergillus rugulosa lazulina","Fungi","subspecies","GBIF",1,,"removed"
"Aspergillus salinarus","Fungi","species","GBIF",1,,"removed"
"Aspergillus spinulosa","Fungi","species","GBIF",1,,"removed"
"Aspergillus stramenia","Fungi","species","GBIF",1,,"removed"
"Aspergillus sublata","Fungi","species","GBIF",1,,"removed"
"Aspergillus sublevispora","Fungi","species","GBIF",1,,"removed"
"Aspergillus tunetana","Fungi","species","GBIF",1,,"removed"
"Aspergillus umbrosum","Fungi","species","GBIF",1,,"removed"
"Aspergillus usta","Fungi","species","GBIF",1,,"removed"
"Aspergillus variecolor astellata","Fungi","subspecies","GBIF",1,,"removed"
"Asteridiella","Fungi","genus","manually added",2,,"status 'unknown' (has children that are kept)"
"Atopobium parvulus","Bacteria","species","GBIF",1.5,"not in LPSN","removed"
"Aureobasidium fermentans benedekii","Fungi","subspecies","GBIF",1.25,,"removed"
"Aureobasidium fermentans candida","Fungi","subspecies","GBIF",1.25,,"removed"
"Aureobasidium fermentans castellani","Fungi","subspecies","GBIF",1.25,,"removed"
"Aureobasidium fermentans castellanii","Fungi","subspecies","GBIF",1.25,,"removed"
"Aureobasidium fermentans fermentans","Fungi","subspecies","GBIF",1.25,,"removed"
"Aureobasidium fermentans fusca","Fungi","subspecies","GBIF",1.25,,"removed"
"Aureobasidium fermentans leaoi","Fungi","subspecies","GBIF",1.25,,"removed"
"Aureobasidium fermentans saccharofermentans","Fungi","subspecies","GBIF",1.25,,"removed"
"Aureobasidium fermentans schoenii","Fungi","subspecies","GBIF",1.25,,"removed"
"Aureobasidium fusca","Fungi","species","GBIF",1.25,,"removed"
"Aureobasidium harposporum phoradendri","Fungi","subspecies","GBIF",1.25,,"removed"
"Aureobasidium hordei","Fungi","species","GBIF",1.25,,"removed"
"Aureobasidium malicola","Fungi","species","GBIF",1.25,,"removed"
"Aureobasidium metaniger","Fungi","species","GBIF",1.25,,"removed"
"Aureobasidium microsticta","Fungi","species","GBIF",1.25,,"removed"
"Aureobasidium niger","Fungi","species","GBIF",1.25,,"removed"
"Aureobasidium nigra","Fungi","species","GBIF",1.25,,"removed"
"Aureobasidium nigrescens pullulans","Fungi","subspecies","GBIF",1.25,,"removed"
"Aureobasidium phoradendri","Fungi","species","GBIF",1.25,,"removed"
"Aureobasidium phoradendri umbellulariae","Fungi","subspecies","GBIF",1.25,,"removed"
"Aureobasidium pullulans fusca","Fungi","subspecies","GBIF",1.25,,"removed"
"Aureobasidium schoenii","Fungi","species","GBIF",1.25,,"removed"
"Azospira suillum","Bacteria","species","LPSN",2,"LPSN: preferred name","removed"
"Azospirillum fauriae","Bacteria","species","GBIF",2,"not in LPSN","removed"
"Azospirillum largomobilis","Bacteria","species","GBIF",2,"not in LPSN","status 'unknown' (has children that are kept)"
"Bacillidium stricta","Fungi","species","manually added",2,,"removed"
"Bacillosiphon induratus","Bacteria","species","LPSN",2,"LPSN: synonym of Bacularia indurata","removed"
"Bacillus aquatilis","Bacteria","species","LPSN",1.5,"LPSN: synonym of Flavobacterium aquatile corrig","removed"
"Bacillus pseudotuberculosis","Bacteria","species","LPSN",1.5,"LPSN: synonym of Yersinia pseudotuberculosis corrig","removed"
"Bacillus rubropertinctus","Bacteria","species","LPSN",1.5,"LPSN: synonym of Gordonia rubripertincta corrig","removed"
"Bacillus rugosus","Bacteria","species","LPSN",1.5,"LPSN: preferred name","removed"
"Bacillus tequilaensis","Bacteria","species","GBIF",1.5,"not in LPSN","removed"
"Bacteroides caecimuri","Bacteria","species","GBIF",1.5,"not in LPSN","removed"
"Badhamia affinis armillata","Protozoa","subspecies","manually added",2,,"removed"
"Badhamia affinis microspora","Protozoa","subspecies","manually added",2,,"removed"
"Badhamia affinis orbiculata","Protozoa","subspecies","manually added",2,,"removed"
"Badhamia alpina","Protozoa","species","manually added",2,,"removed"
"Badhamia armillata","Protozoa","species","manually added",2,,"removed"
"Badhamia aurantiaca","Protozoa","species","manually added",2,,"removed"
"Badhamia botryoides","Protozoa","species","manually added",2,,"removed"
"Badhamia botryoides chalybeum","Protozoa","subspecies","manually added",2,,"removed"
"Badhamia botryoides hyalinum","Protozoa","subspecies","manually added",2,,"removed"
"Badhamia botryoides ovoideum","Protozoa","subspecies","manually added",2,,"removed"
"Badhamia botrytes","Protozoa","species","manually added",2,,"removed"
"Badhamia capsulifer","Protozoa","species","manually added",2,,"removed"
"Badhamia capsulifera arborea","Protozoa","subspecies","manually added",2,,"removed"
"Badhamia capsulifera libera","Protozoa","subspecies","manually added",2,,"removed"
"Badhamia capsulifera monilifera","Protozoa","subspecies","manually added",2,,"removed"
"Badhamia capsulifera papaveracea","Protozoa","subspecies","manually added",2,,"removed"
"Badhamia capsulifera repens","Protozoa","subspecies","manually added",2,,"removed"
"Badhamia capsuliferum","Protozoa","species","manually added",2,,"removed"
"Badhamia concinnum","Protozoa","species","manually added",2,,"removed"
"Badhamia dearnessii","Protozoa","species","manually added",2,,"removed"
"Badhamia foliicola flavescens","Protozoa","subspecies","manually added",2,,"removed"
"Badhamia gracilis","Protozoa","species","manually added",2,,"removed"
"Badhamia gracilis melanospora","Protozoa","subspecies","manually added",2,,"removed"
"Badhamia hyalina","Protozoa","species","manually added",2,,"removed"
"Badhamia hyalina gracilis","Protozoa","subspecies","manually added",2,,"removed"
"Badhamia hyalina papaveracea","Protozoa","subspecies","manually added",2,,"removed"
"Badhamia hyalina subsessilis","Protozoa","subspecies","manually added",2,,"removed"
"Badhamia hyalinum","Protozoa","species","manually added",2,,"removed"
"Badhamia hyalinum albidum","Protozoa","subspecies","manually added",2,,"removed"
"Badhamia hyalinum chalybaeum","Protozoa","subspecies","manually added",2,,"removed"
"Badhamia inaurata","Protozoa","species","manually added",2,,"removed"
"Badhamia lilacina megaspora","Protozoa","subspecies","manually added",2,,"removed"
"Badhamia lilacinum","Protozoa","species","manually added",2,,"removed"
"Badhamia macrocarpa","Protozoa","species","manually added",2,,"removed"
"Badhamia macrocarpa gracilis","Protozoa","subspecies","manually added",2,,"removed"
"Badhamia macrocarpa sessilis","Protozoa","subspecies","manually added",2,,"removed"
"Badhamia macrocarpa stipitata","Protozoa","subspecies","manually added",2,,"removed"
"Badhamia macrocarpon","Protozoa","species","manually added",2,,"removed"
"Badhamia macrocarpos gracilis","Protozoa","subspecies","manually added",2,,"removed"
"Badhamia macrocarpos sessilis","Protozoa","subspecies","manually added",2,,"removed"
"Badhamia macrocarpos stipitata","Protozoa","subspecies","manually added",2,,"removed"
"Badhamia magna","Protozoa","species","manually added",2,,"removed"
"Badhamia magnum","Protozoa","species","manually added",2,,"removed"
"Badhamia melaleucum","Protozoa","species","manually added",2,,"removed"
"Badhamia nitens aurantiaca","Protozoa","subspecies","manually added",2,,"removed"
"Badhamia nitens reticulata","Protozoa","subspecies","manually added",2,,"removed"
"Badhamia orbiculata","Protozoa","species","manually added",2,,"removed"
"Badhamia orbiculata microspora","Protozoa","subspecies","manually added",2,,"removed"
"Badhamia ovoideum","Protozoa","species","manually added",2,,"removed"
"Badhamia pallida","Protozoa","species","manually added",2,,"removed"
"Badhamia panicea conferta","Protozoa","subspecies","manually added",2,,"removed"
"Badhamia panicea heterospora","Protozoa","subspecies","manually added",2,,"removed"
"Badhamia paniceum","Protozoa","species","manually added",2,,"removed"
"Badhamia papaverinum","Protozoa","species","manually added",2,,"removed"
"Badhamia reticulatum","Protozoa","species","manually added",2,,"removed"
"Badhamia rubiformis","Protozoa","species","manually added",2,,"removed"
"Badhamia schmitzii","Protozoa","species","manually added",2,,"removed"
"Badhamia utriculare","Protozoa","species","manually added",2,,"removed"
"Badhamia utricularis microspora","Protozoa","subspecies","manually added",2,,"removed"
"Badhamia utricularis nigripes","Protozoa","subspecies","manually added",2,,"removed"
"Badhamia utricularis schimperiana","Protozoa","subspecies","manually added",2,,"removed"
"Badhamia utricularis sessilis","Protozoa","subspecies","manually added",2,,"removed"
"Badhamia utricularis splendens","Protozoa","subspecies","manually added",2,,"removed"
"Badhamia varia","Protozoa","species","manually added",2,,"removed"
"Badhamiopsis","Protozoa","genus","manually added",2,,"status 'unknown' (has children that are kept)"
"Badhamiopsis ainoae macrospora","Protozoa","subspecies","manually added",2,,"removed"
"Badhamiopsis ainoi","Protozoa","species","manually added",2,,"removed"
"Badhamiopsis orbiculata microspora","Protozoa","subspecies","manually added",2,,"removed"
"Baeomycetaceae","Fungi","family","manually added",2,,"status 'unknown' (has children that are kept)"
"Baileyi mutabilis","Protozoa","species","manually added",2,,"removed"
"Bajkuria rostrata","Protozoa","species","manually added",2,,"removed"
"Barbulanympha","Protozoa","genus","manually added",2,,"removed"
"Bartonella mastomydis","Bacteria","species","LPSN",1.5,"LPSN: synonym","removed"
"Batkoa obscurus","Fungi","species","GBIF",1.25,,"removed"
"Beauveria arenarium","Fungi","species","GBIF",1.25,,"removed"
"Beauveria bassiana lunzinensis","Fungi","subspecies","GBIF",1.25,,"removed"
"Beauveria bassiana tenella","Fungi","subspecies","GBIF",1.25,,"removed"
"Beauveria brongniartii delacroixii","Fungi","subspecies","GBIF",1.25,,"removed"
"Beauveria densum","Fungi","species","GBIF",1.25,,"removed"
"Beauveria epigaeum terrestre","Fungi","subspecies","GBIF",1.25,,"removed"
"Beauveria felina aviaria","Fungi","subspecies","GBIF",1.25,,"removed"
"Beauveria felina cuniculina","Fungi","subspecies","GBIF",1.25,,"removed"
"Beauveria felina domestica","Fungi","subspecies","GBIF",1.25,,"removed"
"Beauveria felina pirina","Fungi","subspecies","GBIF",1.25,,"removed"
"Beauveria felina suina","Fungi","subspecies","GBIF",1.25,,"removed"
"Beauveria felinum","Fungi","species","GBIF",1.25,,"removed"
"Beauveria flavicans spicatum","Fungi","subspecies","GBIF",1.25,,"removed"
"Beauveria globuliferum","Fungi","species","GBIF",1.25,,"removed"
"Beauveria kogane","Fungi","species","GBIF",1.25,,"removed"
"Beauveria larvatum","Fungi","species","GBIF",1.25,,"removed"
"Beauveria larvicola","Fungi","species","GBIF",1.25,,"removed"
"Beauveria paranaense","Fungi","species","GBIF",1.25,,"removed"
"Beauveria stephanoderis macroconidiana","Fungi","subspecies","GBIF",1.25,,"removed"
"Bipolaris acrothecioides","Fungi","species","GBIF",1.25,,"removed"
"Bipolaris californica","Fungi","species","GBIF",1.25,,"removed"
"Bipolaris californicum","Fungi","species","GBIF",1.25,,"removed"
"Bipolaris carbonum","Fungi","species","GBIF",1.25,,"removed"
"Bipolaris flagelloideum","Fungi","species","GBIF",1.25,,"removed"
"Bipolaris macrocarpum","Fungi","species","GBIF",1.25,,"removed"
"Bipolaris miyabeanus","Fungi","species","GBIF",1.25,,"removed"
"Bipolaris sativum","Fungi","species","GBIF",1.25,,"removed"
"Bipolaris sativus","Fungi","species","GBIF",1.25,,"removed"
"Bipolaris sorghi","Fungi","species","GBIF",1.25,,"removed"
"Birrimarnoldia","Protozoa","genus","manually added",2,,"removed"
"Blautia marasmi","Bacteria","species","LPSN",1.5,"LPSN: preferred name","removed"
"Blennothrix cantharidosum","Bacteria","species","GBIF",2,"not in LPSN","removed"
"Blennothrix lyngbyaceae","Bacteria","species","GBIF",2,"not in LPSN","removed"
"Bonetocardiella","Protozoa","genus","manually added",2,,"removed"
"Borreliella turdi","Bacteria","species","LPSN",1.5,"LPSN: synonym of Borrelia turdi corrig","removed"
"Botellus","Protozoa","genus","manually added",2,,"removed"
"Bradyrhizobium brasilense","Bacteria","species","LPSN",2,"LPSN: preferred name","removed"
"Braginastrum curvata","Protozoa","species","manually added",2,,"removed"
"Brevibacillus galactophilus","Bacteria","species","GBIF",1.5,"not in LPSN","removed"
"Brevirhabdus manganoxidans","Bacteria","species","GBIF",2,"not in LPSN","removed"
"Buellia","Fungi","genus","manually added",2,,"status 'unknown' (has children that are kept)"
"Burkea gatesi","Fungi","species","manually added",2,,"removed"
"Burkholderia antimicrobica","Bacteria","species","GBIF",1.5,"not in LPSN","removed"
"Burkholderia reimsis","Bacteria","species","LPSN",1.5,"LPSN: preferred name","removed"
"Butyricimonas vaginalis","Bacteria","species","LPSN",1.5,"LPSN: preferred name","removed"
"Caldanaerobacter pacificum","Bacteria","species","GBIF",2,"not in LPSN","removed"
"Caldanaerobacter tengcongensis","Bacteria","species","GBIF",2,"not in LPSN","removed"
"Caldanaerobacter yonseiensis","Bacteria","species","GBIF",2,"not in LPSN","removed"
"Calicium","Fungi","genus","manually added",2,,"status 'unknown' (has children that are kept)"
"Callela","Protozoa","genus","manually added",2,,"removed"
"Calliacantha natans","Protozoa","species","manually added",2,,"removed"
"Calonema dissipatum tubigranulatum","Protozoa","subspecies","manually added",2,,"removed"
"Calothrix ambigua","Bacteria","species","GBIF",2,"not in LPSN","removed"
"Calothrix calothrichoides","Bacteria","species","GBIF",2,"not in LPSN","removed"
"Calothrix fuliginosa","Bacteria","species","GBIF",2,"not in LPSN","removed"
"Calothrix incerta","Bacteria","species","GBIF",2,"not in LPSN","removed"
"Calothrix longissima","Bacteria","species","LPSN",2,"LPSN: correct name","kept (current name or protected)"
"Calothrix spec","Bacteria","species","GBIF",2,"not in LPSN","removed"
"Candida actoni","Fungi","species","GBIF",1,,"removed"
"Candida aegyptiaca","Fungi","species","GBIF",1,,"removed"
"Candida albicans non-liquefaciens","Fungi","subspecies","GBIF",1,,"removed"
"Candida albicans vuilleminii","Fungi","subspecies","GBIF",1,,"removed"
"Candida album","Fungi","species","GBIF",1,,"removed"
"Candida albus","Fungi","species","GBIF",1,,"removed"
"Candida alvarezsotoi","Fungi","species","GBIF",1,,"removed"
"Candida appendiculare","Fungi","species","GBIF",1,,"removed"
"Candida argentina","Fungi","species","GBIF",1,,"removed"
"Candida arthurii","Fungi","species","GBIF",1,,"removed"
"Candida ashfordii","Fungi","species","GBIF",1,,"removed"
"Candida atlanticum","Fungi","species","GBIF",1,,"removed"
"Candida bethaliense","Fungi","species","GBIF",1,,"removed"
"Candida bimundalis chlamydospora","Fungi","subspecies","GBIF",1,,"removed"
"Candida bronchiale","Fungi","species","GBIF",1,,"removed"
"Candida buccale","Fungi","species","GBIF",1,,"removed"
"Candida buccalis","Fungi","species","GBIF",1,,"removed"
"Candida burgessii","Fungi","species","GBIF",1,,"removed"
"Candida cabralensis","Fungi","species","MycoBank",1,,"removed"
"Candida californicus","Fungi","species","GBIF",1,,"removed"
"Candida candida","Fungi","species","GBIF",1,,"removed"
"Candida candida cuniculi","Fungi","subspecies","GBIF",1,,"removed"
"Candida candida marina","Fungi","subspecies","GBIF",1,,"removed"
"Candida candida nitratophila","Fungi","subspecies","GBIF",1,,"removed"
"Candida candidum","Fungi","species","GBIF",1,,"removed"
"Candida candidus","Fungi","species","GBIF",1,,"removed"
"Candida canis","Fungi","species","GBIF",1,,"removed"
"Candida cellobiovorus","Fungi","species","GBIF",1,,"removed"
"Candida colardii","Fungi","species","GBIF",1,,"removed"
"Candida colliculosus","Fungi","species","GBIF",1,,"removed"
"Candida copellii","Fungi","species","GBIF",1,,"removed"
"Candida cruzii","Fungi","species","GBIF",1,,"removed"
"Candida cutanea","Fungi","species","GBIF",1,,"removed"
"Candida cutaneum","Fungi","species","GBIF",1,,"removed"
"Candida cutaneum cutaneum","Fungi","subspecies","GBIF",1,,"removed"
"Candida cutaneum fujii","Fungi","subspecies","GBIF",1,,"removed"
"Candida decolorans","Fungi","species","GBIF",1,,"removed"
"Candida dermatensis","Fungi","species","GBIF",1,,"removed"
"Candida desidiosum","Fungi","species","GBIF",1,,"removed"
"Candida dimorpha","Fungi","species","GBIF",1,,"removed"
"Candida egyptiaca","Fungi","species","GBIF",1,,"removed"
"Candida entericum","Fungi","species","GBIF",1,,"removed"
"Candida entericus","Fungi","species","GBIF",1,,"removed"
"Candida epidermica","Fungi","species","GBIF",1,,"removed"
"Candida erectum","Fungi","species","GBIF",1,,"removed"
"Candida faecalis","Fungi","species","GBIF",1,,"removed"
"Candida fioccoi","Fungi","species","GBIF",1,,"removed"
"Candida gifuense","Fungi","species","GBIF",1,,"removed"
"Candida gifuensis","Fungi","species","GBIF",1,,"removed"
"Candida gracile","Fungi","species","GBIF",1,,"removed"
"Candida grubyi","Fungi","species","GBIF",1,,"removed"
"Candida gruetzii","Fungi","species","GBIF",1,,"removed"
"Candida haemuloni vulneris","Fungi","subspecies","GBIF",1,,"removed"
"Candida harteri","Fungi","species","GBIF",1,,"removed"
"Candida hasegawae","Fungi","species","GBIF",1,,"removed"
"Candida inconspicua filiforme","Fungi","subspecies","GBIF",1,,"removed"
"Candida inconspicua inconspicua","Fungi","subspecies","GBIF",1,,"removed"
"Candida inexorabilis","Fungi","species","GBIF",1,,"removed"
"Candida insolitum","Fungi","species","GBIF",1,,"removed"
"Candida insolitus","Fungi","species","GBIF",1,,"removed"
"Candida interdigitalis","Fungi","species","GBIF",1,,"removed"
"Candida intermedia ethanophila","Fungi","subspecies","GBIF",1,,"removed"
"Candida intermedium","Fungi","species","GBIF",1,,"removed"
"Candida intermedius","Fungi","species","GBIF",1,,"removed"
"Candida intestinale","Fungi","species","GBIF",1,,"removed"
"Candida intestinale epidermicum","Fungi","subspecies","GBIF",1,,"removed"
"Candida intestinale intestinale","Fungi","subspecies","GBIF",1,,"removed"
"Candida irritans","Fungi","species","GBIF",1,,"removed"
"Candida issavi","Fungi","species","GBIF",1,,"removed"
"Candida kayongosi","Fungi","species","GBIF",1,,"removed"
"Candida laryngitidis","Fungi","species","GBIF",1,,"removed"
"Candida linguae-pilosae","Fungi","species","GBIF",1,,"removed"
"Candida mannitofermentans","Fungi","species","GBIF",1,,"removed"
"Candida maritimum","Fungi","species","GBIF",1,,"removed"
"Candida mattletii","Fungi","species","GBIF",1,,"removed"
"Candida melibiosi membranaefaciens","Fungi","subspecies","GBIF",1,,"removed"
"Candida metalondinense","Fungi","species","GBIF",1,,"removed"
"Candida metalondinensis metalondinensis","Fungi","subspecies","GBIF",1,,"removed"
"Candida metalondinensis pseudolondinensis","Fungi","subspecies","GBIF",1,,"removed"
"Candida metatropicalis","Fungi","species","GBIF",1,,"removed"
"Candida metschnikoffii","Fungi","species","GBIF",1,,"removed"
"Candida miso-alpha","Fungi","species","GBIF",1,,"removed"
"Candida molardii","Fungi","species","GBIF",1,,"removed"
"Candida murmanica","Fungi","species","GBIF",1,,"removed"
"Candida nabarroi","Fungi","species","GBIF",1,,"removed"
"Candida negronii","Fungi","species","GBIF",1,,"removed"
"Candida niveum","Fungi","species","GBIF",1,,"removed"
"Candida niveus","Fungi","species","GBIF",1,,"removed"
"Candida norwegica","Fungi","species","GBIF",1,,"removed"
"Candida onychophila","Fungi","species","GBIF",1,,"removed"
"Candida oosporoides","Fungi","species","GBIF",1,,"removed"
"Candida oosporoides oosporoides","Fungi","subspecies","GBIF",1,,"removed"
"Candida parapsilopsis","Fungi","species","GBIF",1,,"removed"
"Candida parapsilosis querci","Fungi","subspecies","GBIF",1,,"removed"
"Candida paratropicale","Fungi","species","GBIF",1,,"removed"
"Candida periunguealis","Fungi","species","GBIF",1,,"removed"
"Candida perryi","Fungi","species","GBIF",1,,"removed"
"Candida petrophilus","Fungi","species","GBIF",1,,"removed"
"Candida pinoyi nabarroi","Fungi","subspecies","GBIF",1,,"removed"
"Candida pinoyi pinoyi","Fungi","subspecies","GBIF",1,,"removed"
"Candida pinoysimilis pinoysimilis","Fungi","subspecies","GBIF",1,,"removed"
"Candida pleomorphus","Fungi","species","GBIF",1,,"removed"
"Candida pseudoalbicans","Fungi","species","GBIF",1,,"removed"
"Candida pseudolondinensis","Fungi","species","GBIF",1,,"removed"
"Candida pseudolondinoides","Fungi","species","GBIF",1,,"removed"
"Candida pseudometalondinensis","Fungi","species","GBIF",1,,"removed"
"Candida psilose","Fungi","species","GBIF",1,,"removed"
"Candida pulmonale","Fungi","species","GBIF",1,,"removed"
"Candida richmondii","Fungi","species","GBIF",1,,"removed"
"Candida robinii","Fungi","species","GBIF",1,,"removed"
"Candida silvicola melibiosica","Fungi","subspecies","GBIF",1,,"removed"
"Candida skutetzkyi","Fungi","species","GBIF",1,,"removed"
"Candida srinivasii","Fungi","species","GBIF",1,,"removed"
"Candida talicei","Fungi","species","GBIF",1,,"removed"
"Candida tonsillae","Fungi","species","GBIF",1,,"removed"
"Candida tonsillae afla","Fungi","subspecies","GBIF",1,,"removed"
"Candida tonsillae tonsillae","Fungi","subspecies","GBIF",1,,"removed"
"Candida tonsillarum","Fungi","species","GBIF",1,,"removed"
"Candida trimorpha","Fungi","species","GBIF",1,,"removed"
"Candida tulanense mannitolfermentans","Fungi","subspecies","GBIF",1,,"removed"
"Candida tumefaciens-alba","Fungi","species","GBIF",1,,"removed"
"Candida tumefaciens-album","Fungi","species","GBIF",1,,"removed"
"Candida tumefaciens-albus","Fungi","species","GBIF",1,,"removed"
"Candida unguis","Fungi","species","GBIF",1,,"removed"
"Candida unguium","Fungi","species","GBIF",1,,"removed"
"Candida unguius","Fungi","species","GBIF",1,,"removed"
"Candida uvae","Fungi","species","GBIF",1,,"removed"
"Candida uvae miso","Fungi","subspecies","GBIF",1,,"removed"
"Candida vaginalis","Fungi","species","GBIF",1,,"removed"
"Candida verticillata","Fungi","species","GBIF",1,,"removed"
"Candida verticillatus","Fungi","species","GBIF",1,,"removed"
"Candida vesica","Fungi","species","GBIF",1,,"removed"
"Candida vesicum","Fungi","species","GBIF",1,,"removed"
"Candida vossii","Fungi","species","GBIF",1,,"removed"
"Candida vuilleminii","Fungi","species","GBIF",1,,"removed"
"Candida zeylanoides macroglossiae","Fungi","subspecies","GBIF",1,,"removed"
"Carnobacterium carnis","Bacteria","species","GBIF",2,"not in LPSN","removed"
"Carnobacterium maltaromicus","Bacteria","species","GBIF",2,"not in LPSN","removed"
"Cavaspina uria","Protozoa","species","manually added",2,,"removed"
"Cavenderia amphisporum","Protozoa","species","manually added",2,,"removed"
"Cavenderia antarcticum","Protozoa","species","manually added",2,,"removed"
"Cavenderia aureo-stipes helvetium","Protozoa","subspecies","manually added",2,,"removed"
"Cavenderia aureostipes helvetium","Protozoa","subspecies","manually added",2,,"removed"
"Cavenderia bifurcatum","Protozoa","species","manually added",2,,"removed"
"Cavenderia boomerangisporum","Protozoa","species","manually added",2,,"removed"
"Cavenderia delicatum","Protozoa","species","manually added",2,,"removed"
"Cavenderia deminutivum","Protozoa","species","manually added",2,,"removed"
"Cavenderia exiguum","Protozoa","species","manually added",2,,"removed"
"Cavenderia fasciculatum","Protozoa","species","manually added",2,,"removed"
"Cavenderia fasciculoideum","Protozoa","species","manually added",2,,"removed"
"Cavenderia granulophorum","Protozoa","species","manually added",2,,"removed"
"Cavenderia macrocarpum","Protozoa","species","manually added",2,,"removed"
"Cavenderia mexicanum","Protozoa","species","manually added",2,,"removed"
"Cavenderia microsporum","Protozoa","species","manually added",2,,"removed"
"Cavenderia parvisporum","Protozoa","species","manually added",2,,"removed"
"Cavenderia stellatum","Protozoa","species","manually added",2,,"removed"
"Cellulosimicrobium cartae","Bacteria","species","GBIF",1.5,"not in LPSN","removed"
"Cellulosimicrobium fermentans","Bacteria","species","GBIF",1.5,"not in LPSN","removed"
"Cellulosimicrobium lyticum","Bacteria","species","GBIF",1.5,"not in LPSN","removed"
"Cellulosimicrobium xanthineolytica","Bacteria","species","GBIF",1.5,"not in LPSN","removed"
"Centropyxis aerophila globulosa","Protozoa","subspecies","manually added",2,,"removed"
"Centropyxis aerophila sylvatica","Protozoa","subspecies","manually added",2,,"removed"
"Centropyxis constricta elongata","Protozoa","subspecies","manually added",2,,"removed"
"Centropyxis sylvatica globulosa","Protozoa","subspecies","manually added",2,,"removed"
"Cephaloascus grovesii","Fungi","species","GBIF",2,,"removed"
"Cephalothamnium","Protozoa","genus","manually added",2,,"removed"
"Ceratiomyxa","Protozoa","genus","manually added",2,,"status 'unknown' (has children that are kept)"
"Ceratiomyxa arbuscula","Protozoa","species","manually added",2,,"removed"
"Ceratiomyxa aureum","Protozoa","species","manually added",2,,"removed"
"Ceratiomyxa byssoides","Protozoa","species","manually added",2,,"removed"
"Ceratiomyxa caesia","Protozoa","species","manually added",2,,"removed"
"Ceratiomyxa caesia caesia","Protozoa","subspecies","manually added",2,,"removed"
"Ceratiomyxa crustosum","Protozoa","species","manually added",2,,"removed"
"Ceratiomyxa descendens","Protozoa","species","manually added",2,,"removed"
"Ceratiomyxa filiforme","Protozoa","species","manually added",2,,"removed"
"Ceratiomyxa freyana","Protozoa","species","manually added",2,,"removed"
"Ceratiomyxa fruticulosa arbuscula","Protozoa","subspecies","manually added",2,,"removed"
"Ceratiomyxa fruticulosa aurantiaca","Protozoa","subspecies","manually added",2,,"removed"
"Ceratiomyxa fruticulosa aurea","Protozoa","subspecies","manually added",2,,"removed"
"Ceratiomyxa fruticulosa caesia","Protozoa","subspecies","manually added",2,,"removed"
"Ceratiomyxa fruticulosa comata","Protozoa","subspecies","manually added",2,,"removed"
"Ceratiomyxa fruticulosa crustosum","Protozoa","subspecies","manually added",2,,"removed"
"Ceratiomyxa fruticulosa descendens","Protozoa","subspecies","manually added",2,,"removed"
"Ceratiomyxa fruticulosa flava","Protozoa","subspecies","manually added",2,,"removed"
"Ceratiomyxa fruticulosa flexuosa","Protozoa","subspecies","manually added",2,,"removed"
"Ceratiomyxa fruticulosa porioides","Protozoa","subspecies","manually added",2,,"removed"
"Ceratiomyxa fruticulosa rosea","Protozoa","subspecies","manually added",2,,"removed"
"Ceratiomyxa fruticulosa rosella","Protozoa","subspecies","manually added",2,,"removed"
"Ceratiomyxa frutucilosa","Protozoa","species","manually added",2,,"removed"
"Ceratiomyxa fuscum","Protozoa","species","manually added",2,,"removed"
"Ceratiomyxa hydnoidea","Protozoa","species","manually added",2,,"removed"
"Ceratiomyxa hydnoideum","Protozoa","species","manually added",2,,"removed"
"Ceratiomyxa hydnoideum ramossisimum","Protozoa","subspecies","manually added",2,,"removed"
"Ceratiomyxa hydnoideum subreticulatum","Protozoa","subspecies","manually added",2,,"removed"
"Ceratiomyxa mucida","Protozoa","species","manually added",2,,"removed"
"Ceratiomyxa mucida arbuscula","Protozoa","subspecies","manually added",2,,"removed"
"Ceratiomyxa mucida flexuosa","Protozoa","subspecies","manually added",2,,"removed"
"Ceratiomyxa mucida hydnoidea","Protozoa","subspecies","manually added",2,,"removed"
"Ceratiomyxa mucida porioides","Protozoa","subspecies","manually added",2,,"removed"
"Ceratiomyxa mucidum","Protozoa","species","manually added",2,,"removed"
"Ceratiomyxa plumosa","Protozoa","species","manually added",2,,"removed"
"Ceratiomyxa porioides","Protozoa","species","manually added",2,,"removed"
"Ceratiomyxa porioides alba","Protozoa","subspecies","manually added",2,,"removed"
"Ceratiomyxa porioides flavum","Protozoa","subspecies","manually added",2,,"removed"
"Ceratiomyxa porioides lacteum","Protozoa","subspecies","manually added",2,,"removed"
"Ceratiomyxa puccinia","Protozoa","species","manually added",2,,"removed"
"Ceratiomyxa pyxidatum","Protozoa","species","manually added",2,,"removed"
"Ceratiomyxa pyxidatum cornutum","Protozoa","subspecies","manually added",2,,"removed"
"Ceratiomyxa pyxidatum flabellatum","Protozoa","subspecies","manually added",2,,"removed"
"Ceratiomyxa reticulosa","Protozoa","species","manually added",2,,"removed"
"Ceratiomyxa roseum","Protozoa","species","manually added",2,,"removed"
"Ceratiomyxa rubicundum","Protozoa","species","manually added",2,,"removed"
"Ceratiomyxa sphaeroideum","Protozoa","species","manually added",2,,"removed"
"Ceratiomyxella tahitiensis neotropicalis","Protozoa","subspecies","manually added",2,,"removed"
"Cereibacter megalophilus","Bacteria","species","GBIF",2,"not in LPSN","removed"
"Chaetomium agricola","Fungi","species","GBIF",1.25,,"removed"
"Chaetomium albogriseum","Fungi","species","GBIF",1.25,,"removed"
"Chaetomium anguipilia","Fungi","species","GBIF",1.25,,"removed"
"Chaetomium californica","Fungi","species","GBIF",1.25,,"removed"
"Chaetomium cristalliferum","Fungi","species","GBIF",1.25,,"removed"
"Chaetomium discospora","Fungi","species","GBIF",1.25,,"removed"
"Chaetomium fusispora","Fungi","species","GBIF",1.25,,"removed"
"Chaetomium megaspora","Fungi","species","GBIF",1.25,,"removed"
"Chaetomium piluliferum baschkyriense","Fungi","subspecies","GBIF",1.25,,"removed"
"Chaetomium piuliferum","Fungi","species","GBIF",1.25,,"removed"
"Chaetomium scopula","Fungi","species","GBIF",1.25,,"removed"
"Chaetomium trigonospora","Fungi","species","GBIF",1.25,,"removed"
"Chamaesiphon gracile","Bacteria","species","GBIF",2,"not in LPSN","removed"
"Chamaesiphon gracilis elongatus","Bacteria","subspecies","GBIF",2,"not in LPSN","removed"
"Chamaesiphon gracilis maior","Bacteria","subspecies","GBIF",2,"not in LPSN","removed"
"Chamaesiphon minutus maior","Bacteria","subspecies","GBIF",2,"not in LPSN","removed"
"Chamaesiphon regulari","Bacteria","species","GBIF",2,"not in LPSN","removed"
"Chaos carolinense","Protozoa","species","manually added",2,,"removed"
"Chasmostoma","Protozoa","genus","manually added",2,,"removed"
"Chimaeribacter archeti","Bacteria","species","GBIF",2,"not in LPSN","removed"
"Chlorobium phaeoclathratiforme","Bacteria","species","GBIF",2,"not in LPSN","removed"
"Chroococcidiopsis burmensis","Bacteria","species","GBIF",2,"not in LPSN","removed"
"Chroococcus minima smithii","Bacteria","subspecies","GBIF",2,"not in LPSN","removed"
"Chroococcus minor dispersa","Bacteria","subspecies","GBIF",2,"not in LPSN","removed"
"Chroococcus minor dispersus","Bacteria","subspecies","GBIF",2,"not in LPSN","removed"
"Chroococcus minutus minimus","Bacteria","subspecies","GBIF",2,"not in LPSN","removed"
"Chroococcus praerupta laticeps","Bacteria","subspecies","GBIF",2,"not in LPSN","removed"
"Chroococcus rufescens turicensis","Bacteria","subspecies","GBIF",2,"not in LPSN","removed"
"Chroococcus turgidus mipitanensis","Bacteria","subspecies","GBIF",2,"not in LPSN","removed"
"Chroococcus turgidus tenax","Bacteria","subspecies","GBIF",2,"not in LPSN","removed"
"Chroococcus turgidus thermalis","Bacteria","subspecies","GBIF",2,"not in LPSN","removed"
"Chrysopophilus","Animalia","genus","GBIF",2,,"removed"
"Circinella circinans","Fungi","species","MycoBank",2,,"removed"
"Circinella circinans volgogradensis","Fungi","subspecies","GBIF",2,,"removed"
"Circinella naumovii","Fungi","species","MycoBank",2,,"removed"
"Circinella reniformis","Fungi","species","MycoBank",2,,"removed"
"Citrobacter malonatica","Bacteria","species","GBIF",1,"not in LPSN","removed"
"Cladophialophora trichoides","Fungi","species","GBIF",1.25,,"removed"
"Cladophialophora trichoides chlamydosporum","Fungi","subspecies","GBIF",1.25,,"removed"
"Cladosporium abroniae","Fungi","species","GBIF",1.25,,"removed"
"Cladosporium allicina arthopyrenioides","Fungi","subspecies","GBIF",1.25,,"removed"
"Cladosporium allii allii-porri","Fungi","subspecies","GBIF",1.25,,"removed"
"Cladosporium allii allii-sativi","Fungi","subspecies","GBIF",1.25,,"removed"
"Cladosporium allii bomareae","Fungi","subspecies","GBIF",1.25,,"removed"
"Cladosporium allii cepivorum","Fungi","subspecies","GBIF",1.25,,"removed"
"Cladosporium allii funkiae","Fungi","subspecies","GBIF",1.25,,"removed"
"Cladosporium allii minutum","Fungi","subspecies","GBIF",1.25,,"removed"
"Cladosporium allii polygonati","Fungi","subspecies","GBIF",1.25,,"removed"
"Cladosporium allii sisyrinchii","Fungi","subspecies","GBIF",1.25,,"removed"
"Cladosporium elymifoliae","Fungi","species","GBIF",1.25,,"removed"
"Cladosporium epiphyllum chionanthi","Fungi","subspecies","GBIF",1.25,,"removed"
"Cladosporium eriophila","Fungi","species","GBIF",1.25,,"removed"
"Cladosporium flexuosum","Fungi","species","GBIF",1.25,,"removed"
"Cladosporium goiranicum","Fungi","species","GBIF",1.25,,"removed"
"Cladosporium gracile muscaridis","Fungi","subspecies","GBIF",1.25,,"removed"
"Cladosporium humicola","Fungi","species","GBIF",1.25,,"removed"
"Cladosporium humicola brunnea","Fungi","subspecies","GBIF",1.25,,"removed"
"Cladosporium laburni","Fungi","species","GBIF",1.25,,"removed"
"Cladosporium macrospora","Fungi","species","GBIF",1.25,,"removed"
"Cladosporium melophthorum","Fungi","species","GBIF",1.25,,"removed"
"Cladosporium ornithogali allii-porri","Fungi","subspecies","GBIF",1.25,,"removed"
"Cladosporium ornithogali minus","Fungi","subspecies","GBIF",1.25,,"removed"
"Cladosporium tassiana arthopyrenioides","Fungi","subspecies","GBIF",1.25,,"removed"
"Cladosporium tassiana macrospora","Fungi","subspecies","GBIF",1.25,,"removed"
"Cladosporium vulgare","Fungi","species","GBIF",1.25,,"removed"
"Cladosporium vulgare fungorum","Fungi","subspecies","GBIF",1.25,,"removed"
"Cladosporium vulgare herbarum","Fungi","subspecies","GBIF",1.25,,"removed"
"Clastidium setigerum rivulare","Bacteria","subspecies","GBIF",2,"not in LPSN","removed"
"Clastoderma badhamianum","Protozoa","species","manually added",2,,"removed"
"Clastoderma debaryi","Protozoa","species","manually added",2,,"removed"
"Clastoderma dictyosporum","Protozoa","species","manually added",2,,"removed"
"Clastoderma elegans microcarpa","Protozoa","subspecies","manually added",2,,"removed"
"Clastoderma microcephala","Protozoa","species","manually added",2,,"removed"
"Clathroidastron","Protozoa","genus","manually added",2,,"removed"
"Clavispora carmosousae","Fungi","species","GBIF",1.25,,"removed"
"Clavispora musae","Fungi","species","GBIF",1.25,,"removed"
"Clostridium autoethanogenum","Bacteria","species","LPSN",1.5,"LPSN: preferred name","removed"
"Clostridium leptospartum","Bacteria","species","GBIF",1.5,"not in LPSN","removed"
"Clostridium polyendosporus","Bacteria","species","GBIF",1.5,"not in LPSN","removed"
"Cobetia halodurans","Bacteria","species","GBIF",2,"not in LPSN","removed"
"Cobricosphaeridium","Protozoa","genus","manually added",2,,"removed"
"Coccocarpia","Fungi","genus","manually added",2,,"status 'unknown' (has children that are kept)"
"Colacium arbuscula","Protozoa","species","manually added",2,,"removed"
"Colacium cyclopicola","Protozoa","species","manually added",2,,"removed"
"Coleodesmium fremyi","Bacteria","species","GBIF",2,"not in LPSN","removed"
"Coleospora","Protozoa","genus","manually added",2,,"removed"
"Collaria arcyrionema japonica","Protozoa","subspecies","manually added",2,,"removed"
"Collaria arcyrionema japonicum","Protozoa","subspecies","manually added",2,,"removed"
"Collaria biasperosporum","Protozoa","species","manually added",2,,"removed"
"Collaria chionophila","Protozoa","species","manually added",2,,"removed"
"Collaria nigricapillita","Protozoa","species","manually added",2,,"removed"
"Collaria nigricapillitium","Protozoa","species","manually added",2,,"removed"
"Collaria shimekiana","Protozoa","species","manually added",2,,"removed"
"Collaria subaeneum","Protozoa","species","manually added",2,,"removed"
"Collema","Fungi","genus","manually added",2,,"status 'unknown' (has children that are kept)"
"Colloderma dubium","Protozoa","species","manually added",2,,"removed"
"Colloderma oculatum castaneum","Protozoa","subspecies","manually added",2,,"removed"
"Colloderma oculatum robustum","Protozoa","subspecies","manually added",2,,"removed"
"Comatricha aequalis pacifica","Protozoa","subspecies","manually added",2,,"removed"
"Comatricha alta macrospora","Protozoa","subspecies","manually added",2,,"removed"
"Comatricha anastomosans","Protozoa","species","manually added",2,,"removed"
"Comatricha argentinae","Protozoa","species","manually added",2,,"removed"
"Comatricha atrofusca","Protozoa","species","manually added",2,,"removed"
"Comatricha atrofusca nigra","Protozoa","subspecies","manually added",2,,"removed"
"Comatricha elegans microspora","Protozoa","subspecies","manually added",2,,"removed"
"Comatricha elegans pallens","Protozoa","subspecies","manually added",2,,"removed"
"Comatricha ellisiana","Protozoa","species","manually added",2,,"removed"
"Comatricha ellisianum","Protozoa","species","manually added",2,,"removed"
"Comatricha ellisii","Protozoa","species","manually added",2,,"removed"
"Comatricha friesiana","Protozoa","species","manually added",2,,"removed"
"Comatricha friesiana excelsa","Protozoa","subspecies","manually added",2,,"removed"
"Comatricha friesiana leptonema","Protozoa","subspecies","manually added",2,,"removed"
"Comatricha friesiana oblonga","Protozoa","subspecies","manually added",2,,"removed"
"Comatricha friesiana obovata","Protozoa","subspecies","manually added",2,,"removed"
"Comatricha friesiana pachynema","Protozoa","subspecies","manually added",2,,"removed"
"Comatricha fusiforme","Protozoa","species","manually added",2,,"removed"
"Comatricha laxa microspora","Protozoa","subspecies","manually added",2,,"removed"
"Comatricha longifilum","Protozoa","species","manually added",2,,"removed"
"Comatricha macrosperma","Protozoa","species","manually added",2,,"removed"
"Comatricha macrosperma oblonga","Protozoa","subspecies","manually added",2,,"removed"
"Comatricha macrosperma obovata","Protozoa","subspecies","manually added",2,,"removed"
"Comatricha mucoriformis","Protozoa","species","manually added",2,,"removed"
"Comatricha nannengae","Protozoa","species","manually added",2,,"removed"
"Comatricha nigra alta","Protozoa","subspecies","manually added",2,,"removed"
"Comatricha nigra brachypus","Protozoa","subspecies","manually added",2,,"removed"
"Comatricha nigra microspora","Protozoa","subspecies","manually added",2,,"removed"
"Comatricha nigra oblonga","Protozoa","subspecies","manually added",2,,"removed"
"Comatricha nigra obovata","Protozoa","subspecies","manually added",2,,"removed"
"Comatricha nigra suksdorfii","Protozoa","subspecies","manually added",2,,"removed"
"Comatricha nigra verrucosa","Protozoa","subspecies","manually added",2,,"removed"
"Comatricha oblonga","Protozoa","species","manually added",2,,"removed"
"Comatricha obtusata","Protozoa","species","manually added",2,,"removed"
"Comatricha ovata","Protozoa","species","manually added",2,,"removed"
"Comatricha ovata atrofusca","Protozoa","subspecies","manually added",2,,"removed"
"Comatricha pacifica","Protozoa","species","manually added",2,,"removed"
"Comatricha penetralis","Protozoa","species","manually added",2,,"removed"
"Comatricha persoonii","Protozoa","species","manually added",2,,"removed"
"Comatricha persoonii fusca","Protozoa","subspecies","manually added",2,,"removed"
"Comatricha persoonii gracilis","Protozoa","subspecies","manually added",2,,"removed"
"Comatricha persoonii leptonema","Protozoa","subspecies","manually added",2,,"removed"
"Comatricha persoonii oblonga","Protozoa","subspecies","manually added",2,,"removed"
"Comatricha persoonii obovata","Protozoa","subspecies","manually added",2,,"removed"
"Comatricha persoonii pachynema","Protozoa","subspecies","manually added",2,,"removed"
"Comatricha persoonii pulchella","Protozoa","subspecies","manually added",2,,"removed"
"Comatricha persoonii tenerrima","Protozoa","subspecies","manually added",2,,"removed"
"Comatricha pulchella cylindrica","Protozoa","subspecies","manually added",2,,"removed"
"Comatricha pulchella fusca","Protozoa","subspecies","manually added",2,,"removed"
"Comatricha pulchella obovata","Protozoa","subspecies","manually added",2,,"removed"
"Comatricha pulchella tenerrima","Protozoa","subspecies","manually added",2,,"removed"
"Comatricha raciborskii","Protozoa","species","manually added",2,,"removed"
"Comatricha sommerfeltii","Protozoa","species","manually added",2,,"removed"
"Comatricha tenerrima macrospora","Protozoa","subspecies","manually added",2,,"removed"
"Companilactobacillus terrae","Bacteria","species","GBIF",2,"not in LPSN","removed"
"Conidiobolus ignobilis","Fungi","species","GBIF",1.25,,"removed"
"Conidiobolus obscura","Fungi","species","GBIF",1.25,,"removed"
"Conidiobolus pumilum","Fungi","species","GBIF",1.25,,"removed"
"Conidiobolus thaxteriana","Fungi","species","GBIF",1.25,,"removed"
"Conidiobolus virulenta","Fungi","species","GBIF",1.25,,"removed"
"Coniochaeta candidum arachnoidea","Fungi","subspecies","GBIF",1.25,,"removed"
"Coniochaeta desmosporum oidium","Fungi","subspecies","GBIF",1.25,,"removed"
"Coniochaeta discospora major","Fungi","subspecies","GBIF",1.25,,"removed"
"Coniochaeta foliicola","Fungi","species","GBIF",1.25,,"removed"
"Coniochaeta friesii","Fungi","species","GBIF",1.25,,"removed"
"Coniochaeta griffithsii","Fungi","species","GBIF",1.25,,"removed"
"Coniochaeta platyspora","Fungi","species","GBIF",1.25,,"removed"
"Coniochaeta pulveracea africana","Fungi","subspecies","GBIF",1.25,,"removed"
"Coniochaeta pulveracea microspora","Fungi","subspecies","GBIF",1.25,,"removed"
"Coniochaeta pulveracea platysporella","Fungi","subspecies","GBIF",1.25,,"removed"
"Coniochaeta sordaria microtricha","Fungi","subspecies","GBIF",1.25,,"removed"
"Coniochaeta subsimilis","Fungi","species","GBIF",1.25,,"removed"
"Conradinema","Protozoa","genus","manually added",2,,"removed"
"Contracaecum aquillae","Animalia","species","GBIF",1.25,,"removed"
"Contracaecum falcigera","Animalia","species","GBIF",1.25,,"removed"
"Contracaecum hydrurgae","Animalia","species","GBIF",1.25,,"removed"
"Contracaecum pedum","Animalia","species","GBIF",1.25,,"removed"
"Contracaecum spiculigera","Animalia","species","GBIF",1.25,,"removed"
"Contracaecum squalii","Animalia","species","GBIF",1.25,,"removed"
"Coprobacter massiliensis","Bacteria","species","GBIF",2,"not in LPSN","removed"
"Corallincola spongiicola","Bacteria","species","LPSN",2,"LPSN: preferred name","removed"
"Cordylobia livingstonii","Animalia","species","GBIF",1.25,,"removed"
"Coremiostelium polycephalum","Protozoa","species","manually added",2,,"removed"
"Coronadinium","Protozoa","genus","manually added",2,,"removed"
"Corrugasphaera","Protozoa","genus","manually added",2,,"removed"
"Corynebacterium crenatum","Bacteria","species","LPSN",1.5,"LPSN: preferred name","removed"
"Corynebacterium divaricatum","Bacteria","species","GBIF",1.5,"not in LPSN","removed"
"Corynebacterium polymorphus","Bacteria","species","GBIF",1.5,"not in LPSN","removed"
"Corynebacterium segmentosum","Bacteria","species","GBIF",1.5,"not in LPSN","removed"
"Craterium","Protozoa","genus","manually added",2,,"status 'unknown' (has children that are kept)"
"Craterium aurea","Protozoa","species","manually added",2,,"removed"
"Craterium aureonucleatum heterobaculatum","Protozoa","subspecies","manually added",2,,"removed"
"Craterium brunneum","Protozoa","species","manually added",2,,"removed"
"Craterium cinereus","Protozoa","species","manually added",2,,"removed"
"Craterium confusum","Protozoa","species","manually added",2,,"removed"
"Craterium convivale","Protozoa","species","manually added",2,,"removed"
"Craterium curtisii","Protozoa","species","manually added",2,,"removed"
"Craterium cylindricum","Protozoa","species","manually added",2,,"removed"
"Craterium deoperculatum","Protozoa","species","manually added",2,,"removed"
"Craterium dictyospermum","Protozoa","species","manually added",2,,"removed"
"Craterium dictyospora","Protozoa","species","manually added",2,,"removed"
"Craterium friesii","Protozoa","species","manually added",2,,"removed"
"Craterium fuckelii","Protozoa","species","manually added",2,,"removed"
"Craterium globosa","Protozoa","species","manually added",2,,"removed"
"Craterium guarapiense","Protozoa","species","manually added",2,,"removed"
"Craterium hookeri","Protozoa","species","manually added",2,,"removed"
"Craterium leucocephala","Protozoa","species","manually added",2,,"removed"
"Craterium leucocephalum cylindricum","Protozoa","subspecies","manually added",2,,"removed"
"Craterium leucocephalum inclusum","Protozoa","subspecies","manually added",2,,"removed"
"Craterium leucocephalum longipes","Protozoa","subspecies","manually added",2,,"removed"
"Craterium leucocephalum rufum","Protozoa","subspecies","manually added",2,,"removed"
"Craterium leucocephalum scyphoides","Protozoa","subspecies","manually added",2,,"removed"
"Craterium leucostictum","Protozoa","species","manually added",2,,"removed"
"Craterium minimum","Protozoa","species","manually added",2,,"removed"
"Craterium minuta","Protozoa","species","manually added",2,,"removed"
"Craterium minutum aureum","Protozoa","subspecies","manually added",2,,"removed"
"Craterium minutum brunneum","Protozoa","subspecies","manually added",2,,"removed"
"Craterium minutum campanulatum","Protozoa","subspecies","manually added",2,,"removed"
"Craterium minutum pyriforme","Protozoa","subspecies","manually added",2,,"removed"
"Craterium minutum turbinatum","Protozoa","subspecies","manually added",2,,"removed"
"Craterium minutus","Protozoa","species","manually added",2,,"removed"
"Craterium mutabile","Protozoa","species","manually added",2,,"removed"
"Craterium mutabilis","Protozoa","species","manually added",2,,"removed"
"Craterium nutans","Protozoa","species","manually added",2,,"removed"
"Craterium obovata","Protozoa","species","manually added",2,,"removed"
"Craterium obovata dictyospora","Protozoa","subspecies","manually added",2,,"removed"
"Craterium obovatum dictyospora","Protozoa","subspecies","manually added",2,,"removed"
"Craterium obovatum dictyosporum","Protozoa","subspecies","manually added",2,,"removed"
"Craterium oerstedii","Protozoa","species","manually added",2,,"removed"
"Craterium ovatum","Protozoa","species","manually added",2,,"removed"
"Craterium pedunculatum","Protozoa","species","manually added",2,,"removed"
"Craterium pedunculatum albicans","Protozoa","subspecies","manually added",2,,"removed"
"Craterium pedunculatum confussum","Protozoa","subspecies","manually added",2,,"removed"
"Craterium pendulum","Protozoa","species","manually added",2,,"removed"
"Craterium perpusilla","Protozoa","species","manually added",2,,"removed"
"Craterium pruinosum","Protozoa","species","manually added",2,,"removed"
"Craterium pyriforme","Protozoa","species","manually added",2,,"removed"
"Craterium rubescens","Protozoa","species","manually added",2,,"removed"
"Craterium rubiginosa","Protozoa","species","manually added",2,,"removed"
"Craterium rubiginosa concinna","Protozoa","subspecies","manually added",2,,"removed"
"Craterium rubiginosa dictyospora","Protozoa","subspecies","manually added",2,,"removed"
"Craterium rubiginosa globosa","Protozoa","subspecies","manually added",2,,"removed"
"Craterium rubiginosum","Protozoa","species","manually added",2,,"removed"
"Craterium scyphoides","Protozoa","species","manually added",2,,"removed"
"Craterium scyphoides scyphoides","Protozoa","subspecies","manually added",2,,"removed"
"Craterium subaquila","Protozoa","species","manually added",2,,"removed"
"Craterium turbinatum","Protozoa","species","manually added",2,,"removed"
"Craterium turbinatus","Protozoa","species","manually added",2,,"removed"
"Craterium vulgare","Protozoa","species","manually added",2,,"removed"
"Craterium vulgare albicans","Protozoa","subspecies","manually added",2,,"removed"
"Craterium vulgare confusum","Protozoa","subspecies","manually added",2,,"removed"
"Craterium xanthopus","Protozoa","species","manually added",2,,"removed"
"Crepidulospora","Fungi","genus","manually added",2,,"status 'unknown' (has children that are kept)"
"Cribraria anomalum","Protozoa","species","manually added",2,,"removed"
"Cribraria argillacea","Protozoa","species","manually added",2,,"removed"
"Cribraria argillacea altaica","Protozoa","subspecies","manually added",2,,"removed"
"Cribraria argillacea oligocostata","Protozoa","subspecies","manually added",2,,"removed"
"Cribraria aurantiaca flava","Protozoa","subspecies","manually added",2,,"removed"
"Cribraria aurantiaca sulphurea","Protozoa","subspecies","manually added",2,,"removed"
"Cribraria bieniaszii","Protozoa","species","manually added",2,,"removed"
"Cribraria cancellata","Protozoa","species","manually added",2,,"removed"
"Cribraria cancellata anomala","Protozoa","subspecies","manually added",2,,"removed"
"Cribraria cancellata fusca","Protozoa","subspecies","manually added",2,,"removed"
"Cribraria cancellata rufa","Protozoa","subspecies","manually added",2,,"removed"
"Cribraria cancellatum","Protozoa","species","manually added",2,,"removed"
"Cribraria cancellatum alpinum","Protozoa","subspecies","manually added",2,,"removed"
"Cribraria cancellatum anomalum","Protozoa","subspecies","manually added",2,,"removed"
"Cribraria cancellatum cancellatum","Protozoa","subspecies","manually added",2,,"removed"
"Cribraria cancellatum exile","Protozoa","subspecies","manually added",2,,"removed"
"Cribraria cancellatum fuscum","Protozoa","subspecies","manually added",2,,"removed"
"Cribraria cancellatum heterodictyon","Protozoa","subspecies","manually added",2,,"removed"
"Cribraria cancellatum longisetum","Protozoa","subspecies","manually added",2,,"removed"
"Cribraria cancellatum papillatum","Protozoa","subspecies","manually added",2,,"removed"
"Cribraria cancellatum prolatum","Protozoa","subspecies","manually added",2,,"removed"
"Cribraria cancellatum purpureum","Protozoa","subspecies","manually added",2,,"removed"
"Cribraria cancellatus","Protozoa","species","manually added",2,,"removed"
"Cribraria carneum","Protozoa","species","manually added",2,,"removed"
"Cribraria cernua","Protozoa","species","manually added",2,,"removed"
"Cribraria cernuum","Protozoa","species","manually added",2,,"removed"
"Cribraria cernuum laxum","Protozoa","subspecies","manually added",2,,"removed"
"Cribraria colossea","Protozoa","species","manually added",2,,"removed"
"Cribraria cuprea","Protozoa","species","manually added",2,,"removed"
"Cribraria dictydidioides","Protozoa","species","manually added",2,,"removed"
"Cribraria dictydioides","Protozoa","species","manually added",2,,"removed"
"Cribraria elata","Protozoa","species","manually added",2,,"removed"
"Cribraria exilis","Protozoa","species","manually added",2,,"removed"
"Cribraria exilis exile","Protozoa","subspecies","manually added",2,,"removed"
"Cribraria fulva","Protozoa","species","manually added",2,,"removed"
"Cribraria intermedia","Protozoa","species","manually added",2,,"removed"
"Cribraria intricata","Protozoa","species","manually added",2,,"removed"
"Cribraria intricata dictydioides","Protozoa","subspecies","manually added",2,,"removed"
"Cribraria intricata simlae","Protozoa","subspecies","manually added",2,,"removed"
"Cribraria languescens magnigranosa","Protozoa","subspecies","manually added",2,,"removed"
"Cribraria longipes","Protozoa","species","manually added",2,,"removed"
"Cribraria macrocarpa","Protozoa","species","manually added",2,,"removed"
"Cribraria macrocarpa tatrica","Protozoa","subspecies","manually added",2,,"removed"
"Cribraria microcarpa","Protozoa","species","manually added",2,,"removed"
"Cribraria microcarpa megaspora","Protozoa","subspecies","manually added",2,,"removed"
"Cribraria microcarpa pachydictyon","Protozoa","subspecies","manually added",2,,"removed"
"Cribraria microcarpum","Protozoa","species","manually added",2,,"removed"
"Cribraria micropus","Protozoa","species","manually added",2,,"removed"
"Cribraria microscopica","Protozoa","species","manually added",2,,"removed"
"Cribraria minima","Protozoa","species","manually added",2,,"removed"
"Cribraria mirabile","Protozoa","species","manually added",2,,"removed"
"Cribraria mirabile alpinum","Protozoa","subspecies","manually added",2,,"removed"
"Cribraria mirabile cribrarioides","Protozoa","subspecies","manually added",2,,"removed"
"Cribraria mirabile heterodyction","Protozoa","subspecies","manually added",2,,"removed"
"Cribraria mirabilis","Protozoa","species","manually added",2,,"removed"
"Cribraria montana","Protozoa","species","manually added",2,,"removed"
"Cribraria pachydictyon","Protozoa","species","manually added",2,,"removed"
"Cribraria piriformis fuscopurpurea","Protozoa","subspecies","manually added",2,,"removed"
"Cribraria piriformis macrocarpoidea","Protozoa","subspecies","manually added",2,,"removed"
"Cribraria piriformis maxima","Protozoa","subspecies","manually added",2,,"removed"
"Cribraria piriformis notabilis","Protozoa","subspecies","manually added",2,,"removed"
"Cribraria piriformis piriformis","Protozoa","subspecies","manually added",2,,"removed"
"Cribraria purpurea altaica","Protozoa","subspecies","manually added",2,,"removed"
"Cribraria rubiginosa longipes","Protozoa","subspecies","manually added",2,,"removed"
"Cribraria rufa","Protozoa","species","manually added",2,,"removed"
"Cribraria rufescens","Protozoa","species","manually added",2,,"removed"
"Cribraria rufescens fulva","Protozoa","subspecies","manually added",2,,"removed"
"Cribraria rufescens intermedia","Protozoa","subspecies","manually added",2,,"removed"
"Cribraria rufescens piriformis","Protozoa","subspecies","manually added",2,,"removed"
"Cribraria rutilum","Protozoa","species","manually added",2,,"removed"
"Cribraria semicancellata aurantiaca","Protozoa","subspecies","manually added",2,,"removed"
"Cribraria semicancellata tenella","Protozoa","subspecies","manually added",2,,"removed"
"Cribraria splendens","Protozoa","species","manually added",2,,"removed"
"Cribraria splendens gracilis","Protozoa","subspecies","manually added",2,,"removed"
"Cribraria splendens oligocostata","Protozoa","subspecies","manually added",2,,"removed"
"Cribraria splendens polybrachia","Protozoa","subspecies","manually added",2,,"removed"
"Cribraria tatrica","Protozoa","species","manually added",2,,"removed"
"Cribraria tenella concinna","Protozoa","subspecies","manually added",2,,"removed"
"Cribraria tenella gracilis","Protozoa","subspecies","manually added",2,,"removed"
"Cribraria tenella macropus","Protozoa","subspecies","manually added",2,,"removed"
"Cribraria trichioides","Protozoa","species","manually added",2,,"removed"
"Cribraria umbilicatum","Protozoa","species","manually added",2,,"removed"
"Cribraria umbilicatum anomalum","Protozoa","subspecies","manually added",2,,"removed"
"Cribraria umbilicatum cribrarioides","Protozoa","subspecies","manually added",2,,"removed"
"Cribraria umbilicatum exile","Protozoa","subspecies","manually added",2,,"removed"
"Cribraria umbilicatum fuscum","Protozoa","subspecies","manually added",2,,"removed"
"Cribraria umbilicatum heterodictyon","Protozoa","subspecies","manually added",2,,"removed"
"Cribraria umbilicatum laxum","Protozoa","subspecies","manually added",2,,"removed"
"Cribraria umbilicatum purpureum","Protozoa","subspecies","manually added",2,,"removed"
"Cribraria variabilis","Protozoa","species","manually added",2,,"removed"
"Cribraria vulgaris argillacea","Protozoa","subspecies","manually added",2,,"removed"
"Cribraria vulgaris aurantiaca","Protozoa","subspecies","manually added",2,,"removed"
"Cribraria vulgaris aurantioides","Protozoa","subspecies","manually added",2,,"removed"
"Cribraria vulgaris delicatula","Protozoa","subspecies","manually added",2,,"removed"
"Cribraria vulgaris flava","Protozoa","subspecies","manually added",2,,"removed"
"Cribraria vulgaris inconspicua","Protozoa","subspecies","manually added",2,,"removed"
"Cribraria vulgaris lutosa","Protozoa","subspecies","manually added",2,,"removed"
"Cribraria vulgaris macrocarpoidea","Protozoa","subspecies","manually added",2,,"removed"
"Cribraria vulgaris oregana","Protozoa","subspecies","manually added",2,,"removed"
"Cribraria vulgaris rufa","Protozoa","subspecies","manually added",2,,"removed"
"Cribraria vulgaris vulgaris","Protozoa","subspecies","manually added",2,,"removed"
"Cryptaulaxoides","Protozoa","genus","manually added",2,,"removed"
"Cryptococcus arachnophila","Fungi","species","GBIF",1,,"removed"
"Cryptococcus aurea","Fungi","species","GBIF",1,,"removed"
"Cryptococcus bacillispora","Fungi","species","GBIF",1,,"removed"
"Cryptococcus blanchardi","Fungi","species","GBIF",1,,"removed"
"Cryptococcus blanchardii","Fungi","species","GBIF",1,,"removed"
"Cryptococcus canis","Fungi","species","GBIF",1,,"removed"
"Cryptococcus histolytica","Fungi","species","GBIF",1,,"removed"
"Cryptococcus hominis honduriana","Fungi","subspecies","GBIF",1,,"removed"
"Cryptococcus lactativora","Fungi","species","GBIF",1,,"removed"
"Cryptococcus neoformans bacillispora","Fungi","subspecies","GBIF",1,,"removed"
"Cryptococcus neoformans nasalis","Fungi","subspecies","GBIF",1,,"removed"
"Cryptococcus neoformans sheppei","Fungi","subspecies","GBIF",1,,"removed"
"Cryptococcus nigricans","Fungi","species","manually added",1,,"removed"
"Cryptodifflugia operculata","Protozoa","species","manually added",2,,"removed"
"Cryptodifflugia oviformis fusca","Protozoa","subspecies","manually added",2,,"removed"
"Cryptoglena agilis","Protozoa","species","manually added",2,,"removed"
"Cryptoglena agilis agilis","Protozoa","subspecies","manually added",2,,"removed"
"Cunninghamella elegans chibaensis","Fungi","subspecies","GBIF",1.25,,"removed"
"Cunninghamella japonicum","Fungi","species","GBIF",1.25,,"removed"
"Cunninghamella japonicus","Fungi","species","GBIF",1.25,,"removed"
"Cupriavidus eutropha","Bacteria","species","GBIF",1.5,"not in LPSN","removed"
"Cupriavidus eutrophus","Bacteria","species","LPSN",1.5,"LPSN: preferred name","removed"
"Curtobacterium betae","Bacteria","species","GBIF",1.5,"not in LPSN","removed"
"Curtobacterium flaccumfaciens betae","Bacteria","subspecies","GBIF",1.15,"not in LPSN","removed"
"Curtobacterium oortii","Bacteria","species","GBIF",1.5,"not in LPSN","removed"
"Curvularia callospermum","Fungi","species","GBIF",1.25,,"removed"
"Curvularia crepinii minus","Fungi","subspecies","GBIF",1.25,,"removed"
"Curvularia hoffmannii","Fungi","species","GBIF",1.25,,"removed"
"Curvularia leucostyla","Fungi","species","GBIF",1.25,,"removed"
"Curvularia leucostylum","Fungi","species","GBIF",1.25,,"removed"
"Curvularia nisikadoi","Fungi","species","GBIF",1.25,,"removed"
"Curvularia nodulosum","Fungi","species","GBIF",1.25,,"removed"
"Curvularia nodulosum tritici","Fungi","subspecies","GBIF",1.25,,"removed"
"Curvularia nodulosus","Fungi","species","GBIF",1.25,,"removed"
"Curvularia sociatum","Fungi","species","GBIF",1.25,,"removed"
"Curvularia spicifer","Fungi","species","GBIF",1.25,,"removed"
"Curvularia subulatum","Fungi","species","GBIF",1.25,,"removed"
"Curvularia sudanense","Fungi","species","GBIF",1.25,,"removed"
"Curvularia tetramerum","Fungi","species","GBIF",1.25,,"removed"
"Curvularia tonkinense","Fungi","species","GBIF",1.25,,"removed"
"Cutibacterium humerusii","Bacteria","species","GBIF",1.5,"not in LPSN","removed"
"Cyanobium cedrorum","Bacteria","species","GBIF",2,"not in LPSN","removed"
"Cyanothece aeruginosus maximus","Bacteria","subspecies","GBIF",2,"not in LPSN","removed"
"Cyanothece crassus","Bacteria","species","GBIF",2,"not in LPSN","removed"
"Cyanothece fuscus","Bacteria","species","GBIF",2,"not in LPSN","removed"
"Cyanothece grandis","Bacteria","species","GBIF",2,"not in LPSN","removed"
"Cyanothece major crassior","Bacteria","subspecies","GBIF",2,"not in LPSN","removed"
"Cyanothece major maximus","Bacteria","subspecies","GBIF",2,"not in LPSN","removed"
"Cyberlindnera balearica","Fungi","species","GBIF",1.25,,"removed"
"Cyberlindnera beijerinckii","Fungi","species","GBIF",1.25,,"removed"
"Cyberlindnera bimundalis americana","Fungi","subspecies","GBIF",1.25,,"removed"
"Cyberlindnera coprophila","Fungi","species","GBIF",1.25,,"removed"
"Cyberlindnera fibuliger balearica","Fungi","subspecies","GBIF",1.25,,"removed"
"Cyberlindnera fibuliger energica","Fungi","subspecies","GBIF",1.25,,"removed"
"Cyberlindnera guilliermondii nitratophila","Fungi","subspecies","GBIF",1.25,,"removed"
"Cyberlindnera obtusa arabinosa","Fungi","subspecies","GBIF",1.25,,"removed"
"Cyberlindnera pilmaiquenensis","Fungi","species","GBIF",1.25,,"removed"
"Cyberlindnera saturnus mrakii","Fungi","subspecies","GBIF",1.25,,"removed"
"Cyberlindnera saturnus sargentensis","Fungi","subspecies","GBIF",1.25,,"removed"
"Cyberlindnera saturnus suaveolens","Fungi","subspecies","GBIF",1.25,,"removed"
"Cyberlindnera saturnus subsufficiens","Fungi","subspecies","GBIF",1.25,,"removed"
"Cyberlindnera utilis","Fungi","species","GBIF",1.25,,"removed"
"Cycloclasticus zancles","Bacteria","species","GBIF",2,"not in LPSN","removed"
"Cylindrospermum major","Bacteria","species","GBIF",2,"not in LPSN","removed"
"Cylindrospermum spumigena major","Bacteria","subspecies","GBIF",2,"not in LPSN","removed"
"Cyphoderia ampulla","Protozoa","species","manually added",2,,"status 'unknown' (has children that are kept)"
"Cyphoderia margaritacea","Protozoa","species","manually added",2,,"removed"
"Cytobacillus mesophilum","Bacteria","species","GBIF",2,"not in LPSN","removed"
"Dactylosphaerium","Protozoa","genus","manually added",2,,"removed"
"Dallingeria","Protozoa","genus","manually added",2,,"removed"
"Deinococcus xianganensis","Bacteria","species","LPSN",1.5,"LPSN: preferred name","removed"
"Deltotrichonympha","Protozoa","genus","manually added",2,,"removed"
"Dermatobia cyaniventris","Animalia","species","GBIF",1.25,,"removed"
"Dermatobia humanus","Animalia","species","GBIF",1.25,,"removed"
"Dermatobia noxialis","Animalia","species","GBIF",1.25,,"removed"
"Dermocarpella biscayensis","Bacteria","species","GBIF",2,"not in LPSN","removed"
"Dermocystidium","Protozoa","genus","manually added",2,,"status 'unknown' (has children that are kept)"
"Dermodium","Protozoa","genus","manually added",2,,"removed"
"Diachea","Protozoa","genus","manually added",2,,"status 'unknown' (has children that are kept)"
"Diachea bulbillosa splendens","Protozoa","subspecies","manually added",2,,"removed"
"Diachea bulbillosum","Protozoa","species","manually added",2,,"removed"
"Diachea confusa","Protozoa","species","manually added",2,,"removed"
"Diachea deviata","Protozoa","species","manually added",2,,"removed"
"Diachea elegans","Protozoa","species","manually added",2,,"removed"
"Diachea fuckelianum","Protozoa","species","manually added",2,,"removed"
"Diachea fuckelianum cracoviensis","Protozoa","subspecies","manually added",2,,"removed"
"Diachea fuckelianum rhenana","Protozoa","subspecies","manually added",2,,"removed"
"Diachea leucopoda","Protozoa","species","manually added",2,,"removed"
"Diachea leucopodia anomala","Protozoa","subspecies","manually added",2,,"removed"
"Diachea leucopodia globosa","Protozoa","subspecies","manually added",2,,"removed"
"Diachea leucostyla","Protozoa","species","manually added",2,,"removed"
"Diachea synspora","Protozoa","species","manually added",2,,"removed"
"Diachea verrucispora","Protozoa","species","manually added",2,,"removed"
"Diacheopsis insessum","Protozoa","species","manually added",2,,"removed"
"Dianema depressa","Protozoa","species","manually added",2,,"removed"
"Dianema harveyi verruculatum","Protozoa","subspecies","manually added",2,,"removed"
"Dianema metallica microspora","Protozoa","subspecies","manually added",2,,"removed"
"Dianema mongolicum macrosporum","Protozoa","subspecies","manually added",2,,"removed"
"Dianema nivalis","Protozoa","species","manually added",2,,"removed"
"Diaphorobacter ebreus","Bacteria","species","GBIF",2,"not in LPSN","removed"
"Dictyostelium","Protozoa","genus","manually added",2,,"status 'unknown' (has children that are kept)"
"Dictyostelium aureum luteolum","Protozoa","subspecies","manually added",2,,"removed"
"Dictyostelium mucoroides mucoroides","Protozoa","subspecies","manually added",2,,"removed"
"Dictyostelium mucoroides stoloniferum","Protozoa","subspecies","manually added",2,,"removed"
"Diderma","Protozoa","genus","manually added",2,,"status 'unknown' (has children that are kept)"
"Diderma aculeatum","Protozoa","species","manually added",2,,"removed"
"Diderma affine","Protozoa","species","manually added",2,,"removed"
"Diderma alba didymium","Protozoa","subspecies","manually added",2,,"removed"
"Diderma albescens","Protozoa","species","manually added",2,,"removed"
"Diderma alexandrowiczii","Protozoa","species","manually added",2,,"removed"
"Diderma alpinum europaeum","Protozoa","subspecies","manually added",2,,"removed"
"Diderma alpinum macrosporum","Protozoa","subspecies","manually added",2,,"removed"
"Diderma alpinum microcarpum","Protozoa","subspecies","manually added",2,,"removed"
"Diderma antarctica","Protozoa","species","manually added",2,,"removed"
"Diderma arboreum","Protozoa","species","manually added",2,,"removed"
"Diderma asteroides luteum","Protozoa","subspecies","manually added",2,,"removed"
"Diderma asteroides macrosporum","Protozoa","subspecies","manually added",2,,"removed"
"Diderma candidum","Protozoa","species","manually added",2,,"removed"
"Diderma carmichaelianum","Protozoa","species","manually added",2,,"removed"
"Diderma carneum album","Protozoa","subspecies","manually added",2,,"removed"
"Diderma cingulatum rimosum","Protozoa","subspecies","manually added",2,,"removed"
"Diderma concavum","Protozoa","species","manually added",2,,"removed"
"Diderma concinnum","Protozoa","species","manually added",2,,"removed"
"Diderma contorta","Protozoa","species","manually added",2,,"removed"
"Diderma crassipes","Protozoa","species","manually added",2,,"removed"
"Diderma cristatosporum","Protozoa","species","manually added",2,,"removed"
"Diderma cubense","Protozoa","species","manually added",2,,"removed"
"Diderma dealbatum","Protozoa","species","manually added",2,,"removed"
"Diderma deplanatum pulverulentum","Protozoa","subspecies","manually added",2,,"removed"
"Diderma deplanatus","Protozoa","species","manually added",2,,"removed"
"Diderma depressum","Protozoa","species","manually added",2,,"removed"
"Diderma donkii echinosporum","Protozoa","subspecies","manually added",2,,"removed"
"Diderma effussum microsporum","Protozoa","subspecies","manually added",2,,"removed"
"Diderma effusum microsporum","Protozoa","subspecies","manually added",2,,"removed"
"Diderma floriforme subfloriforme","Protozoa","subspecies","manually added",2,,"removed"
"Diderma floriformis","Protozoa","species","manually added",2,,"removed"
"Diderma geaster","Protozoa","species","manually added",2,,"removed"
"Diderma globosa","Protozoa","species","manually added",2,,"removed"
"Diderma globosum alpinum","Protozoa","subspecies","manually added",2,,"removed"
"Diderma globosum europaeum","Protozoa","subspecies","manually added",2,,"removed"
"Diderma globosum roseum","Protozoa","subspecies","manually added",2,,"removed"
"Diderma hemisphaerica","Protozoa","species","manually added",2,,"removed"
"Diderma hemisphaericum verrucosporum","Protozoa","subspecies","manually added",2,,"removed"
"Diderma incarnata","Protozoa","species","manually added",2,,"removed"
"Diderma lepidotum","Protozoa","species","manually added",2,,"removed"
"Diderma maria","Protozoa","species","manually added",2,,"removed"
"Diderma maria-wilsonae","Protozoa","species","manually added",2,,"removed"
"Diderma mariae-wilsonae","Protozoa","species","manually added",2,,"removed"
"Diderma mariae-wilsoniae","Protozoa","species","manually added",2,,"removed"
"Diderma michelii","Protozoa","species","manually added",2,,"removed"
"Diderma michelii sessile","Protozoa","subspecies","manually added",2,,"removed"
"Diderma michelii stipitatum","Protozoa","subspecies","manually added",2,,"removed"
"Diderma microcarpum","Protozoa","species","manually added",2,,"removed"
"Diderma microsporum","Protozoa","species","manually added",2,,"removed"
"Diderma montanum album","Protozoa","subspecies","manually added",2,,"removed"
"Diderma montanum roseum","Protozoa","subspecies","manually added",2,,"removed"
"Diderma nigrum","Protozoa","species","manually added",2,,"removed"
"Diderma niveum cristatosporum","Protozoa","subspecies","manually added",2,,"removed"
"Diderma niveum deplanatum","Protozoa","subspecies","manually added",2,,"removed"
"Diderma niveum endoleucum","Protozoa","subspecies","manually added",2,,"removed"
"Diderma niveum ferrugineum","Protozoa","subspecies","manually added",2,,"removed"
"Diderma niveum pulverulentum","Protozoa","subspecies","manually added",2,,"removed"
"Diderma phaeosperma","Protozoa","species","manually added",2,,"removed"
"Diderma physaroides","Protozoa","species","manually added",2,,"removed"
"Diderma platycarpum","Protozoa","species","manually added",2,,"removed"
"Diderma platycarpum berkeleyanum","Protozoa","subspecies","manually added",2,,"removed"
"Diderma radiata","Protozoa","species","manually added",2,,"removed"
"Diderma radiata brachyspora","Protozoa","subspecies","manually added",2,,"removed"
"Diderma radiata incarnata","Protozoa","subspecies","manually added",2,,"removed"
"Diderma radiatum album","Protozoa","subspecies","manually added",2,,"removed"
"Diderma radiatum montanum","Protozoa","subspecies","manually added",2,,"removed"
"Diderma radiatum rubrum","Protozoa","subspecies","manually added",2,,"removed"
"Diderma radiatum umbilicatum","Protozoa","subspecies","manually added",2,,"removed"
"Diderma reticulatum","Protozoa","species","manually added",2,,"removed"
"Diderma reticulatum effusum","Protozoa","subspecies","manually added",2,,"removed"
"Diderma rugosum asiatica","Protozoa","subspecies","manually added",2,,"removed"
"Diderma rugosum sessile","Protozoa","subspecies","manually added",2,,"removed"
"Diderma similans","Protozoa","species","manually added",2,,"removed"
"Diderma simplex applanatum","Protozoa","subspecies","manually added",2,,"removed"
"Diderma simplex echinulatum","Protozoa","subspecies","manually added",2,,"removed"
"Diderma spumarioides didermoides","Protozoa","subspecies","manually added",2,,"removed"
"Diderma spurium","Protozoa","species","manually added",2,,"removed"
"Diderma stellare","Protozoa","species","manually added",2,,"removed"
"Diderma stipitatum","Protozoa","species","manually added",2,,"removed"
"Diderma stromateum","Protozoa","species","manually added",2,,"removed"
"Diderma subcaeruleum","Protozoa","species","manually added",2,,"removed"
"Diderma subfloriforme","Protozoa","species","manually added",2,,"removed"
"Diderma sublateritium","Protozoa","species","manually added",2,,"removed"
"Diderma suhdictyospermum","Protozoa","species","manually added",2,,"removed"
"Diderma umbilicata","Protozoa","species","manually added",2,,"removed"
"Diderma umbilicatum alba","Protozoa","subspecies","manually added",2,,"removed"
"Diderma umbilicatum album","Protozoa","subspecies","manually added",2,,"removed"
"Diderma umbilicatum flavogenitum","Protozoa","subspecies","manually added",2,,"removed"
"Diderma umbilicatum macrosporum","Protozoa","subspecies","manually added",2,,"removed"
"Diderma virgineum","Protozoa","species","manually added",2,,"removed"
"Didymium","Protozoa","genus","manually added",2,,"status 'unknown' (has children that are kept)"
"Didymium affine","Protozoa","species","manually added",2,,"removed"
"Didymium alba","Protozoa","species","manually added",2,,"removed"
"Didymium angulatum","Protozoa","species","manually added",2,,"removed"
"Didymium annulatum","Protozoa","species","manually added",2,,"removed"
"Didymium aurantipes","Protozoa","species","manually added",2,,"removed"
"Didymium bahiense microsporum","Protozoa","subspecies","manually added",2,,"removed"
"Didymium bonianum","Protozoa","species","manually added",2,,"removed"
"Didymium caesia","Protozoa","species","manually added",2,,"removed"
"Didymium caesium","Protozoa","species","manually added",2,,"removed"
"Didymium calcareum","Protozoa","species","manually added",2,,"removed"
"Didymium calcareus","Protozoa","species","manually added",2,,"removed"
"Didymium calcipes","Protozoa","species","manually added",2,,"removed"
"Didymium capitatum","Protozoa","species","manually added",2,,"removed"
"Didymium chalybeum","Protozoa","species","manually added",2,,"removed"
"Didymium cinereum complanatum","Protozoa","subspecies","manually added",2,,"removed"
"Didymium commutabile","Protozoa","species","manually added",2,,"removed"
"Didymium complanatum","Protozoa","species","manually added",2,,"removed"
"Didymium compressa","Protozoa","species","manually added",2,,"removed"
"Didymium confluens","Protozoa","species","manually added",2,,"removed"
"Didymium confluens crustaceum","Protozoa","subspecies","manually added",2,,"removed"
"Didymium cookei","Protozoa","species","manually added",2,,"removed"
"Didymium costatum","Protozoa","species","manually added",2,,"removed"
"Didymium costatum costatum","Protozoa","subspecies","manually added",2,,"removed"
"Didymium crustaceum obducens","Protozoa","subspecies","manually added",2,,"removed"
"Didymium cyanescens","Protozoa","species","manually added",2,,"removed"
"Didymium dachnaya","Protozoa","species","manually added",2,,"removed"
"Didymium difforme bendelii","Protozoa","subspecies","manually added",2,,"removed"
"Didymium difforme comatum","Protozoa","subspecies","manually added",2,,"removed"
"Didymium difforme repandum","Protozoa","subspecies","manually added",2,,"removed"
"Didymium discoideum","Protozoa","species","manually added",2,,"removed"
"Didymium effusum","Protozoa","species","manually added",2,,"removed"
"Didymium effusum maculatum","Protozoa","subspecies","manually added",2,,"removed"
"Didymium effusum tenue","Protozoa","subspecies","manually added",2,,"removed"
"Didymium elegantissimum","Protozoa","species","manually added",2,,"removed"
"Didymium excelsum","Protozoa","species","manually added",2,,"removed"
"Didymium eximuum","Protozoa","species","manually added",2,,"removed"
"Didymium fairmanii","Protozoa","species","manually added",2,,"removed"
"Didymium farinacea","Protozoa","species","manually added",2,,"removed"
"Didymium farinaceum","Protozoa","species","manually added",2,,"removed"
"Didymium farinaceum confluens","Protozoa","subspecies","manually added",2,,"removed"
"Didymium farinaceum elongatum","Protozoa","subspecies","manually added",2,,"removed"
"Didymium farinaceum globosum","Protozoa","subspecies","manually added",2,,"removed"
"Didymium farinaceum minus","Protozoa","subspecies","manually added",2,,"removed"
"Didymium farinaceum nigrum","Protozoa","subspecies","manually added",2,,"removed"
"Didymium farinaceum rufipes","Protozoa","subspecies","manually added",2,,"removed"
"Didymium farinaceum subsessile","Protozoa","subspecies","manually added",2,,"removed"
"Didymium filamentosum","Protozoa","species","manually added",2,,"removed"
"Didymium fuckelianum","Protozoa","species","manually added",2,,"removed"
"Didymium fulvellum","Protozoa","species","manually added",2,,"removed"
"Didymium fulvum","Protozoa","species","manually added",2,,"removed"
"Didymium herbarum","Protozoa","species","manually added",2,,"removed"
"Didymium humile","Protozoa","species","manually added",2,,"removed"
"Didymium labyrinthiforme","Protozoa","species","manually added",2,,"removed"
"Didymium leonina","Protozoa","species","manually added",2,,"removed"
"Didymium leoninum effusum","Protozoa","subspecies","manually added",2,,"removed"
"Didymium leucophaeum flexuosum","Protozoa","subspecies","manually added",2,,"removed"
"Didymium leucophaeum violascens","Protozoa","subspecies","manually added",2,,"removed"
"Didymium libertianum","Protozoa","species","manually added",2,,"removed"
"Didymium liceoides","Protozoa","species","manually added",2,,"removed"
"Didymium lobatum","Protozoa","species","manually added",2,,"removed"
"Didymium macrospermum leiosporum","Protozoa","subspecies","manually added",2,,"removed"
"Didymium macrospora","Protozoa","species","manually added",2,,"removed"
"Didymium macrosporum","Protozoa","species","manually added",2,,"removed"
"Didymium marginaturn","Protozoa","species","manually added",2,,"removed"
"Didymium masseeanum","Protozoa","species","manually added",2,,"removed"
"Didymium melanopus","Protozoa","species","manually added",2,,"removed"
"Didymium melanopus clavus","Protozoa","subspecies","manually added",2,,"removed"
"Didymium melanospermum calcipes","Protozoa","subspecies","manually added",2,,"removed"
"Didymium melanospermum erythropus","Protozoa","subspecies","manually added",2,,"removed"
"Didymium melanospermum minus","Protozoa","subspecies","manually added",2,,"removed"
"Didymium micraspis","Protozoa","species","manually added",2,,"removed"
"Didymium microcarpum","Protozoa","species","manually added",2,,"removed"
"Didymium microcarpum leucotrichum","Protozoa","subspecies","manually added",2,,"removed"
"Didymium microcephalum","Protozoa","species","manually added",2,,"removed"
"Didymium minutum","Protozoa","species","manually added",2,,"removed"
"Didymium neesii","Protozoa","species","manually added",2,,"removed"
"Didymium neglectum","Protozoa","species","manually added",2,,"removed"
"Didymium nigripes eximium","Protozoa","subspecies","manually added",2,,"removed"
"Didymium nigripes genuinum","Protozoa","subspecies","manually added",2,,"removed"
"Didymium nigripes xanthopus","Protozoa","subspecies","manually added",2,,"removed"
"Didymium nigrum","Protozoa","species","manually added",2,,"removed"
"Didymium nitens","Protozoa","species","manually added",2,,"removed"
"Didymium nutans iricolor","Protozoa","subspecies","manually added",2,,"removed"
"Didymium nutans subtile","Protozoa","subspecies","manually added",2,,"removed"
"Didymium parietale","Protozoa","species","manually added",2,,"removed"
"Didymium pedicellata","Protozoa","species","manually added",2,,"removed"
"Didymium persoonii","Protozoa","species","manually added",2,,"removed"
"Didymium porphyropus","Protozoa","species","manually added",2,,"removed"
"Didymium praecox","Protozoa","species","manually added",2,,"removed"
"Didymium pusilla","Protozoa","species","manually added",2,,"removed"
"Didymium radiatum","Protozoa","species","manually added",2,,"removed"
"Didymium rubeopus albocapillitium","Protozoa","subspecies","manually added",2,,"removed"
"Didymium rubropus","Protozoa","species","manually added",2,,"removed"
"Didymium rubropus albocapillitium","Protozoa","subspecies","manually added",2,,"removed"
"Didymium sinuosum","Protozoa","species","manually added",2,,"removed"
"Didymium sphaerocephala","Protozoa","species","manually added",2,,"removed"
"Didymium squamulosum claviforme","Protozoa","subspecies","manually added",2,,"removed"
"Didymium squamulosum costatum","Protozoa","subspecies","manually added",2,,"removed"
"Didymium squamulosum rufipes","Protozoa","subspecies","manually added",2,,"removed"
"Didymium squamulosum virgineum","Protozoa","subspecies","manually added",2,,"removed"
"Didymium stipitata","Protozoa","species","manually added",2,,"removed"
"Didymium tenue","Protozoa","species","manually added",2,,"removed"
"Didymium trochus","Protozoa","species","manually added",2,,"removed"
"Didymium tubulatum","Protozoa","species","manually added",2,,"removed"
"Didymium versicolor","Protozoa","species","manually added",2,,"removed"
"Didymium wallrothii","Protozoa","species","manually added",2,,"removed"
"Didymium wilczekii","Protozoa","species","manually added",2,,"removed"
"Didymium wilczekii pulverulenta","Protozoa","subspecies","manually added",2,,"removed"
"Didymium xanthopus","Protozoa","species","manually added",2,,"removed"
"Didymoeca costata","Protozoa","species","manually added",2,,"removed"
"Difaemus","Protozoa","genus","manually added",2,,"removed"
"Difflugia globularis","Protozoa","species","manually added",2,,"removed"
"Difflugia globularis microstoma","Protozoa","subspecies","manually added",2,,"removed"
"Difflugia hydrostatica litophila","Protozoa","subspecies","manually added",2,,"removed"
"Difflugia pyriformis bryophila","Protozoa","subspecies","manually added",2,,"removed"
"Difflugia pyriformis linearis","Protozoa","subspecies","manually added",2,,"removed"
"Difflugia pyriformis tenuis","Protozoa","subspecies","manually added",2,,"removed"
"Difflugia subterranea circularis","Protozoa","subspecies","manually added",2,,"removed"
"Dilatisphaera","Protozoa","genus","manually added",2,,"removed"
"Dinenympha","Protozoa","genus","manually added",2,,"removed"
"Diphyllobothrium brauni","Animalia","species","GBIF",1.25,,"removed"
"Diphyllobothrium fukuokaensis","Animalia","species","GBIF",1.25,,"removed"
"Diphyllobothrium grandis","Animalia","species","GBIF",1.25,,"removed"
"Diphyllobothrium scotti","Animalia","species","GBIF",1.25,,"removed"
"Diphyllobothrium tetrapterus","Animalia","species","GBIF",1.25,,"removed"
"Diphyllobothrium variabilis","Animalia","species","GBIF",1.25,,"removed"
"Dirofilaria conjonctivae","Animalia","species","GBIF",1.25,,"removed"
"Dirofilaria conjunctivae","Animalia","species","GBIF",1.25,,"removed"
"Dokdonia diaphorus","Bacteria","species","GBIF",2,"not in LPSN","removed"
"Dolichospermum arcinalis","Bacteria","species","GBIF",2,"not in LPSN","removed"
"Dolichospermum augstumnalis incrassata","Bacteria","subspecies","GBIF",2,"not in LPSN","removed"
"Dolichospermum catenula solitaria","Bacteria","subspecies","GBIF",2,"not in LPSN","removed"
"Dolichospermum flosaquae circinalis","Bacteria","subspecies","GBIF",2,"not in LPSN","removed"
"Dolichospermum hassallii","Bacteria","species","GBIF",2,"not in LPSN","removed"
"Dolichospermum incrassata","Bacteria","species","GBIF",2,"not in LPSN","removed"
"Dolichospermum lemmermannii minor","Bacteria","subspecies","GBIF",2,"not in LPSN","removed"
"Dolichospermum scheremetievi","Bacteria","species","GBIF",2,"not in LPSN","removed"
"Dolichospermum spiroides crassa","Bacteria","subspecies","GBIF",2,"not in LPSN","removed"
"Dolichospermum spiroides longicellulare","Bacteria","subspecies","GBIF",2,"not in LPSN","removed"
"Dolichospermum ucrainica","Bacteria","species","GBIF",2,"not in LPSN","removed"
"Dolichospermum utermohlii","Bacteria","species","GBIF",2,"not in LPSN","removed"
"Dolichospermum vigueri","Bacteria","species","GBIF",2,"not in LPSN","removed"
"Eccriniidae","Protozoa","family","manually added",2,,"status 'unknown' (has children that are kept)"
"Echinostelium","Protozoa","genus","manually added",2,,"status 'unknown' (has children that are kept)"
"Echinostoma londonensis","Animalia","species","GBIF",1.25,,"removed"
"Echinostoma syrdariense aquatica","Animalia","subspecies","GBIF",1.25,,"removed"
"Eisenbergiella massiliensis","Bacteria","species","LPSN",1.5,"LPSN: synonym","removed"
"Elaeomyxa australiensis","Protozoa","species","manually added",2,,"removed"
"Elaeomyxa cerifera","Protozoa","species","manually added",2,,"removed"
"Elaeomyxa cerifera sessilis","Protozoa","subspecies","manually added",2,,"removed"
"Elaeomyxa columbinum sessile","Protozoa","subspecies","manually added",2,,"removed"
"Elaeomyxa columbinum va","Protozoa","subspecies","manually added",2,,"removed"
"Elaeomyxa miyazakiensis","Protozoa","species","manually added",2,,"removed"
"Elaeomyxa physaroides sessile","Protozoa","subspecies","manually added",2,,"removed"
"Elaeomyxa reticulosporum","Protozoa","species","manually added",2,,"removed"
"Elodium wilsonense","Protozoa","species","manually added",2,,"removed"
"Ematozoo","Chromista","genus","GBIF",2,,"removed"
"Emericella ustus","Fungi","species","GBIF",1.25,,"removed"
"Endococcus","Fungi","genus","manually added",2,,"status 'unknown' (has children that are kept)"
"Endoreticulatus aporiae","Fungi","species","manually added",2,,"removed"
"Endoreticulatus balbianii","Fungi","species","manually added",2,,"removed"
"Endoreticulatus hyphantriae","Fungi","species","manually added",2,,"removed"
"Endoreticulatus pandemis","Fungi","species","manually added",2,,"removed"
"Endostelium amerosporum medium","Protozoa","subspecies","manually added",2,,"removed"
"Endostelium amerosporum minus","Protozoa","subspecies","manually added",2,,"removed"
"Eneidamonas","Protozoa","genus","manually added",2,,"removed"
"Enerthenema atra","Protozoa","species","manually added",2,,"removed"
"Enerthenema crassipes","Protozoa","species","manually added",2,,"removed"
"Enerthenema elegans","Protozoa","species","manually added",2,,"removed"
"Enerthenema mammosa","Protozoa","species","manually added",2,,"removed"
"Enerthenema notata","Protozoa","species","manually added",2,,"removed"
"Enerthenema papillata","Protozoa","species","manually added",2,,"removed"
"Enerthenema papillata polytricha","Protozoa","subspecies","manually added",2,,"removed"
"Enerthenema papillata sparsa","Protozoa","subspecies","manually added",2,,"removed"
"Enerthenema papillatum ancyrophorus","Protozoa","subspecies","manually added",2,,"removed"
"Enerthenema papillatum carneogriseum","Protozoa","subspecies","manually added",2,,"removed"
"Enerthenema papillatum polytricha","Protozoa","subspecies","manually added",2,,"removed"
"Enerthenema papillatum sparsa","Protozoa","subspecies","manually added",2,,"removed"
"Enerthenema papillatum syncarpon","Protozoa","subspecies","manually added",2,,"removed"
"Enerthenema syncarpon","Protozoa","species","manually added",2,,"removed"
"Ensifer xinjiangense","Bacteria","species","GBIF",2,"not in LPSN","removed"
"Enterococcus massiliensis","Bacteria","species","LPSN",1,"LPSN: preferred name","removed"
"Enteromonas","Protozoa","genus","manually added",2,,"removed"
"Entosiphon sulcatum","Protozoa","species","manually added",2,,"removed"
"Epiphloea","Fungi","genus","manually added",2,,"status 'unknown' (has children that are kept)"
"Erwinia amylovorus","Bacteria","species","GBIF",1.5,"not in LPSN","removed"
"Erwinia rhapontica","Bacteria","species","GBIF",1.5,"not in LPSN","removed"
"Eucapsis cubica","Bacteria","species","GBIF",2,"not in LPSN","removed"
"Euglena","Protozoa","genus","manually added",2,,"status 'unknown' (has children that are kept)"
"Euglena acus mutabilis","Protozoa","subspecies","manually added",2,,"removed"
"Euglena anabaena","Protozoa","species","manually added",2,,"status 'unknown' (has children that are kept)"
"Euglena archaeoviridis","Protozoa","species","manually added",2,,"removed"
"Euglena bonettoi","Protozoa","species","manually added",2,,"removed"
"Euglena calamus","Protozoa","species","manually added",2,,"removed"
"Euglena deses","Protozoa","species","manually added",2,,"status 'unknown' (has children that are kept)"
"Euglena deses digrana","Protozoa","subspecies","manually added",2,,"removed"
"Euglena deses mesnili","Protozoa","subspecies","manually added",2,,"removed"
"Euglena deses minuta","Protozoa","subspecies","manually added",2,,"removed"
"Euglena deses tenuis","Protozoa","subspecies","manually added",2,,"removed"
"Euglena granulata polymorpha","Protozoa","subspecies","manually added",2,,"removed"
"Euglena heimii","Protozoa","species","manually added",2,,"removed"
"Euglena intermedia","Protozoa","species","manually added",2,,"removed"
"Euglena intermedia acidophila","Protozoa","subspecies","manually added",2,,"removed"
"Euglena intermedia brevis","Protozoa","subspecies","manually added",2,,"removed"
"Euglena intermedia klebsii","Protozoa","subspecies","manually added",2,,"removed"
"Euglena intermedia major","Protozoa","subspecies","manually added",2,,"removed"
"Euglena klebsii","Protozoa","species","manually added",2,,"removed"
"Euglena lagenula","Protozoa","species","manually added",2,,"removed"
"Euglena longa","Protozoa","species","manually added",2,,"removed"
"Euglena megalithus","Protozoa","species","manually added",2,,"removed"
"Euglena mesnili","Protozoa","species","manually added",2,,"removed"
"Euglena polymorpha","Protozoa","species","manually added",2,,"removed"
"Euglena proxima","Protozoa","species","manually added",2,,"removed"
"Euglena repulsans","Protozoa","species","manually added",2,,"removed"
"Euglena satelles","Protozoa","species","manually added",2,,"removed"
"Euglena schmitzii","Protozoa","species","manually added",2,,"removed"
"Euglena sima","Protozoa","species","manually added",2,,"removed"
"Euglena swirenkoi","Protozoa","species","manually added",2,,"removed"
"Euglena tatrica","Protozoa","species","manually added",2,,"removed"
"Euglena terricola","Protozoa","species","manually added",2,,"removed"
"Euglena texta","Protozoa","species","manually added",2,,"status 'unknown' (has children that are kept)"
"Euglena texta richiana","Protozoa","subspecies","manually added",2,,"removed"
"Euglena thinophila","Protozoa","species","manually added",2,,"removed"
"Euglena torta","Protozoa","species","manually added",2,,"removed"
"Euglena velata granulata","Protozoa","subspecies","manually added",2,,"removed"
"Euglena viridis","Protozoa","species","manually added",2,,"removed"
"Euglena viridis halophila","Protozoa","subspecies","manually added",2,,"removed"
"Euglena viridis lefevrei","Protozoa","subspecies","manually added",2,,"removed"
"Euglena viridis maritima","Protozoa","subspecies","manually added",2,,"removed"
"Euglena viridis mucosa","Protozoa","subspecies","manually added",2,,"removed"
"Euglena viridis purpurea","Protozoa","subspecies","manually added",2,,"removed"
"Euglena viridis salina","Protozoa","subspecies","manually added",2,,"removed"
"Euglena viridis sanguinea","Protozoa","subspecies","manually added",2,,"removed"
"Euglenaria caudata minor","Protozoa","subspecies","manually added",2,,"removed"
"Euglenaria flava","Protozoa","species","manually added",2,,"removed"
"Euglypha acanthophora cirrata","Protozoa","subspecies","manually added",2,,"removed"
"Euglypha denticulata","Protozoa","species","manually added",2,,"removed"
"Euglypha rotunda polylepis","Protozoa","subspecies","manually added",2,,"removed"
"Eutreptiida","Protozoa","order","manually added",2,,"status 'unknown' (has children that are kept)"
"Exidia atra","Fungi","species","GBIF",1.25,,"removed"
"Exidia auricula-judae pithya","Fungi","subspecies","GBIF",1.25,,"removed"
"Exidia flaccida","Fungi","species","GBIF",1.25,,"removed"
"Exidia glandulosa intumescens","Fungi","subspecies","GBIF",1.25,,"removed"
"Exidia glauca","Fungi","species","GBIF",1.25,,"removed"
"Exidia grilletii neglecta","Fungi","subspecies","GBIF",1.25,,"removed"
"Exidia nigricans glandulosa","Fungi","subspecies","GBIF",1.25,,"removed"
"Exidia spiculosa glauca","Fungi","subspecies","GBIF",1.25,,"removed"
"Exidia spiculosa nigra","Fungi","subspecies","GBIF",1.25,,"removed"
"Exidia spiculosa saccharina","Fungi","subspecies","GBIF",1.25,,"removed"
"Exidia thuretiana sublibera","Fungi","subspecies","GBIF",1.25,,"removed"
"Exophiala calycioides","Fungi","species","GBIF",1.25,,"removed"
"Exophiala debellae-marengoi equinum","Fungi","subspecies","GBIF",1.25,,"removed"
"Exophiala ellisii","Fungi","species","GBIF",1.25,,"removed"
"Exophiala fermentans benedekii","Fungi","subspecies","GBIF",1.25,,"removed"
"Exophiala gougerotii","Fungi","species","GBIF",1.25,,"removed"
"Exophiala heteromorphus robustus","Fungi","subspecies","GBIF",1.25,,"removed"
"Exophiala schawii","Fungi","species","GBIF",1.25,,"removed"
"Exserohilum crassiseptata","Fungi","species","GBIF",1.25,,"removed"
"Exserohilum crassiseptata lactucae","Fungi","subspecies","GBIF",1.25,,"removed"
"Exserohilum gedarefensis","Fungi","species","GBIF",1.25,,"removed"
"Exserohilum halodes elaeicola","Fungi","subspecies","GBIF",1.25,,"removed"
"Exserohilum halodes tritici","Fungi","subspecies","GBIF",1.25,,"removed"
"Exserohilum inconspicuum","Fungi","species","GBIF",1.25,,"removed"
"Exserohilum leptochloae","Fungi","species","GBIF",1.25,,"removed"
"Exserohilum longirostrata","Fungi","species","GBIF",1.25,,"removed"
"Exserohilum prolata","Fungi","species","GBIF",1.25,,"removed"
"Fascichnus","Bacteria","genus","GBIF",2,"not in LPSN","removed"
"Filomicrobium marinum","Bacteria","species","LPSN",2,"LPSN: pro","removed"
"Fischerella calcicola parietina","Bacteria","subspecies","GBIF",2,"not in LPSN","removed"
"Fischerella coriacea parietina","Bacteria","subspecies","GBIF",2,"not in LPSN","removed"
"Fischerella mirabile ambiguum","Bacteria","subspecies","GBIF",2,"not in LPSN","removed"
"Fischerella parietina","Bacteria","species","GBIF",2,"not in LPSN","removed"
"Fischerellopsis monoliformis","Bacteria","species","GBIF",2,"not in LPSN","removed"
"Flavobacterium aurantiacus","Bacteria","species","GBIF",1.5,"not in LPSN","removed"
"Flavobacterium vitarumen","Bacteria","species","LPSN",1.5,"LPSN: synonym of Corynebacterium vitaeruminis corrig","removed"
"Flavonifractor orbiscindens","Bacteria","species","GBIF",2,"not in LPSN","removed"
"Flavonifractor plauti","Bacteria","species","GBIF",2,"not in LPSN","removed"
"Flexithrix aggregans","Bacteria","species","GBIF",2,"not in LPSN","removed"
"Fluoribacter bozemanii","Bacteria","species","GBIF",1.5,"not in LPSN","removed"
"Foaina","Protozoa","genus","manually added",2,,"removed"
"Fonsecaea algeriense","Fungi","species","GBIF",1.25,,"removed"
"Fonsecaea pedrosianum","Fungi","species","GBIF",1.25,,"removed"
"Frankia datiscae","Bacteria","species","LPSN",2,"LPSN: pro","removed"
"Friedmanniella capsulatus","Bacteria","species","GBIF",2,"not in LPSN","removed"
"Fructilactobacillus homohiochii","Bacteria","species","GBIF",2,"not in LPSN","removed"
"Fuligo","Protozoa","genus","manually added",2,,"status 'unknown' (has children that are kept)"
"Fuligo aureum","Protozoa","species","manually added",2,,"removed"
"Fuligo candida","Protozoa","species","manually added",2,,"removed"
"Fuligo candida persicina","Protozoa","subspecies","manually added",2,,"removed"
"Fuligo candidum","Protozoa","species","manually added",2,,"removed"
"Fuligo carnea","Protozoa","species","manually added",2,,"removed"
"Fuligo cerea","Protozoa","species","manually added",2,,"removed"
"Fuligo cerebrina","Protozoa","species","manually added",2,,"removed"
"Fuligo cinerea ecorticata","Protozoa","subspecies","manually added",2,,"removed"
"Fuligo cinereum","Protozoa","species","manually added",2,,"removed"
"Fuligo cinereus","Protozoa","species","manually added",2,,"removed"
"Fuligo coadnata","Protozoa","species","manually added",2,,"removed"
"Fuligo ellipsospora","Protozoa","species","manually added",2,,"removed"
"Fuligo ellipsosporum","Protozoa","species","manually added",2,,"removed"
"Fuligo ferrincola","Protozoa","species","manually added",2,,"removed"
"Fuligo flava","Protozoa","species","manually added",2,,"removed"
"Fuligo flavescens","Protozoa","species","manually added",2,,"removed"
"Fuligo flavum","Protozoa","species","manually added",2,,"removed"
"Fuligo griseoflavum","Protozoa","species","manually added",2,,"removed"
"Fuligo hortensis","Protozoa","species","manually added",2,,"removed"
"Fuligo lindheimeri","Protozoa","species","manually added",2,,"removed"
"Fuligo lutea","Protozoa","species","manually added",2,,"removed"
"Fuligo mucilago","Protozoa","species","manually added",2,,"removed"
"Fuligo muscicola","Protozoa","species","manually added",2,,"removed"
"Fuligo muscorum sibirica","Protozoa","subspecies","manually added",2,,"removed"
"Fuligo ochracea","Protozoa","species","manually added",2,,"removed"
"Fuligo ovata","Protozoa","species","manually added",2,,"removed"
"Fuligo ovatus","Protozoa","species","manually added",2,,"removed"
"Fuligo pallida","Protozoa","species","manually added",2,,"removed"
"Fuligo rufa","Protozoa","species","manually added",2,,"removed"
"Fuligo rufum","Protozoa","species","manually added",2,,"removed"
"Fuligo septica alba","Protozoa","subspecies","manually added",2,,"removed"
"Fuligo septica candida","Protozoa","subspecies","manually added",2,,"removed"
"Fuligo septica cinnamomea","Protozoa","subspecies","manually added",2,,"removed"
"Fuligo septica corticata","Protozoa","subspecies","manually added",2,,"removed"
"Fuligo septica flava","Protozoa","subspecies","manually added",2,,"removed"
"Fuligo septica laevis","Protozoa","subspecies","manually added",2,,"removed"
"Fuligo septica lapislazulicolor","Protozoa","subspecies","manually added",2,,"removed"
"Fuligo septica rosea","Protozoa","subspecies","manually added",2,,"removed"
"Fuligo septica rufa","Protozoa","subspecies","manually added",2,,"removed"
"Fuligo septica vaporaria","Protozoa","subspecies","manually added",2,,"removed"
"Fuligo septica violacea","Protozoa","subspecies","manually added",2,,"removed"
"Fuligo septicum","Protozoa","species","manually added",2,,"removed"
"Fuligo septicum cinnamomeum","Protozoa","subspecies","manually added",2,,"removed"
"Fuligo septicum flavum","Protozoa","subspecies","manually added",2,,"removed"
"Fuligo septicum rufa","Protozoa","subspecies","manually added",2,,"removed"
"Fuligo septicum rufum","Protozoa","subspecies","manually added",2,,"removed"
"Fuligo septicum vaporaria","Protozoa","subspecies","manually added",2,,"removed"
"Fuligo septicum vaporarium","Protozoa","subspecies","manually added",2,,"removed"
"Fuligo septicum violaceum","Protozoa","subspecies","manually added",2,,"removed"
"Fuligo septicus","Protozoa","species","manually added",2,,"removed"
"Fuligo simulans","Protozoa","species","manually added",2,,"removed"
"Fuligo stercoriformis","Protozoa","species","manually added",2,,"removed"
"Fuligo tatrica","Protozoa","species","manually added",2,,"removed"
"Fuligo vaporaria","Protozoa","species","manually added",2,,"removed"
"Fuligo vaporarium","Protozoa","species","manually added",2,,"removed"
"Fuligo varians","Protozoa","species","manually added",2,,"removed"
"Fuligo varians ecorticata","Protozoa","subspecies","manually added",2,,"removed"
"Fuligo violacea","Protozoa","species","manually added",2,,"removed"
"Fuligo violaceum","Protozoa","species","manually added",2,,"removed"
"Fusarium africana","Fungi","species","GBIF",1,,"removed"
"Fusarium albida","Fungi","species","GBIF",1,,"removed"
"Fusarium albosuccinea","Fungi","species","GBIF",1,,"removed"
"Fusarium ambrosia","Fungi","species","GBIF",1,,"removed"
"Fusarium astromata","Fungi","species","GBIF",1,,"removed"
"Fusarium baccata","Fungi","species","GBIF",1,,"removed"
"Fusarium baccata euonymi","Fungi","subspecies","GBIF",1,,"removed"
"Fusarium baccata major","Fungi","subspecies","GBIF",1,,"removed"
"Fusarium baccata moricola","Fungi","subspecies","GBIF",1,,"removed"
"Fusarium bacilligera","Fungi","species","GBIF",1,,"removed"
"Fusarium brevis","Fungi","species","GBIF",1,,"removed"
"Fusarium cephalosporioides","Fungi","species","GBIF",1,,"removed"
"Fusarium ciliata","Fungi","species","GBIF",1,,"removed"
"Fusarium coccinea cicatricum","Fungi","subspecies","GBIF",1,,"removed"
"Fusarium coronicola","Fungi","species","GBIF",1,,"removed"
"Fusarium cuticolum","Fungi","species","GBIF",1,,"removed"
"Fusarium cyanogena","Fungi","species","GBIF",1,,"removed"
"Fusarium cyanostoma","Fungi","species","GBIF",1,,"removed"
"Fusarium desmazieresii","Fungi","species","GBIF",1,,"removed"
"Fusarium desmazierezii","Fungi","species","GBIF",1,,"removed"
"Fusarium diminuta","Fungi","species","GBIF",1,,"removed"
"Fusarium falciformis","Fungi","species","GBIF",1,,"removed"
"Fusarium fujikuroi intermedia","Fungi","subspecies","GBIF",1,,"removed"
"Fusarium fujikuroi moniliformis","Fungi","subspecies","GBIF",1,,"removed"
"Fusarium fujikuroi subglutinans","Fungi","subspecies","GBIF",1,,"removed"
"Fusarium gibbera","Fungi","species","GBIF",1,,"removed"
"Fusarium gordonii","Fungi","species","GBIF",1,,"removed"
"Fusarium intricans","Fungi","species","GBIF",1,,"removed"
"Fusarium moniliformis","Fungi","species","GBIF",1,,"removed"
"Fusarium moniliformis bambusicola","Fungi","subspecies","GBIF",1,,"removed"
"Fusarium moniliformis subglutinans","Fungi","subspecies","GBIF",1,,"removed"
"Fusarium moricola brachyspora","Fungi","subspecies","GBIF",1,,"removed"
"Fusarium moricola lignicola","Fungi","subspecies","GBIF",1,,"removed"
"Fusarium oxysporum orthoceras","Fungi","subspecies","GBIF",1,,"removed"
"Fusarium parceramosa","Fungi","species","GBIF",1,,"removed"
"Fusarium petroliphila","Fungi","species","GBIF",1,,"removed"
"Fusarium pini","Fungi","species","GBIF",1,,"removed"
"Fusarium pulicaria","Fungi","species","GBIF",1,,"removed"
"Fusarium pulicaris","Fungi","species","GBIF",1,,"removed"
"Fusarium pulicaris baccata","Fungi","subspecies","GBIF",1,,"removed"
"Fusarium pulicaris minor","Fungi","subspecies","GBIF",1,,"removed"
"Fusarium pulicaris moricola","Fungi","subspecies","GBIF",1,,"removed"
"Fusarium pulicaris robiniae","Fungi","subspecies","GBIF",1,,"removed"
"Fusarium pulicaris saubinetii","Fungi","subspecies","GBIF",1,,"removed"
"Fusarium pulicaris subtropica","Fungi","subspecies","GBIF",1,,"removed"
"Fusarium rhizophila betae","Fungi","subspecies","GBIF",1,,"removed"
"Fusarium rosea","Fungi","species","GBIF",1,,"removed"
"Fusarium rosea cerealis","Fungi","subspecies","GBIF",1,,"removed"
"Fusarium rosea rosea","Fungi","subspecies","GBIF",1,,"removed"
"Fusarium sanguinea cicatricum","Fungi","subspecies","GBIF",1,,"removed"
"Fusarium saubinetii acuum","Fungi","subspecies","GBIF",1,,"removed"
"Fusarium saubinetii calami","Fungi","subspecies","GBIF",1,,"removed"
"Fusarium saubinetii coronillae","Fungi","subspecies","GBIF",1,,"removed"
"Fusarium saubinetii flacca","Fungi","subspecies","GBIF",1,,"removed"
"Fusarium saubinetii mate","Fungi","subspecies","GBIF",1,,"removed"
"Fusarium saubinetii pachyspora","Fungi","subspecies","GBIF",1,,"removed"
"Fusarium saubinetii tetraspora","Fungi","subspecies","GBIF",1,,"removed"
"Fusarium sinica","Fungi","species","GBIF",1,,"removed"
"Fusarium sporotrichiella poae","Fungi","subspecies","GBIF",1,,"removed"
"Fusarium sporotrichiella tricinctum","Fungi","subspecies","GBIF",1,,"removed"
"Fusarium sporotrichioides chlamydosporum","Fungi","subspecies","GBIF",1,,"removed"
"Fusarium subtropica","Fungi","species","GBIF",1,,"removed"
"Fusarium sulfureum","Fungi","species","GBIF",1,,"removed"
"Fusarium suttoniana","Fungi","species","GBIF",1,,"removed"
"Fusarium tenuicristata","Fungi","species","GBIF",1,,"removed"
"Fusarium tonkinensis","Fungi","species","GBIF",1,,"removed"
"Fusarium vasinfecta","Fungi","species","GBIF",1,,"removed"
"Fusarium vasinfecta africana","Fungi","subspecies","GBIF",1,,"removed"
"Fusarium vasinfecta conidiifera","Fungi","subspecies","GBIF",1,,"removed"
"Fusarium vasinfecta major","Fungi","subspecies","GBIF",1,,"removed"
"Fusarium vasinfecta pisi","Fungi","subspecies","GBIF",1,,"removed"
"Fusarium verrucosa","Fungi","species","GBIF",1,,"removed"
"Fuscidea","Fungi","genus","manually added",2,,"status 'unknown' (has children that are kept)"
"Fusobacterium rectum","Bacteria","species","GBIF",1.5,"not in LPSN","removed"
"Gabonibacter justesenii","Bacteria","species","GBIF",2,"not in LPSN","removed"
"Galeripora artocrea","Protozoa","species","manually added",2,,"removed"
"Galeripora bathystoma","Protozoa","species","manually added",2,,"removed"
"Galeripora catinus","Protozoa","species","manually added",2,,"status 'unknown' (has children that are kept)"
"Galeripora curvata","Protozoa","species","manually added",2,,"removed"
"Galeripora discoides arcuata","Protozoa","subspecies","manually added",2,,"removed"
"Galeripora discoides difficilis","Protozoa","subspecies","manually added",2,,"removed"
"Galeripora discoides foveosa","Protozoa","subspecies","manually added",2,,"removed"
"Galeripora discoides pseudovulgaris","Protozoa","subspecies","manually added",2,,"removed"
"Galeripora discoides scutelliformis","Protozoa","subspecies","manually added",2,,"removed"
"Galeripora discoides undulata","Protozoa","subspecies","manually added",2,,"removed"
"Galeripora megastoma","Protozoa","species","manually added",2,,"removed"
"Galeripora megastoma arcuata","Protozoa","subspecies","manually added",2,,"removed"
"Galeripora polypora curvata","Protozoa","subspecies","manually added",2,,"removed"
"Geastrum","Fungi","genus","manually added",2,,"status 'unknown' (has children that are kept)"
"Geitlerinema splendens","Bacteria","species","GBIF",2,"not in LPSN","removed"
"Geminocystaceae","Bacteria","family","LPSN",2,"LPSN: synonym of Merismopediaceae","status 'unknown' (has children that are kept)"
"Geobacillus thermoantarcticus","Bacteria","species","GBIF",2,"not in LPSN","removed"
"Geoglossum","Fungi","genus","manually added",2,,"status 'unknown' (has children that are kept)"
"Geotrichum camemberti","Fungi","species","GBIF",1.25,,"removed"
"Geotrichum fragrans minuta","Fungi","subspecies","GBIF",1.25,,"removed"
"Geotrichum geotricha","Fungi","species","GBIF",1.25,,"removed"
"Geotrichum geotrichum","Fungi","species","GBIF",1.25,,"removed"
"Geotrichum humi","Fungi","species","GBIF",1.25,,"removed"
"Geotrichum inulinum","Fungi","species","GBIF",1.25,,"removed"
"Geotrichum lactis","Fungi","species","GBIF",1.25,,"removed"
"Geotrichum lactis exuberans","Fungi","subspecies","GBIF",1.25,,"removed"
"Geotrichum lactis luxurians","Fungi","subspecies","GBIF",1.25,,"removed"
"Geotrichum lactis matalensis","Fungi","subspecies","GBIF",1.25,,"removed"
"Geotrichum lactis obtusa","Fungi","subspecies","GBIF",1.25,,"removed"
"Geotrichum lactis parasitica","Fungi","subspecies","GBIF",1.25,,"removed"
"Geotrichum lactis-butyri","Fungi","species","GBIF",1.25,,"removed"
"Geotrichum mali","Fungi","species","GBIF",1.25,,"removed"
"Geotrichum matalensis","Fungi","species","GBIF",1.25,,"removed"
"Geotrichum nubilum","Fungi","species","GBIF",1.25,,"removed"
"Geotrichum obtusum","Fungi","species","GBIF",1.25,,"removed"
"Geotrichum pyricola","Fungi","species","GBIF",1.25,,"removed"
"Geotrichum suaveolens minutum","Fungi","subspecies","GBIF",1.25,,"removed"
"Gleocapsomorpha","Bacteria","genus","GBIF",2,"not in LPSN","status 'unknown' (has children that are kept)"
"Gloeobacter caldariorum","Bacteria","species","GBIF",2,"not in LPSN","removed"
"Gloeobacter coerulea","Bacteria","species","GBIF",2,"not in LPSN","removed"
"Gloeobacter linearis","Bacteria","species","GBIF",2,"not in LPSN","removed"
"Gloeobacter microspora","Bacteria","species","GBIF",2,"not in LPSN","removed"
"Gloeocapsa ambigua","Bacteria","species","LPSN",2,"LPSN: correct name","kept (current name or protected)"
"Gloeocapsa atra","Bacteria","species","GBIF",2,"not in LPSN","removed"
"Gloeocapsopsis pleurocasoides","Bacteria","species","GBIF",2,"not in LPSN","removed"
"Gloeoheppiaceae","Fungi","family","manually added",2,,"status 'unknown' (has children that are kept)"
"Gloeothece membranaceae","Bacteria","species","GBIF",2,"not in LPSN","removed"
"Gloeothece rupestris maxima","Bacteria","subspecies","GBIF",2,"not in LPSN","removed"
"Gluconacetobacter aceti liquefaciens","Bacteria","subspecies","GBIF",2,"not in LPSN","removed"
"Glutamicibacter liquefaciens","Bacteria","species","GBIF",2,"not in LPSN","removed"
"Golbergia","Fungi","genus","manually added",2,,"status 'unknown' (has children that are kept)"
"Gordonia ajococcus","Bacteria","species","GBIF",1.5,"not in LPSN","removed"
"Gottschalkia acidiurici","Bacteria","species","GBIF",2,"not in LPSN","removed"
"Gottschalkia purinolyticum","Bacteria","species","GBIF",2,"not in LPSN","removed"
"Granulicatella adjacens","Bacteria","species","GBIF",1.5,"not in LPSN","removed"
"Gromia liasicus","Protozoa","species","manually added",2,,"removed"
"Gruberella","Protozoa","genus","manually added",2,,"removed"
"Gulielmina confusa","Protozoa","species","manually added",2,,"removed"
"Gulielmina friesiana","Protozoa","species","manually added",2,,"removed"
"Gulielmina pallida","Protozoa","species","manually added",2,,"removed"
"Gulielmina reticulata","Protozoa","species","manually added",2,,"removed"
"Gulielmina umbrina","Protozoa","species","manually added",2,,"removed"
"Gulielmina variabilis","Protozoa","species","manually added",2,,"removed"
"Gulielmina vermiculare","Protozoa","species","manually added",2,,"removed"
"Gulielmina vermicularis microsperma","Protozoa","subspecies","manually added",2,,"removed"
"Haemamoeba","Chromista","genus","GBIF",2,,"removed"
"Haematophyllum","Chromista","genus","GBIF",2,,"removed"
"Haematozoon","Chromista","genus","GBIF",2,,"removed"
"Haemosporidium","Chromista","genus","GBIF",2,,"removed"
"Hafnia aerogenes hafniae","Bacteria","subspecies","GBIF",1.5,"not in LPSN","removed"
"Hafnia hafniae","Bacteria","species","GBIF",1.5,"not in LPSN","removed"
"Hagiwaraea lavandulum","Protozoa","species","manually added",2,,"removed"
"Halanaerobium acetoethylicus","Bacteria","species","GBIF",2,"not in LPSN","removed"
"Haloarcula californiae","Archaea","species","LPSN",1.25,"LPSN: preferred name","removed"
"Haloarcula sinaiiensis","Archaea","species","LPSN",1.25,"LPSN: preferred name","removed"
"Halodesulfovibrio acrylicus","Bacteria","species","GBIF",2,"not in LPSN","removed"
"Halodesulfovibrio desulfuricans aestuarii","Bacteria","subspecies","GBIF",2,"not in LPSN","removed"
"Halomonas aerodenitrificans","Bacteria","species","LPSN",1.5,"LPSN: synonym of Billgrantia aerodenitrificans de","removed"
"Halomonas aesta","Bacteria","species","GBIF",1.5,"not in LPSN","removed"
"Halomonas aestus","Bacteria","species","GBIF",1.5,"not in LPSN","removed"
"Halomonas faecalis homari","Bacteria","subspecies","GBIF",1.5,"not in LPSN","removed"
"Halomonas glaciei","Bacteria","species","LPSN",1.5,"LPSN: synonym of Vreelandella glaciei de","removed"
"Halomonas halmephilium","Bacteria","species","GBIF",1.5,"not in LPSN","removed"
"Halomonas humidisoli","Bacteria","species","LPSN",1.5,"LPSN: preferred name","removed"
"Halomonas lionensis","Bacteria","species","LPSN",1.5,"LPSN: synonym of Vreelandella lionensis de","removed"
"Halomonas massiliensis","Bacteria","species","LPSN",1.5,"LPSN: synonym of Vreelandella massiliensis de","removed"
"Halomonas sulfidoxydans","Bacteria","species","LPSN",1.5,"LPSN: synonym of Billgrantia sulfidoxydans de","removed"
"Halomonas tianxiuensis","Bacteria","species","LPSN",1.5,"LPSN: synonym of Billgrantia tianxiuensis de","removed"
"Halomonas zhaodongensis","Bacteria","species","LPSN",1.5,"LPSN: synonym of Vreelandella zhaodongensis de","removed"
"Halterophora","Protozoa","genus","manually added",2,,"removed"
"Haplosporidium armoricana","Protozoa","species","manually added",2,,"removed"
"Harryflintia massiliense","Bacteria","species","GBIF",2,"not in LPSN","removed"
"Helgoeca nana","Protozoa","species","manually added",2,,"removed"
"Helicobacter pylori mustelae","Bacteria","subspecies","GBIF",1,"not in LPSN","removed"
"Helikotropis","Protozoa","genus","manually added",2,,"removed"
"Hemisincirra filiformis","Chromista","species","GBIF",2,,"removed"
"Hemisincirra vettersi","Chromista","species","GBIF",2,,"removed"
"Hemistasia peridinioides","Protozoa","species","manually added",2,,"removed"
"Hemistasia phaeocysticola","Protozoa","species","manually added",2,,"removed"
"Hemitrichia","Protozoa","genus","manually added",2,,"status 'unknown' (has children that are kept)"
"Hemitrichia decipiens hemitrichioides","Protozoa","subspecies","manually added",2,,"removed"
"Hemitrichia serpula piauiensis","Protozoa","subspecies","manually added",2,,"removed"
"Hemitrichia serpula tubiglabra","Protozoa","subspecies","manually added",2,,"removed"
"Hendersonula dothidellae","Fungi","species","GBIF",1.25,,"removed"
"Hepatospora eriocheir","Fungi","species","manually added",2,,"removed"
"Herbidospora claviforme","Bacteria","species","GBIF",2,"not in LPSN","removed"
"Heteracon biformis","Protozoa","species","manually added",2,,"removed"
"Heterodermia","Fungi","genus","manually added",2,,"status 'unknown' (has children that are kept)"
"Heteroleibleinia setchellii","Bacteria","species","GBIF",2,"not in LPSN","removed"
"Heteromita","Protozoa","genus","manually added",2,,"removed"
"Heteronema hexagonum","Protozoa","species","manually added",2,,"removed"
"Heterostelium album","Protozoa","species","manually added",2,,"removed"
"Heterostelium ampliverticillatum","Protozoa","species","manually added",2,,"removed"
"Heterostelium anisocaule","Protozoa","species","manually added",2,,"removed"
"Heterostelium arachnoideum","Protozoa","species","manually added",2,,"removed"
"Heterostelium asymetricum","Protozoa","species","manually added",2,,"removed"
"Heterostelium australicum","Protozoa","species","manually added",2,,"removed"
"Heterostelium boreale","Protozoa","species","manually added",2,,"removed"
"Heterostelium candidum","Protozoa","species","manually added",2,,"removed"
"Heterostelium colligatum","Protozoa","species","manually added",2,,"removed"
"Heterostelium cumulocystum","Protozoa","species","manually added",2,,"removed"
"Heterostelium equisetoides","Protozoa","species","manually added",2,,"removed"
"Heterostelium filamentosum","Protozoa","species","manually added",2,,"removed"
"Heterostelium flexuosum","Protozoa","species","manually added",2,,"removed"
"Heterostelium granulosum","Protozoa","species","manually added",2,,"removed"
"Heterostelium lapidosum","Protozoa","species","manually added",2,,"removed"
"Heterostelium luridum","Protozoa","species","manually added",2,,"removed"
"Heterostelium migratissimum","Protozoa","species","manually added",2,,"removed"
"Heterostelium multicystogenum","Protozoa","species","manually added",2,,"removed"
"Heterostelium naviculare","Protozoa","species","manually added",2,,"removed"
"Heterostelium pallidum","Protozoa","species","manually added",2,,"removed"
"Heterostelium perasymmetricum","Protozoa","species","manually added",2,,"removed"
"Heterostelium plurimicrocystogenum","Protozoa","species","manually added",2,,"removed"
"Heterostelium pseudocandidum","Protozoa","species","manually added",2,,"removed"
"Heterostelium pseudocolligatum","Protozoa","species","manually added",2,,"removed"
"Heterostelium pseudoplasmodiomagnum","Protozoa","species","manually added",2,,"removed"
"Heterostelium racemiferum","Protozoa","species","manually added",2,,"removed"
"Heterostelium rotatum","Protozoa","species","manually added",2,,"removed"
"Heterostelium stolonicoideum","Protozoa","species","manually added",2,,"removed"
"Heterostelium tenuissimum","Protozoa","species","manually added",2,,"removed"
"Heterostelium tikalense","Protozoa","species","manually added",2,,"removed"
"Heterostelium unguliferum","Protozoa","species","manually added",2,,"removed"
"Heterostelium violaceotypum","Protozoa","species","manually added",2,,"removed"
"Hexamita","Protozoa","genus","manually added",2,,"status 'unknown' (has children that are kept)"
"Heyndrickxia farraginis","Bacteria","species","GBIF",1.5,"not in LPSN","removed"
"Heyndrickxia obstructivus","Bacteria","species","GBIF",1.5,"not in LPSN","removed"
"Histoplasma equi","Fungi","species","GBIF",1,,"removed"
"Histoplasma farciminosa","Fungi","species","GBIF",1,,"removed"
"Histoplasma farciminosus","Fungi","species","GBIF",1,,"removed"
"Histoplasma farcinimosa","Fungi","species","GBIF",1,,"removed"
"Histoplasma tokishigei","Fungi","species","GBIF",1,,"removed"
"Homostegia","Fungi","genus","manually added",2,,"status 'unknown' (has children that are kept)"
"Hueber-Pestalozziamonas","Protozoa","genus","manually added",2,,"removed"
"Hugenholtzia roseolus","Bacteria","species","GBIF",2,"not in LPSN","removed"
"Hydrococcus cesatiana","Bacteria","species","GBIF",2,"not in LPSN","removed"
"Hydrococcus riivularis","Bacteria","species","GBIF",2,"not in LPSN","removed"
"Hyellaceae","Bacteria","family","LPSN",2,"LPSN: synonym of Hydrococcaceae","removed"
"Hymenolepis tetraonis","Animalia","species","GBIF",1.25,,"removed"
"Hyperphyscia","Fungi","genus","manually added",2,,"status 'unknown' (has children that are kept)"
"Hypomyces agaricinum","Fungi","species","GBIF",1.25,,"removed"
"Hypomyces albertinii","Fungi","species","GBIF",1.25,,"removed"
"Hypomyces apiculata","Fungi","species","GBIF",1.25,,"removed"
"Hypomyces arnoldii","Fungi","species","GBIF",1.25,,"removed"
"Hypomyces aurantia fulgens","Fungi","subspecies","GBIF",1.25,,"removed"
"Hypomyces biasolettiana","Fungi","species","GBIF",1.25,,"removed"
"Hypomyces biasolettianum","Fungi","species","GBIF",1.25,,"removed"
"Hypomyces bombacinus","Fungi","species","GBIF",1.25,,"removed"
"Hypomyces bombycina","Fungi","species","GBIF",1.25,,"removed"
"Hypomyces bombycinum","Fungi","species","GBIF",1.25,,"removed"
"Hypomyces cervina castaneicola","Fungi","subspecies","GBIF",1.25,,"removed"
"Hypomyces cervina castanicola","Fungi","subspecies","GBIF",1.25,,"removed"
"Hypomyces cervina papyrogena","Fungi","subspecies","GBIF",1.25,,"removed"
"Hypomyces cervina subincarnata","Fungi","subspecies","GBIF",1.25,,"removed"
"Hypomyces cervina theobromae","Fungi","subspecies","GBIF",1.25,,"removed"
"Hypomyces cervinum subincarnatum","Fungi","subspecies","GBIF",1.25,,"removed"
"Hypomyces chrysosperma strophariae","Fungi","subspecies","GBIF",1.25,,"removed"
"Hypomyces citrina ochracea","Fungi","subspecies","GBIF",1.25,,"removed"
"Hypomyces coriolopsidicola","Fungi","species","GBIF",1.25,,"removed"
"Hypomyces dendroides","Fungi","species","GBIF",1.25,,"removed"
"Hypomyces floccosa","Fungi","species","GBIF",1.25,,"removed"
"Hypomyces lactarii","Fungi","species","GBIF",1.25,,"removed"
"Hypomyces meconopsidis","Fungi","species","GBIF",1.25,,"removed"
"Hypomyces minor","Fungi","species","GBIF",1.25,,"removed"
"Hypomyces minus","Fungi","species","GBIF",1.25,,"removed"
"Hypomyces mycophilum rubicundum","Fungi","subspecies","GBIF",1.25,,"removed"
"Hypomyces parvispora","Fungi","species","GBIF",1.25,,"removed"
"Hypomyces puccinioides","Fungi","species","GBIF",1.25,,"removed"
"Hypomyces rhodomela","Fungi","species","GBIF",1.25,,"removed"
"Hypomyces rosella haematea","Fungi","subspecies","GBIF",1.25,,"removed"
"Hypomyces ternatum","Fungi","species","GBIF",1.25,,"removed"
"Hypomyces variosperma","Fungi","species","GBIF",1.25,,"removed"
"Hypomyces variospermum","Fungi","species","GBIF",1.25,,"removed"
"Hypomyces varisperma","Fungi","species","GBIF",1.25,,"removed"
"Hypomyces varium","Fungi","species","GBIF",1.25,,"removed"
"Hysterothylacium assi","Animalia","species","GBIF",1.25,,"removed"
"Hysterothylacium benimasu","Animalia","species","GBIF",1.25,,"removed"
"Hysterothylacium crassicaudatum","Animalia","species","GBIF",1.25,,"removed"
"Hysterothylacium elongatum","Animalia","species","GBIF",1.25,,"removed"
"Hysterothylacium hippoglossi","Animalia","species","GBIF",1.25,,"removed"
"Hysterothylacium hypomesi","Animalia","species","GBIF",1.25,,"removed"
"Hysterothylacium mesopi","Animalia","species","GBIF",1.25,,"removed"
"Hysterothylacium ochotense","Animalia","species","GBIF",1.25,,"removed"
"Hysterothylacium oshoroensis","Animalia","species","GBIF",1.25,,"removed"
"Istiocytozoon","Chromista","genus","GBIF",2,,"removed"
"Jaaginema microscopica","Bacteria","species","GBIF",2,"not in LPSN","removed"
"Jakoba libera","Protozoa","species","manually added",2,,"removed"
"Janthinobacterium mephitica","Bacteria","species","GBIF",2,"not in LPSN","removed"
"Jeotgalibacillus globisporus marinus","Bacteria","subspecies","GBIF",2,"not in LPSN","removed"
"Joenoides","Protozoa","genus","manually added",2,,"removed"
"Kaistella manosquense","Bacteria","species","GBIF",1.5,"not in LPSN","removed"
"Kamera","Protozoa","genus","manually added",2,,"removed"
"Kamptonema tenuis formosa","Bacteria","subspecies","GBIF",2,"not in LPSN","removed"
"Karotomorpha","Protozoa","genus","manually added",2,,"removed"
"Kenella","Bacteria","genus","LPSN",2,"LPSN: synonym of Zheleznaya","status 'unknown' (has children that are kept)"
"Khoudiadiopia timonensis","Bacteria","species","GBIF",2,"not in LPSN","removed"
"Kitasatospora avellaneus","Bacteria","species","GBIF",2,"not in LPSN","removed"
"Kitasatospora cochleatus","Bacteria","species","GBIF",2,"not in LPSN","removed"
"Kitasatospora griseolosporeus","Bacteria","species","GBIF",2,"not in LPSN","removed"
"Kitasatospora psammoticus","Bacteria","species","GBIF",2,"not in LPSN","removed"
"Kitasatospora viridifaciens","Bacteria","species","LPSN",2,"LPSN: preferred name","removed"
"Klebsiella quasivariicola","Bacteria","species","LPSN",1,"LPSN: preferred name","removed"
"Klebsina","Protozoa","genus","manually added",2,,"removed"
"Kluyveromyces ashbyii","Fungi","species","GBIF",1.25,,"removed"
"Kluyveromyces casei","Fungi","species","GBIF",1.25,,"removed"
"Kluyveromyces cavernicola","Fungi","species","GBIF",1.25,,"removed"
"Kluyveromyces chevalieri acellobiosus","Fungi","subspecies","GBIF",1.25,,"removed"
"Kluyveromyces chevalieri atypicus","Fungi","subspecies","GBIF",1.25,,"removed"
"Kluyveromyces drosophilarum acellobiosus","Fungi","subspecies","GBIF",1.25,,"removed"
"Kluyveromyces fragilis bulgaricus","Fungi","subspecies","GBIF",1.25,,"removed"
"Kluyveromyces fragilis fragilis","Fungi","subspecies","GBIF",1.25,,"removed"
"Kluyveromyces fragrans","Fungi","species","GBIF",1.25,,"removed"
"Kluyveromyces kartulisii","Fungi","species","GBIF",1.25,,"removed"
"Kluyveromyces kefyr","Fungi","species","GBIF",1.25,,"removed"
"Kluyveromyces kefyr kefyr","Fungi","subspecies","GBIF",1.25,,"removed"
"Kluyveromyces krassilnikovii","Fungi","species","GBIF",1.25,,"removed"
"Kluyveromyces lactis krassilnikovii","Fungi","subspecies","GBIF",1.25,,"removed"
"Kluyveromyces lactis phaseolospora","Fungi","subspecies","GBIF",1.25,,"removed"
"Kluyveromyces lactis vanudenii","Fungi","subspecies","GBIF",1.25,,"removed"
"Kluyveromyces lactosa","Fungi","species","GBIF",1.25,,"removed"
"Kluyveromyces macedoniense","Fungi","species","GBIF",1.25,,"removed"
"Kluyveromyces macedoniensis","Fungi","species","GBIF",1.25,,"removed"
"Kluyveromyces macedoniensis macedoniensis","Fungi","subspecies","GBIF",1.25,,"removed"
"Kluyveromyces macedoniensis macedoniensoides","Fungi","subspecies","GBIF",1.25,,"removed"
"Kluyveromyces macedoniensoides","Fungi","species","GBIF",1.25,,"removed"
"Kluyveromyces mazzae","Fungi","species","GBIF",1.25,,"removed"
"Kluyveromyces mortifera","Fungi","species","GBIF",1.25,,"removed"
"Kluyveromyces muciparus","Fungi","species","GBIF",1.25,,"removed"
"Kluyveromyces phaseolospora","Fungi","species","GBIF",1.25,,"removed"
"Kluyveromyces pinoysimilis citelliana","Fungi","subspecies","GBIF",1.25,,"removed"
"Kluyveromyces pozolis","Fungi","species","GBIF",1.25,,"removed"
"Kluyveromyces procerum","Fungi","species","GBIF",1.25,,"removed"
"Kluyveromyces pseudotropicale","Fungi","species","GBIF",1.25,,"removed"
"Kluyveromyces pseudotropicalis","Fungi","species","GBIF",1.25,,"removed"
"Kluyveromyces pseudotropicalis lactosa","Fungi","subspecies","GBIF",1.25,,"removed"
"Kluyveromyces pseudotropicalis metapseudotropicalis","Fungi","subspecies","GBIF",1.25,,"removed"
"Kluyveromyces pseudotropicalis pseudotropicalis","Fungi","subspecies","GBIF",1.25,,"removed"
"Kluyveromyces sociasi","Fungi","species","GBIF",1.25,,"removed"
"Kluyveromyces sphaerica","Fungi","species","GBIF",1.25,,"removed"
"Kluyveromyces sphaericus","Fungi","species","GBIF",1.25,,"removed"
"Kluyveromyces versicolor","Fungi","species","GBIF",1.25,,"removed"
"Kocuria sediminis","Bacteria","species","LPSN",1.5,"LPSN: preferred name","removed"
"Kodamaea guilliermondii membranaefaciens","Fungi","subspecies","GBIF",1.25,,"removed"
"Kodamaea guilliermondii membranifaciens","Fungi","subspecies","GBIF",1.25,,"removed"
"Kodamaea guilliermondii soya","Fungi","subspecies","GBIF",1.25,,"removed"
"Kodamaea ohmeri minor","Fungi","subspecies","GBIF",1.25,,"removed"
"Komagataeibacter aceti xylinum","Bacteria","subspecies","GBIF",2,"not in LPSN","removed"
"Komagataeibacter aceti xylinus","Bacteria","subspecies","GBIF",2,"not in LPSN","removed"
"Komagataeibacter xylinus sucrofermentans","Bacteria","subspecies","GBIF",2,"not in LPSN","removed"
"Kushneria marisflavae","Bacteria","species","GBIF",2,"not in LPSN","removed"
"Kutzneria albidum","Bacteria","species","GBIF",2,"not in LPSN","removed"
"Kutzneria viridogriseum kofuense","Bacteria","subspecies","GBIF",2,"not in LPSN","removed"
"Laceyella thalpophilus","Bacteria","species","GBIF",2,"not in LPSN","removed"
"Lactarius","Fungi","genus","manually added",2,,"status 'unknown' (has children that are kept)"
"Lactiplantibacillus japonicus","Bacteria","species","GBIF",1.5,"not in LPSN","removed"
"Lactococcus lactis diacetilactis","Bacteria","subspecies","GBIF",1.5,"not in LPSN","removed"
"Lactococcus seriolicida","Bacteria","species","GBIF",1.5,"not in LPSN","removed"
"Lactococcus xylosus","Bacteria","species","GBIF",1.5,"not in LPSN","removed"
"Larssonia obtusum","Fungi","species","manually added",2,,"removed"
"Lasallia","Fungi","genus","manually added",2,,"status 'unknown' (has children that are kept)"
"Lasionectriopsis spinosum","Fungi","species","GBIF",1.25,,"removed"
"Lathagrium","Fungi","genus","manually added",2,,"status 'unknown' (has children that are kept)"
"Lawsonibacter phoceensis","Bacteria","species","GBIF",2,"not in LPSN","removed"
"Lechevalieria aerocolonigenes aerocolonigenes","Bacteria","subspecies","GBIF",2,"not in LPSN","removed"
"Lecidea","Fungi","genus","manually added",2,,"status 'unknown' (has children that are kept)"
"Lecidoma","Fungi","genus","manually added",2,,"status 'unknown' (has children that are kept)"
"Leibleinia nordgaardii","Bacteria","species","LPSN",2,"LPSN: synonym","kept (current name or protected)"
"Leidyomyces attenuata","Protozoa","species","manually added",2,,"removed"
"Lemmermanniella pellucida","Bacteria","species","GBIF",2,"not in LPSN","removed"
"Lentinellus","Fungi","genus","manually added",2,,"status 'unknown' (has children that are kept)"
"Leocarpus","Protozoa","genus","manually added",2,,"status 'unknown' (has children that are kept)"
"Leocarpus atrovirens","Protozoa","species","manually added",2,,"removed"
"Leocarpus bisporus","Protozoa","species","manually added",2,,"removed"
"Leocarpus elegans","Protozoa","species","manually added",2,,"removed"
"Leocarpus fragile","Protozoa","species","manually added",2,,"removed"
"Leocarpus fragilis bisporus","Protozoa","subspecies","manually added",2,,"removed"
"Leocarpus fragilis plasmodiocarpia","Protozoa","subspecies","manually added",2,,"removed"
"Leocarpus jurensis","Protozoa","species","manually added",2,,"removed"
"Leocarpus lutea","Protozoa","species","manually added",2,,"removed"
"Leocarpus nitidum","Protozoa","species","manually added",2,,"removed"
"Leocarpus parasiticum","Protozoa","species","manually added",2,,"removed"
"Leocarpus parasiticus","Protozoa","species","manually added",2,,"removed"
"Leocarpus ramosa","Protozoa","species","manually added",2,,"removed"
"Leocarpus ramosum","Protozoa","species","manually added",2,,"removed"
"Leocarpus ramosus","Protozoa","species","manually added",2,,"removed"
"Leocarpus spermoides","Protozoa","species","manually added",2,,"removed"
"Leocarpus vernicosum","Protozoa","species","manually added",2,,"removed"
"Leocarpus vernicosum ovatum","Protozoa","subspecies","manually added",2,,"removed"
"Leocarpus vernicosum parasiticum","Protozoa","subspecies","manually added",2,,"removed"
"Leocarpus vernicosus","Protozoa","species","manually added",2,,"removed"
"Leocarpus vernicosus lignicola","Protozoa","subspecies","manually added",2,,"removed"
"Lepidoderma","Protozoa","genus","manually added",2,,"status 'unknown' (has children that are kept)"
"Lepocinclis acutissima","Protozoa","species","manually added",2,,"removed"
"Lepocinclis buetschlii","Protozoa","species","manually added",2,,"removed"
"Lepocinclis butschli angustata","Protozoa","subspecies","manually added",2,,"removed"
"Lepocinclis charkoviensis minor","Protozoa","subspecies","manually added",2,,"removed"
"Lepocinclis fusca marchica","Protozoa","subspecies","manually added",2,,"removed"
"Lepocinclis gigas","Protozoa","species","manually added",2,,"removed"
"Lepocinclis helicoideus","Protozoa","species","manually added",2,,"removed"
"Lepocinclis lata","Protozoa","species","manually added",2,,"removed"
"Lepocinclis ovum butschlii","Protozoa","subspecies","manually added",2,,"removed"
"Lepocinclis ovum globula","Protozoa","subspecies","manually added",2,,"removed"
"Lepocinclis oxyuris charkoviensis","Protozoa","subspecies","manually added",2,,"removed"
"Lepocinclis oxyuris maior","Protozoa","subspecies","manually added",2,,"removed"
"Lepocinclis sphagnophila","Protozoa","species","manually added",2,,"removed"
"Lepocinclis spirogyra fusca","Protozoa","subspecies","manually added",2,,"removed"
"Lepocinclis spirogyra fusiformis","Protozoa","subspecies","manually added",2,,"removed"
"Lepocinclis spirogyra spirogyra","Protozoa","subspecies","manually added",2,,"removed"
"Lepocinclis texta mamillata","Protozoa","subspecies","manually added",2,,"removed"
"Lepocinclis tripteris crassa","Protozoa","subspecies","manually added",2,,"removed"
"Leptogium","Fungi","genus","manually added",2,,"status 'unknown' (has children that are kept)"
"Leptolyngbya frigidum","Bacteria","species","GBIF",2,"not in LPSN","removed"
"Leptolyngbya martensiana distincta","Bacteria","subspecies","GBIF",2,"not in LPSN","removed"
"Leptolyngbya roseola","Bacteria","species","GBIF",2,"not in LPSN","removed"
"Leptolyngbya tenue marinum","Bacteria","subspecies","GBIF",2,"not in LPSN","removed"
"Leptolyngbya valderiae","Bacteria","species","GBIF",2,"not in LPSN","removed"
"Letrouitiaceae","Fungi","family","manually added",2,,"status 'unknown' (has children that are kept)"
"Leucophellinus","Fungi","genus","manually added",2,,"status 'unknown' (has children that are kept)"
"Licaethalium applanata","Protozoa","species","manually added",2,,"removed"
"Licaethalium atrum","Protozoa","species","manually added",2,,"removed"
"Licaethalium glomerulifera","Protozoa","species","manually added",2,,"removed"
"Licaethalium macrosporum","Protozoa","species","manually added",2,,"removed"
"Licaethalium minuta","Protozoa","species","manually added",2,,"removed"
"Licaethalium minutum","Protozoa","species","manually added",2,,"removed"
"Licaethalium olivacea","Protozoa","species","manually added",2,,"removed"
"Licaethalium olivacea olivacea","Protozoa","subspecies","manually added",2,,"removed"
"Licaethalium olivaceum liceoides","Protozoa","subspecies","manually added",2,,"removed"
"Licaethalium rostrupii","Protozoa","species","manually added",2,,"removed"
"Licea","Protozoa","genus","manually added",2,,"status 'unknown' (has children that are kept)"
"Licea applanata","Protozoa","species","manually added",2,,"removed"
"Licea belmontiana","Protozoa","species","manually added",2,,"removed"
"Licea biforis","Protozoa","species","manually added",2,,"removed"
"Licea biforis sinuosa","Protozoa","subspecies","manually added",2,,"removed"
"Licea capitata","Protozoa","species","manually added",2,,"removed"
"Licea cinerea","Protozoa","species","manually added",2,,"removed"
"Licea cristallifera","Protozoa","species","manually added",2,,"removed"
"Licea erecta erectoides","Protozoa","subspecies","manually added",2,,"removed"
"Licea erectoides","Protozoa","species","manually added",2,,"removed"
"Licea floriformis aureospora","Protozoa","subspecies","manually added",2,,"removed"
"Licea longa","Protozoa","species","manually added",2,,"removed"
"Licea operculata","Protozoa","species","manually added",2,,"removed"
"Licea operculata sessile","Protozoa","subspecies","manually added",2,,"removed"
"Licea operculatum","Protozoa","species","manually added",2,,"removed"
"Licea parasitica","Protozoa","species","manually added",2,,"removed"
"Licea parasiticus","Protozoa","species","manually added",2,,"removed"
"Licea pedicellata","Protozoa","species","manually added",2,,"removed"
"Licea pusilla pygmaea","Protozoa","subspecies","manually added",2,,"removed"
"Licea scyphoides reticulata","Protozoa","subspecies","manually added",2,,"removed"
"Licea singularis","Protozoa","species","manually added",2,,"removed"
"Licea sinuosa","Protozoa","species","manually added",2,,"removed"
"Licea tanzanica","Protozoa","species","manually added",2,,"removed"
"Licea tuberculata papillata","Protozoa","subspecies","manually added",2,,"removed"
"Lichtheimia blakesleeana atrospora","Fungi","subspecies","GBIF",1.25,,"removed"
"Lichtheimia blakesleeanus","Fungi","species","GBIF",1.25,,"removed"
"Lichtheimia corymbifer","Fungi","species","GBIF",1.25,,"removed"
"Lichtheimia corymbifer regnieri","Fungi","subspecies","GBIF",1.25,,"removed"
"Lichtheimia corymbifer truchisii","Fungi","subspecies","GBIF",1.25,,"removed"
"Lichtheimia corymbifera corymbifera","Fungi","subspecies","GBIF",1.25,,"removed"
"Lichtheimia corymbifera ramosa","Fungi","subspecies","GBIF",1.25,,"removed"
"Lichtheimia corymbifera regnieri","Fungi","subspecies","GBIF",1.25,,"removed"
"Lichtheimia corymbifera truchisi","Fungi","subspecies","GBIF",1.25,,"removed"
"Lichtheimia corymbifera truchisii","Fungi","subspecies","GBIF",1.25,,"removed"
"Lichtheimia corymbiferus","Fungi","species","GBIF",1.25,,"removed"
"Lichtheimia cristata","Fungi","species","GBIF",1.25,,"removed"
"Lichtheimia ginsan","Fungi","species","GBIF",1.25,,"removed"
"Lichtheimia gracilis","Fungi","species","GBIF",1.25,,"removed"
"Lichtheimia hesseltinei","Fungi","species","GBIF",1.25,,"removed"
"Lichtheimia hongkongensis","Fungi","species","GBIF",1.25,,"removed"
"Lichtheimia hyalinus","Fungi","species","GBIF",1.25,,"removed"
"Lichtheimia lichtheimii","Fungi","species","GBIF",1.25,,"removed"
"Lichtheimia lichtheimii lichtheimii","Fungi","subspecies","GBIF",1.25,,"removed"
"Lichtheimia lichtheimii rastii","Fungi","subspecies","GBIF",1.25,,"removed"
"Lichtheimia lichtheimii zurcheri","Fungi","subspecies","GBIF",1.25,,"removed"
"Lichtheimia merdaria","Fungi","species","GBIF",1.25,,"removed"
"Lichtheimia ramosa typica","Fungi","subspecies","GBIF",1.25,,"removed"
"Lichtheimia regneri","Fungi","species","GBIF",1.25,,"removed"
"Lichtheimia ucrainica","Fungi","species","GBIF",1.25,,"removed"
"Lichtheimia umbellatus","Fungi","species","GBIF",1.25,,"removed"
"Limbicysta","Protozoa","genus","manually added",2,,"removed"
"Limnoraphis hieronymusii robusta","Bacteria","subspecies","GBIF",2,"not in LPSN","removed"
"Limnothrix utermoehliana","Bacteria","species","GBIF",2,"not in LPSN","removed"
"Limnothrix utermoehlii","Bacteria","species","GBIF",2,"not in LPSN","removed"
"Lindbladia atrum","Protozoa","species","manually added",2,,"removed"
"Lindbladia caespitosa","Protozoa","species","manually added",2,,"removed"
"Lindbladia caespitosum","Protozoa","species","manually added",2,,"removed"
"Lindbladia cribrarioides","Protozoa","species","manually added",2,,"removed"
"Lindbladia effusa","Protozoa","species","manually added",2,,"removed"
"Lindbladia effusa cribrarioides","Protozoa","subspecies","manually added",2,,"removed"
"Lindbladia effusa perforata","Protozoa","subspecies","manually added",2,,"removed"
"Lindbladia effusa simplex","Protozoa","subspecies","manually added",2,,"removed"
"Lindbladia spermoides","Protozoa","species","manually added",2,,"removed"
"Lindbladia tubulina simplex","Protozoa","subspecies","manually added",2,,"removed"
"Lindbladia yabeanum","Protozoa","species","manually added",2,,"removed"
"Linnemannia hygrophila","Fungi","species","manually added",2,,"removed"
"Linnemannia spinosa","Fungi","species","manually added",2,,"removed"
"Lipmanium ovala","Protozoa","species","manually added",2,,"removed"
"Lobaria","Fungi","genus","manually added",2,,"status 'unknown' (has children that are kept)"
"Lobariaceae","Fungi","family","manually added",2,,"status 'unknown' (has children that are kept)"
"Loeschia","Protozoa","genus","manually added",2,,"removed"
"Lutibacter jeungdoensis","Bacteria","species","GBIF",2,"not in LPSN","removed"
"Lychnaspis","Protozoa","genus","manually added",2,,"status 'unknown' (has children that are kept)"
"Lycogala affine","Protozoa","species","manually added",2,,"removed"
"Lycogala atropurpureum","Protozoa","species","manually added",2,,"removed"
"Lycogala chalybeum","Protozoa","species","manually added",2,,"removed"
"Lycogala conica","Protozoa","species","manually added",2,,"removed"
"Lycogala conicum pustulatum","Protozoa","subspecies","manually added",2,,"removed"
"Lycogala corticola","Protozoa","species","manually added",2,,"removed"
"Lycogala epidendrum exigua","Protozoa","subspecies","manually added",2,,"removed"
"Lycogala epidendrum exiguum","Protozoa","subspecies","manually added",2,,"removed"
"Lycogala epidendrum terrestre","Protozoa","subspecies","manually added",2,,"removed"
"Lycogala epidendrum tessellatum","Protozoa","subspecies","manually added",2,,"removed"
"Lycogala ferrugineum","Protozoa","species","manually added",2,,"removed"
"Lycogala flavofusca","Protozoa","species","manually added",2,,"removed"
"Lycogala flavofuscum albidum","Protozoa","subspecies","manually added",2,,"removed"
"Lycogala flavofuscum argentea","Protozoa","subspecies","manually added",2,,"removed"
"Lycogala flavofuscum armeniacum","Protozoa","subspecies","manually added",2,,"removed"
"Lycogala fragiformis","Protozoa","species","manually added",2,,"removed"
"Lycogala lycogala","Protozoa","species","manually added",2,,"removed"
"Lycogala miniata","Protozoa","species","manually added",2,,"removed"
"Lycogala miniatum","Protozoa","species","manually added",2,,"removed"
"Lycogala miniatum fuligineum","Protozoa","subspecies","manually added",2,,"removed"
"Lycogala miniatum marginatum","Protozoa","subspecies","manually added",2,,"removed"
"Lycogala miniatum tessellatum","Protozoa","subspecies","manually added",2,,"removed"
"Lycogala nigricans","Protozoa","species","manually added",2,,"removed"
"Lycogala nitidum","Protozoa","species","manually added",2,,"removed"
"Lycogala pisiforme","Protozoa","species","manually added",2,,"removed"
"Lycogala punctata","Protozoa","species","manually added",2,,"removed"
"Lycogala repletum","Protozoa","species","manually added",2,,"removed"
"Lycogala rosea","Protozoa","species","manually added",2,,"removed"
"Lycogala terrestre","Protozoa","species","manually added",2,,"removed"
"Lycogala variolosum","Protozoa","species","manually added",2,,"removed"
"Lycoperdon","Fungi","genus","manually added",2,,"status 'unknown' (has children that are kept)"
"Lymphohaematocytozoon","Protozoa","genus","manually added",2,,"removed"
"Lyngbya aestuarii atrovirens","Bacteria","subspecies","GBIF",2,"not in LPSN","removed"
"Lyngbya bostrychicola","Bacteria","species","GBIF",2,"not in LPSN","removed"
"Lyngbya capillacea","Bacteria","species","GBIF",2,"not in LPSN","removed"
"Lyngbya major kerguelenensis","Bacteria","subspecies","GBIF",2,"not in LPSN","removed"
"Lyngbya majuscula kerguelenensis","Bacteria","subspecies","GBIF",2,"not in LPSN","removed"
"Lyngbya martenianus","Bacteria","species","GBIF",2,"not in LPSN","removed"
"Lyngbya polychroa","Bacteria","species","LPSN",2,"LPSN: synonym","removed"
"Lyngbya rosea","Bacteria","species","LPSN",2,"LPSN: correct name","kept (current name or protected)"
"Lyngbya semiplana","Bacteria","species","GBIF",2,"not in LPSN","removed"
"Lyngbya sordida bostrychicola","Bacteria","subspecies","GBIF",2,"not in LPSN","removed"
"Lyngbya sordida rosea","Bacteria","subspecies","GBIF",2,"not in LPSN","removed"
"Macbrideola cornea macrospora","Protozoa","subspecies","manually added",2,,"removed"
"Macbrideola scintillans verrucosa","Protozoa","subspecies","manually added",2,,"removed"
"Macbrideola verrucosa","Protozoa","species","manually added",2,,"removed"
"Macbrideola vesiculifera","Protozoa","species","manually added",2,,"removed"
"Macellibacteroides chartae","Bacteria","species","GBIF",2,"not in LPSN","removed"
"Madurella americanum","Fungi","species","GBIF",1.25,,"removed"
"Malassezia canis","Fungi","species","GBIF",1.25,,"removed"
"Malassezia capillitii","Fungi","species","GBIF",1.25,,"removed"
"Malassezia macfadenyi","Fungi","species","GBIF",1.25,,"removed"
"Malassezia malassez","Fungi","species","GBIF",1.25,,"removed"
"Malassezia malassezii","Fungi","species","GBIF",1.25,,"removed"
"Malassezia ovale","Fungi","species","GBIF",1.25,,"removed"
"Malassezia psoriasis","Fungi","species","GBIF",1.25,,"removed"
"Malassezia rhinocerosum","Fungi","species","GBIF",1.25,,"removed"
"Malassezia sphaericum","Fungi","species","GBIF",1.25,,"removed"
"Malassezia sphaericus","Fungi","species","GBIF",1.25,,"removed"
"Malassezia tropicum","Fungi","species","GBIF",1.25,,"removed"
"Malbranchea bifurcatus","Fungi","species","GBIF",1.25,,"removed"
"Malbranchea brevisetosus","Fungi","species","GBIF",1.25,,"removed"
"Malbranchea brunneum","Fungi","species","GBIF",1.25,,"removed"
"Malbranchea subumbrinus","Fungi","species","GBIF",1.25,,"removed"
"Malbranchea sulfureum","Fungi","species","GBIF",1.25,,"removed"
"Malbranchea sulphureum","Fungi","species","GBIF",1.25,,"removed"
"Malbranchea umbrinus thaxteri","Fungi","subspecies","GBIF",1.25,,"removed"
"Malbranchea umbrinus umbrinus","Fungi","subspecies","GBIF",1.25,,"removed"
"Maricaulis halobacteroides","Bacteria","species","GBIF",2,"not in LPSN","removed"
"Marinobacter jomthongense","Bacteria","species","GBIF",2,"not in LPSN","removed"
"Marinomonas vagum","Bacteria","species","GBIF",2,"not in LPSN","removed"
"Maroltia","Protozoa","genus","manually added",2,,"removed"
"Melissococcus plutonis","Bacteria","species","GBIF",2,"not in LPSN","removed"
"Meriderma atrosporum","Protozoa","species","manually added",2,,"removed"
"Meriderma atrosporum echinulatum","Protozoa","subspecies","manually added",2,,"removed"
"Meriderma atrosporum macrosporum","Protozoa","subspecies","manually added",2,,"removed"
"Meriderma atrosporum pseudocribrarioides","Protozoa","subspecies","manually added",2,,"removed"
"Meriderma atrosporum subcylindricum","Protozoa","subspecies","manually added",2,,"removed"
"Meriderma cribrarioides atrosporum","Protozoa","subspecies","manually added",2,,"removed"
"Meriderma cribrarioides carestiae","Protozoa","subspecies","manually added",2,,"removed"
"Meriderma echinulatum macrosporum","Protozoa","subspecies","manually added",2,,"removed"
"Meriderma sauteri carestiae","Protozoa","subspecies","manually added",2,,"removed"
"Meriderma violaceum carestiae","Protozoa","subspecies","manually added",2,,"removed"
"Merismopedia cyanea","Bacteria","species","LPSN",2,"LPSN: correct name","kept (current name or protected)"
"Merismopedia distans","Bacteria","species","LPSN",2,"LPSN: correct name","kept (current name or protected)"
"Merismopedia elegans mandalensis","Bacteria","subspecies","GBIF",2,"not in LPSN","removed"
"Merismopedia glauca amethystina","Bacteria","subspecies","LPSN",2,"LPSN: correct name","kept (current name or protected)"
"Merismopedia glauca mediterranea","Bacteria","subspecies","GBIF",2,"not in LPSN","removed"
"Merismopedia haumanii","Bacteria","species","LPSN",2,"LPSN: correct name","kept (current name or protected)"
"Merismopedia kuetzingii","Bacteria","species","LPSN",2,"LPSN: correct name","kept (current name or protected)"
"Merismopedia massartii","Bacteria","species","LPSN",2,"LPSN: correct name","kept (current name or protected)"
"Merismopedia nova","Bacteria","species","LPSN",2,"LPSN: correct name","kept (current name or protected)"
"Mesorhizobium hungaricum","Bacteria","species","LPSN",2,"LPSN: preferred name","removed"
"Metacoronympha","Protozoa","genus","manually added",2,,"removed"
"Metanema","Protozoa","genus","manually added",2,,"removed"
"Metatrichia ayresii","Protozoa","species","manually added",2,,"removed"
"Metatrichia botrytis lateritia","Protozoa","subspecies","manually added",2,,"removed"
"Metatrichia chalybea","Protozoa","species","manually added",2,,"removed"
"Metatrichia cinnabarina","Protozoa","species","manually added",2,,"removed"
"Metatrichia decaisneana","Protozoa","species","manually added",2,,"removed"
"Metatrichia ellisii","Protozoa","species","manually added",2,,"removed"
"Metatrichia floriforme","Protozoa","species","manually added",2,,"removed"
"Metatrichia fragiformis","Protozoa","species","manually added",2,,"removed"
"Metatrichia lateritia","Protozoa","species","manually added",2,,"removed"
"Metatrichia neesiana","Protozoa","species","manually added",2,,"removed"
"Metatrichia porphyrium","Protozoa","species","manually added",2,,"removed"
"Metatrichia pyriformis","Protozoa","species","manually added",2,,"removed"
"Metatrichia rubiformis","Protozoa","species","manually added",2,,"removed"
"Metatrichia rubiformis laevis","Protozoa","subspecies","manually added",2,,"removed"
"Metatrichia rubiformis minor","Protozoa","subspecies","manually added",2,,"removed"
"Metatrichia rubiformis neesiana","Protozoa","subspecies","manually added",2,,"removed"
"Metatrichia rubiformis plasmodiocarpa","Protozoa","subspecies","manually added",2,,"removed"
"Metatrichia rubiformis plasmodiocarpia","Protozoa","subspecies","manually added",2,,"removed"
"Metatrichia rubiformis pulverulenta","Protozoa","subspecies","manually added",2,,"removed"
"Metatrichia rubiformis sessilis","Protozoa","subspecies","manually added",2,,"removed"
"Metatrichia rubiformis tubulina","Protozoa","subspecies","manually added",2,,"removed"
"Metatrichia vesparia mirabilis","Protozoa","subspecies","manually added",2,,"removed"
"Metatrichia vesparia neesiana","Protozoa","subspecies","manually added",2,,"removed"
"Metatrichia vesparia sessilis","Protozoa","subspecies","manually added",2,,"removed"
"Metatrichia vesparium","Protozoa","species","manually added",2,,"removed"
"Methanobrevibacter arbophilicum","Archaea","species","GBIF",2,"not in LPSN","removed"
"Methanococcus voltaei","Archaea","species","GBIF",2,"not in LPSN","removed"
"Methanoculleus frittonii","Archaea","species","GBIF",2,"not in LPSN","removed"
"Methanoculleus thermophilicum","Archaea","species","GBIF",2,"not in LPSN","removed"
"Methanosarcina frisius","Archaea","species","GBIF",2,"not in LPSN","removed"
"Methanothermobacter thermalcaliphilum","Archaea","species","GBIF",2,"not in LPSN","removed"
"Methanothermobacter thermoalcaliphilum","Archaea","species","GBIF",2,"not in LPSN","removed"
"Methanothermobacter thermoautotrophicum","Archaea","species","GBIF",2,"not in LPSN","removed"
"Methanothermobacter thermoformicicum","Archaea","species","GBIF",2,"not in LPSN","removed"
"Methylobacter bovis","Bacteria","species","GBIF",2,"not in LPSN","removed"
"Methylobacter chroococcus","Bacteria","species","GBIF",2,"not in LPSN","removed"
"Methylobacter vinelandii","Bacteria","species","LPSN",2,"LPSN: preferred name","removed"
"Methylobacterium purpurogena","Bacteria","species","GBIF",1.5,"not in LPSN","removed"
"Methylobacterium purpurogeneiscleroticus","Bacteria","species","GBIF",1.5,"not in LPSN","removed"
"Methylomonas denitrificans","Bacteria","species","LPSN",2,"LPSN: preferred name","removed"
"Methylophilus clara","Bacteria","species","GBIF",2,"not in LPSN","removed"
"Metschnikowia cruciatus","Fungi","species","GBIF",2,,"removed"
"Metschnikowia kobayasii","Fungi","species","GBIF",2,,"removed"
"Metschnikowia pulcherrima rubra","Fungi","subspecies","GBIF",2,,"removed"
"Metschnikowia pulcherrima variabilis","Fungi","subspecies","GBIF",2,,"removed"
"Metschnikowia zygota","Fungi","species","GBIF",2,,"removed"
"Meyerozyma alpina","Fungi","species","GBIF",1.25,,"removed"
"Meyerozyma alpinus","Fungi","species","GBIF",1.25,,"removed"
"Meyerozyma amidevorans","Fungi","species","GBIF",1.25,,"removed"
"Meyerozyma arztii","Fungi","species","GBIF",1.25,,"removed"
"Meyerozyma fukuyamaensis","Fungi","species","GBIF",1.25,,"removed"
"Meyerozyma guilliermondii carpophila","Fungi","subspecies","GBIF",1.25,,"removed"
"Meyerozyma guilliermondii japonica","Fungi","subspecies","GBIF",1.25,,"removed"
"Meyerozyma guilliermondii muhira","Fungi","subspecies","GBIF",1.25,,"removed"
"Meyerozyma guilliermondii pseudoguilliermondii","Fungi","subspecies","GBIF",1.25,,"removed"
"Meyerozyma krausii","Fungi","species","GBIF",1.25,,"removed"
"Meyerozyma lacteus","Fungi","species","GBIF",1.25,,"removed"
"Meyerozyma lacticolor","Fungi","species","GBIF",1.25,,"removed"
"Meyerozyma lustigii","Fungi","species","GBIF",1.25,,"removed"
"Meyerozyma mamillae","Fungi","species","GBIF",1.25,,"removed"
"Meyerozyma melibiosi","Fungi","species","GBIF",1.25,,"removed"
"Meyerozyma muhira","Fungi","species","GBIF",1.25,,"removed"
"Meyerozyma negrii","Fungi","species","GBIF",1.25,,"removed"
"Meyerozyma paranaensis","Fungi","species","GBIF",1.25,,"removed"
"Meyerozyma parapsilosis tuxtlensis","Fungi","subspecies","GBIF",1.25,,"removed"
"Meyerozyma pseudoguilliermondii","Fungi","species","GBIF",1.25,,"removed"
"Microbispora tritici","Bacteria","species","LPSN",2,"LPSN: preferred name","removed"
"Microchlamys patella","Protozoa","species","manually added",2,,"removed"
"Microcoleus lucidum amoenum","Bacteria","subspecies","GBIF",2,"not in LPSN","removed"
"Microcoleus sandbergii","Bacteria","species","GBIF",2,"not in LPSN","removed"
"Microcoleus setcheliana","Bacteria","species","GBIF",2,"not in LPSN","removed"
"Microcoleus terrestris","Bacteria","species","LPSN",2,"LPSN: preferred name","removed"
"Microcystis aeruginosa flos-aquae","Bacteria","subspecies","GBIF",2,"not in LPSN","removed"
"Microcystis aeruginosa protocystis","Bacteria","subspecies","GBIF",2,"not in LPSN","removed"
"Microcystis aeruginosa viridis","Bacteria","subspecies","GBIF",2,"not in LPSN","removed"
"Microcystis cyanea","Bacteria","species","GBIF",2,"not in LPSN","removed"
"Microcystis grevillei pulchra","Bacteria","subspecies","GBIF",2,"not in LPSN","removed"
"Microgemma caulleryi","Fungi","species","manually added",2,,"removed"
"Microgemma ovoideum","Fungi","species","manually added",2,,"removed"
"Microglomus paxillus bicellulare","Protozoa","subspecies","manually added",2,,"removed"
"Microjoenia","Protozoa","genus","manually added",2,,"removed"
"Micromastigotes","Protozoa","genus","manually added",2,,"removed"
"Micromonospora globosa","Bacteria","species","GBIF",2,"not in LPSN","removed"
"Microrhopalodina","Protozoa","genus","manually added",2,,"removed"
"Microsporum audouinii macrosporius","Fungi","subspecies","GBIF",1.25,,"removed"
"Microsporum depauperatus","Fungi","species","GBIF",1.25,,"removed"
"Microsporum ferrugineum uruguayense","Fungi","subspecies","GBIF",1.25,,"removed"
"Microsporum fulva","Fungi","species","GBIF",1.25,,"removed"
"Microsporum fulvus","Fungi","species","GBIF",1.25,,"removed"
"Microsporum gypsea","Fungi","species","GBIF",1.25,,"removed"
"Microsporum gypsea incurvata","Fungi","subspecies","GBIF",1.25,,"removed"
"Microsporum incurvata","Fungi","species","GBIF",1.25,,"removed"
"Microsporum tarda","Fungi","species","GBIF",1.25,,"removed"
"Microsporum tardus","Fungi","species","GBIF",1.25,,"removed"
"Microvirgula dispar","Bacteria","species","GBIF",1.5,"not in LPSN","removed"
"Millerozyma cacao","Fungi","species","GBIF",1.25,,"removed"
"Millerozyma minuscula","Fungi","species","GBIF",1.25,,"removed"
"Millerozyma mogii","Fungi","species","GBIF",1.25,,"removed"
"Millerozyma petrophila","Fungi","species","GBIF",1.25,,"removed"
"Millerozyma sorbitophila","Fungi","species","GBIF",1.25,,"removed"
"Millerozyma tikumaensis","Fungi","species","GBIF",1.25,,"removed"
"Mobiluncus grandis","Bacteria","species","GBIF",1.5,"not in LPSN","removed"
"Mobiluncus vaginalis","Bacteria","species","GBIF",1.5,"not in LPSN","removed"
"Monocercomonas","Protozoa","genus","manually added",2,,"removed"
"Monomorphina nordstedtii","Protozoa","species","manually added",2,,"removed"
"Monomorphina pseudonordstedtii","Protozoa","species","manually added",2,,"removed"
"Monomorphina pyrum pseudonordstedtii","Protozoa","subspecies","manually added",2,,"removed"
"Moorella thermaceticum","Bacteria","species","GBIF",2,"not in LPSN","removed"
"Moorella thermautotrophicum","Bacteria","species","GBIF",2,"not in LPSN","removed"
"Moorella thermoaceticum","Bacteria","species","GBIF",2,"not in LPSN","removed"
"Moorella thermoautotrophicum","Bacteria","species","GBIF",2,"not in LPSN","removed"
"Morganella benjamin","Bacteria","species","GBIF",1,"not in LPSN","removed"
"Mortierella chlamydosporum","Fungi","species","GBIF",1.25,,"removed"
"Mortierella fasciculatum","Fungi","species","GBIF",1.25,,"removed"
"Mortierella gracile","Fungi","species","GBIF",1.25,,"removed"
"Mortierella paolettianus","Fungi","species","GBIF",1.25,,"removed"
"Mrazekia hematobium","Fungi","species","manually added",2,,"removed"
"Mucilago","Protozoa","genus","manually added",2,,"status 'unknown' (has children that are kept)"
"Mucilago alba","Protozoa","species","manually added",2,,"removed"
"Mucilago alba cornuta","Protozoa","subspecies","manually added",2,,"removed"
"Mucilago alba dictyospora","Protozoa","subspecies","manually added",2,,"removed"
"Mucilago alba laminosa","Protozoa","subspecies","manually added",2,,"removed"
"Mucilago alba mucilago","Protozoa","subspecies","manually added",2,,"removed"
"Mucilago alba solida","Protozoa","subspecies","manually added",2,,"removed"
"Mucilago cornuta","Protozoa","species","manually added",2,,"removed"
"Mucilago crustacea dictyospora","Protozoa","subspecies","manually added",2,,"removed"
"Mucilago dictyospora","Protozoa","species","manually added",2,,"removed"
"Mucilago mucilago","Protozoa","species","manually added",2,,"removed"
"Mucilago solida","Protozoa","species","manually added",2,,"removed"
"Mucilago spongiosa","Protozoa","species","manually added",2,,"removed"
"Mucilago spongiosa dictyospora","Protozoa","subspecies","manually added",2,,"removed"
"Mucilago spongiosa solida","Protozoa","subspecies","manually added",2,,"removed"
"Mucilago spongiosus","Protozoa","species","manually added",2,,"removed"
"Mucilago spumariaeforme","Protozoa","species","manually added",2,,"removed"
"Mucilago spumariiforme","Protozoa","species","manually added",2,,"removed"
"Mucor bernardii","Fungi","species","GBIF",1.25,,"removed"
"Mucor californiensis","Fungi","species","GBIF",1.25,,"removed"
"Mucor circinans","Fungi","species","MycoBank",1.25,,"removed"
"Mucor circinelloides mandshuricus","Fungi","subspecies","GBIF",1.25,,"removed"
"Mucor dangeardii","Fungi","species","GBIF",1.25,,"removed"
"Mucor exponens exponens","Fungi","subspecies","GBIF",1.25,,"removed"
"Mucor exponens smithii","Fungi","subspecies","GBIF",1.25,,"removed"
"Mucor furfuraceus","Fungi","species","manually added",1.25,,"removed"
"Mucor griseocinereus","Fungi","species","GBIF",1.25,,"removed"
"Mucor microsporus microsporus","Fungi","subspecies","GBIF",1.25,,"removed"
"Mucor minima","Fungi","species","GBIF",1.25,,"removed"
"Mucor murorum coloratus","Fungi","subspecies","GBIF",1.25,,"removed"
"Mucor murorum macrosporus","Fungi","subspecies","GBIF",1.25,,"removed"
"Mucor murorum robustus","Fungi","subspecies","GBIF",1.25,,"removed"
"Mucor murorum rufescens","Fungi","subspecies","GBIF",1.25,,"removed"
"Mucor petropolitanus macrosporus","Fungi","subspecies","GBIF",1.25,,"removed"
"Mucor phosphoreus","Fungi","species","GBIF",1.25,,"removed"
"Mucor pirelloides","Fungi","species","MycoBank",1.25,,"removed"
"Mucor polygonosporus","Fungi","species","GBIF",1.25,,"removed"
"Mucor racemosus griseosporus","Fungi","subspecies","GBIF",1.25,,"removed"
"Mucor sciurinus attenuatus","Fungi","subspecies","GBIF",1.25,,"removed"
"Mucor stercorea","Fungi","species","GBIF",1.25,,"removed"
"Mucor tenella","Fungi","species","GBIF",1.25,,"removed"
"Mucor verruculosus","Fungi","species","GBIF",1.25,,"removed"
"Mucor viridis","Fungi","species","GBIF",1.25,,"removed"
"Mucor vuilleminii","Fungi","species","GBIF",1.25,,"removed"
"Mucor vuilleminii agamus","Fungi","subspecies","GBIF",1.25,,"removed"
"Mucor vuilleminii albus","Fungi","subspecies","GBIF",1.25,,"removed"
"Mucor vuilleminii dangeardii","Fungi","subspecies","GBIF",1.25,,"removed"
"Mucor vuilleminii vuilleminii","Fungi","subspecies","GBIF",1.25,,"removed"
"Mucor vulgaris","Fungi","species","GBIF",1.25,,"removed"
"Mycobacterium acapulense","Bacteria","species","GBIF",1,"not in LPSN","removed"
"Mycobacterium liflandii","Bacteria","species","LPSN",1,"LPSN: preferred name","removed"
"Mycobacterium novum","Bacteria","species","GBIF",1,"not in LPSN","removed"
"Mycobacterium sinensis","Bacteria","species","GBIF",1,"not in LPSN","removed"
"Mycoblastaceae","Fungi","family","manually added",2,,"status 'unknown' (has children that are kept)"
"Mycocaliciaceae","Fungi","family","manually added",2,,"status 'unknown' (has children that are kept)"
"Mycocentrospora ailanthi","Fungi","species","GBIF",1.25,,"removed"
"Mycocentrospora anemonis","Fungi","species","GBIF",1.25,,"removed"
"Mycocentrospora callosa","Fungi","species","GBIF",1.25,,"removed"
"Mycocentrospora cari","Fungi","species","GBIF",1.25,,"removed"
"Mycocentrospora flagellifera","Fungi","species","GBIF",1.25,,"removed"
"Mycocentrospora macrospora","Fungi","species","GBIF",1.25,,"removed"
"Mycocentrospora ohlsenii","Fungi","species","GBIF",1.25,,"removed"
"Mycocentrospora praelonga","Fungi","species","GBIF",1.25,,"removed"
"Mycocentrospora ulmicola","Fungi","species","GBIF",1.25,,"removed"
"Mycoglaena","Fungi","genus","manually added",2,,"status 'unknown' (has children that are kept)"
"Mycoplasma wenyonii","Bacteria","species","LPSN",1.5,"LPSN: synonym of Eperythrozoon wenyonii corrig","removed"
"Mycoplasma zalophidermidis","Bacteria","species","GBIF",1.5,"not in LPSN","removed"
"Myriostoma","Fungi","genus","manually added",2,,"status 'unknown' (has children that are kept)"
"Myxomycetes mangini","Protozoa","species","manually added",2,,"removed"
"Naganishia gelatinosa","Fungi","species","GBIF",1.25,,"removed"
"Najadospirifer","Protozoa","genus","manually added",2,,"removed"
"Nakazawaea silvicola","Fungi","species","GBIF",2,,"removed"
"Nannizzia cajetani","Fungi","species","GBIF",1.25,,"removed"
"Nannobarbophora","Protozoa","genus","manually added",2,,"removed"
"Narcarvonia","Protozoa","genus","manually added",2,,"removed"
"Natrinema jeotgali","Archaea","species","GBIF",2,"not in LPSN","removed"
"Nectria aquaticus","Fungi","species","GBIF",1.25,,"removed"
"Nectria chlorellum","Fungi","species","GBIF",1.25,,"removed"
"Nectria cinnabarina amygdalina","Fungi","subspecies","GBIF",1.25,,"removed"
"Nectria corynespora","Fungi","species","GBIF",1.25,,"removed"
"Nectria flavoviride","Fungi","species","GBIF",1.25,,"removed"
"Nectria fragiformis","Fungi","species","GBIF",1.25,,"removed"
"Nectria munitus","Fungi","species","GBIF",1.25,,"removed"
"Nectria novae-zelandiae","Fungi","species","GBIF",1.25,,"removed"
"Nectria obtusiusculum","Fungi","species","GBIF",1.25,,"removed"
"Nectria ocelliferus","Fungi","species","GBIF",1.25,,"removed"
"Nectria oxysporum obtusiusculum","Fungi","subspecies","GBIF",1.25,,"removed"
"Nectria pseudotrichia australiensis","Fungi","subspecies","GBIF",1.25,,"removed"
"Nectria pseudotrichia oligospora","Fungi","subspecies","GBIF",1.25,,"removed"
"Nectria purpurata","Fungi","species","GBIF",1.25,,"removed"
"Nectria resinae","Fungi","species","manually added",1.25,,"removed"
"Nectria sarmentorum","Fungi","species","GBIF",1.25,,"removed"
"Nectria tuberculariformis caulincola","Fungi","subspecies","GBIF",1.25,,"removed"
"Nectria vulgaris betulae","Fungi","subspecies","GBIF",1.25,,"removed"
"Nectria vulgaris corchori","Fungi","subspecies","GBIF",1.25,,"removed"
"Nectria vulgaris georginae","Fungi","subspecies","GBIF",1.25,,"removed"
"Nectria vulgaris purpurata","Fungi","subspecies","GBIF",1.25,,"removed"
"Nectria vulgaris ribis","Fungi","subspecies","GBIF",1.25,,"removed"
"Nectria vulgaris rubi","Fungi","subspecies","GBIF",1.25,,"removed"
"Nectria vulgaris sarmentorum","Fungi","subspecies","GBIF",1.25,,"removed"
"Nectria vulgaris stipitata","Fungi","subspecies","GBIF",1.25,,"removed"
"Nectria vulgaris subsessilis","Fungi","subspecies","GBIF",1.25,,"removed"
"Nectria vulpinum","Fungi","species","GBIF",1.25,,"removed"
"Neogarnia","Chromista","genus","GBIF",2,,"removed"
"Neoperezia","Fungi","genus","manually added",2,,"status 'unknown' (has children that are kept)"
"Neosartorya clavatus","Fungi","species","manually added",2,,"removed"
"Nephroma","Fungi","genus","manually added",2,,"status 'unknown' (has children that are kept)"
"Nephromataceae","Fungi","family","manually added",2,,"status 'unknown' (has children that are kept)"
"Nitrincola nitratireducens","Bacteria","species","LPSN",2,"LPSN: preferred name","removed"
"Nocardia violaceofusca","Bacteria","species","GBIF",1.5,"not in LPSN","removed"
"Nocardiopsis flavidofuscus","Bacteria","species","GBIF",1.5,"not in LPSN","removed"
"Nodamastix","Protozoa","genus","manually added",2,,"removed"
"Nodularia harveyana sphaerocarpa","Bacteria","subspecies","GBIF",2,"not in LPSN","removed"
"Nonomuraea carminata","Bacteria","species","GBIF",2,"not in LPSN","removed"
"Nosema gasti","Fungi","species","GBIF",2,,"removed"
"Nosema pyraustae","Fungi","species","GBIF",2,,"removed"
"Nosema stegomyiae","Fungi","species","GBIF",2,,"removed"
"Nostoc coeruleum planctonicum","Bacteria","subspecies","GBIF",2,"not in LPSN","removed"
"Nostoc confusum","Bacteria","species","GBIF",2,"not in LPSN","removed"
"Nostoc hederulae","Bacteria","species","LPSN",2,"LPSN: correct name","kept (current name or protected)"
"Nostoc intricata","Bacteria","species","GBIF",2,"not in LPSN","removed"
"Nostoc intricatum","Bacteria","species","GBIF",2,"not in LPSN","removed"
"Nostoc nostoc","Bacteria","species","GBIF",2,"not in LPSN","removed"
"Notoselenus obliquus","Protozoa","species","manually added",2,,"removed"
"Novosphingobium stygia","Bacteria","species","GBIF",2,"not in LPSN","removed"
"Novosphingobium subarctica","Bacteria","species","GBIF",2,"not in LPSN","removed"
"Nutomonas","Protozoa","genus","manually added",2,,"removed"
"Oceanicella xiamenense","Bacteria","species","GBIF",2,"not in LPSN","removed"
"Ochroconis macrosporum","Fungi","species","GBIF",1.25,,"removed"
"Ochroconis minimum","Fungi","species","GBIF",1.25,,"removed"
"Ochroconis variabile","Fungi","species","GBIF",1.25,,"removed"
"Ochroconis variabile chlamydosporis","Fungi","subspecies","GBIF",1.25,,"removed"
"Octomitus","Protozoa","genus","manually added",2,,"removed"
"Oidiodendron tenuissima nigra","Fungi","subspecies","GBIF",1.25,,"removed"
"Oligonema abrupta","Protozoa","species","manually added",2,,"removed"
"Oligonema affinis","Protozoa","species","manually added",2,,"removed"
"Oligonema affinis jackii","Protozoa","subspecies","manually added",2,,"removed"
"Oligonema annulifera","Protozoa","species","manually added",2,,"removed"
"Oligonema balfourii","Protozoa","species","manually added",2,,"removed"
"Oligonema bavarica","Protozoa","species","manually added",2,,"removed"
"Oligonema bavaricum","Protozoa","species","manually added",2,,"removed"
"Oligonema brevifilum","Protozoa","species","manually added",2,,"removed"
"Oligonema chrysosperma","Protozoa","species","manually added",2,,"removed"
"Oligonema chrysospermus","Protozoa","species","manually added",2,,"removed"
"Oligonema drakeae","Protozoa","species","manually added",2,,"removed"
"Oligonema drakei","Protozoa","species","manually added",2,,"removed"
"Oligonema favoginea","Protozoa","species","manually added",2,,"removed"
"Oligonema favoginea persimilis","Protozoa","subspecies","manually added",2,,"removed"
"Oligonema flavida","Protozoa","species","manually added",2,,"removed"
"Oligonema flavidum brevifilum","Protozoa","subspecies","manually added",2,,"removed"
"Oligonema helvetica","Protozoa","species","manually added",2,,"removed"
"Oligonema intermedia","Protozoa","species","manually added",2,,"removed"
"Oligonema jackii","Protozoa","species","manually added",2,,"removed"
"Oligonema kalbreyeri","Protozoa","species","manually added",2,,"removed"
"Oligonema kickxii","Protozoa","species","manually added",2,,"removed"
"Oligonema minutulum","Protozoa","species","manually added",2,,"removed"
"Oligonema nitens","Protozoa","species","manually added",2,,"removed"
"Oligonema nitens anomalum","Protozoa","subspecies","manually added",2,,"removed"
"Oligonema persimilis","Protozoa","species","manually added",2,,"removed"
"Oligonema persimilis abrupta","Protozoa","subspecies","manually added",2,,"removed"
"Oligonema persimilis intermedia","Protozoa","subspecies","manually added",2,,"removed"
"Oligonema proximella","Protozoa","species","manually added",2,,"removed"
"Oligonema pulchella","Protozoa","species","manually added",2,,"removed"
"Oligonema pusilla","Protozoa","species","manually added",2,,"removed"
"Oligonema sulphurea","Protozoa","species","manually added",2,,"removed"
"Oligonema superba","Protozoa","species","manually added",2,,"removed"
"Oligonema verrucosa","Protozoa","species","manually added",2,,"removed"
"Ommatartus tetrahalamus tetrathalamus","Protozoa","subspecies","manually added",2,,"removed"
"Opisthorchis conus","Animalia","species","GBIF",1.25,,"removed"
"Opisthorchis winogradoffi","Animalia","species","GBIF",1.25,,"removed"
"Ordospora durforti","Fungi","species","manually added",2,,"removed"
"Orphniospora","Fungi","genus","manually added",2,,"status 'unknown' (has children that are kept)"
"Orthothelohania octosporus","Fungi","species","manually added",2,,"removed"
"Oscillatoria acuminatum","Bacteria","species","GBIF",2,"not in LPSN","removed"
"Oscillatoria amoena chlorina","Bacteria","subspecies","GBIF",2,"not in LPSN","removed"
"Oscillatoria colubrina","Bacteria","species","GBIF",2,"not in LPSN","removed"
"Oscillatoria curviceps angusta","Bacteria","subspecies","GBIF",2,"not in LPSN","removed"
"Oscillatoria grossegranulatum","Bacteria","species","GBIF",2,"not in LPSN","removed"
"Oscillatoria metaphyticum","Bacteria","species","GBIF",2,"not in LPSN","removed"
"Oscillatoria neotenue","Bacteria","species","GBIF",2,"not in LPSN","removed"
"Oscillatoria ornata crassa","Bacteria","subspecies","GBIF",2,"not in LPSN","removed"
"Oscillatoria tenuis levis","Bacteria","subspecies","GBIF",2,"not in LPSN","removed"
"Oscillatoria tenuis limosa","Bacteria","subspecies","GBIF",2,"not in LPSN","removed"
"Oscillatoria terebriformis beggiatoiformis","Bacteria","subspecies","GBIF",2,"not in LPSN","removed"
"Ovavesicula","Fungi","genus","manually added",2,,"status 'unknown' (has children that are kept)"
"Ovulinata parva","Protozoa","species","manually added",2,,"removed"
"Ovum","Protozoa","genus","manually added",2,,"status 'unknown' (has children that are kept)"
"Oxymonadidae","Protozoa","family","manually added",2,,"status 'unknown' (has children that are kept)"
"Paecilomyces dermatophagum","Fungi","species","GBIF",1.25,,"removed"
"Paecilomyces elegans muscorum","Fungi","subspecies","GBIF",1.25,,"removed"
"Paecilomyces fimetaria","Fungi","species","GBIF",1.25,,"removed"
"Paecilomyces mandshuricum","Fungi","species","GBIF",1.25,,"removed"
"Paecilomyces nivea lagunculariae","Fungi","subspecies","GBIF",1.25,,"removed"
"Paecilomyces penicillata","Fungi","species","GBIF",1.25,,"removed"
"Paecilomyces viniferum","Fungi","species","GBIF",1.25,,"removed"
"Paenibacillus cookie","Bacteria","species","GBIF",1.5,"not in LPSN","removed"
"Paeniclostridium ghoni","Bacteria","species","GBIF",1.5,"not in LPSN","removed"
"Paenirhodobacter hungdaonensis","Bacteria","species","GBIF",2,"not in LPSN","removed"
"Palaeoharpastum","Protozoa","genus","manually added",2,,"removed"
"Palavascia beaufortae","Protozoa","species","manually added",2,,"removed"
"Pannaria","Fungi","genus","manually added",2,,"status 'unknown' (has children that are kept)"
"Pannus punctiferum","Bacteria","species","GBIF",2,"not in LPSN","removed"
"Pantoea herbicola","Bacteria","species","LPSN",1.5,"LPSN: preferred name","removed"
"Pantoea hericii","Bacteria","species","LPSN",1.5,"LPSN: preferred name","removed"
"Pantoea milletiae","Bacteria","species","GBIF",1.5,"not in LPSN","removed"
"Pantoea pleuroti","Bacteria","species","LPSN",1.5,"LPSN: preferred name","removed"
"Pantoea uredovora","Bacteria","species","GBIF",1.5,"not in LPSN","removed"
"Papernaia","Chromista","genus","GBIF",2,,"removed"
"Papinochium","Protozoa","genus","manually added",2,,"removed"
"Parabacteroides provencensis","Bacteria","species","LPSN",1.5,"LPSN: preferred name","removed"
"Parachaos zoochlorellae","Protozoa","species","manually added",2,,"removed"
"Paraclostridium massiliensis","Bacteria","species","GBIF",1.5,"not in LPSN","removed"
"Paracoccus rapidicrescens","Bacteria","species","GBIF",1.5,"not in LPSN","removed"
"Paradiacheopsis fimbriata penicillata","Protozoa","subspecies","manually added",2,,"removed"
"Paradiacheopsis laxa microcarpa","Protozoa","subspecies","manually added",2,,"removed"
"Paradiacheopsis laxa rigida","Protozoa","subspecies","manually added",2,,"removed"
"Paradiacheopsis penicillata","Protozoa","species","manually added",2,,"removed"
"Paramecioides","Protozoa","genus","manually added",2,,"removed"
"Paraoerskovia algae","Bacteria","species","GBIF",2,"not in LPSN","removed"
"Parastasia","Protozoa","genus","manually added",2,,"removed"
"Parastasiella","Protozoa","genus","manually added",2,,"removed"
"Parataeniella binucleata","Protozoa","species","manually added",2,,"removed"
"Parataeniella intermedia","Protozoa","species","manually added",2,,"removed"
"Parvimonas glycinophilus","Bacteria","species","GBIF",1.5,"not in LPSN","removed"
"Parvimonas micros","Bacteria","species","LPSN",1.5,"LPSN: preferred name","removed"
"Passalomyces compressa","Protozoa","species","manually added",2,,"removed"
"Paucilobimorpha","Protozoa","genus","manually added",2,,"removed"
"Pectobacterium carotovora atroseptica","Bacteria","subspecies","GBIF",2,"not in LPSN","removed"
"Pectobacterium carotovora betavasculorum","Bacteria","subspecies","GBIF",2,"not in LPSN","removed"
"Pectobacterium carotovora carotovora","Bacteria","subspecies","GBIF",2,"not in LPSN","removed"
"Pectobacterium carotovora odorifera","Bacteria","subspecies","GBIF",2,"not in LPSN","removed"
"Pectobacterium carotovora wasabiae","Bacteria","subspecies","GBIF",2,"not in LPSN","removed"
"Pelomyxa","Protozoa","genus","manually added",2,,"status 'unknown' (has children that are kept)"
"Peltigera","Fungi","genus","manually added",2,,"status 'unknown' (has children that are kept)"
"Peltulaceae","Fungi","family","manually added",2,,"status 'unknown' (has children that are kept)"
"Pentatrichomonas","Protozoa","genus","manually added",2,,"status 'unknown' (has children that are kept)"
"Peranema macromastix","Protozoa","species","manually added",2,,"removed"
"Peranema trichophorum","Protozoa","species","manually added",2,,"removed"
"Peranemopsis trichophorus","Protozoa","species","manually added",2,,"removed"
"Peribacillus cihuensis","Bacteria","species","GBIF",2,"not in LPSN","removed"
"Perichaena abietina","Protozoa","species","manually added",2,,"removed"
"Perichaena applanata","Protozoa","species","manually added",2,,"removed"
"Perichaena artocreas","Protozoa","species","manually added",2,,"removed"
"Perichaena australe","Protozoa","species","manually added",2,,"removed"
"Perichaena australis","Protozoa","species","manually added",2,,"removed"
"Perichaena broomei","Protozoa","species","manually added",2,,"removed"
"Perichaena canoflavescens","Protozoa","species","manually added",2,,"removed"
"Perichaena chrysosperma wrightii","Protozoa","subspecies","manually added",2,,"removed"
"Perichaena circumscissa","Protozoa","species","manually added",2,,"removed"
"Perichaena circumscissa abietina","Protozoa","subspecies","manually added",2,,"removed"
"Perichaena circumscissa populina","Protozoa","subspecies","manually added",2,,"removed"
"Perichaena circumscissa scabra","Protozoa","subspecies","manually added",2,,"removed"
"Perichaena circumscissa spinosa","Protozoa","subspecies","manually added",2,,"removed"
"Perichaena corticale","Protozoa","species","manually added",2,,"removed"
"Perichaena corticalis affinis","Protozoa","subspecies","manually added",2,,"removed"
"Perichaena corticalis corticalis","Protozoa","subspecies","manually added",2,,"removed"
"Perichaena corticalis liceoides","Protozoa","subspecies","manually added",2,,"removed"
"Perichaena corticalis marginata","Protozoa","subspecies","manually added",2,,"removed"
"Perichaena corticalis ochrospora","Protozoa","subspecies","manually added",2,,"removed"
"Perichaena curreyi","Protozoa","species","manually added",2,,"removed"
"Perichaena depressa quadrata","Protozoa","subspecies","manually added",2,,"removed"
"Perichaena depressum","Protozoa","species","manually added",2,,"removed"
"Perichaena dictyocarpa","Protozoa","species","manually added",2,,"removed"
"Perichaena fuscoatra","Protozoa","species","manually added",2,,"removed"
"Perichaena gymnosperma","Protozoa","species","manually added",2,,"removed"
"Perichaena irregularis","Protozoa","species","manually added",2,,"removed"
"Perichaena luteoalbum","Protozoa","species","manually added",2,,"removed"
"Perichaena luteolum","Protozoa","species","manually added",2,,"removed"
"Perichaena marginata","Protozoa","species","manually added",2,,"removed"
"Perichaena melanopeziza","Protozoa","species","manually added",2,,"removed"
"Perichaena nitens","Protozoa","species","manually added",2,,"removed"
"Perichaena ochrospora","Protozoa","species","manually added",2,,"removed"
"Perichaena pannorum","Protozoa","species","manually added",2,,"removed"
"Perichaena perichaenoides","Protozoa","species","manually added",2,,"removed"
"Perichaena populina","Protozoa","species","manually added",2,,"removed"
"Perichaena populina affinis","Protozoa","subspecies","manually added",2,,"removed"
"Perichaena populina sorbea","Protozoa","subspecies","manually added",2,,"removed"
"Perichaena pygmaeus","Protozoa","species","manually added",2,,"removed"
"Perichaena rostafinskii","Protozoa","species","manually added",2,,"removed"
"Perichaena sessile","Protozoa","species","manually added",2,,"removed"
"Perichaena sessilis","Protozoa","species","manually added",2,,"removed"
"Perichaena wrightii","Protozoa","species","manually added",2,,"removed"
"Perkinsela","Protozoa","genus","manually added",2,,"removed"
"Petalomonas mediocanellata angusta","Protozoa","subspecies","manually added",2,,"removed"
"Petalonema heppii","Bacteria","species","GBIF",2,"not in LPSN","removed"
"Petalonema rupestris","Bacteria","species","GBIF",2,"not in LPSN","removed"
"Phacus accuminatus minor","Protozoa","subspecies","manually added",2,,"removed"
"Phacus aenigmatica","Protozoa","species","manually added",2,,"removed"
"Phacus caudatus polonicus","Protozoa","subspecies","manually added",2,,"removed"
"Phacus corculum","Protozoa","species","manually added",2,,"removed"
"Phacus curvicauda anomalus","Protozoa","subspecies","manually added",2,,"removed"
"Phacus helicoides","Protozoa","species","manually added",2,,"removed"
"Phacus hispidulus suecicus","Protozoa","subspecies","manually added",2,,"removed"
"Phacus longicauda ovalis","Protozoa","subspecies","manually added",2,,"removed"
"Phacus longicauda ovata","Protozoa","subspecies","manually added",2,,"removed"
"Phacus longicauda torta","Protozoa","subspecies","manually added",2,,"removed"
"Phacus longicauda tortus","Protozoa","subspecies","manually added",2,,"removed"
"Phacus longicauda vixtorta","Protozoa","subspecies","manually added",2,,"removed"
"Phacus macrostigma","Protozoa","species","manually added",2,,"removed"
"Phacus monilata","Protozoa","species","manually added",2,,"removed"
"Phacus moniliata","Protozoa","species","manually added",2,,"removed"
"Phacus moniliata suecica","Protozoa","subspecies","manually added",2,,"removed"
"Phacus moniliata suecicus","Protozoa","subspecies","manually added",2,,"removed"
"Phacus morii insecta","Protozoa","subspecies","manually added",2,,"removed"
"Phacus orbicularis zmudae","Protozoa","subspecies","manually added",2,,"removed"
"Phacus parvulus pusillus","Protozoa","subspecies","manually added",2,,"removed"
"Phacus pleuronectes brevicaudata","Protozoa","subspecies","manually added",2,,"removed"
"Phacus pleuronectes hamelii","Protozoa","subspecies","manually added",2,,"removed"
"Phacus pleuronectes rothertii","Protozoa","subspecies","manually added",2,,"removed"
"Phacus pyrum costata","Protozoa","subspecies","manually added",2,,"removed"
"Phacus subsalsus","Protozoa","species","manually added",2,,"removed"
"Phacus triquetra","Protozoa","species","manually added",2,,"removed"
"Phaeoacremonium alnicola","Fungi","species","GBIF",1.25,,"removed"
"Phaeoacremonium novae-zealandiae","Fungi","species","GBIF",1.25,,"removed"
"Phaeoacremonium paniculata","Fungi","species","GBIF",1.25,,"removed"
"Phallus","Fungi","genus","manually added",2,,"status 'unknown' (has children that are kept)"
"Phialophora pedrosoi phialophora","Fungi","subspecies","GBIF",1.25,,"removed"
"Phlebotomus fourtoni","Animalia","species","GBIF",1.25,,"removed"
"Phlebotomus krimensis","Animalia","species","GBIF",1.25,,"removed"
"Phlebotomus minutus","Animalia","species","GBIF",1.25,,"removed"
"Phlebotomus molesta","Animalia","species","GBIF",1.25,,"removed"
"Phlebotomus nitzulescui","Animalia","species","GBIF",1.25,,"removed"
"Phlebotomus tauriae","Animalia","species","GBIF",1.25,,"removed"
"Phocaeicola gallinaceus","Bacteria","species","LPSN",1.5,"LPSN: synonym of Bacteroides gallinaceus corrig","removed"
"Phoma astragalinus","Fungi","species","GBIF",1.25,,"removed"
"Phoma buddleiae","Fungi","species","GBIF",1.25,,"removed"
"Phoma cannae","Fungi","species","GBIF",1.25,,"removed"
"Phoma caricicola caricis-nitidae","Fungi","subspecies","GBIF",1.25,,"removed"
"Phoma caricivora","Fungi","species","GBIF",1.25,,"removed"
"Phoma cicerina","Fungi","species","GBIF",1.25,,"removed"
"Phoma circinata","Fungi","species","GBIF",1.25,,"removed"
"Phoma cucurbitacearum cucumis-calocynthi","Fungi","subspecies","GBIF",1.25,,"removed"
"Phoma curreyi","Fungi","species","GBIF",1.25,,"removed"
"Phoma cytospora","Fungi","species","manually added",1.25,,"removed"
"Phoma dentariae","Fungi","species","manually added",1.25,,"removed"
"Phoma filarszkyanus","Fungi","species","GBIF",1.25,,"removed"
"Phoma glycyrrhizae","Fungi","species","GBIF",1.25,,"removed"
"Phoma ilicis euonymi","Fungi","subspecies","GBIF",1.25,,"removed"
"Phoma solieri foliicola","Fungi","subspecies","GBIF",1.25,,"removed"
"Phoma striaeformis hysteriola","Fungi","subspecies","GBIF",1.25,,"removed"
"Phoma syriacus","Fungi","species","GBIF",1.25,,"removed"
"Phoma zingiberi","Fungi","species","GBIF",1.25,,"removed"
"Phormidium allorgei crassior","Bacteria","subspecies","GBIF",2,"not in LPSN","removed"
"Phormidium amoena","Bacteria","species","GBIF",2,"not in LPSN","removed"
"Phormidium bourrellyana","Bacteria","species","GBIF",2,"not in LPSN","removed"
"Phormidium brevis neapolitana","Bacteria","subspecies","GBIF",2,"not in LPSN","removed"
"Phormidium chlorina","Bacteria","species","GBIF",2,"not in LPSN","removed"
"Phormidium corium capitatum","Bacteria","subspecies","GBIF",2,"not in LPSN","removed"
"Phormidium exposirum","Bacteria","species","GBIF",2,"not in LPSN","removed"
"Phormidium favosa","Bacteria","species","GBIF",2,"not in LPSN","removed"
"Phormidium gomontiana","Bacteria","species","GBIF",2,"not in LPSN","removed"
"Phormidium gracilis","Bacteria","species","GBIF",2,"not in LPSN","removed"
"Phormidium gracilis monilis","Bacteria","subspecies","GBIF",2,"not in LPSN","removed"
"Phormidium grunowiana articulata","Bacteria","subspecies","GBIF",2,"not in LPSN","removed"
"Phormidium hodenii","Bacteria","species","GBIF",2,"not in LPSN","removed"
"Phormidium lurida","Bacteria","species","GBIF",2,"not in LPSN","removed"
"Phormidium neapolitana","Bacteria","species","GBIF",2,"not in LPSN","removed"
"Phormidium nigro-viridis","Bacteria","species","GBIF",2,"not in LPSN","removed"
"Phormidium phormidium","Bacteria","species","GBIF",2,"not in LPSN","removed"
"Phormidium producta","Bacteria","species","GBIF",2,"not in LPSN","removed"
"Phormidium subfuscum johannianum","Bacteria","subspecies","GBIF",2,"not in LPSN","removed"
"Phormidium tenuis neapolitana","Bacteria","subspecies","GBIF",2,"not in LPSN","removed"
"Phormidium tenuis tergestina","Bacteria","subspecies","GBIF",2,"not in LPSN","removed"
"Phormidium terebriformis brevis","Bacteria","subspecies","GBIF",2,"not in LPSN","removed"
"Physarella hians","Protozoa","species","manually added",2,,"removed"
"Physarella inflatum","Protozoa","species","manually added",2,,"removed"
"Physarella lusitanica","Protozoa","species","manually added",2,,"removed"
"Physarella mirabile","Protozoa","species","manually added",2,,"removed"
"Physarella mirabilis","Protozoa","species","manually added",2,,"removed"
"Physarella oblonga alba","Protozoa","subspecies","manually added",2,,"removed"
"Physarella oblonga lusitanica","Protozoa","subspecies","manually added",2,,"removed"
"Physarella pseudoaecidium","Protozoa","species","manually added",2,,"removed"
"Physarella rufibasis","Protozoa","species","manually added",2,,"removed"
"Physarum","Protozoa","genus","manually added",2,,"status 'unknown' (has children that are kept)"
"Physarum abundans leucophaeum","Protozoa","subspecies","manually added",2,,"removed"
"Physarum affine","Protozoa","species","manually added",2,,"removed"
"Physarum alba","Protozoa","species","manually added",2,,"removed"
"Physarum alba didymium","Protozoa","subspecies","manually added",2,,"removed"
"Physarum albicans","Protozoa","species","manually added",2,,"removed"
"Physarum albipes","Protozoa","species","manually added",2,,"removed"
"Physarum albopunctatum","Protozoa","species","manually added",2,,"removed"
"Physarum album subtile","Protozoa","subspecies","manually added",2,,"removed"
"Physarum albus","Protozoa","species","manually added",2,,"removed"
"Physarum alpinum albescens","Protozoa","subspecies","manually added",2,,"removed"
"Physarum alpinum badhamioides","Protozoa","subspecies","manually added",2,,"removed"
"Physarum alpinum pallidosporeum","Protozoa","subspecies","manually added",2,,"removed"
"Physarum apiculospora","Protozoa","species","manually added",2,,"removed"
"Physarum atra","Protozoa","species","manually added",2,,"removed"
"Physarum atrorubrum","Protozoa","species","manually added",2,,"removed"
"Physarum atrum","Protozoa","species","manually added",2,,"removed"
"Physarum aurantia","Protozoa","species","manually added",2,,"removed"
"Physarum aurantium","Protozoa","species","manually added",2,,"removed"
"Physarum aurantium rufipes","Protozoa","subspecies","manually added",2,,"removed"
"Physarum aurantius","Protozoa","species","manually added",2,,"removed"
"Physarum aurantius aurantium","Protozoa","subspecies","manually added",2,,"removed"
"Physarum aureum","Protozoa","species","manually added",2,,"removed"
"Physarum aureum chrysopus","Protozoa","subspecies","manually added",2,,"removed"
"Physarum australe","Protozoa","species","manually added",2,,"removed"
"Physarum barteri","Protozoa","species","manually added",2,,"removed"
"Physarum berkeleyanum","Protozoa","species","manually added",2,,"removed"
"Physarum berkeleyi","Protozoa","species","manually added",2,,"removed"
"Physarum bicolor","Protozoa","species","manually added",2,,"removed"
"Physarum bilgramii","Protozoa","species","manually added",2,,"removed"
"Physarum bogoriense matsumotoi","Protozoa","subspecies","manually added",2,,"removed"
"Physarum bulbiforme","Protozoa","species","manually added",2,,"removed"
"Physarum bullatum","Protozoa","species","manually added",2,,"removed"
"Physarum caesium","Protozoa","species","manually added",2,,"removed"
"Physarum caespitosum","Protozoa","species","manually added",2,,"removed"
"Physarum calidris","Protozoa","species","manually added",2,,"removed"
"Physarum calvescens","Protozoa","species","manually added",2,,"removed"
"Physarum candidum","Protozoa","species","manually added",2,,"removed"
"Physarum capense","Protozoa","species","manually added",2,,"removed"
"Physarum carlylei","Protozoa","species","manually added",2,,"removed"
"Physarum cerebrinum","Protozoa","species","manually added",2,,"removed"
"Physarum cernua","Protozoa","species","manually added",2,,"removed"
"Physarum cernua deflexa","Protozoa","subspecies","manually added",2,,"removed"
"Physarum cernua rigida","Protozoa","subspecies","manually added",2,,"removed"
"Physarum cernuum","Protozoa","species","manually added",2,,"removed"
"Physarum chrysopeplum","Protozoa","species","manually added",2,,"removed"
"Physarum chrysopus","Protozoa","species","manually added",2,,"removed"
"Physarum chrysotricha","Protozoa","species","manually added",2,,"removed"
"Physarum chrysotrichum","Protozoa","species","manually added",2,,"removed"
"Physarum cinerea","Protozoa","species","manually added",2,,"removed"
"Physarum cinereum aureonodum","Protozoa","subspecies","manually added",2,,"removed"
"Physarum cinereum ecalcaratum","Protozoa","subspecies","manually added",2,,"removed"
"Physarum cinereum globosum","Protozoa","subspecies","manually added",2,,"removed"
"Physarum cinereum magnidosum","Protozoa","subspecies","manually added",2,,"removed"
"Physarum cinereum magninodosum","Protozoa","subspecies","manually added",2,,"removed"
"Physarum cinereum obovatum","Protozoa","subspecies","manually added",2,,"removed"
"Physarum cinereum obovaum","Protozoa","subspecies","manually added",2,,"removed"
"Physarum cinereum ovoideum","Protozoa","subspecies","manually added",2,,"removed"
"Physarum cinereum scintillans","Protozoa","subspecies","manually added",2,,"removed"
"Physarum citrinellum","Protozoa","species","manually added",2,,"removed"
"Physarum citrinum rufipes","Protozoa","subspecies","manually added",2,,"removed"
"Physarum citrinum sessile","Protozoa","subspecies","manually added",2,,"removed"
"Physarum columbina","Protozoa","species","manually added",2,,"removed"
"Physarum columbinum","Protozoa","species","manually added",2,,"removed"
"Physarum columellatum","Protozoa","species","manually added",2,,"removed"
"Physarum compacta","Protozoa","species","manually added",2,,"removed"
"Physarum compactum","Protozoa","species","manually added",2,,"removed"
"Physarum congestum","Protozoa","species","manually added",2,,"removed"
"Physarum conglobatum","Protozoa","species","manually added",2,,"removed"
"Physarum conglomerata","Protozoa","species","manually added",2,,"removed"
"Physarum conglomeratum minutum","Protozoa","subspecies","manually added",2,,"removed"
"Physarum conglomeratum nephroideum","Protozoa","subspecies","manually added",2,,"removed"
"Physarum conglomeratum polygonum","Protozoa","subspecies","manually added",2,,"removed"
"Physarum contextum glomerulosum","Protozoa","subspecies","manually added",2,,"removed"
"Physarum contextum mortonii","Protozoa","subspecies","manually added",2,,"removed"
"Physarum contextum splendens","Protozoa","subspecies","manually added",2,,"removed"
"Physarum contextus","Protozoa","species","manually added",2,,"removed"
"Physarum crateriachea","Protozoa","species","manually added",2,,"removed"
"Physarum crateriforme columellatum","Protozoa","subspecies","manually added",2,,"removed"
"Physarum croceoflavum","Protozoa","species","manually added",2,,"removed"
"Physarum cupripes","Protozoa","species","manually added",2,,"removed"
"Physarum delicatissimum","Protozoa","species","manually added",2,,"removed"
"Physarum diderma testaceum","Protozoa","subspecies","manually added",2,,"removed"
"Physarum didermoides lividum","Protozoa","subspecies","manually added",2,,"removed"
"Physarum didymium","Protozoa","species","manually added",2,,"removed"
"Physarum discoidale","Protozoa","species","manually added",2,,"removed"
"Physarum ditmarii","Protozoa","species","manually added",2,,"removed"
"Physarum ditmarii croceoflavum","Protozoa","subspecies","manually added",2,,"removed"
"Physarum ditmarii lateritium","Protozoa","subspecies","manually added",2,,"removed"
"Physarum ditmarii virescens","Protozoa","subspecies","manually added",2,,"removed"
"Physarum durjoylingum","Protozoa","species","manually added",2,,"removed"
"Physarum erythrinum","Protozoa","species","manually added",2,,"removed"
"Physarum exiguum","Protozoa","species","manually added",2,,"removed"
"Physarum famintzinii sibiricum","Protozoa","subspecies","manually added",2,,"removed"
"Physarum flagellata","Protozoa","species","manually added",2,,"removed"
"Physarum flavum","Protozoa","species","manually added",2,,"removed"
"Physarum fuckeliana","Protozoa","species","manually added",2,,"removed"
"Physarum fuckeliana gracilis","Protozoa","subspecies","manually added",2,,"removed"
"Physarum fulviceps","Protozoa","species","manually added",2,,"removed"
"Physarum fulvipes","Protozoa","species","manually added",2,,"removed"
"Physarum fulvum","Protozoa","species","manually added",2,,"removed"
"Physarum fulvus","Protozoa","species","manually added",2,,"removed"
"Physarum furfuraceum","Protozoa","species","manually added",2,,"removed"
"Physarum glaucum","Protozoa","species","manually added",2,,"removed"
"Physarum globiferum","Protozoa","species","manually added",2,,"removed"
"Physarum globulifer","Protozoa","species","manually added",2,,"removed"
"Physarum globulifera","Protozoa","species","manually added",2,,"removed"
"Physarum globuliferum confluens","Protozoa","subspecies","manually added",2,,"removed"
"Physarum globuliferum flavum","Protozoa","subspecies","manually added",2,,"removed"
"Physarum globuliferum lilacinum","Protozoa","subspecies","manually added",2,,"removed"
"Physarum globuliferus","Protozoa","species","manually added",2,,"removed"
"Physarum gracilenta","Protozoa","species","manually added",2,,"removed"
"Physarum gracilentum","Protozoa","species","manually added",2,,"removed"
"Physarum granulatum","Protozoa","species","manually added",2,,"removed"
"Physarum gulielma","Protozoa","species","manually added",2,,"removed"
"Physarum gulielmae","Protozoa","species","manually added",2,,"removed"
"Physarum gyrocephala","Protozoa","species","manually added",2,,"removed"
"Physarum gyrocephalum","Protozoa","species","manually added",2,,"removed"
"Physarum gyrosa","Protozoa","species","manually added",2,,"removed"
"Physarum heterosporum","Protozoa","species","manually added",2,,"removed"
"Physarum imitans","Protozoa","species","manually added",2,,"removed"
"Physarum imitans flexuosa","Protozoa","subspecies","manually added",2,,"removed"
"Physarum inaequale","Protozoa","species","manually added",2,,"removed"
"Physarum instratum","Protozoa","species","manually added",2,,"removed"
"Physarum javanica","Protozoa","species","manually added",2,,"removed"
"Physarum kalchbrenneri","Protozoa","species","manually added",2,,"removed"
"Physarum lepidodermoides","Protozoa","species","manually added",2,,"removed"
"Physarum lepidoideum","Protozoa","species","manually added",2,,"removed"
"Physarum leucophaea","Protozoa","species","manually added",2,,"removed"
"Physarum leucophaeum conglobatum","Protozoa","subspecies","manually added",2,,"removed"
"Physarum leucophaeum connexum","Protozoa","subspecies","manually added",2,,"removed"
"Physarum leucophaeum flexuosum","Protozoa","subspecies","manually added",2,,"removed"
"Physarum leucophaeum sessile","Protozoa","subspecies","manually added",2,,"removed"
"Physarum leucophaeum stipitatum","Protozoa","subspecies","manually added",2,,"removed"
"Physarum leucophaeum violascens","Protozoa","subspecies","manually added",2,,"removed"
"Physarum leucopus leucopus","Protozoa","subspecies","manually added",2,,"removed"
"Physarum leveillei","Protozoa","species","manually added",2,,"removed"
"Physarum leveillei auripes","Protozoa","subspecies","manually added",2,,"removed"
"Physarum leveillei chrysopus","Protozoa","subspecies","manually added",2,,"removed"
"Physarum leveillei fuistingii","Protozoa","subspecies","manually added",2,,"removed"
"Physarum licheniformis","Protozoa","species","manually added",2,,"removed"
"Physarum lilacinum","Protozoa","species","manually added",2,,"removed"
"Physarum lilacinum coeruleum","Protozoa","subspecies","manually added",2,,"removed"
"Physarum limonium","Protozoa","species","manually added",2,,"removed"
"Physarum listeri","Protozoa","species","manually added",2,,"removed"
"Physarum lividum","Protozoa","species","manually added",2,,"removed"
"Physarum lividum conglobatum","Protozoa","subspecies","manually added",2,,"removed"
"Physarum lividum licheniformis","Protozoa","subspecies","manually added",2,,"removed"
"Physarum lividum lividum","Protozoa","subspecies","manually added",2,,"removed"
"Physarum longipes","Protozoa","species","manually added",2,,"removed"
"Physarum lutea","Protozoa","species","manually added",2,,"removed"
"Physarum luteoalbum","Protozoa","species","manually added",2,,"removed"
"Physarum luteoalbum aureum","Protozoa","subspecies","manually added",2,,"removed"
"Physarum luteogriseum","Protozoa","species","manually added",2,,"removed"
"Physarum luteum","Protozoa","species","manually added",2,,"removed"
"Physarum luteus","Protozoa","species","manually added",2,,"removed"
"Physarum maculatum","Protozoa","species","manually added",2,,"removed"
"Physarum marginatum","Protozoa","species","manually added",2,,"removed"
"Physarum maydis","Protozoa","species","manually added",2,,"removed"
"Physarum melanospermum","Protozoa","species","manually added",2,,"removed"
"Physarum melleum luteum","Protozoa","subspecies","manually added",2,,"removed"
"Physarum mucoroides","Protozoa","species","manually added",2,,"removed"
"Physarum mucosum","Protozoa","species","manually added",2,,"removed"
"Physarum muelleri","Protozoa","species","manually added",2,,"removed"
"Physarum multiplex","Protozoa","species","manually added",2,,"removed"
"Physarum murinum aeneum","Protozoa","subspecies","manually added",2,,"removed"
"Physarum murinum ravenelii","Protozoa","subspecies","manually added",2,,"removed"
"Physarum mutabilis","Protozoa","species","manually added",2,,"removed"
"Physarum mutabilis aurantiaca","Protozoa","subspecies","manually added",2,,"removed"
"Physarum mutabilis irregularis","Protozoa","subspecies","manually added",2,,"removed"
"Physarum mutabilis lutea","Protozoa","subspecies","manually added",2,,"removed"
"Physarum neapolitanum","Protozoa","species","manually added",2,,"removed"
"Physarum nectriaeforme","Protozoa","species","manually added",2,,"removed"
"Physarum nectriiforme","Protozoa","species","manually added",2,,"removed"
"Physarum nephroidea","Protozoa","species","manually added",2,,"removed"
"Physarum nephroideum","Protozoa","species","manually added",2,,"removed"
"Physarum nivescens nitens","Protozoa","subspecies","manually added",2,,"removed"
"Physarum nodulosa","Protozoa","species","manually added",2,,"removed"
"Physarum nucleatum florigerum","Protozoa","subspecies","manually added",2,,"removed"
"Physarum nucleatum robustum","Protozoa","subspecies","manually added",2,,"removed"
"Physarum nutans","Protozoa","species","manually added",2,,"removed"
"Physarum nutans aureum","Protozoa","subspecies","manually added",2,,"removed"
"Physarum nutans coccineum","Protozoa","subspecies","manually added",2,,"removed"
"Physarum nutans florigerum","Protozoa","subspecies","manually added",2,,"removed"
"Physarum nutans iricolor","Protozoa","subspecies","manually added",2,,"removed"
"Physarum nutans leucophaeum","Protozoa","subspecies","manually added",2,,"removed"
"Physarum nutans luteo-virens","Protozoa","subspecies","manually added",2,,"removed"
"Physarum nutans luteovirens","Protozoa","subspecies","manually added",2,,"removed"
"Physarum nutans nutans","Protozoa","subspecies","manually added",2,,"removed"
"Physarum nutans ovicarpea","Protozoa","subspecies","manually added",2,,"removed"
"Physarum nutans ovicarpum","Protozoa","subspecies","manually added",2,,"removed"
"Physarum nutans phycophilum","Protozoa","subspecies","manually added",2,,"removed"
"Physarum nutans propria","Protozoa","subspecies","manually added",2,,"removed"
"Physarum nutans rigida","Protozoa","subspecies","manually added",2,,"removed"
"Physarum nutans robustum","Protozoa","subspecies","manually added",2,,"removed"
"Physarum nutans rubrum","Protozoa","subspecies","manually added",2,,"removed"
"Physarum nutans subtile","Protozoa","subspecies","manually added",2,,"removed"
"Physarum nutans violascens","Protozoa","subspecies","manually added",2,,"removed"
"Physarum nutans viride","Protozoa","subspecies","manually added",2,,"removed"
"Physarum nutans vulgare","Protozoa","subspecies","manually added",2,,"removed"
"Physarum oblongum","Protozoa","species","manually added",2,,"removed"
"Physarum obrusseum","Protozoa","species","manually added",2,,"removed"
"Physarum ochroleucum","Protozoa","species","manually added",2,,"removed"
"Physarum oxalinum","Protozoa","species","manually added",2,,"removed"
"Physarum pallidum","Protozoa","species","manually added",2,,"removed"
"Physarum panicea nivalis","Protozoa","subspecies","manually added",2,,"removed"
"Physarum parasiticum","Protozoa","species","manually added",2,,"removed"
"Physarum pendulum","Protozoa","species","manually added",2,,"removed"
"Physarum petersii","Protozoa","species","manually added",2,,"removed"
"Physarum petersii farlowii","Protozoa","subspecies","manually added",2,,"removed"
"Physarum petersii intermedium","Protozoa","subspecies","manually added",2,,"removed"
"Physarum pezizoidea","Protozoa","species","manually added",2,,"removed"
"Physarum pezizoides","Protozoa","species","manually added",2,,"removed"
"Physarum pezizoideum microsporum","Protozoa","subspecies","manually added",2,,"removed"
"Physarum phillipsii","Protozoa","species","manually added",2,,"removed"
"Physarum pini","Protozoa","species","manually added",2,,"removed"
"Physarum platense","Protozoa","species","manually added",2,,"removed"
"Physarum plumbeum","Protozoa","species","manually added",2,,"removed"
"Physarum polycephala","Protozoa","species","manually added",2,,"removed"
"Physarum polycephalum obrusseum","Protozoa","subspecies","manually added",2,,"removed"
"Physarum polymorphum","Protozoa","species","manually added",2,,"removed"
"Physarum polymorphum obrusseum","Protozoa","subspecies","manually added",2,,"removed"
"Physarum porphyra","Protozoa","species","manually added",2,,"removed"
"Physarum psittacinum chlorantum","Protozoa","subspecies","manually added",2,,"removed"
"Physarum psittacinum fulvipes","Protozoa","subspecies","manually added",2,,"removed"
"Physarum psittacinum fulvum","Protozoa","subspecies","manually added",2,,"removed"
"Physarum psittacinum intermedium","Protozoa","subspecies","manually added",2,,"removed"
"Physarum psittacinum ravenelii","Protozoa","subspecies","manually added",2,,"removed"
"Physarum pulcherrima","Protozoa","species","manually added",2,,"removed"
"Physarum pulcherripes sulcatipes","Protozoa","subspecies","manually added",2,,"removed"
"Physarum ravenelii","Protozoa","species","manually added",2,,"removed"
"Physarum readeri","Protozoa","species","manually added",2,,"removed"
"Physarum relatum","Protozoa","species","manually added",2,,"removed"
"Physarum reniformis","Protozoa","species","manually added",2,,"removed"
"Physarum reticulatum","Protozoa","species","manually added",2,,"removed"
"Physarum robustum coeruleum","Protozoa","subspecies","manually added",2,,"removed"
"Physarum roseum discocephalum","Protozoa","subspecies","manually added",2,,"removed"
"Physarum roseum racemosum","Protozoa","subspecies","manually added",2,,"removed"
"Physarum rostafinskii","Protozoa","species","manually added",2,,"removed"
"Physarum rubiginosum auriscalpium","Protozoa","subspecies","manually added",2,,"removed"
"Physarum rubronodum","Protozoa","species","manually added",2,,"removed"
"Physarum rubropunctatum","Protozoa","species","manually added",2,,"removed"
"Physarum rufipes","Protozoa","species","manually added",2,,"removed"
"Physarum schumacheri","Protozoa","species","manually added",2,,"removed"
"Physarum schumacheri aurantiacum","Protozoa","subspecies","manually added",2,,"removed"
"Physarum schumacheri chrysopus","Protozoa","subspecies","manually added",2,,"removed"
"Physarum schumacheri citrinum","Protozoa","subspecies","manually added",2,,"removed"
"Physarum schumacheri compactum","Protozoa","subspecies","manually added",2,,"removed"
"Physarum schumacheri melleum","Protozoa","subspecies","manually added",2,,"removed"
"Physarum schumacheri rufipes","Protozoa","subspecies","manually added",2,,"removed"
"Physarum scrobiculatum","Protozoa","species","manually added",2,,"removed"
"Physarum semiannulata","Protozoa","species","manually added",2,,"removed"
"Physarum simile","Protozoa","species","manually added",2,,"removed"
"Physarum sinapium","Protozoa","species","manually added",2,,"removed"
"Physarum sinuosa","Protozoa","species","manually added",2,,"removed"
"Physarum sinuosum","Protozoa","species","manually added",2,,"removed"
"Physarum spinulosum","Protozoa","species","manually added",2,,"removed"
"Physarum spumariodes didymium","Protozoa","subspecies","manually added",2,,"removed"
"Physarum spumarioides degawae","Protozoa","subspecies","manually added",2,,"removed"
"Physarum spumarioides didermoides","Protozoa","subspecies","manually added",2,,"removed"
"Physarum squamulosum leucopus","Protozoa","subspecies","manually added",2,,"removed"
"Physarum styriacum","Protozoa","species","manually added",2,,"removed"
"Physarum subroseum","Protozoa","species","manually added",2,,"removed"
"Physarum subulatum","Protozoa","species","manually added",2,,"removed"
"Physarum sulfureum","Protozoa","species","manually added",2,,"removed"
"Physarum tenerrimum","Protozoa","species","manually added",2,,"removed"
"Physarum terrestre","Protozoa","species","manually added",2,,"removed"
"Physarum testaceum","Protozoa","species","manually added",2,,"removed"
"Physarum theioteum","Protozoa","species","manually added",2,,"removed"
"Physarum tucumanense","Protozoa","species","manually added",2,,"removed"
"Physarum valvata","Protozoa","species","manually added",2,,"removed"
"Physarum valvatum","Protozoa","species","manually added",2,,"removed"
"Physarum variabile","Protozoa","species","manually added",2,,"removed"
"Physarum verna","Protozoa","species","manually added",2,,"removed"
"Physarum vernum badhamioides","Protozoa","subspecies","manually added",2,,"removed"
"Physarum vernum iridescens","Protozoa","subspecies","manually added",2,,"removed"
"Physarum vernum parvisporum","Protozoa","subspecies","manually added",2,,"removed"
"Physarum violaceum","Protozoa","species","manually added",2,,"removed"
"Physarum violaceun","Protozoa","species","manually added",2,,"removed"
"Physarum virescens alpinum","Protozoa","subspecies","manually added",2,,"removed"
"Physarum virescens croceo","Protozoa","subspecies","manually added",2,,"removed"
"Physarum virescens croceoflavum","Protozoa","subspecies","manually added",2,,"removed"
"Physarum virescens flavum","Protozoa","subspecies","manually added",2,,"removed"
"Physarum virescens lateritium","Protozoa","subspecies","manually added",2,,"removed"
"Physarum virescens nitens","Protozoa","subspecies","manually added",2,,"removed"
"Physarum virescens obscurum","Protozoa","subspecies","manually added",2,,"removed"
"Physarum virescens theioteum","Protozoa","subspecies","manually added",2,,"removed"
"Physarum viride aurantium","Protozoa","subspecies","manually added",2,,"removed"
"Physarum viride bethelii","Protozoa","subspecies","manually added",2,,"removed"
"Physarum viride hinnuleum","Protozoa","subspecies","manually added",2,,"removed"
"Physarum viride incanum","Protozoa","subspecies","manually added",2,,"removed"
"Physarum viride lutea","Protozoa","subspecies","manually added",2,,"removed"
"Physarum viride luteovirens","Protozoa","subspecies","manually added",2,,"removed"
"Physarum viride luteum","Protozoa","subspecies","manually added",2,,"removed"
"Physarum viride rigidum","Protozoa","subspecies","manually added",2,,"removed"
"Physarum viridis","Protozoa","species","manually added",2,,"removed"
"Physarum viridis aurantiaca","Protozoa","subspecies","manually added",2,,"removed"
"Physarum viridis lutea","Protozoa","subspecies","manually added",2,,"removed"
"Physarum wingatense","Protozoa","species","manually added",2,,"removed"
"Physarum zeylanicum","Protozoa","species","manually added",2,,"removed"
"Physcia","Fungi","genus","manually added",2,,"status 'unknown' (has children that are kept)"
"Physma","Fungi","genus","manually added",2,,"status 'unknown' (has children that are kept)"
"Physochila","Protozoa","genus","manually added",2,,"removed"
"Pichia anomala belgica","Fungi","subspecies","GBIF",1.25,,"removed"
"Pichia anomalus","Fungi","species","GBIF",1.25,,"removed"
"Pichia anomalus belgicus","Fungi","subspecies","GBIF",1.25,,"removed"
"Pichia belgicus","Fungi","species","GBIF",1.25,,"removed"
"Pichia bisporus","Fungi","species","GBIF",1.25,,"removed"
"Pichia chevalieri","Fungi","species","GBIF",1.25,,"removed"
"Pichia chevalieri andersonii","Fungi","subspecies","GBIF",1.25,,"removed"
"Pichia chevalieri chevalieri","Fungi","subspecies","GBIF",1.25,,"removed"
"Pichia chevalieri fermentati","Fungi","subspecies","GBIF",1.25,,"removed"
"Pichia chevariacea","Fungi","species","GBIF",1.25,,"removed"
"Pichia chiantigiana","Fungi","species","GBIF",1.25,,"removed"
"Pichia chodatii fermentans","Fungi","subspecies","GBIF",1.25,,"removed"
"Pichia citrea","Fungi","species","GBIF",1.25,,"removed"
"Pichia decolorans","Fungi","species","GBIF",1.25,,"removed"
"Pichia fimetaria","Fungi","species","GBIF",1.25,,"removed"
"Pichia hyalosporus","Fungi","species","GBIF",1.25,,"removed"
"Pichia krusei transitoria","Fungi","subspecies","GBIF",1.25,,"removed"
"Pichia krusei vanlaeriana","Fungi","subspecies","GBIF",1.25,,"removed"
"Pichia lactis","Fungi","species","GBIF",1.25,,"removed"
"Pichia lafarii","Fungi","species","GBIF",1.25,,"removed"
"Pichia lambica","Fungi","species","GBIF",1.25,,"removed"
"Pichia monosa","Fungi","species","GBIF",1.25,,"removed"
"Pichia mycoderma-punctisporus","Fungi","species","GBIF",1.25,,"removed"
"Pichia pastorianus-arborescens","Fungi","species","GBIF",1.25,,"removed"
"Pichia piriformis","Fungi","species","GBIF",1.25,,"removed"
"Pichia punctisporus","Fungi","species","GBIF",1.25,,"removed"
"Pichia pyriformis","Fungi","species","GBIF",1.25,,"removed"
"Pichia scandinavicus","Fungi","species","GBIF",1.25,,"removed"
"Pichia solicola","Fungi","species","GBIF",1.25,,"removed"
"Pichia soosii","Fungi","species","GBIF",1.25,,"removed"
"Pichia sorbosa","Fungi","species","GBIF",1.25,,"removed"
"Pichia tannica","Fungi","species","GBIF",1.25,,"removed"
"Pichia trumpyi","Fungi","species","GBIF",1.25,,"removed"
"Pichia valida","Fungi","species","GBIF",1.25,,"removed"
"Pichia vanlaeriana","Fungi","species","GBIF",1.25,,"removed"
"Piedraia guayo","Fungi","species","GBIF",1.25,,"removed"
"Pithomyces quadrata","Fungi","species","GBIF",1.25,,"removed"
"Pithomyces quadratum","Fungi","species","GBIF",1.25,,"removed"
"Pithonella","Protozoa","genus","manually added",2,,"removed"
"Placynthium","Fungi","genus","manually added",2,,"status 'unknown' (has children that are kept)"
"Plagiopyxis declivis cryptostoma","Protozoa","subspecies","manually added",2,,"removed"
"Plagiopyxis declivis oblonga","Protozoa","subspecies","manually added",2,,"removed"
"Planctonites","Protozoa","genus","manually added",2,,"removed"
"Planktolyngbya spiralis","Bacteria","species","GBIF",2,"not in LPSN","removed"
"Planktolyngbya spiroides","Bacteria","species","GBIF",2,"not in LPSN","removed"
"Planktolyngbya splendida limnetica","Bacteria","subspecies","GBIF",2,"not in LPSN","removed"
"Planktothricoides raciborskii raciborskii","Bacteria","subspecies","GBIF",2,"not in LPSN","removed"
"Planktothrix agardhii aequicrassa","Bacteria","subspecies","GBIF",2,"not in LPSN","removed"
"Planktothrix agardhii gomontii","Bacteria","subspecies","GBIF",2,"not in LPSN","removed"
"Planktothrix agardhii isothrix","Bacteria","subspecies","GBIF",2,"not in LPSN","removed"
"Planktothrix agardhii lemmermannii","Bacteria","subspecies","GBIF",2,"not in LPSN","removed"
"Planktothrix agardhii moebiusii","Bacteria","subspecies","GBIF",2,"not in LPSN","removed"
"Planktothrix agardhii wislouchii","Bacteria","subspecies","GBIF",2,"not in LPSN","removed"
"Planktothrix aghardii","Bacteria","species","GBIF",2,"not in LPSN","removed"
"Planktothrix lyngbyaceum","Bacteria","species","GBIF",2,"not in LPSN","removed"
"Planktothrix mougeotiii clathrata","Bacteria","subspecies","GBIF",2,"not in LPSN","removed"
"Planktothrix ornata planctonica","Bacteria","subspecies","GBIF",2,"not in LPSN","removed"
"Planomicrobium alkanoclasticus","Bacteria","species","GBIF",2,"not in LPSN","removed"
"Planomicrobium psychrophilus","Bacteria","species","GBIF",2,"not in LPSN","removed"
"Pleurocapsa minus","Bacteria","species","GBIF",2,"not in LPSN","removed"
"Pleurocapsaceae","Bacteria","family","LPSN",2,"LPSN: synonym of Hydrococcaceae","status 'unknown' (has children that are kept)"
"Pleuromastigella","Protozoa","genus","manually added",2,,"removed"
"Ploeotia currugata","Protozoa","species","manually added",2,,"removed"
"Podamphora","Protozoa","genus","manually added",2,,"removed"
"Polycoccum","Fungi","genus","manually added",2,,"status 'unknown' (has children that are kept)"
"Polyfibula dilatata","Protozoa","species","manually added",2,,"removed"
"Polymastigidae","Protozoa","family","manually added",2,,"status 'unknown' (has children that are kept)"
"Polyschismium aggregatum","Protozoa","species","manually added",2,,"removed"
"Polyschismium carestiana","Protozoa","species","manually added",2,,"removed"
"Polyschismium carestianum brunnescens","Protozoa","subspecies","manually added",2,,"removed"
"Polyschismium carestianum chailletii","Protozoa","subspecies","manually added",2,,"removed"
"Polyschismium carestianum flavescens","Protozoa","subspecies","manually added",2,,"removed"
"Polyschismium carestianum granuliferum","Protozoa","subspecies","manually added",2,,"removed"
"Polyschismium carestianum pseudocarestianum","Protozoa","subspecies","manually added",2,,"removed"
"Polyschismium carestianum pulverulenta","Protozoa","subspecies","manually added",2,,"removed"
"Polyschismium carestianum roseum","Protozoa","subspecies","manually added",2,,"removed"
"Polyschismium didermoides","Protozoa","species","manually added",2,,"removed"
"Polyschismium granulifera","Protozoa","species","manually added",2,,"removed"
"Polyschismium lyallii","Protozoa","species","manually added",2,,"removed"
"Polyschismium minor","Protozoa","species","manually added",2,,"removed"
"Polyschismium minus","Protozoa","species","manually added",2,,"removed"
"Polyschismium nivale","Protozoa","species","manually added",2,,"removed"
"Polyschismium niveum","Protozoa","species","manually added",2,,"removed"
"Polyschismium niveum lyallii","Protozoa","subspecies","manually added",2,,"removed"
"Polyschismium spinosifila","Protozoa","species","manually added",2,,"removed"
"Polyschismium trevelyanii nivale","Protozoa","subspecies","manually added",2,,"removed"
"Porina","Fungi","genus","manually added",2,,"status 'unknown' (has children that are kept)"
"Porphyromonas melaninogenicus macacae","Bacteria","subspecies","GBIF",1.5,"not in LPSN","removed"
"Porphyromonas salivosus","Bacteria","species","GBIF",1.5,"not in LPSN","removed"
"Porpidia","Fungi","genus","manually added",2,,"status 'unknown' (has children that are kept)"
"Prevotella capillus","Bacteria","species","GBIF",1.5,"not in LPSN","removed"
"Prevotella melaninogenicus intermedius","Bacteria","subspecies","GBIF",1.15,"not in LPSN","removed"
"Prevotella pentosaceus","Bacteria","species","GBIF",1.5,"not in LPSN","removed"
"Prevotella zoogleiformans","Bacteria","species","GBIF",1.5,"not in LPSN","removed"
"Priceomyces vini","Fungi","species","GBIF",2,,"removed"
"Priceomyces vini melibiosi","Fungi","subspecies","GBIF",2,,"removed"
"Pristacantha","Protozoa","genus","manually added",2,,"removed"
"Proteosoma","Chromista","genus","GBIF",2,,"removed"
"Proterospongia nana","Protozoa","species","manually added",2,,"removed"
"Protochlamydia massiliensis","Bacteria","species","LPSN",2,"LPSN: preferred name","removed"
"Protostelium mycophagum crassipes","Protozoa","subspecies","manually added",2,,"removed"
"Protostelium mycophagum majus","Protozoa","subspecies","manually added",2,,"removed"
"Prototrichia chamaeleontina","Protozoa","species","manually added",2,,"removed"
"Prototrichia cuprea","Protozoa","species","manually added",2,,"removed"
"Prototrichia elegantula","Protozoa","species","manually added",2,,"removed"
"Prototrichia flagellifer","Protozoa","species","manually added",2,,"removed"
"Prototrichia flagellifera","Protozoa","species","manually added",2,,"removed"
"Prototrichia schroeteri","Protozoa","species","manually added",2,,"removed"
"Providencia inconstans","Bacteria","species","GBIF",1,"not in LPSN","removed"
"Pseudallescheria americana","Fungi","species","GBIF",1.25,,"removed"
"Pseudallescheria angustum","Fungi","species","GBIF",1.25,,"removed"
"Pseudallescheria apiospermum","Fungi","species","GBIF",1.25,,"removed"
"Pseudallescheria chartoikoon","Fungi","species","GBIF",1.25,,"removed"
"Pseudallescheria ellipsoideum","Fungi","species","GBIF",1.25,,"removed"
"Pseudallescheria fusoideum","Fungi","species","GBIF",1.25,,"removed"
"Pseudallescheria hominis","Fungi","species","GBIF",1.25,,"removed"
"Pseudanabaena limnetica acicularis","Bacteria","subspecies","GBIF",2,"not in LPSN","removed"
"Pseudanabaena naumannii","Bacteria","species","GBIF",2,"not in LPSN","removed"
"Pseudoalteromonas porphyrae","Bacteria","species","LPSN",2,"LPSN: preferred name","removed"
"Pseudoalteromonas spiralis","Bacteria","species","LPSN",2,"LPSN: preferred name","removed"
"Pseudoalteromonas telluritireducens","Bacteria","species","LPSN",2,"LPSN: preferred name","removed"
"Pseudobizionia crassostreae","Bacteria","species","GBIF",2,"not in LPSN","removed"
"Pseudocorythion acutum","Protozoa","species","manually added",2,,"removed"
"Pseudolachnea","Fungi","genus","manually added",2,,"status 'unknown' (has children that are kept)"
"Pseudomicrostroma hinnulea","Fungi","species","GBIF",1.25,,"removed"
"Pseudomonas aestus","Bacteria","species","LPSN",1,"LPSN: preferred name","removed"
"Pseudomonas polytricha","Bacteria","species","GBIF",1,"not in LPSN","removed"
"Pseudomonas siderocapsulatus","Bacteria","species","GBIF",1,"not in LPSN","removed"
"Pseudopropionibacterium propionica","Bacteria","species","GBIF",1.5,"not in LPSN","removed"
"Pseudopropionibacterium propionicus","Bacteria","species","GBIF",1.5,"not in LPSN","removed"
"Psoroma","Fungi","genus","manually added",2,,"status 'unknown' (has children that are kept)"
"Psorospermis","Protozoa","genus","manually added",2,,"removed"
"Psychrobacillus quisquiliarum","Bacteria","species","GBIF",2,"not in LPSN","removed"
"Purpureocillium ryogamimontana","Fungi","species","GBIF",1.25,,"removed"
"Purpureocillium takamizusanensis","Fungi","species","GBIF",1.25,,"removed"
"Pyrotheca acutum","Fungi","species","manually added",2,,"removed"
"Pyrotheca virgulum","Fungi","species","manually added",2,,"removed"
"Pyrsonymphidae","Protozoa","family","manually added",2,,"status 'unknown' (has children that are kept)"
"Pyxine","Fungi","genus","manually added",2,,"status 'unknown' (has children that are kept)"
"Quadrulella symmetrica","Protozoa","species","manually added",2,,"removed"
"Radiosperma","Protozoa","genus","manually added",2,,"status 'unknown' (has children that are kept)"
"Raoultella trevisanii","Bacteria","species","GBIF",1.5,"not in LPSN","removed"
"Reticularia aureum","Protozoa","species","manually added",2,,"removed"
"Reticularia cooperensis","Protozoa","species","manually added",2,,"removed"
"Reticularia fuliginoides","Protozoa","species","manually added",2,,"removed"
"Reticularia intermedium","Protozoa","species","manually added",2,,"removed"
"Reticularia juranum","Protozoa","species","manually added",2,,"removed"
"Reticularia lineata","Protozoa","species","manually added",2,,"removed"
"Reticularia lineatus","Protozoa","species","manually added",2,,"removed"
"Reticularia lobatum","Protozoa","species","manually added",2,,"removed"
"Reticularia lycogala","Protozoa","species","manually added",2,,"removed"
"Reticularia lycoperdon americana","Protozoa","subspecies","manually added",2,,"removed"
"Reticularia lycoperdon americanum","Protozoa","subspecies","manually added",2,,"removed"
"Reticularia lycoperdon jurana","Protozoa","subspecies","manually added",2,,"removed"
"Reticularia olivacea simulans","Protozoa","subspecies","manually added",2,,"removed"
"Reticularia olivaceum liceoides","Protozoa","subspecies","manually added",2,,"removed"
"Reticularia olivaceum simulans","Protozoa","subspecies","manually added",2,,"removed"
"Reticularia punctatum","Protozoa","species","manually added",2,,"removed"
"Reticularia rozeana","Protozoa","species","manually added",2,,"removed"
"Reticularia rozeanum","Protozoa","species","manually added",2,,"removed"
"Reticularia rubiginosum","Protozoa","species","manually added",2,,"removed"
"Reticularia splendens jurana","Protozoa","subspecies","manually added",2,,"removed"
"Reticularia splendens juranum","Protozoa","subspecies","manually added",2,,"removed"
"Reticularia turbinatum","Protozoa","species","manually added",2,,"removed"
"Reticularia umbrina","Protozoa","species","manually added",2,,"removed"
"Retortamonas","Protozoa","genus","manually added",2,,"removed"
"Rhabdoderma ellipsoidea","Bacteria","species","GBIF",2,"not in LPSN","removed"
"Rhabdoderma ellipsoideus","Bacteria","species","GBIF",2,"not in LPSN","removed"
"Rhabdomonas costatum","Protozoa","species","manually added",2,,"removed"
"Rhinocladiella compactum","Fungi","species","GBIF",1.25,,"removed"
"Rhinocladiella eumetabolus","Fungi","species","GBIF",1.25,,"removed"
"Rhinocladiella oligospermus","Fungi","species","GBIF",1.25,,"removed"
"Rhinosporidium","Protozoa","genus","manually added",2,,"removed"
"Rhizobium tumefaciens","Bacteria","species","LPSN",1.5,"LPSN: preferred name","removed"
"Rhizobium tumifaciens","Bacteria","species","GBIF",1.5,"not in LPSN","removed"
"Rhizomucor buntingii","Fungi","species","GBIF",1.25,,"removed"
"Rhizomucor hagemii","Fungi","species","GBIF",1.25,,"removed"
"Rhizomucor miehei miehei","Fungi","subspecies","GBIF",1.25,,"removed"
"Rhizomucor miehei minor","Fungi","subspecies","GBIF",1.25,,"removed"
"Rhizomucor muriperda","Fungi","species","GBIF",1.25,,"removed"
"Rhizopogon","Fungi","genus","manually added",2,,"status 'unknown' (has children that are kept)"
"Rhizopus agaricina","Fungi","species","GBIF",1.25,,"removed"
"Rhizopus agaricinus","Fungi","species","GBIF",1.25,,"removed"
"Rhizopus ascophorus","Fungi","species","GBIF",1.25,,"removed"
"Rhizopus lyococcos","Fungi","species","GBIF",1.25,,"removed"
"Rhizopus mucedo","Fungi","species","GBIF",1.25,,"removed"
"Rhizopus pygmaeus","Fungi","species","GBIF",1.25,,"removed"
"Rhizopus rorida","Fungi","species","GBIF",1.25,,"removed"
"Rhizopus roridus","Fungi","species","GBIF",1.25,,"removed"
"Rhizopus rouxianus","Fungi","species","GBIF",1.25,,"removed"
"Rhizopus rouxii","Fungi","species","GBIF",1.25,,"removed"
"Rhizopus salebrosus instriatis","Fungi","subspecies","GBIF",1.25,,"removed"
"Rhizopus todeana","Fungi","species","GBIF",1.25,,"removed"
"Rhizopus vulgaris","Fungi","species","GBIF",1.25,,"removed"
"Rhodocista centenum","Bacteria","species","GBIF",2,"not in LPSN","removed"
"Rhodococcus calcarea","Bacteria","species","GBIF",1.5,"not in LPSN","removed"
"Rhodococcus picolinophilus","Bacteria","species","GBIF",1.5,"not in LPSN","removed"
"Rhodococcus restricta","Bacteria","species","GBIF",1.5,"not in LPSN","removed"
"Rhodoglobus rubra","Bacteria","species","GBIF",2,"not in LPSN","removed"
"Rhodonellum ikkaensis","Bacteria","species","GBIF",2,"not in LPSN","removed"
"Rhodotorula aereum","Fungi","species","GBIF",1.25,,"removed"
"Rhodotorula aurantia","Fungi","species","GBIF",1.25,,"removed"
"Rhodotorula carbonei","Fungi","species","GBIF",1.25,,"removed"
"Rhodotorula cisnerosi","Fungi","species","GBIF",1.25,,"removed"
"Rhodotorula decolans","Fungi","species","GBIF",1.25,,"removed"
"Rhodotorula diffluens japonica","Fungi","subspecies","GBIF",1.25,,"removed"
"Rhodotorula dubia","Fungi","species","GBIF",1.25,,"removed"
"Rhodotorula dubia dubia","Fungi","subspecies","GBIF",1.25,,"removed"
"Rhodotorula dubia portoricensis","Fungi","subspecies","GBIF",1.25,,"removed"
"Rhodotorula dubius","Fungi","species","GBIF",1.25,,"removed"
"Rhodotorula dubius portoricensis","Fungi","subspecies","GBIF",1.25,,"removed"
"Rhodotorula fresenii","Fungi","species","GBIF",1.25,,"removed"
"Rhodotorula glutinis lusitanica","Fungi","subspecies","GBIF",1.25,,"removed"
"Rhodotorula hinnuleus","Fungi","species","GBIF",1.25,,"removed"
"Rhodotorula histolyticus","Fungi","species","GBIF",1.25,,"removed"
"Rhodotorula mannitica","Fungi","species","GBIF",1.25,,"removed"
"Rhodotorula miniata","Fungi","species","GBIF",1.25,,"removed"
"Rhodotorula mucilaginosa kentuckyii","Fungi","subspecies","GBIF",1.25,,"removed"
"Rhodotorula nitritophila","Fungi","species","GBIF",1.25,,"removed"
"Rhodotorula pararoseus","Fungi","species","GBIF",1.25,,"removed"
"Rhodotorula photographus alborubescens","Fungi","subspecies","GBIF",1.25,,"removed"
"Rhodotorula pulmonale","Fungi","species","GBIF",1.25,,"removed"
"Rhodotorula radiatus","Fungi","species","GBIF",1.25,,"removed"
"Rhodotorula rosea","Fungi","species","GBIF",1.25,,"removed"
"Rhodotorula roseocorallina","Fungi","species","GBIF",1.25,,"removed"
"Rhodotorula ruber","Fungi","species","GBIF",1.25,,"removed"
"Rhodotorula rubra marina","Fungi","subspecies","GBIF",1.25,,"removed"
"Rhodotorula rubrorugosus","Fungi","species","GBIF",1.25,,"removed"
"Rhodotorula rufescens","Fungi","species","GBIF",1.25,,"removed"
"Rhodotorula saitoi","Fungi","species","GBIF",1.25,,"removed"
"Rhynchoidomonas","Protozoa","genus","manually added",2,,"removed"
"Rhynchopus","Protozoa","genus","manually added",2,,"removed"
"Rickettsia argasii","Bacteria","species","GBIF",1.5,"not in LPSN","removed"
"Rickettsia colombianensi","Bacteria","species","LPSN",1.5,"LPSN: misspelling","removed"
"Rickettsia philipii","Bacteria","species","LPSN",1.5,"LPSN: preferred name","removed"
"Rinodina","Fungi","genus","manually added",2,,"status 'unknown' (has children that are kept)"
"Rivularia atra coadunata","Bacteria","subspecies","GBIF",2,"not in LPSN","removed"
"Robbsia woodsii","Bacteria","species","GBIF",2,"not in LPSN","removed"
"Roseinatronobacter barguzinensis","Bacteria","species","GBIF",2,"not in LPSN","removed"
"Roseomonas roseus","Bacteria","species","GBIF",1.5,"not in LPSN","removed"
"Rostrostelium ellipticum","Protozoa","species","manually added",2,,"removed"
"Rozellomycota","Fungi","phylum","MycoBank",2,,"status 'unknown' (has children that are kept)"
"Russula","Fungi","genus","manually added",2,,"status 'unknown' (has children that are kept)"
"Saccharomyces batatae","Fungi","species","GBIF",1.25,,"removed"
"Saccharomyces carlsbergensis manshuricus","Fungi","subspecies","GBIF",1.25,,"removed"
"Saccharomyces carlsbergensis monacencis","Fungi","subspecies","GBIF",1.25,,"removed"
"Saccharomyces cerevisiae boulardii","Fungi","subspecies","GBIF",1.25,,"removed"
"Saccharomyces ellipsoideus typica","Fungi","subspecies","GBIF",1.25,,"removed"
"Saccharomyces italicus italicus","Fungi","subspecies","GBIF",1.25,,"removed"
"Saccharomyces mandshuricus ii","Fungi","subspecies","manually added",1.25,,"removed"
"Saccharomyces mandshuricus iii","Fungi","subspecies","manually added",1.25,,"removed"
"Saccharomyces mandshuricus iv","Fungi","subspecies","manually added",1.25,,"removed"
"Saccharomyces mangini casei","Fungi","subspecies","GBIF",1.25,,"removed"
"Saccharomyces mangini mangini","Fungi","subspecies","GBIF",1.25,,"removed"
"Saccharomyces mangini miso","Fungi","subspecies","GBIF",1.25,,"removed"
"Saccharomyces mangini tetrasporus","Fungi","subspecies","GBIF",1.25,,"removed"
"Saccharomyces oviformis cheriensis","Fungi","subspecies","GBIF",1.25,,"removed"
"Saccharomyces robusta","Fungi","species","GBIF",1.25,,"removed"
"Saccharomyces veronae osloensis","Fungi","subspecies","GBIF",1.25,,"removed"
"Saccharomyces vini-muntz","Fungi","species","GBIF",1.25,,"removed"
"Saccharopolyspora faeni","Bacteria","species","GBIF",1.5,"not in LPSN","removed"
"Salinimonas indica","Bacteria","species","GBIF",2,"not in LPSN","removed"
"Salininema xinjiangensis","Bacteria","species","GBIF",2,"not in LPSN","removed"
"Salpingoeca desaedeleeri","Protozoa","species","manually added",2,,"removed"
"Salpingoeca elegans","Protozoa","species","manually added",2,,"removed"
"Salpingoeca frequentissima","Protozoa","species","manually added",2,,"removed"
"Salpingoeca longipes","Protozoa","species","manually added",2,,"removed"
"Sarcoptes sira scabiei","Animalia","subspecies","GBIF",1.25,,"removed"
"Scheffersomyces shehatae insectosa","Fungi","subspecies","GBIF",2,,"removed"
"Scheffersomyces shehatae lignosa","Fungi","subspecies","GBIF",2,,"removed"
"Schizodiacrodium","Protozoa","genus","manually added",2,,"removed"
"Schizothrix fasciculata semiglobosa","Bacteria","subspecies","GBIF",2,"not in LPSN","removed"
"Schlegelella thermophilum","Bacteria","species","GBIF",2,"not in LPSN","removed"
"Scolecobasidium minima","Fungi","species","GBIF",1.25,,"removed"
"Scopulariopsis bainieri","Fungi","species","GBIF",1.25,,"removed"
"Scopulariopsis brevicaule hominis","Fungi","subspecies","GBIF",1.25,,"removed"
"Scopulariopsis epigaeum","Fungi","species","GBIF",1.25,,"removed"
"Scopulariopsis insectivorum","Fungi","species","GBIF",1.25,,"removed"
"Scopulariopsis rubellum","Fungi","species","GBIF",1.25,,"removed"
"Scopulariopsis scopulariopsis","Fungi","species","GBIF",1.25,,"removed"
"Scopulariopsis stercorarium","Fungi","species","GBIF",1.25,,"removed"
"Scytalidium cubodeum","Fungi","species","GBIF",1.25,,"removed"
"Scytonema cincinnata","Bacteria","species","GBIF",2,"not in LPSN","removed"
"Scytonema compactus","Bacteria","species","GBIF",2,"not in LPSN","removed"
"Scytonema crispa","Bacteria","species","GBIF",2,"not in LPSN","removed"
"Scytonema natans","Bacteria","species","GBIF",2,"not in LPSN","removed"
"Scytonema tenuissimum","Bacteria","species","LPSN",2,"LPSN: correct name","kept (current name or protected)"
"Sediminibacterium penzbergensis","Bacteria","species","GBIF",2,"not in LPSN","removed"
"Segeticoccus soli","Bacteria","species","GBIF",2,"not in LPSN","removed"
"Sellimonas massiliensis","Bacteria","species","GBIF",2,"not in LPSN","removed"
"Serpularia centrifuga","Protozoa","species","manually added",2,,"removed"
"Shewanella putrifaciens","Bacteria","species","GBIF",1.5,"not in LPSN","removed"
"Shinella saccharophila","Bacteria","species","GBIF",2,"not in LPSN","removed"
"Siccibacter zurichensis","Bacteria","species","GBIF",2,"not in LPSN","removed"
"Silvestria","Animalia","genus","GBIF",2,,"removed"
"Singhamoeba","Protozoa","genus","manually added",2,,"removed"
"Skermanella largomobilis parooensis","Bacteria","subspecies","GBIF",2,"not in LPSN","removed"
"Snyderella","Protozoa","genus","manually added",2,,"removed"
"Soliformovum irregularis","Protozoa","species","manually added",2,,"removed"
"Solorina","Fungi","genus","manually added",2,,"status 'unknown' (has children that are kept)"
"Sphaerellothecium","Fungi","genus","manually added",2,,"status 'unknown' (has children that are kept)"
"Sphenomonadidae","Protozoa","family","manually added",2,,"status 'unknown' (has children that are kept)"
"Sphingobacterium yabuuchiae","Bacteria","species","GBIF",1.5,"not in LPSN","removed"
"Sphingomonas devorans","Bacteria","species","GBIF",1.5,"not in LPSN","removed"
"Spirelytha scheii","Protozoa","species","manually added",2,,"removed"
"Spirinella pauciplicata","Protozoa","species","manually added",2,,"status 'unknown' (has children that are kept)"
"Spirometra fausti","Animalia","species","GBIF",1.25,,"removed"
"Spironympha","Protozoa","genus","manually added",2,,"removed"
"Spongospora scabies","Chromista","species","GBIF",2,,"removed"
"Spongospora scabies caespitosum","Chromista","subspecies","GBIF",2,,"removed"
"Spongospora subterranea nasturtii","Chromista","subspecies","GBIF",2,,"removed"
"Spongospora subterranea subterranea","Chromista","subspecies","GBIF",2,,"removed"
"Spongospora subterranea valde-evoluta","Chromista","subspecies","GBIF",2,,"removed"
"Sporobolomyces metaroseus","Fungi","species","GBIF",1.25,,"removed"
"Sporobolomyces photographus photographus","Fungi","subspecies","GBIF",1.25,,"removed"
"Sporobolomyces pulverulentus","Fungi","species","GBIF",1.25,,"removed"
"Sporobolomyces rubra","Fungi","species","GBIF",1.25,,"removed"
"Sporobolomyces salmonicolor albus","Fungi","subspecies","GBIF",1.25,,"removed"
"Sporobolomyces somala","Fungi","species","GBIF",1.25,,"removed"
"Sporosarcina globisporus","Bacteria","species","GBIF",2,"not in LPSN","status 'unknown' (has children that are kept)"
"Sporothrix aeruginosum","Fungi","species","GBIF",1.25,,"removed"
"Sporothrix aeruginosum microsporum","Fungi","subspecies","GBIF",1.25,,"removed"
"Sporothrix beurmannii asteroides","Fungi","subspecies","GBIF",1.25,,"removed"
"Sporothrix beurmannii fioccoi","Fungi","subspecies","GBIF",1.25,,"removed"
"Sporothrix beurmannii indicum","Fungi","subspecies","GBIF",1.25,,"removed"
"Sporothrix beurmannii janselmei","Fungi","subspecies","GBIF",1.25,,"removed"
"Sporothrix beurmannii jeanselmei","Fungi","subspecies","GBIF",1.25,,"removed"
"Sporothrix beurmannii schencki","Fungi","subspecies","GBIF",1.25,,"removed"
"Sporothrix beurmannii schenckii","Fungi","subspecies","GBIF",1.25,,"removed"
"Sporothrix columnare","Fungi","species","GBIF",1.25,,"removed"
"Sporothrix echinosporum","Fungi","species","GBIF",1.25,,"removed"
"Sporothrix equi","Fungi","species","GBIF",1.25,,"removed"
"Sporothrix fonsecae","Fungi","species","GBIF",1.25,,"removed"
"Sporothrix gossypina robusta","Fungi","subspecies","GBIF",1.25,,"removed"
"Sporothrix indicum","Fungi","species","GBIF",1.25,,"removed"
"Sporothrix jeanselmei","Fungi","species","GBIF",1.25,,"removed"
"Sporothrix sanguinea","Fungi","species","manually added",1.25,,"removed"
"Sporothrix schenckii beaumannii","Fungi","subspecies","GBIF",1.25,,"removed"
"Sporothrix schenckii beurmannii","Fungi","subspecies","GBIF",1.25,,"removed"
"Sporothrix schenckii fioccoi","Fungi","subspecies","GBIF",1.25,,"removed"
"Sporothrix schenckii greconis","Fungi","subspecies","GBIF",1.25,,"removed"
"Sporothrix schenckii-beurmannii beurmannii","Fungi","subspecies","GBIF",1.25,,"removed"
"Sporothrix schenckii-beurmannii schenckii","Fungi","subspecies","GBIF",1.25,,"removed"
"Sporothrix scopula","Fungi","species","GBIF",1.25,,"removed"
"Sporothrix tropicale","Fungi","species","GBIF",1.25,,"removed"
"Sporothrix verticilloides","Fungi","species","GBIF",1.25,,"removed"
"Sporotrichum crateriformis","Fungi","species","GBIF",1.25,,"removed"
"Sporotrichum fenestralis","Fungi","species","GBIF",1.25,,"removed"
"Sporotrichum latebrarum","Fungi","species","manually added",1.25,,"removed"
"Sporotrichum sanguineum","Fungi","species","manually added",1.25,,"removed"
"Spraguea lophi","Fungi","species","GBIF",2,,"removed"
"Squamularia dieneri","Protozoa","species","manually added",2,,"removed"
"Squamularia nummulina","Protozoa","species","manually added",2,,"removed"
"Squamularia pulcherrima","Protozoa","species","manually added",2,,"removed"
"Squamularia suborbicularis","Protozoa","species","manually added",2,,"removed"
"Stachybotrys aterrima","Fungi","species","GBIF",1.25,,"removed"
"Stachybotrys atra brevicaulis","Fungi","subspecies","GBIF",1.25,,"removed"
"Stachybotrys atra lobulata","Fungi","subspecies","GBIF",1.25,,"removed"
"Stachybotrys biguttatum","Fungi","species","GBIF",1.25,,"removed"
"Stachybotrys charatum","Fungi","species","GBIF",1.25,,"removed"
"Stachybotrys echinata","Fungi","species","GBIF",1.25,,"removed"
"Stachybotrys echinatum","Fungi","species","GBIF",1.25,,"removed"
"Stachybotrys leprosa","Fungi","species","GBIF",1.25,,"removed"
"Stachybotrys levispora","Fungi","species","GBIF",1.25,,"removed"
"Stachybotrys lobulata","Fungi","species","GBIF",1.25,,"status 'unknown' (has children that are kept)"
"Stachybotrys lobulata angustispora","Fungi","subspecies","GBIF",1.25,,"removed"
"Stachybotrys lobulatus angustisporus","Fungi","subspecies","GBIF",1.25,,"removed"
"Stachybotrys longistipitata","Fungi","species","GBIF",1.25,,"removed"
"Stachybotrys novae-zelandiae","Fungi","species","GBIF",1.25,,"removed"
"Staphylococcus veratri","Bacteria","species","GBIF",1,"not in LPSN","removed"
"Starkeya novellus","Bacteria","species","GBIF",2,"not in LPSN","removed"
"Steinhausia brachynema","Fungi","species","manually added",2,,"removed"
"Steinhausia mytilovum","Fungi","species","manually added",2,,"removed"
"Steinhausia ovicola","Fungi","species","manually added",2,,"removed"
"Stemonaria crypta","Protozoa","species","manually added",2,,"removed"
"Stemonaria equinoctialis","Protozoa","species","manually added",2,,"removed"
"Stemonaria fuscoides longipes","Protozoa","subspecies","manually added",2,,"removed"
"Stemonaria irregularis altaica","Protozoa","subspecies","manually added",2,,"removed"
"Stemonaria longa flaccida","Protozoa","subspecies","manually added",2,,"removed"
"Stemonaria longa irregularis","Protozoa","subspecies","manually added",2,,"removed"
"Stemonaria longus","Protozoa","species","manually added",2,,"removed"
"Stemonitis acuminata","Protozoa","species","manually added",2,,"removed"
"Stemonitis axifera smithii","Protozoa","subspecies","manually added",2,,"removed"
"Stemonitis axifera violacea","Protozoa","subspecies","manually added",2,,"removed"
"Stemonitis baeuerlinii","Protozoa","species","manually added",2,,"removed"
"Stemonitis baeuerlinii fenestrata","Protozoa","subspecies","manually added",2,,"removed"
"Stemonitis brasiliensis","Protozoa","species","manually added",2,,"removed"
"Stemonitis carolinensis","Protozoa","species","manually added",2,,"removed"
"Stemonitis castillensis","Protozoa","species","manually added",2,,"removed"
"Stemonitis dictyospora","Protozoa","species","manually added",2,,"removed"
"Stemonitis emotoi","Protozoa","species","manually added",2,,"removed"
"Stemonitis fasciculata","Protozoa","species","manually added",2,,"removed"
"Stemonitis fenestrata","Protozoa","species","manually added",2,,"removed"
"Stemonitis ferruginea","Protozoa","species","manually added",2,,"status 'unknown' (has children that are kept)"
"Stemonitis ferruginea gibbosa","Protozoa","subspecies","manually added",2,,"removed"
"Stemonitis ferruginea smithii","Protozoa","subspecies","manually added",2,,"removed"
"Stemonitis ferruginea violacea","Protozoa","subspecies","manually added",2,,"removed"
"Stemonitis flavogentia","Protozoa","species","manually added",2,,"removed"
"Stemonitis fusca major","Protozoa","subspecies","manually added",2,,"removed"
"Stemonitis fusca maxima","Protozoa","subspecies","manually added",2,,"removed"
"Stemonitis fusca minor","Protozoa","subspecies","manually added",2,,"removed"
"Stemonitis fusca nigrescens","Protozoa","subspecies","manually added",2,,"removed"
"Stemonitis fusca pinnata","Protozoa","subspecies","manually added",2,,"removed"
"Stemonitis fusca rufescens","Protozoa","subspecies","manually added",2,,"removed"
"Stemonitis lignicola","Protozoa","species","manually added",2,,"removed"
"Stemonitis maxima","Protozoa","species","manually added",2,,"removed"
"Stemonitis microspora","Protozoa","species","manually added",2,,"removed"
"Stemonitis morganii","Protozoa","species","manually added",2,,"removed"
"Stemonitis mussooriensis emotoi","Protozoa","subspecies","manually added",2,,"removed"
"Stemonitis nigrescens","Protozoa","species","manually added",2,,"removed"
"Stemonitis nuda","Protozoa","species","manually added",2,,"removed"
"Stemonitis nuda minor","Protozoa","subspecies","manually added",2,,"removed"
"Stemonitis pallida rubescens","Protozoa","subspecies","manually added",2,,"removed"
"Stemonitis smithii","Protozoa","species","manually added",2,,"removed"
"Stemonitis splendens fenestrata","Protozoa","subspecies","manually added",2,,"removed"
"Stemonitis splendens morganii","Protozoa","subspecies","manually added",2,,"removed"
"Stemonitis splendens webberi","Protozoa","subspecies","manually added",2,,"removed"
"Stemonitis violacea","Protozoa","species","manually added",2,,"removed"
"Stemonitis virginiensis rubiginosa","Protozoa","subspecies","manually added",2,,"removed"
"Stemonitis webberi","Protozoa","species","manually added",2,,"removed"
"Stemonitopsis aequalis alta","Protozoa","subspecies","manually added",2,,"removed"
"Stemonitopsis affinis","Protozoa","species","manually added",2,,"removed"
"Stemonitopsis atra","Protozoa","species","manually added",2,,"removed"
"Stemonitopsis carlylei","Protozoa","species","manually added",2,,"removed"
"Stemonitopsis dictyospora","Protozoa","species","manually added",2,,"removed"
"Stemonitopsis hyperopta landewaldii","Protozoa","subspecies","manually added",2,,"removed"
"Stemonitopsis hyperopta microspora","Protozoa","subspecies","manually added",2,,"removed"
"Stemonitopsis leucopoda","Protozoa","species","manually added",2,,"removed"
"Stemonitopsis lycopoda","Protozoa","species","manually added",2,,"removed"
"Stemonitopsis microsperma","Protozoa","species","manually added",2,,"removed"
"Stemonitopsis nigra aequalis","Protozoa","subspecies","manually added",2,,"removed"
"Stemonitopsis nigra subcaespitosa","Protozoa","subspecies","manually added",2,,"removed"
"Stemonitopsis persoonii subcaespitosa","Protozoa","subspecies","manually added",2,,"removed"
"Stemonitopsis platensis","Protozoa","species","manually added",2,,"removed"
"Stemonitopsis pulchella gracilis","Protozoa","subspecies","manually added",2,,"removed"
"Stemonitopsis reticulata macrospora","Protozoa","subspecies","manually added",2,,"removed"
"Stemonitopsis stemonitis","Protozoa","species","manually added",2,,"removed"
"Stemonitopsis typhina heterospora","Protozoa","subspecies","manually added",2,,"removed"
"Stemonitopsis typhina microspora","Protozoa","subspecies","manually added",2,,"removed"
"Stemonitopsis typhina pumila","Protozoa","subspecies","manually added",2,,"removed"
"Stemonitopsis typhoides","Protozoa","species","manually added",2,,"removed"
"Stemonitopsis typhoides genuina","Protozoa","subspecies","manually added",2,,"removed"
"Stemonitopsis typhoides heterospora","Protozoa","subspecies","manually added",2,,"removed"
"Stemonitopsis typhoides longipes","Protozoa","subspecies","manually added",2,,"removed"
"Stemonitopsis typhoides microspora","Protozoa","subspecies","manually added",2,,"removed"
"Stemonitopsis typhoides similis","Protozoa","subspecies","manually added",2,,"removed"
"Stenhammarella","Fungi","genus","manually added",2,,"status 'unknown' (has children that are kept)"
"Stenotrophomonas retroflexus","Bacteria","species","GBIF",1.5,"not in LPSN","removed"
"Stichosiphon pseudo-polymorphus","Bacteria","species","GBIF",2,"not in LPSN","removed"
"Sticta","Fungi","genus","manually added",2,,"status 'unknown' (has children that are kept)"
"Stigonema hormoides crassivaginatum","Bacteria","subspecies","GBIF",2,"not in LPSN","removed"
"Streptococcus periodonticum","Bacteria","species","LPSN",1,"LPSN: preferred name","removed"
"Streptomonospora arabia","Bacteria","species","GBIF",2,"not in LPSN","removed"
"Streptomyces acidiphila","Bacteria","species","GBIF",1.5,"not in LPSN","removed"
"Streptomyces albolonga","Bacteria","species","GBIF",1.5,"not in LPSN","removed"
"Streptomyces alboverticillatum","Bacteria","species","GBIF",1.5,"not in LPSN","removed"
"Streptomyces aureoversile","Bacteria","species","GBIF",1.5,"not in LPSN","removed"
"Streptomyces biverticillatum","Bacteria","species","GBIF",1.5,"not in LPSN","removed"
"Streptomyces caeruleum","Bacteria","species","GBIF",1.5,"not in LPSN","removed"
"Streptomyces capuensis","Bacteria","species","GBIF",1.5,"not in LPSN","removed"
"Streptomyces cinnamoneum albosporum","Bacteria","subspecies","GBIF",1.5,"not in LPSN","removed"
"Streptomyces diplospora","Bacteria","species","GBIF",1.5,"not in LPSN","removed"
"Streptomyces distallicum","Bacteria","species","GBIF",1.5,"not in LPSN","removed"
"Streptomyces ehimense","Bacteria","species","GBIF",1.5,"not in LPSN","removed"
"Streptomyces flava","Bacteria","species","GBIF",1.5,"not in LPSN","removed"
"Streptomyces flavopersicum","Bacteria","species","GBIF",1.5,"not in LPSN","removed"
"Streptomyces fumigata","Bacteria","species","GBIF",1.5,"not in LPSN","removed"
"Streptomyces graminis","Bacteria","species","GBIF",1.5,"not in LPSN","removed"
"Streptomyces griseoverticillatum","Bacteria","species","GBIF",1.5,"not in LPSN","removed"
"Streptomyces hachijoense","Bacteria","species","GBIF",1.5,"not in LPSN","removed"
"Streptomyces indianense","Bacteria","species","GBIF",1.5,"not in LPSN","removed"
"Streptomyces kashmirense","Bacteria","species","GBIF",1.5,"not in LPSN","removed"
"Streptomyces kauaiensis","Bacteria","species","GBIF",1.5,"not in LPSN","removed"
"Streptomyces kentuckense","Bacteria","species","GBIF",1.5,"not in LPSN","removed"
"Streptomyces kishiwadense","Bacteria","species","GBIF",1.5,"not in LPSN","removed"
"Streptomyces lividans","Bacteria","species","LPSN",1.5,"LPSN: preferred name","removed"
"Streptomyces luteocolor","Bacteria","species","LPSN",1.5,"LPSN: preferred name","removed"
"Streptomyces luteoverticillatum","Bacteria","species","GBIF",1.5,"not in LPSN","removed"
"Streptomyces nagasakiensis","Bacteria","species","GBIF",1.5,"not in LPSN","removed"
"Streptomyces ochracea","Bacteria","species","GBIF",1.5,"not in LPSN","removed"
"Streptomyces olivoreticuli cellulophilum","Bacteria","subspecies","GBIF",1.5,"not in LPSN","removed"
"Streptomyces olivoreticuli cellulophilus","Bacteria","subspecies","GBIF",1.5,"not in LPSN","removed"
"Streptomyces olivoreticulum","Bacteria","species","GBIF",1.5,"not in LPSN","removed"
"Streptomyces phosalacinea","Bacteria","species","GBIF",1.5,"not in LPSN","removed"
"Streptomyces purpurogena","Bacteria","species","GBIF",1.5,"not in LPSN","removed"
"Streptomyces rectiverticillatum","Bacteria","species","GBIF",1.5,"not in LPSN","removed"
"Streptomyces reticuli","Bacteria","species","LPSN",1.5,"LPSN: preferred name","removed"
"Streptomyces rosea","Bacteria","species","GBIF",1.5,"not in LPSN","removed"
"Streptomyces roseoverticillatum","Bacteria","species","GBIF",1.5,"not in LPSN","removed"
"Streptomyces sapporonense","Bacteria","species","GBIF",1.5,"not in LPSN","removed"
"Streptomyces septatum","Bacteria","species","GBIF",1.5,"not in LPSN","removed"
"Streptomyces vitaminophilum","Bacteria","species","GBIF",1.5,"not in LPSN","removed"
"Streptomyces wadayamensis","Bacteria","species","GBIF",1.5,"not in LPSN","removed"
"Strombomonas acuminata triangulata","Protozoa","subspecies","manually added",2,,"removed"
"Strombomonas hispida verrucosa","Protozoa","subspecies","manually added",2,,"removed"
"Strombomonas rotundata","Protozoa","species","manually added",2,,"removed"
"Strombomonas schauinslandii australica","Protozoa","subspecies","manually added",2,,"removed"
"Strombomonas sinensis","Protozoa","species","manually added",2,,"removed"
"Strombomonas urceolata zaleskii","Protozoa","subspecies","manually added",2,,"removed"
"Strombomonas zmiewika","Protozoa","species","manually added",2,,"removed"
"Symphytocarpus alpina","Protozoa","species","manually added",2,,"removed"
"Symphytocarpus confluens sporangiis","Protozoa","subspecies","manually added",2,,"removed"
"Symphytocarpus confluens sporangiisliberis","Protozoa","subspecies","manually added",2,,"removed"
"Symphytocarpus confluens syncarpa","Protozoa","subspecies","manually added",2,,"removed"
"Symphytocarpus ferruginea","Protozoa","species","manually added",2,,"removed"
"Symphytocarpus flaccida","Protozoa","species","manually added",2,,"removed"
"Symphytocarpus fusca confluens","Protozoa","subspecies","manually added",2,,"removed"
"Symphytocarpus fusca flaccida","Protozoa","subspecies","manually added",2,,"removed"
"Symphytocarpus fusca trechispora","Protozoa","subspecies","manually added",2,,"removed"
"Symphytocarpus fusca trechispora-confluens","Protozoa","subspecies","manually added",2,,"removed"
"Symphytocarpus fusca trechyspora","Protozoa","subspecies","manually added",2,,"removed"
"Symphytocarpus herbatica confluens","Protozoa","subspecies","manually added",2,,"removed"
"Symphytocarpus splendens confluens","Protozoa","subspecies","manually added",2,,"removed"
"Symphytocarpus splendens flaccida","Protozoa","subspecies","manually added",2,,"removed"
"Symphytocarpus suksdorfii aggregata","Protozoa","subspecies","manually added",2,,"removed"
"Symphytocarpus syncarpa","Protozoa","species","manually added",2,,"removed"
"Symphytocarpus trechispora","Protozoa","species","manually added",2,,"removed"
"Symphytocarpus trechispora trechespora","Protozoa","subspecies","manually added",2,,"removed"
"Symploca rubinatum","Bacteria","species","GBIF",2,"not in LPSN","removed"
"Syncephalastrum racemosum paucisporum","Fungi","subspecies","GBIF",1.25,,"removed"
"Synechocystis didemni rosea","Bacteria","subspecies","GBIF",2,"not in LPSN","removed"
"Synechocystis endophytica","Bacteria","species","GBIF",2,"not in LPSN","removed"
"Taenia cellulosae","Animalia","species","GBIF",1.25,,"removed"
"Taenia cerebralis","Animalia","species","GBIF",1.25,,"removed"
"Taenia gaigeri","Animalia","species","GBIF",1.25,,"removed"
"Taenia radians","Animalia","species","GBIF",1.25,,"removed"
"Taenia ramosus","Animalia","species","GBIF",1.25,,"removed"
"Taenia skrjabini","Animalia","species","GBIF",1.25,,"removed"
"Taenia tenuicollis","Animalia","species","GBIF",1.25,,"removed"
"Taeniella galatheae","Protozoa","species","manually added",2,,"removed"
"Taeniella grandis","Protozoa","species","manually added",2,,"removed"
"Taeniella longa","Protozoa","species","manually added",2,,"removed"
"Talaromyces aculeatum apiculatum","Fungi","subspecies","GBIF",1.25,,"removed"
"Talaromyces aureocephalum","Fungi","species","GBIF",1.25,,"removed"
"Talaromyces bacillisporum","Fungi","species","GBIF",1.25,,"removed"
"Talaromyces chrysitis","Fungi","species","GBIF",1.25,,"removed"
"Talaromyces clavigerum","Fungi","species","GBIF",1.25,,"removed"
"Talaromyces concavorugulosum","Fungi","species","GBIF",1.25,,"removed"
"Talaromyces crateriforme","Fungi","species","GBIF",1.25,,"removed"
"Talaromyces dangeardii","Fungi","species","GBIF",1.25,,"removed"
"Talaromyces diversum aureum","Fungi","subspecies","GBIF",1.25,,"removed"
"Talaromyces echinosporum","Fungi","species","GBIF",1.25,,"removed"
"Talaromyces elongatum","Fungi","species","GBIF",1.25,,"removed"
"Talaromyces emmonsii","Fungi","species","GBIF",1.25,,"removed"
"Talaromyces indicus major","Fungi","subspecies","GBIF",1.25,,"removed"
"Talaromyces kloeckeri","Fungi","species","GBIF",1.25,,"removed"
"Talaromyces korosum","Fungi","species","GBIF",1.25,,"removed"
"Talaromyces luteoaurantium","Fungi","species","GBIF",1.25,,"removed"
"Talaromyces macrosporum","Fungi","species","GBIF",1.25,,"removed"
"Talaromyces paucispora","Fungi","species","GBIF",1.25,,"removed"
"Talaromyces phialosporum","Fungi","species","GBIF",1.25,,"removed"
"Talaromyces purpureogenum rubri-sclerotium","Fungi","subspecies","GBIF",1.25,,"removed"
"Talaromyces rugulosum atricola","Fungi","subspecies","GBIF",1.25,,"removed"
"Talaromyces rugulosum atricolum","Fungi","subspecies","GBIF",1.25,,"removed"
"Talaromyces rugulosum leve","Fungi","subspecies","GBIF",1.25,,"removed"
"Talaromyces rugulosum lunzinense","Fungi","subspecies","GBIF",1.25,,"removed"
"Talaromyces spirillum","Fungi","species","GBIF",1.25,,"removed"
"Talaromyces tardum","Fungi","species","GBIF",1.25,,"removed"
"Talaromyces vermiculatum","Fungi","species","GBIF",1.25,,"removed"
"Talaromyces vermiculatum vermiculatum","Fungi","subspecies","GBIF",1.25,,"removed"
"Tannerella forsythus","Bacteria","species","GBIF",1.5,"not in LPSN","removed"
"Tarzetta","Fungi","genus","manually added",2,,"status 'unknown' (has children that are kept)"
"Tatlockia pittsburghensis","Bacteria","species","GBIF",1.5,"not in LPSN","removed"
"Teixeiramonas","Protozoa","genus","manually added",2,,"removed"
"Tenacibaculum marina","Bacteria","species","GBIF",2,"not in LPSN","removed"
"Teranympha","Protozoa","genus","manually added",2,,"removed"
"Tetraniveum","Protozoa","genus","manually added",2,,"removed"
"Tetratrichomastix","Protozoa","genus","manually added",2,,"removed"
"Tetratrichomonas","Protozoa","genus","manually added",2,,"status 'unknown' (has children that are kept)"
"Thalassobius gelatinovora","Bacteria","species","GBIF",2,"not in LPSN","removed"
"Thalassobius gelatinovorans","Bacteria","species","GBIF",2,"not in LPSN","removed"
"Thalassobius gelatinovorum","Bacteria","species","GBIF",2,"not in LPSN","removed"
"Thalassospira permensis","Bacteria","species","LPSN",2,"LPSN: preferred name","removed"
"Thelohania minuta","Fungi","species","GBIF",2,,"removed"
"Thermincola potens","Bacteria","species","LPSN",2,"LPSN: preferred name","removed"
"Thermoanaerobacterium kirishiense","Bacteria","species","GBIF",2,"not in LPSN","removed"
"Thermoanaerobacterium thermosulfurogenes","Bacteria","species","LPSN",2,"LPSN: preferred name","removed"
"Thermobifida mesouviformis","Bacteria","species","GBIF",2,"not in LPSN","removed"
"Thiocystis minus","Bacteria","species","GBIF",2,"not in LPSN","removed"
"Thiomicrospira thyasiris","Bacteria","species","GBIF",2,"not in LPSN","removed"
"Tieghemostelium lacteum papilloideum","Protozoa","subspecies","manually added",2,,"removed"
"Tissierella hastiforme","Bacteria","species","GBIF",1.5,"not in LPSN","removed"
"Tolypothrix tenuis lanata","Bacteria","subspecies","GBIF",2,"not in LPSN","removed"
"Toxocara circumflexa","Animalia","species","GBIF",1.25,,"removed"
"Toxocara marginata","Animalia","species","GBIF",1.25,,"removed"
"Toxocara triquetra","Animalia","species","GBIF",1.25,,"removed"
"Toxocara vulpis","Animalia","species","GBIF",1.25,,"removed"
"Toxoglugea","Fungi","genus","manually added",2,,"status 'unknown' (has children that are kept)"
"Toxoglugea bacilliforme","Fungi","species","manually added",2,,"removed"
"Trabrooksia applanata microspora","Protozoa","subspecies","manually added",2,,"removed"
"Tracheleuglypha beta","Protozoa","species","manually added",2,,"removed"
"Trachelomonas","Protozoa","genus","manually added",2,,"status 'unknown' (has children that are kept)"
"Trachelomonas allorgei","Protozoa","species","manually added",2,,"status 'unknown' (has children that are kept)"
"Trachelomonas allorgei molesta","Protozoa","subspecies","manually added",2,,"removed"
"Trachelomonas amphoriphormis","Protozoa","species","manually added",2,,"removed"
"Trachelomonas amphoriphormis amphoriphormis","Protozoa","subspecies","manually added",2,,"removed"
"Trachelomonas armata glabra","Protozoa","subspecies","manually added",2,,"removed"
"Trachelomonas bacilliferaminima","Protozoa","species","manually added",2,,"removed"
"Trachelomonas bernardiensis","Protozoa","species","manually added",2,,"removed"
"Trachelomonas bernardinensis","Protozoa","species","manually added",2,,"removed"
"Trachelomonas crenulatocollis","Protozoa","species","manually added",2,,"removed"
"Trachelomonas cylindrica gordeievi","Protozoa","subspecies","manually added",2,,"removed"
"Trachelomonas cylindrica hispidula","Protozoa","subspecies","manually added",2,,"removed"
"Trachelomonas dangeardii","Protozoa","species","manually added",2,,"status 'unknown' (has children that are kept)"
"Trachelomonas depressa","Protozoa","species","manually added",2,,"removed"
"Trachelomonas depressa punctata","Protozoa","subspecies","manually added",2,,"removed"
"Trachelomonas deses gracilis","Protozoa","subspecies","manually added",2,,"removed"
"Trachelomonas euchlora cylindrica","Protozoa","subspecies","manually added",2,,"removed"
"Trachelomonas euchlora minor","Protozoa","subspecies","manually added",2,,"removed"
"Trachelomonas fusiformis","Protozoa","species","manually added",2,,"removed"
"Trachelomonas hispida cylindrica","Protozoa","subspecies","manually added",2,,"removed"
"Trachelomonas hispida globularis","Protozoa","subspecies","manually added",2,,"removed"
"Trachelomonas intermefia crenulatocollis","Protozoa","subspecies","manually added",2,,"removed"
"Trachelomonas labiata","Protozoa","species","manually added",2,,"removed"
"Trachelomonas laevis","Protozoa","species","manually added",2,,"removed"
"Trachelomonas longissima","Protozoa","species","manually added",2,,"removed"
"Trachelomonas molesta","Protozoa","species","manually added",2,,"removed"
"Trachelomonas polymorphum polymorphum","Protozoa","subspecies","manually added",2,,"removed"
"Trachelomonas proxima","Protozoa","species","manually added",2,,"removed"
"Trachelomonas pseudocaudata","Protozoa","species","manually added",2,,"removed"
"Trachelomonas pulcherrima","Protozoa","species","manually added",2,,"status 'unknown' (has children that are kept)"
"Trachelomonas pulcherrima latior","Protozoa","subspecies","manually added",2,,"removed"
"Trachelomonas pulcherrima ovalis","Protozoa","subspecies","manually added",2,,"removed"
"Trachelomonas pulcherrima pulcherrima","Protozoa","subspecies","manually added",2,,"removed"
"Trachelomonas pyramidata","Protozoa","species","manually added",2,,"removed"
"Trachelomonas scabra coberensis","Protozoa","subspecies","manually added",2,,"removed"
"Trachelomonas scabra cordata","Protozoa","subspecies","manually added",2,,"removed"
"Trachelomonas scabra coronata","Protozoa","subspecies","manually added",2,,"removed"
"Trachelomonas scabra elliptica","Protozoa","subspecies","manually added",2,,"removed"
"Trachelomonas scabra intermedia","Protozoa","subspecies","manually added",2,,"removed"
"Trachelomonas scabra longicolis","Protozoa","subspecies","manually added",2,,"removed"
"Trachelomonas scabra longicollis","Protozoa","subspecies","manually added",2,,"removed"
"Trachelomonas scabra ovata","Protozoa","subspecies","manually added",2,,"removed"
"Trachelomonas varians globosa","Protozoa","subspecies","manually added",2,,"removed"
"Trachelomonas varians minor","Protozoa","subspecies","manually added",2,,"removed"
"Trachelomonas verrucosa granulosa","Protozoa","subspecies","manually added",2,,"removed"
"Trachelomonas volzii cylindracea","Protozoa","subspecies","manually added",2,,"removed"
"Trepomonas","Protozoa","genus","manually added",2,,"status 'unknown' (has children that are kept)"
"Trichella pentodona","Protozoa","species","manually added",2,,"removed"
"Trichia bicolor","Protozoa","species","manually added",2,,"removed"
"Trichia botrystis flavicoma","Protozoa","subspecies","manually added",2,,"removed"
"Trichia botrytis flavicoma","Protozoa","subspecies","manually added",2,,"removed"
"Trichia botrytis munda","Protozoa","subspecies","manually added",2,,"removed"
"Trichia botrytis subfusca","Protozoa","subspecies","manually added",2,,"removed"
"Trichia bucknallii","Protozoa","species","manually added",2,,"removed"
"Trichia cascadensis","Protozoa","species","manually added",2,,"removed"
"Trichia contorta alpina","Protozoa","subspecies","manually added",2,,"removed"
"Trichia contorta engadinensis","Protozoa","subspecies","manually added",2,,"removed"
"Trichia contorta engadinesis","Protozoa","subspecies","manually added",2,,"removed"
"Trichia contorta nivicola","Protozoa","subspecies","manually added",2,,"removed"
"Trichia minima","Protozoa","species","manually added",2,,"removed"
"Trichia munda fusca","Protozoa","subspecies","manually added",2,,"removed"
"Trichia nitens","Protozoa","species","manually added",2,,"removed"
"Trichia scabra lutea","Protozoa","subspecies","manually added",2,,"removed"
"Trichia sordida sordidoides","Protozoa","subspecies","manually added",2,,"removed"
"Trichia varia fimicola","Protozoa","subspecies","manually added",2,,"removed"
"Trichoderma alba","Fungi","species","GBIF",1.25,,"removed"
"Trichoderma atroviridae","Fungi","species","GBIF",1.25,,"removed"
"Trichoderma aureoviridis macrospora","Fungi","subspecies","GBIF",1.25,,"removed"
"Trichoderma chrysofulva","Fungi","species","GBIF",1.25,,"removed"
"Trichoderma citrina americana","Fungi","subspecies","GBIF",1.25,,"removed"
"Trichoderma citrina fungicola","Fungi","subspecies","GBIF",1.25,,"removed"
"Trichoderma citrina ochracea","Fungi","subspecies","GBIF",1.25,,"removed"
"Trichoderma clavata","Fungi","species","GBIF",1.25,,"removed"
"Trichoderma contorta","Fungi","species","GBIF",1.25,,"removed"
"Trichoderma corrugata","Fungi","species","GBIF",1.25,,"removed"
"Trichoderma corticioides","Fungi","species","GBIF",1.25,,"removed"
"Trichoderma danica","Fungi","species","GBIF",1.25,,"removed"
"Trichoderma ellipticum","Fungi","species","GBIF",1.25,,"removed"
"Trichoderma erubescens","Fungi","species","GBIF",1.25,,"removed"
"Trichoderma farinosa","Fungi","species","GBIF",1.25,,"removed"
"Trichoderma fragilis","Fungi","species","GBIF",1.25,,"removed"
"Trichoderma fungicola","Fungi","species","GBIF",1.25,,"removed"
"Trichoderma fungicola raduli","Fungi","subspecies","GBIF",1.25,,"removed"
"Trichoderma gelatinosa lutea","Fungi","subspecies","GBIF",1.25,,"removed"
"Trichoderma hamatum candidum","Fungi","subspecies","GBIF",1.25,,"removed"
"Trichoderma hexaspora","Fungi","species","GBIF",1.25,,"removed"
"Trichoderma hexasporus","Fungi","species","GBIF",1.25,,"removed"
"Trichoderma hispanica","Fungi","species","GBIF",1.25,,"removed"
"Trichoderma jecorina","Fungi","species","GBIF",1.25,,"removed"
"Trichoderma karsteniana","Fungi","species","GBIF",1.25,,"removed"
"Trichoderma latizonata","Fungi","species","GBIF",1.25,,"removed"
"Trichoderma lignorum aureum","Fungi","subspecies","GBIF",1.25,,"removed"
"Trichoderma lignorum vulgare","Fungi","subspecies","GBIF",1.25,,"removed"
"Trichoderma longipilosa","Fungi","species","GBIF",1.25,,"removed"
"Trichoderma lutea","Fungi","species","GBIF",1.25,,"removed"
"Trichoderma megalocitrina","Fungi","species","GBIF",1.25,,"removed"
"Trichoderma microcitrina","Fungi","species","GBIF",1.25,,"removed"
"Trichoderma microspermum","Fungi","species","GBIF",1.25,,"removed"
"Trichoderma neorufa","Fungi","species","GBIF",1.25,,"removed"
"Trichoderma nybergiana","Fungi","species","GBIF",1.25,,"removed"
"Trichoderma ochroleuca","Fungi","species","GBIF",1.25,,"removed"
"Trichoderma orientalis","Fungi","species","GBIF",1.25,,"removed"
"Trichoderma patella tropica","Fungi","subspecies","GBIF",1.25,,"removed"
"Trichoderma peltata","Fungi","species","GBIF",1.25,,"removed"
"Trichoderma protopulvinata","Fungi","species","GBIF",1.25,,"removed"
"Trichoderma pulvinata serialis","Fungi","subspecies","GBIF",1.25,,"removed"
"Trichoderma pulviniforme","Fungi","species","GBIF",1.25,,"removed"
"Trichoderma rigens","Fungi","species","GBIF",1.25,,"removed"
"Trichoderma rigens contorta","Fungi","subspecies","GBIF",1.25,,"removed"
"Trichoderma rufa","Fungi","species","GBIF",1.25,,"removed"
"Trichoderma rufa discoidea","Fungi","subspecies","GBIF",1.25,,"removed"
"Trichoderma rufa formosana","Fungi","subspecies","GBIF",1.25,,"removed"
"Trichoderma rufa lateritia","Fungi","subspecies","GBIF",1.25,,"removed"
"Trichoderma rufa minor","Fungi","subspecies","GBIF",1.25,,"removed"
"Trichoderma rufa rufa","Fungi","subspecies","GBIF",1.25,,"removed"
"Trichoderma rufa sterilis","Fungi","subspecies","GBIF",1.25,,"removed"
"Trichoderma rufa sublateritia","Fungi","subspecies","GBIF",1.25,,"removed"
"Trichoderma rufa umbrina","Fungi","subspecies","GBIF",1.25,,"removed"
"Trichoderma sagamiensis","Fungi","species","GBIF",1.25,,"removed"
"Trichoderma schweinitzii","Fungi","species","GBIF",1.25,,"removed"
"Trichoderma sordida","Fungi","species","GBIF",1.25,,"removed"
"Trichoderma sordidus","Fungi","species","GBIF",1.25,,"removed"
"Trichoderma spinulosa","Fungi","species","GBIF",1.25,,"removed"
"Trichoderma spinulosus","Fungi","species","GBIF",1.25,,"removed"
"Trichoderma sporulosum erubescens","Fungi","subspecies","GBIF",1.25,,"removed"
"Trichoderma stellata","Fungi","species","GBIF",1.25,,"removed"
"Trichoderma straminella","Fungi","species","GBIF",1.25,,"removed"
"Trichoderma strictipilosa","Fungi","species","GBIF",1.25,,"removed"
"Trichoderma subtrachycarpa","Fungi","species","GBIF",1.25,,"removed"
"Trichoderma subtrachycarpus","Fungi","species","GBIF",1.25,,"removed"
"Trichoderma succisus","Fungi","species","GBIF",1.25,,"removed"
"Trichoderma sulawesensis","Fungi","species","GBIF",1.25,,"removed"
"Trichoderma sulfurea","Fungi","species","GBIF",1.25,,"removed"
"Trichoderma sulphurea","Fungi","species","GBIF",1.25,,"removed"
"Trichoderma sulphurea macrospora","Fungi","subspecies","GBIF",1.25,,"removed"
"Trichoderma tawa microspora","Fungi","subspecies","GBIF",1.25,,"removed"
"Trichoderma trachycarpa","Fungi","species","GBIF",1.25,,"removed"
"Trichoderma trachycarpus","Fungi","species","GBIF",1.25,,"removed"
"Trichoderma virescentiflava","Fungi","species","GBIF",1.25,,"removed"
"Trichoderma vulgaris","Fungi","species","GBIF",1.25,,"removed"
"Trichonympha","Protozoa","genus","manually added",2,,"removed"
"Trichophyton abissinica","Fungi","species","GBIF",1.25,,"removed"
"Trichophyton abyssinicum","Fungi","species","GBIF",1.25,,"removed"
"Trichophyton achorion","Fungi","species","GBIF",1.25,,"removed"
"Trichophyton acuminata","Fungi","species","GBIF",1.25,,"removed"
"Trichophyton ajelloi nanus","Fungi","subspecies","GBIF",1.25,,"removed"
"Trichophyton alba","Fungi","species","GBIF",1.25,,"removed"
"Trichophyton album singulare","Fungi","subspecies","GBIF",1.25,,"removed"
"Trichophyton balcanea","Fungi","species","GBIF",1.25,,"removed"
"Trichophyton denticulata","Fungi","species","GBIF",1.25,,"removed"
"Trichophyton denticulatus","Fungi","species","GBIF",1.25,,"removed"
"Trichophyton effracta","Fungi","species","GBIF",1.25,,"removed"
"Trichophyton equinus","Fungi","species","GBIF",1.25,,"removed"
"Trichophyton felineum denticulatum","Fungi","subspecies","GBIF",1.25,,"removed"
"Trichophyton glabra","Fungi","species","GBIF",1.25,,"removed"
"Trichophyton granulosa","Fungi","species","GBIF",1.25,,"removed"
"Trichophyton granulosus","Fungi","species","GBIF",1.25,,"removed"
"Trichophyton gypseus","Fungi","species","GBIF",1.25,,"removed"
"Trichophyton indica","Fungi","species","GBIF",1.25,,"removed"
"Trichophyton interdigitale roseum","Fungi","subspecies","GBIF",1.25,,"removed"
"Trichophyton longifusus","Fungi","species","GBIF",1.25,,"removed"
"Trichophyton mentagrophytes chibaense","Fungi","subspecies","GBIF",1.25,,"removed"
"Trichophyton mentagrophytes radiolatum","Fungi","subspecies","GBIF",1.25,,"removed"
"Trichophyton ochracea","Fungi","species","GBIF",1.25,,"removed"
"Trichophyton plurizoniformis","Fungi","species","GBIF",1.25,,"removed"
"Trichophyton purpurea","Fungi","species","GBIF",1.25,,"removed"
"Trichophyton ruber albus","Fungi","subspecies","GBIF",1.25,,"removed"
"Trichophyton ruber blanche","Fungi","subspecies","GBIF",1.25,,"removed"
"Trichophyton schoenleinii mongolica","Fungi","subspecies","GBIF",1.25,,"removed"
"Trichophyton spadicea","Fungi","species","GBIF",1.25,,"removed"
"Trichophyton uncinatum","Fungi","species","GBIF",1.25,,"removed"
"Trichophyton violaceum coccinatum","Fungi","subspecies","GBIF",1.25,,"removed"
"Trichophyton violaceum marginatum","Fungi","subspecies","GBIF",1.25,,"removed"
"Trichosporon asahii coremiformis","Fungi","subspecies","GBIF",1.25,,"removed"
"Trichosporon asahii faecalis","Fungi","subspecies","GBIF",1.25,,"removed"
"Trichosporon cutaneum infestans","Fungi","subspecies","GBIF",1.25,,"removed"
"Trichosporon cutaneum peneaus","Fungi","subspecies","GBIF",1.25,,"removed"
"Trichosporon mali faecalis","Fungi","subspecies","GBIF",1.25,,"removed"
"Trichuris affinis","Animalia","species","GBIF",1.25,,"removed"
"Trichuris nutria","Animalia","species","GBIF",1.25,,"removed"
"Trichuris unguiculatus","Animalia","species","GBIF",1.25,,"removed"
"Tsukamurella aurantiacus","Bacteria","species","GBIF",1.5,"not in LPSN","removed"
"Tsukamurella columbiensis","Bacteria","species","GBIF",1.5,"not in LPSN","removed"
"Tubifera clavata","Protozoa","species","manually added",2,,"removed"
"Tubifera coccinea","Protozoa","species","manually added",2,,"removed"
"Tubifera conglobata","Protozoa","species","manually added",2,,"removed"
"Tubifera cylindrica","Protozoa","species","manually added",2,,"removed"
"Tubifera cylindrica acuta","Protozoa","subspecies","manually added",2,,"removed"
"Tubifera cylindricus","Protozoa","species","manually added",2,,"removed"
"Tubifera effusa","Protozoa","species","manually added",2,,"removed"
"Tubifera fallax","Protozoa","species","manually added",2,,"removed"
"Tubifera favaceum","Protozoa","species","manually added",2,,"removed"
"Tubifera ferruginosa acutissima","Protozoa","subspecies","manually added",2,,"removed"
"Tubifera ferruginosa albostipitata","Protozoa","subspecies","manually added",2,,"removed"
"Tubifera ferruginosa complanata","Protozoa","subspecies","manually added",2,,"removed"
"Tubifera ferruginosa stipitata","Protozoa","subspecies","manually added",2,,"removed"
"Tubifera ferruginosa subungulata","Protozoa","subspecies","manually added",2,,"removed"
"Tubifera ferruginosum","Protozoa","species","manually added",2,,"removed"
"Tubifera fragifera","Protozoa","species","manually added",2,,"removed"
"Tubifera fragiformis","Protozoa","species","manually added",2,,"removed"
"Tubifera fragiformis clavata","Protozoa","subspecies","manually added",2,,"removed"
"Tubifera fragiformis coccinea","Protozoa","subspecies","manually added",2,,"removed"
"Tubifera fragiformis conica","Protozoa","subspecies","manually added",2,,"removed"
"Tubifera fragiformis operculata","Protozoa","subspecies","manually added",2,,"removed"
"Tubifera fragiformis papillata","Protozoa","subspecies","manually added",2,,"removed"
"Tubifera iricolor","Protozoa","species","manually added",2,,"removed"
"Tubifera nitidissima","Protozoa","species","manually added",2,,"removed"
"Tubifera rubiformis","Protozoa","species","manually added",2,,"removed"
"Tubifera speciosa","Protozoa","species","manually added",2,,"removed"
"Tubifera stipitata","Protozoa","species","manually added",2,,"removed"
"Tubifera tubulina","Protozoa","species","manually added",2,,"removed"
"Tubifera umbrina","Protozoa","species","manually added",2,,"removed"
"Tubiphytes obscura","Bacteria","species","GBIF",2,"not in LPSN","removed"
"Tunga lagrangei","Animalia","species","GBIF",1.25,,"removed"
"Tunga reptans","Animalia","species","GBIF",1.25,,"removed"
"Tuzetia infirmum","Fungi","species","manually added",2,,"removed"
"Tychonema bornetti","Bacteria","species","GBIF",2,"not in LPSN","removed"
"Umbilicaria","Fungi","genus","manually added",2,,"status 'unknown' (has children that are kept)"
"Unikaryon exigua","Fungi","species","manually added",2,,"removed"
"Urceolus cyclostomum","Protozoa","species","manually added",2,,"removed"
"Ustilago aeluropi","Fungi","species","GBIF",1.25,,"removed"
"Ustilago calamagrostis","Fungi","species","GBIF",1.25,,"removed"
"Ustilago carbo vulgaris","Fungi","subspecies","GBIF",1.25,,"removed"
"Ustilago concortica","Fungi","species","GBIF",1.25,,"removed"
"Ustilago de-notarisii","Fungi","species","GBIF",1.25,,"removed"
"Ustilago debaryana","Fungi","species","GBIF",1.25,,"removed"
"Ustilago peruvianum","Fungi","species","GBIF",1.25,,"removed"
"Ustilago pithecellobiicola","Fungi","species","GBIF",1.25,,"removed"
"Ustilago pompholygodes tulipae","Fungi","subspecies","GBIF",1.25,,"removed"
"Ustilago utriculosum","Fungi","species","GBIF",1.25,,"removed"
"Ustilago utriculosus","Fungi","species","GBIF",1.25,,"removed"
"Ustilago vera avenae","Fungi","subspecies","GBIF",1.25,,"removed"
"Ustilago vera holci-avenacei","Fungi","subspecies","GBIF",1.25,,"removed"
"Ustilago vera hordei","Fungi","subspecies","GBIF",1.25,,"removed"
"Ustilago vera tritici","Fungi","subspecies","GBIF",1.25,,"removed"
"Vahlkampfia","Protozoa","genus","manually added",2,,"status 'unknown' (has children that are kept)"
"Vairimorpha hyphantriae","Fungi","species","manually added",2,,"removed"
"Vairimorpha mesnii","Fungi","species","manually added",2,,"removed"
"Vannellidae","Protozoa","family","manually added",2,,"status 'unknown' (has children that are kept)"
"Vesicularia nidifica","Bacteria","species","LPSN",2,"LPSN: synonym of Vesiculostroma nidificum corrig","removed"
"Vibrio antiquarius","Bacteria","species","LPSN",1.5,"LPSN: preferred name","removed"
"Vibrio chemaguriensis","Bacteria","species","LPSN",1.5,"LPSN: preferred name","removed"
"Vibrio hydrophila proteolytica","Bacteria","subspecies","GBIF",1.5,"not in LPSN","removed"
"Vibrio nereida","Bacteria","species","GBIF",1.5,"not in LPSN","removed"
"Vibrio nigrapulchrituda","Bacteria","species","GBIF",1.5,"not in LPSN","removed"
"Vibrio pelagia","Bacteria","species","GBIF",1.5,"not in LPSN","removed"
"Vibrio qinghaiensis","Bacteria","species","LPSN",1.5,"LPSN: preferred name","removed"
"Virgibacillus dakarensis","Bacteria","species","LPSN",2,"LPSN: preferred name","removed"
"Vittaforma corneum","Fungi","species","manually added",2,,"removed"
"Wallaceina","Protozoa","genus","manually added",2,,"removed"
"Wallemia epizoa","Fungi","species","GBIF",1.25,,"removed"
"Wallemia epizoa muriae","Fungi","subspecies","GBIF",1.25,,"removed"
"Wallemia epizoum","Fungi","species","GBIF",1.25,,"removed"
"Wallemia fuliginea","Fungi","species","GBIF",1.25,,"removed"
"Wallemia sacchari","Fungi","species","GBIF",1.25,,"removed"
"Wallemia stellata","Fungi","species","GBIF",1.25,,"removed"
"Warrenella kirki","Protozoa","species","manually added",2,,"status 'unknown' (has children that are kept)"
"Wickerhamomyces aceris-sacchari","Fungi","species","GBIF",1.25,,"removed"
"Wickerhamomyces aceris-saccharini","Fungi","species","GBIF",1.25,,"removed"
"Wickerhamomyces acetaethylicus","Fungi","species","GBIF",1.25,,"removed"
"Wickerhamomyces anomala chamir","Fungi","subspecies","GBIF",1.25,,"removed"
"Wickerhamomyces anomala ciferrii","Fungi","subspecies","GBIF",1.25,,"removed"
"Wickerhamomyces anomala heteromorpha","Fungi","subspecies","GBIF",1.25,,"removed"
"Wickerhamomyces anomala javanica","Fungi","subspecies","GBIF",1.25,,"removed"
"Wickerhamomyces anomala longa","Fungi","subspecies","GBIF",1.25,,"removed"
"Wickerhamomyces anomala productiva","Fungi","subspecies","GBIF",1.25,,"removed"
"Wickerhamomyces anomala robusta","Fungi","subspecies","GBIF",1.25,,"removed"
"Wickerhamomyces anomala schneggii","Fungi","subspecies","GBIF",1.25,,"removed"
"Wickerhamomyces anomala sphaerica","Fungi","subspecies","GBIF",1.25,,"removed"
"Wickerhamomyces anomala subpelliculosa","Fungi","subspecies","GBIF",1.25,,"removed"
"Wickerhamomyces anomalus belgicus","Fungi","subspecies","GBIF",1.25,,"removed"
"Wickerhamomyces arabitolgenes","Fungi","species","GBIF",1.25,,"removed"
"Wickerhamomyces beckii","Fungi","species","GBIF",1.25,,"removed"
"Wickerhamomyces beverwijkiae","Fungi","species","GBIF",1.25,,"removed"
"Wickerhamomyces bispora","Fungi","species","GBIF",1.25,,"removed"
"Wickerhamomyces javanica","Fungi","species","GBIF",1.25,,"removed"
"Wickerhamomyces lambica","Fungi","species","GBIF",1.25,,"removed"
"Wickerhamomyces margaritae","Fungi","species","GBIF",1.25,,"removed"
"Wickerhamomyces melinii","Fungi","species","GBIF",1.25,,"removed"
"Wickerhamomyces miso miso","Fungi","subspecies","GBIF",1.25,,"removed"
"Wickerhamomyces miso octosporus","Fungi","subspecies","GBIF",1.25,,"removed"
"Wickerhamomyces muscicola","Fungi","species","GBIF",1.25,,"removed"
"Wickerhamomyces nitrativorans","Fungi","species","GBIF",1.25,,"removed"
"Wickerhamomyces nivea","Fungi","species","GBIF",1.25,,"removed"
"Wickerhamomyces octospora","Fungi","species","GBIF",1.25,,"removed"
"Wickerhamomyces odessa","Fungi","species","GBIF",1.25,,"removed"
"Wickerhamomyces odessus","Fungi","species","GBIF",1.25,,"removed"
"Wickerhamomyces panis","Fungi","species","GBIF",1.25,,"removed"
"Wickerhamomyces peipin","Fungi","species","GBIF",1.25,,"removed"
"Wickerhamomyces pelliculosa","Fungi","species","GBIF",1.25,,"removed"
"Wickerhamomyces pelliculosa cylindrica","Fungi","subspecies","GBIF",1.25,,"removed"
"Wickerhamomyces productiva","Fungi","species","GBIF",1.25,,"removed"
"Wickerhamomyces pulverulentum","Fungi","species","GBIF",1.25,,"removed"
"Wickerhamomyces schneggii","Fungi","species","GBIF",1.25,,"removed"
"Wickerhamomyces sphaerica","Fungi","species","GBIF",1.25,,"removed"
"Wickerhamomyces sphaericus","Fungi","species","GBIF",1.25,,"removed"
"Wickerhamomyces ukrainica","Fungi","species","GBIF",1.25,,"removed"
"Wickerhamomyces wingei","Fungi","species","GBIF",1.25,,"removed"
"Wickerhamomyces xylopsoci","Fungi","species","GBIF",1.25,,"removed"
"Willkommlangea","Protozoa","genus","manually added",2,,"status 'unknown' (has children that are kept)"
"Woronichinia aponina delicatula","Bacteria","subspecies","GBIF",2,"not in LPSN","removed"
"Woronichinia naegeliana lemmermannii","Bacteria","subspecies","GBIF",2,"not in LPSN","removed"
"Woronichinia nagelianum","Bacteria","species","GBIF",2,"not in LPSN","removed"
"Woronichinia virieuxii","Bacteria","species","GBIF",2,"not in LPSN","removed"
"Xanthomonas campestris vesicatoria","Bacteria","subspecies","GBIF",1.5,"not in LPSN","removed"
"Xenococcaceae","Bacteria","family","LPSN",2,"LPSN: synonym of Hydrococcaceae","status 'unknown' (has children that are kept)"
"Xenococcus schousboei pallidus","Bacteria","subspecies","GBIF",2,"not in LPSN","removed"
"Xenococcus scutata cladophorae","Bacteria","subspecies","GBIF",2,"not in LPSN","removed"
"Yarrowia lipolytica thermotolerans","Fungi","subspecies","GBIF",1.25,,"removed"
"Yarrowia oleae","Fungi","species","GBIF",1.25,,"removed"
"Yarrowia oleophila","Fungi","species","GBIF",1.25,,"removed"
"Yarrowia paralipolytica","Fungi","species","GBIF",1.25,,"removed"
"Yarrowia petrophilum","Fungi","species","GBIF",1.25,,"removed"
"Yarrowia pseudolipolytica","Fungi","species","GBIF",1.25,,"removed"
"Yokenella trabulsii","Bacteria","species","GBIF",1.5,"not in LPSN","removed"
"Zygosaccharomyces acidifaciens acidifaciens","Fungi","subspecies","GBIF",1.25,,"removed"
"Zygosaccharomyces acidifaciens halomembranis","Fungi","subspecies","GBIF",1.25,,"removed"
"Zygosaccharomyces bailii osmophilus","Fungi","subspecies","GBIF",1.25,,"removed"
"Zygosaccharomyces bispora","Fungi","species","GBIF",1.25,,"removed"
"Zygosaccharomyces bisporus mellis","Fungi","subspecies","GBIF",1.25,,"removed"
"Zygosaccharomyces elegans","Fungi","species","GBIF",1.25,,"removed"
"Zygosaccharomyces elegans elegans","Fungi","subspecies","GBIF",1.25,,"removed"
"Zygosaccharomyces elegans intermedius","Fungi","subspecies","GBIF",1.25,,"removed"
"Zygosaccharomyces membranifaciens manchurica","Fungi","subspecies","GBIF",1.25,,"removed"
"Zygosaccharomyces membranifaciens mandshurica","Fungi","subspecies","GBIF",1.25,,"removed"
"Zygosaccharomyces mestris","Fungi","species","GBIF",1.25,,"removed"
"Zygosaccharomyces microellipsodes","Fungi","species","GBIF",1.25,,"removed"
"Zygosaccharomyces miso-delta","Fungi","species","GBIF",1.25,,"removed"
"Zygosaccharomyces placentae","Fungi","species","GBIF",1.25,,"removed"
"Zygosaccharomyces rouxii halomembranis","Fungi","subspecies","GBIF",1.25,,"removed"
"Zygosaccharomyces rouxii polymorphus","Fungi","subspecies","GBIF",1.25,,"removed"
"Zygosaccharomyces rouxii rouxii","Fungi","subspecies","GBIF",1.25,,"removed"
"Zygosaccharomyces sake alpha","Fungi","subspecies","GBIF",1.25,,"removed"
