"mo","fullname","reason","decided_by","date"
"AN_CPLLR_BRST","Capillaria bursata","another organism (Fungi) with the same genus name as Capillaria (Animalia)","taxonomy build (automatic, homonym of a genus in another domain)","2026-10-05"
"AN_CPLLR_CPLL","Capillaria capillaris","another organism (Fungi) with the same genus name as Capillaria (Animalia)","taxonomy build (automatic, homonym of a genus in another domain)","2026-10-05"
"AN_CPLLR_FDNG","Capillaria fudingensis","another organism (Fungi) with the same genus name as Capillaria (Animalia)","taxonomy build (automatic, homonym of a genus in another domain)","2026-10-05"
"AN_CPLLR_LEGR","Capillaria legerae","another organism (Fungi) with the same genus name as Capillaria (Animalia)","taxonomy build (automatic, homonym of a genus in another domain)","2026-10-05"
"AN_CPLLR_LPDP","Capillaria lepidopodis","another organism (Fungi) with the same genus name as Capillaria (Animalia)","taxonomy build (automatic, homonym of a genus in another domain)","2026-10-05"
"AN_CPLLR_PETT","Capillaria petiti","another organism (Fungi) with the same genus name as Capillaria (Animalia)","taxonomy build (automatic, homonym of a genus in another domain)","2026-10-05"
"AN_CPLLR_SPEC","Capillaria spec","another organism (Fungi) with the same genus name as Capillaria (Animalia)","taxonomy build (automatic, homonym of a genus in another domain)","2026-10-05"
"AN_CPLLR_TRTS","Capillaria contortus","another organism (Fungi) with the same genus name as Capillaria (Animalia)","taxonomy build (automatic, homonym of a genus in another domain)","2026-10-05"
"AN_CPLLR_WRWCK","Capillaria warwickensis","another organism (Fungi) with the same genus name as Capillaria (Animalia)","taxonomy build (automatic, homonym of a genus in another domain)","2026-10-05"
"AN_HNDRS_CLLN","Hendersonula collina","another organism (Animalia) with the same genus name as Hendersonula (Fungi)","taxonomy build (automatic, homonym of a genus in another domain)","2026-10-05"
"AN_HNDRS_PLNN","Hendersonula palnense","another organism (Animalia) with the same genus name as Hendersonula (Fungi)","taxonomy build (automatic, homonym of a genus in another domain)","2026-10-05"
"AN_HYMNL_LPTC","Hymenolepis leptocephala","another organism (Plantae) with the same genus name as Hymenolepis (Animalia)","taxonomy build (automatic, homonym of a genus in another domain)","2026-10-05"
"AN_NCTRA_HMLS","Nectria humilis","another organism (Animalia) with the same genus name as Nectria (Fungi)","taxonomy build (automatic, homonym of a genus in another domain)","2026-10-05"
"AN_NCTRA_LFRA","Nectria ocellifera","another organism (Animalia) with the same genus name as Nectria (Fungi)","taxonomy build (automatic, homonym of a genus in another domain)","2026-10-05"
"AN_NCTRA_MCRB","Nectria macrobrachia","another organism (Animalia) with the same genus name as Nectria (Fungi)","taxonomy build (automatic, homonym of a genus in another domain)","2026-10-05"
"AN_NCTRA_MLTS","Nectria multispina","another organism (Animalia) with the same genus name as Nectria (Fungi)","taxonomy build (automatic, homonym of a genus in another domain)","2026-10-05"
"AN_NCTRA_OCLF","Nectria oculifera","another organism (Animalia) with the same genus name as Nectria (Fungi)","taxonomy build (automatic, homonym of a genus in another domain)","2026-10-05"
"AN_NCTRA_OCLL","Nectria ocellata","another organism (Animalia) with the same genus name as Nectria (Fungi)","taxonomy build (automatic, homonym of a genus in another domain)","2026-10-05"
"AN_NCTRA_PDCL","Nectria pedicelligera","another organism (Animalia) with the same genus name as Nectria (Fungi)","taxonomy build (automatic, homonym of a genus in another domain)","2026-10-05"
"AN_NCTRA_SAOR","Nectria saoria","another organism (Animalia) with the same genus name as Nectria (Fungi)","taxonomy build (automatic, homonym of a genus in another domain)","2026-10-05"
"AN_NCTRA_WLSN","Nectria wilsoni","another organism (Animalia) with the same genus name as Nectria (Fungi)","taxonomy build (automatic, homonym of a genus in another domain)","2026-10-05"
"A_HLCCC_FRMC","Halococcus formicarii","another organism (Animalia) with the same genus name as Halococcus (Archaea)","taxonomy build (automatic, homonym of a genus in another domain)","2026-10-05"
"B_COENN_DNTC","Coenonia denticulata","another organism (Protozoa) with the same genus name as Coenonia (Bacteria)","taxonomy build (automatic, homonym of a genus in another domain)","2026-10-05"
"B_MCRSPH_PNCL","Microsphaera penicillata","another organism (Fungi) with the same genus name as Microsphaera (Bacteria)","taxonomy build (automatic, homonym of a genus in another domain)","2026-10-05"
"B_MRGNL_AFRA","Morganella afra","another organism (Fungi) with the same genus name as Morganella (Bacteria)","taxonomy build (automatic, homonym of a genus in another domain)","2026-10-05"
"B_MRGNL_ASTR","Morganella austromontana","another organism (Fungi) with the same genus name as Morganella (Bacteria)","taxonomy build (automatic, homonym of a genus in another domain)","2026-10-05"
"B_MRGNL_JMNI","Morganella benjaminii","another organism (Fungi) with the same genus name as Morganella (Bacteria)","taxonomy build (automatic, homonym of a genus in another domain)","2026-10-05"
"B_MRGNL_MXCN","Morganella mexicana","another organism (Fungi) with the same genus name as Morganella (Bacteria)","taxonomy build (automatic, homonym of a genus in another domain)","2026-10-05"
"B_MRGNL_PGGR","Morganella puiggarii","another organism (Fungi) with the same genus name as Morganella (Bacteria)","taxonomy build (automatic, homonym of a genus in another domain)","2026-10-05"
"B_MRGNL_RIMS","Morganella rimosa","another organism (Fungi) with the same genus name as Morganella (Bacteria)","taxonomy build (automatic, homonym of a genus in another domain)","2026-10-05"
"B_MRGNL_SMNS","Morganella samoensis","another organism (Fungi) with the same genus name as Morganella (Bacteria)","taxonomy build (automatic, homonym of a genus in another domain)","2026-10-05"
"B_MRGNL_STRC","Morganella stercoraria","another organism (Fungi) with the same genus name as Morganella (Bacteria)","taxonomy build (automatic, homonym of a genus in another domain)","2026-10-05"
"B_TBRCL_LTSC","Tubercularia latiuscula","another organism (Bacteria) with the same genus name as Tubercularia (Fungi)","taxonomy build (automatic, homonym of a genus in another domain)","2026-10-05"
"B_THERMS_PRFN","Thermus profundus","another organism (Archaea) with the same genus name as Thermus (Bacteria)","taxonomy build (automatic, homonym of a genus in another domain)","2026-10-05"
"F_CDSPR_ALSK","Caudospora alaskensis","another organism (Protozoa) with the same genus name as Caudospora (Fungi)","taxonomy build (automatic, homonym of a genus in another domain)","2026-10-05"
"F_CDSPR_BRVD","Caudospora brevidauda","another organism (Protozoa) with the same genus name as Caudospora (Fungi)","taxonomy build (automatic, homonym of a genus in another domain)","2026-10-05"
"F_CDSPR_NASI","Caudospora nasiae","another organism (Protozoa) with the same genus name as Caudospora (Fungi)","taxonomy build (automatic, homonym of a genus in another domain)","2026-10-05"
"F_CDSPR_PLST","Caudospora palustris","another organism (Protozoa) with the same genus name as Caudospora (Fungi)","taxonomy build (automatic, homonym of a genus in another domain)","2026-10-05"
"F_CDSPR_PLYM","Caudospora polymorpha","another organism (Protozoa) with the same genus name as Caudospora (Fungi)","taxonomy build (automatic, homonym of a genus in another domain)","2026-10-05"
"F_CDSPR_PNNS","Caudospora pennsylvanica","another organism (Protozoa) with the same genus name as Caudospora (Fungi)","taxonomy build (automatic, homonym of a genus in another domain)","2026-10-05"
"F_CDSPR_SIML","Caudospora simulii","another organism (Protozoa) with the same genus name as Caudospora (Fungi)","taxonomy build (automatic, homonym of a genus in another domain)","2026-10-05"
"F_CMPNLS_DNTC","Campanulospora denticulata","another organism (Protozoa) with the same genus name as Campanulospora (Fungi)","taxonomy build (automatic, homonym of a genus in another domain)","2026-10-05"
"F_CPLLR_ARND","Capillaria arundinis","another organism (Fungi) with the same genus name as Capillaria (Animalia)","taxonomy build (automatic, homonym of a genus in another domain)","2026-10-05"
"F_CPLLR_BRST","Capillaria bursata","another organism (Fungi) with the same genus name as Capillaria (Animalia)","taxonomy build (automatic, homonym of a genus in another domain)","2026-10-05"
"F_CPLLR_CPLL","Capillaria capillaris","another organism (Fungi) with the same genus name as Capillaria (Animalia)","taxonomy build (automatic, homonym of a genus in another domain)","2026-10-05"
"F_CPLLR_FDNG","Capillaria fudingensis","another organism (Fungi) with the same genus name as Capillaria (Animalia)","taxonomy build (automatic, homonym of a genus in another domain)","2026-10-05"
"F_CPLLR_LEGR","Capillaria legerae","another organism (Fungi) with the same genus name as Capillaria (Animalia)","taxonomy build (automatic, homonym of a genus in another domain)","2026-10-05"
"F_CPLLR_LPDP","Capillaria lepidopodis","another organism (Fungi) with the same genus name as Capillaria (Animalia)","taxonomy build (automatic, homonym of a genus in another domain)","2026-10-05"
"F_CPLLR_NLTS","Capillaria annulatus","another organism (Fungi) with the same genus name as Capillaria (Animalia)","taxonomy build (automatic, homonym of a genus in another domain)","2026-10-05"
"F_CPLLR_PETT","Capillaria petiti","another organism (Fungi) with the same genus name as Capillaria (Animalia)","taxonomy build (automatic, homonym of a genus in another domain)","2026-10-05"
"F_CPLLR_SPEC","Capillaria spec","another organism (Fungi) with the same genus name as Capillaria (Animalia)","taxonomy build (automatic, homonym of a genus in another domain)","2026-10-05"
"F_CPLLR_TRTS","Capillaria contortus","another organism (Fungi) with the same genus name as Capillaria (Animalia)","taxonomy build (automatic, homonym of a genus in another domain)","2026-10-05"
"F_CPLLR_WRWC","Capillaria warwickensis","another organism (Fungi) with the same genus name as Capillaria (Animalia)","taxonomy build (automatic, homonym of a genus in another domain)","2026-10-05"
"F_CRYPT_ACRS","Cryptococcus aceris","another organism (Animalia) with the same genus name as Cryptococcus (Fungi)","taxonomy build (automatic, homonym of a genus in another domain)","2026-10-05"
"F_CRYPT_FGSG","Cryptococcus fagisuga","another organism (Animalia) with the same genus name as Cryptococcus (Fungi)","taxonomy build (automatic, homonym of a genus in another domain)","2026-10-05"
"F_CRYPT_INTG","Cryptococcus integricornis","another organism (Animalia) with the same genus name as Cryptococcus (Fungi)","taxonomy build (automatic, homonym of a genus in another domain)","2026-10-05"
"F_CRYPT_NDTS","Cryptococcus nudatus","another organism (Animalia) with the same genus name as Cryptococcus (Fungi)","taxonomy build (automatic, homonym of a genus in another domain)","2026-10-05"
"F_CRYPT_ULMI","Cryptococcus ulmi","another organism (Animalia) with the same genus name as Cryptococcus (Fungi)","taxonomy build (automatic, homonym of a genus in another domain)","2026-10-05"
"F_CRYPT_WLLM","Cryptococcus williamsi","another organism (Animalia) with the same genus name as Cryptococcus (Fungi)","taxonomy build (automatic, homonym of a genus in another domain)","2026-10-05"
"F_GRPHM_ABRI","Graphium abri","another organism (Animalia) with the same genus name as Graphium (Fungi)","taxonomy build (automatic, homonym of a genus in another domain)","2026-10-05"
"F_GRPHM_ACHR","Graphium acheron","released in the genus Graphium (Fungi), which also contained other organisms with the same genus name until v3.0.1, but no current source has this name in the Fungi","taxonomy build (automatic, released_homonym_genera), NEEDS REVIEW","2026-10-05"
"F_GRPHM_ADMS","Graphium adamastor","another organism (Animalia) with the same genus name as Graphium (Fungi)","taxonomy build (automatic, homonym of a genus in another domain)","2026-10-05"
"F_GRPHM_AEGS","Graphium aegisthus","released in the genus Graphium (Fungi), which also contained other organisms with the same genus name until v3.0.1, but no current source has this name in the Fungi","taxonomy build (automatic, released_homonym_genera), NEEDS REVIEW","2026-10-05"
"F_GRPHM_AGMD","Graphium agamedes","another organism (Animalia) with the same genus name as Graphium (Fungi)","taxonomy build (automatic, homonym of a genus in another domain)","2026-10-05"
"F_GRPHM_AGMD_MDSG","Graphium agamedes medesaga","released in the genus Graphium (Fungi), which also contained other organisms with the same genus name until v3.0.1, but no current source has this name in the Fungi","taxonomy build (automatic, released_homonym_genera), NEEDS REVIEW","2026-10-05"
"F_GRPHM_AGMM","Graphium agamemnon","another organism (Animalia) with the same genus name as Graphium (Fungi)","taxonomy build (automatic, homonym of a genus in another domain)","2026-10-05"
"F_GRPHM_AGMM_ANDM","Graphium agamemnon andamana","released in the genus Graphium (Fungi), which also contained other organisms with the same genus name until v3.0.1, but no current source has this name in the Fungi","taxonomy build (automatic, released_homonym_genera), NEEDS REVIEW","2026-10-05"
"F_GRPHM_AGMM_ANOR","Graphium agamemnon anoura","released in the genus Graphium (Fungi), which also contained other organisms with the same genus name until v3.0.1, but no current source has this name in the Fungi","taxonomy build (automatic, released_homonym_genera), NEEDS REVIEW","2026-10-05"
"F_GRPHM_AGMM_APPS","Graphium agamemnon appius","released in the genus Graphium (Fungi), which also contained other organisms with the same genus name until v3.0.1, but no current source has this name in the Fungi","taxonomy build (automatic, released_homonym_genera), NEEDS REVIEW","2026-10-05"
"F_GRPHM_AGMM_DCRT","Graphium agamemnon decoratus","released in the genus Graphium (Fungi), which also contained other organisms with the same genus name until v3.0.1, but no current source has this name in the Fungi","taxonomy build (automatic, released_homonym_genera), NEEDS REVIEW","2026-10-05"
"F_GRPHM_AGMM_EXLS","Graphium agamemnon exilis","released in the genus Graphium (Fungi), which also contained other organisms with the same genus name until v3.0.1, but no current source has this name in the Fungi","taxonomy build (automatic, released_homonym_genera), NEEDS REVIEW","2026-10-05"
"F_GRPHM_AGMM_GTTT","Graphium agamemnon guttatus","released in the genus Graphium (Fungi), which also contained other organisms with the same genus name until v3.0.1, but no current source has this name in the Fungi","taxonomy build (automatic, released_homonym_genera), NEEDS REVIEW","2026-10-05"
"F_GRPHM_AGMM_KINS","Graphium agamemnon kineas","released in the genus Graphium (Fungi), which also contained other organisms with the same genus name until v3.0.1, but no current source has this name in the Fungi","taxonomy build (automatic, released_homonym_genera), NEEDS REVIEW","2026-10-05"
"F_GRPHM_AGMM_LGTS","Graphium agamemnon ligatus","released in the genus Graphium (Fungi), which also contained other organisms with the same genus name until v3.0.1, but no current source has this name in the Fungi","taxonomy build (automatic, released_homonym_genera), NEEDS REVIEW","2026-10-05"
"F_GRPHM_AGMM_METN","Graphium agamemnon meton","released in the genus Graphium (Fungi), which also contained other organisms with the same genus name until v3.0.1, but no current source has this name in the Fungi","taxonomy build (automatic, released_homonym_genera), NEEDS REVIEW","2026-10-05"
"F_GRPHM_AGMM_NPMM","Graphium agamemnon neopommerania","released in the genus Graphium (Fungi), which also contained other organisms with the same genus name until v3.0.1, but no current source has this name in the Fungi","taxonomy build (automatic, released_homonym_genera), NEEDS REVIEW","2026-10-05"
"F_GRPHM_AGMM_PEDS","Graphium agamemnon pedius","released in the genus Graphium (Fungi), which also contained other organisms with the same genus name until v3.0.1, but no current source has this name in the Fungi","taxonomy build (automatic, released_homonym_genera), NEEDS REVIEW","2026-10-05"
"F_GRPHM_AGMM_PRCP","Graphium agamemnon perecopus","released in the genus Graphium (Fungi), which also contained other organisms with the same genus name until v3.0.1, but no current source has this name in the Fungi","taxonomy build (automatic, released_homonym_genera), NEEDS REVIEW","2026-10-05"
"F_GRPHM_AGMM_RFSC","Graphium agamemnon rufescens","released in the genus Graphium (Fungi), which also contained other organisms with the same genus name until v3.0.1, but no current source has this name in the Fungi","taxonomy build (automatic, released_homonym_genera), NEEDS REVIEW","2026-10-05"
"F_GRPHM_AGMM_SLMN","Graphium agamemnon salomonis","released in the genus Graphium (Fungi), which also contained other organisms with the same genus name until v3.0.1, but no current source has this name in the Fungi","taxonomy build (automatic, released_homonym_genera), NEEDS REVIEW","2026-10-05"
"F_GRPHM_AGTS","Graphium agetes","another organism (Animalia) with the same genus name as Graphium (Fungi)","taxonomy build (automatic, homonym of a genus in another domain)","2026-10-05"
"F_GRPHM_AGTS_AGTS","Graphium agetes agetes","another organism (Animalia) with the same genus name as Graphium (Fungi)","taxonomy build (automatic, homonym of a genus in another domain)","2026-10-05"
"F_GRPHM_AGTS_CHNN","Graphium agetes chinensis","released in the genus Graphium (Fungi), which also contained other organisms with the same genus name until v3.0.1, but no current source has this name in the Fungi","taxonomy build (automatic, released_homonym_genera), NEEDS REVIEW","2026-10-05"
"F_GRPHM_AGTS_INSL","Graphium agetes insularis","released in the genus Graphium (Fungi), which also contained other organisms with the same genus name until v3.0.1, but no current source has this name in the Fungi","taxonomy build (automatic, released_homonym_genera), NEEDS REVIEW","2026-10-05"
"F_GRPHM_AGTS_IPNS","Graphium agetes iponus","released in the genus Graphium (Fungi), which also contained other organisms with the same genus name until v3.0.1, but no current source has this name in the Fungi","taxonomy build (automatic, released_homonym_genera), NEEDS REVIEW","2026-10-05"
"F_GRPHM_AGTS_KNBL","Graphium agetes kinabalensis","released in the genus Graphium (Fungi), which also contained other organisms with the same genus name until v3.0.1, but no current source has this name in the Fungi","taxonomy build (automatic, released_homonym_genera), NEEDS REVIEW","2026-10-05"
"F_GRPHM_AGTS_TNLN","Graphium agetes tenuilineatus","released in the genus Graphium (Fungi), which also contained other organisms with the same genus name until v3.0.1, but no current source has this name in the Fungi","taxonomy build (automatic, released_homonym_genera), NEEDS REVIEW","2026-10-05"
"F_GRPHM_ALBS","Graphium albescens","released in the genus Graphium (Fungi), which also contained other organisms with the same genus name until v3.0.1, but no current source has this name in the Fungi","taxonomy build (automatic, released_homonym_genera), NEEDS REVIEW","2026-10-05"
"F_GRPHM_ALMN","Graphium almansor","another organism (Animalia) with the same genus name as Graphium (Fungi)","taxonomy build (automatic, homonym of a genus in another domain)","2026-10-05"
"F_GRPHM_ALMN_SNOW","Graphium almansor snowi","released in the genus Graphium (Fungi), which also contained other organisms with the same genus name until v3.0.1, but no current source has this name in the Fungi","taxonomy build (automatic, released_homonym_genera), NEEDS REVIEW","2026-10-05"
"F_GRPHM_ANDR","Graphium androcles","another organism (Animalia) with the same genus name as Graphium (Fungi)","taxonomy build (automatic, homonym of a genus in another domain)","2026-10-05"
"F_GRPHM_ANDR_CLMN","Graphium androcles cleomenes","released in the genus Graphium (Fungi), which also contained other organisms with the same genus name until v3.0.1, but no current source has this name in the Fungi","taxonomy build (automatic, released_homonym_genera), NEEDS REVIEW","2026-10-05"
"F_GRPHM_ANGL","Graphium angolanus","another organism (Animalia) with the same genus name as Graphium (Fungi)","taxonomy build (automatic, homonym of a genus in another domain)","2026-10-05"
"F_GRPHM_ANGL_ANGL","Graphium angolanus angolanus","another organism (Animalia) with the same genus name as Graphium (Fungi)","taxonomy build (automatic, homonym of a genus in another domain)","2026-10-05"
"F_GRPHM_ANGL_BRNS","Graphium angolanus baronis","another organism (Animalia) with the same genus name as Graphium (Fungi)","taxonomy build (automatic, homonym of a genus in another domain)","2026-10-05"
"F_GRPHM_ANTC","Graphium anticrates","released in the genus Graphium (Fungi), which also contained other organisms with the same genus name until v3.0.1, but no current source has this name in the Fungi","taxonomy build (automatic, released_homonym_genera), NEEDS REVIEW","2026-10-05"
"F_GRPHM_ANTC_NGRC","Graphium anticrates nigricans","released in the genus Graphium (Fungi), which also contained other organisms with the same genus name until v3.0.1, but no current source has this name in the Fungi","taxonomy build (automatic, released_homonym_genera), NEEDS REVIEW","2026-10-05"
"F_GRPHM_ANTH","Graphium anthedon","released in the genus Graphium (Fungi), which also contained other organisms with the same genus name until v3.0.1, but no current source has this name in the Fungi","taxonomy build (automatic, released_homonym_genera), NEEDS REVIEW","2026-10-05"
"F_GRPHM_ANTHS","Graphium antheus","another organism (Animalia) with the same genus name as Graphium (Fungi)","taxonomy build (automatic, homonym of a genus in another domain)","2026-10-05"
"F_GRPHM_ANTHS_EVMB","Graphium antheus evombaroides","released in the genus Graphium (Fungi), which also contained other organisms with the same genus name until v3.0.1, but no current source has this name in the Fungi","taxonomy build (automatic, released_homonym_genera), NEEDS REVIEW","2026-10-05"
"F_GRPHM_ANTHS_LTPC","Graphium antheus latepictulus","released in the genus Graphium (Fungi), which also contained other organisms with the same genus name until v3.0.1, but no current source has this name in the Fungi","taxonomy build (automatic, released_homonym_genera), NEEDS REVIEW","2026-10-05"
"F_GRPHM_ANTHS_MCRV","Graphium antheus microevombaroides","released in the genus Graphium (Fungi), which also contained other organisms with the same genus name until v3.0.1, but no current source has this name in the Fungi","taxonomy build (automatic, released_homonym_genera), NEEDS REVIEW","2026-10-05"
"F_GRPHM_ANTP","Graphium antiphates","another organism (Animalia) with the same genus name as Graphium (Fungi)","taxonomy build (automatic, homonym of a genus in another domain)","2026-10-05"
"F_GRPHM_ANTP_ANTP","Graphium antiphates antiphates","released in the genus Graphium (Fungi), which also contained other organisms with the same genus name until v3.0.1, but no current source has this name in the Fungi","taxonomy build (automatic, released_homonym_genera), NEEDS REVIEW","2026-10-05"
"F_GRPHM_ANTP_CNTN","Graphium antiphates continentalis","released in the genus Graphium (Fungi), which also contained other organisms with the same genus name until v3.0.1, but no current source has this name in the Fungi","taxonomy build (automatic, released_homonym_genera), NEEDS REVIEW","2026-10-05"
"F_GRPHM_ANTP_CYLN","Graphium antiphates ceylonicus","released in the genus Graphium (Fungi), which also contained other organisms with the same genus name until v3.0.1, but no current source has this name in the Fungi","taxonomy build (automatic, released_homonym_genera), NEEDS REVIEW","2026-10-05"
"F_GRPHM_ANTP_INSL","Graphium antiphates insularis","released in the genus Graphium (Fungi), which also contained other organisms with the same genus name until v3.0.1, but no current source has this name in the Fungi","taxonomy build (automatic, released_homonym_genera), NEEDS REVIEW","2026-10-05"
"F_GRPHM_ANTP_ITMP","Graphium antiphates itamputi","released in the genus Graphium (Fungi), which also contained other organisms with the same genus name until v3.0.1, but no current source has this name in the Fungi","taxonomy build (automatic, released_homonym_genera), NEEDS REVIEW","2026-10-05"
"F_GRPHM_ANTP_JVNC","Graphium antiphates javanicus","released in the genus Graphium (Fungi), which also contained other organisms with the same genus name until v3.0.1, but no current source has this name in the Fungi","taxonomy build (automatic, released_homonym_genera), NEEDS REVIEW","2026-10-05"
"F_GRPHM_ANTP_KLNS","Graphium antiphates kalaoensis","released in the genus Graphium (Fungi), which also contained other organisms with the same genus name until v3.0.1, but no current source has this name in the Fungi","taxonomy build (automatic, released_homonym_genera), NEEDS REVIEW","2026-10-05"
"F_GRPHM_ANTP_LING","Graphium antiphates linga","released in the genus Graphium (Fungi), which also contained other organisms with the same genus name until v3.0.1, but no current source has this name in the Fungi","taxonomy build (automatic, released_homonym_genera), NEEDS REVIEW","2026-10-05"
"F_GRPHM_ANTP_MATS","Graphium antiphates matsui","another organism (Animalia) with the same genus name as Graphium (Fungi)","taxonomy build (automatic, homonym of a genus in another domain)","2026-10-05"
"F_GRPHM_ANTP_PATS","Graphium antiphates paetus","released in the genus Graphium (Fungi), which also contained other organisms with the same genus name until v3.0.1, but no current source has this name in the Fungi","taxonomy build (automatic, released_homonym_genera), NEEDS REVIEW","2026-10-05"
"F_GRPHM_ANTP_PHNS","Graphium antiphates antiphonus","released in the genus Graphium (Fungi), which also contained other organisms with the same genus name until v3.0.1, but no current source has this name in the Fungi","taxonomy build (automatic, released_homonym_genera), NEEDS REVIEW","2026-10-05"
"F_GRPHM_ANTP_PLWN","Graphium antiphates palawanicus","released in the genus Graphium (Fungi), which also contained other organisms with the same genus name until v3.0.1, but no current source has this name in the Fungi","taxonomy build (automatic, released_homonym_genera), NEEDS REVIEW","2026-10-05"
"F_GRPHM_ANTP_TMNS","Graphium antiphates tiomanus","another organism (Animalia) with the same genus name as Graphium (Fungi)","taxonomy build (automatic, homonym of a genus in another domain)","2026-10-05"
"F_GRPHM_ARCT","Graphium arctofasciatus","released in the genus Graphium (Fungi), which also contained other organisms with the same genus name until v3.0.1, but no current source has this name in the Fungi","taxonomy build (automatic, released_homonym_genera), NEEDS REVIEW","2026-10-05"
"F_GRPHM_ARGR","Graphium auriger","another organism (Animalia) with the same genus name as Graphium (Fungi)","taxonomy build (automatic, homonym of a genus in another domain)","2026-10-05"
"F_GRPHM_ARST","Graphium aristea","released in the genus Graphium (Fungi), which also contained other organisms with the same genus name until v3.0.1, but no current source has this name in the Fungi","taxonomy build (automatic, released_homonym_genera), NEEDS REVIEW","2026-10-05"
"F_GRPHM_ARSTS","Graphium aristeus","another organism (Animalia) with the same genus name as Graphium (Fungi)","taxonomy build (automatic, homonym of a genus in another domain)","2026-10-05"
"F_GRPHM_ARSTS_ARST","Graphium aristeus aristeus","released in the genus Graphium (Fungi), which also contained other organisms with the same genus name until v3.0.1, but no current source has this name in the Fungi","taxonomy build (automatic, released_homonym_genera), NEEDS REVIEW","2026-10-05"
"F_GRPHM_ARSTS_HRMC","Graphium aristeus hermocrates","released in the genus Graphium (Fungi), which also contained other organisms with the same genus name until v3.0.1, but no current source has this name in the Fungi","taxonomy build (automatic, released_homonym_genera), NEEDS REVIEW","2026-10-05"
"F_GRPHM_ARSTS_NGRC","Graphium aristeus nigricans","released in the genus Graphium (Fungi), which also contained other organisms with the same genus name until v3.0.1, but no current source has this name in the Fungi","taxonomy build (automatic, released_homonym_genera), NEEDS REVIEW","2026-10-05"
"F_GRPHM_ARSTS_PEDO","Graphium aristeus pedo","released in the genus Graphium (Fungi), which also contained other organisms with the same genus name until v3.0.1, but no current source has this name in the Fungi","taxonomy build (automatic, released_homonym_genera), NEEDS REVIEW","2026-10-05"
"F_GRPHM_ARSTS_PRMT","Graphium aristeus parmatinus","released in the genus Graphium (Fungi), which also contained other organisms with the same genus name until v3.0.1, but no current source has this name in the Fungi","taxonomy build (automatic, released_homonym_genera), NEEDS REVIEW","2026-10-05"
"F_GRPHM_ARSTS_STNS","Graphium aristeus aristinus","released in the genus Graphium (Fungi), which also contained other organisms with the same genus name until v3.0.1, but no current source has this name in the Fungi","taxonomy build (automatic, released_homonym_genera), NEEDS REVIEW","2026-10-05"
"F_GRPHM_ARST_HNNN","Graphium aristea hainanensis","released in the genus Graphium (Fungi), which also contained other organisms with the same genus name until v3.0.1, but no current source has this name in the Fungi","taxonomy build (automatic, released_homonym_genera), NEEDS REVIEW","2026-10-05"
"F_GRPHM_ARVL","Graphium aurivilliusi","another organism (Animalia) with the same genus name as Graphium (Fungi)","taxonomy build (automatic, homonym of a genus in another domain)","2026-10-05"
"F_GRPHM_ARYC","Graphium arycles","another organism (Animalia) with the same genus name as Graphium (Fungi)","taxonomy build (automatic, homonym of a genus in another domain)","2026-10-05"
"F_GRPHM_ARYC_ARYC","Graphium arycles arycleoides","released in the genus Graphium (Fungi), which also contained other organisms with the same genus name until v3.0.1, but no current source has this name in the Fungi","taxonomy build (automatic, released_homonym_genera), NEEDS REVIEW","2026-10-05"
"F_GRPHM_ARYC_SPHN","Graphium arycles sphinx","released in the genus Graphium (Fungi), which also contained other organisms with the same genus name until v3.0.1, but no current source has this name in the Fungi","taxonomy build (automatic, released_homonym_genera), NEEDS REVIEW","2026-10-05"
"F_GRPHM_ASKR","Graphium asakurae","released in the genus Graphium (Fungi), which also contained other organisms with the same genus name until v3.0.1, but no current source has this name in the Fungi","taxonomy build (automatic, released_homonym_genera), NEEDS REVIEW","2026-10-05"
"F_GRPHM_AXIN","Graphium axion","released in the genus Graphium (Fungi), which also contained other organisms with the same genus name until v3.0.1, but no current source has this name in the Fungi","taxonomy build (automatic, released_homonym_genera), NEEDS REVIEW","2026-10-05"
"F_GRPHM_BKNS","Graphium biokoensis","another organism (Animalia) with the same genus name as Graphium (Fungi)","taxonomy build (automatic, homonym of a genus in another domain)","2026-10-05"
"F_GRPHM_BOOL","Graphium boolae","released in the genus Graphium (Fungi), which also contained other organisms with the same genus name until v3.0.1, but no current source has this name in the Fungi","taxonomy build (automatic, released_homonym_genera), NEEDS REVIEW","2026-10-05"
"F_GRPHM_BOYR","Graphium bouyeri","another organism (Animalia) with the same genus name as Graphium (Fungi)","taxonomy build (automatic, homonym of a genus in another domain)","2026-10-05"
"F_GRPHM_BRSD","Graphium brasidas","released in the genus Graphium (Fungi), which also contained other organisms with the same genus name until v3.0.1, but no current source has this name in the Fungi","taxonomy build (automatic, released_homonym_genera), NEEDS REVIEW","2026-10-05"
"F_GRPHM_BRWN","Graphium browni","another organism (Animalia) with the same genus name as Graphium (Fungi)","taxonomy build (automatic, homonym of a genus in another domain)","2026-10-05"
"F_GRPHM_BTHY","Graphium bathycles","another organism (Animalia) with the same genus name as Graphium (Fungi)","taxonomy build (automatic, homonym of a genus in another domain)","2026-10-05"
"F_GRPHM_BTHY_BTHY","Graphium bathycles bathycles","released in the genus Graphium (Fungi), which also contained other organisms with the same genus name until v3.0.1, but no current source has this name in the Fungi","taxonomy build (automatic, released_homonym_genera), NEEDS REVIEW","2026-10-05"
"F_GRPHM_BTHY_CLDS","Graphium bathycles bathycloides","another organism (Animalia) with the same genus name as Graphium (Fungi)","taxonomy build (automatic, homonym of a genus in another domain)","2026-10-05"
"F_GRPHM_BTHY_MNLS","Graphium bathycles manlius","released in the genus Graphium (Fungi), which also contained other organisms with the same genus name until v3.0.1, but no current source has this name in the Fungi","taxonomy build (automatic, released_homonym_genera), NEEDS REVIEW","2026-10-05"
"F_GRPHM_BTHY_TERS","Graphium bathycles tereus","released in the genus Graphium (Fungi), which also contained other organisms with the same genus name until v3.0.1, but no current source has this name in the Fungi","taxonomy build (automatic, released_homonym_genera), NEEDS REVIEW","2026-10-05"
"F_GRPHM_CDRS","Graphium codrus","another organism (Animalia) with the same genus name as Graphium (Fungi)","taxonomy build (automatic, homonym of a genus in another domain)","2026-10-05"
"F_GRPHM_CDRS_GBRL","Graphium codrus gabriellae","another organism (Animalia) with the same genus name as Graphium (Fungi)","taxonomy build (automatic, homonym of a genus in another domain)","2026-10-05"
"F_GRPHM_CDRS_NOEL","Graphium codrus noeli","another organism (Animalia) with the same genus name as Graphium (Fungi)","taxonomy build (automatic, homonym of a genus in another domain)","2026-10-05"
"F_GRPHM_CDRS_TLNS","Graphium codrus toealensis","released in the genus Graphium (Fungi), which also contained other organisms with the same genus name until v3.0.1, but no current source has this name in the Fungi","taxonomy build (automatic, released_homonym_genera), NEEDS REVIEW","2026-10-05"
"F_GRPHM_CHNG","Graphium chungianus","released in the genus Graphium (Fungi), which also contained other organisms with the same genus name until v3.0.1, but no current source has this name in the Fungi","taxonomy build (automatic, released_homonym_genera), NEEDS REVIEW","2026-10-05"
"F_GRPHM_CHRD","Graphium choredon","released in the genus Graphium (Fungi), which also contained other organisms with the same genus name until v3.0.1, but no current source has this name in the Fungi","taxonomy build (automatic, released_homonym_genera), NEEDS REVIEW","2026-10-05"
"F_GRPHM_CHRN","Graphium chiron","another organism (Animalia) with the same genus name as Graphium (Fungi)","taxonomy build (automatic, homonym of a genus in another domain)","2026-10-05"
"F_GRPHM_CLNN","Graphium colonna","another organism (Animalia) with the same genus name as Graphium (Fungi)","taxonomy build (automatic, homonym of a genus in another domain)","2026-10-05"
"F_GRPHM_CLNN_LNCN","Graphium colonna loncona","released in the genus Graphium (Fungi), which also contained other organisms with the same genus name until v3.0.1, but no current source has this name in the Fungi","taxonomy build (automatic, released_homonym_genera), NEEDS REVIEW","2026-10-05"
"F_GRPHM_CLNT","Graphium cloanthus","another organism (Animalia) with the same genus name as Graphium (Fungi)","taxonomy build (automatic, homonym of a genus in another domain)","2026-10-05"
"F_GRPHM_CLNT_CLNT","Graphium cloanthus cloanthulus","released in the genus Graphium (Fungi), which also contained other organisms with the same genus name until v3.0.1, but no current source has this name in the Fungi","taxonomy build (automatic, released_homonym_genera), NEEDS REVIEW","2026-10-05"
"F_GRPHM_CLNT_CLYM","Graphium cloanthus clymenoides","released in the genus Graphium (Fungi), which also contained other organisms with the same genus name until v3.0.1, but no current source has this name in the Fungi","taxonomy build (automatic, released_homonym_genera), NEEDS REVIEW","2026-10-05"
"F_GRPHM_CLNT_KUGE","Graphium cloanthus kuge","another organism (Animalia) with the same genus name as Graphium (Fungi)","taxonomy build (automatic, homonym of a genus in another domain)","2026-10-05"
"F_GRPHM_CLNT_NTHS","Graphium cloanthus cloanthus","another organism (Animalia) with the same genus name as Graphium (Fungi)","taxonomy build (automatic, homonym of a genus in another domain)","2026-10-05"
"F_GRPHM_CLNT_SMZM","Graphium cloanthus sumizome","released in the genus Graphium (Fungi), which also contained other organisms with the same genus name until v3.0.1, but no current source has this name in the Fungi","taxonomy build (automatic, released_homonym_genera), NEEDS REVIEW","2026-10-05"
"F_GRPHM_CLNT_TOSW","Graphium cloanthus tosawai","released in the genus Graphium (Fungi), which also contained other organisms with the same genus name until v3.0.1, but no current source has this name in the Fungi","taxonomy build (automatic, released_homonym_genera), NEEDS REVIEW","2026-10-05"
"F_GRPHM_CNDS","Graphium policenoides","another organism (Animalia) with the same genus name as Graphium (Fungi)","taxonomy build (automatic, homonym of a genus in another domain)","2026-10-05"
"F_GRPHM_CNFC","Graphium confucius","another organism (Animalia) with the same genus name as Graphium (Fungi)","taxonomy build (automatic, homonym of a genus in another domain)","2026-10-05"
"F_GRPHM_CRCH","Graphium carchedonius","released in the genus Graphium (Fungi), which also contained other organisms with the same genus name until v3.0.1, but no current source has this name in the Fungi","taxonomy build (automatic, released_homonym_genera), NEEDS REVIEW","2026-10-05"
"F_GRPHM_CYRN","Graphium cyrnus","another organism (Animalia) with the same genus name as Graphium (Fungi)","taxonomy build (automatic, homonym of a genus in another domain)","2026-10-05"
"F_GRPHM_CYRN_NSCY","Graphium cyrnus nuscyrus","released in the genus Graphium (Fungi), which also contained other organisms with the same genus name until v3.0.1, but no current source has this name in the Fungi","taxonomy build (automatic, released_homonym_genera), NEEDS REVIEW","2026-10-05"
"F_GRPHM_DAYN","Graphium daiyuanae","another organism (Animalia) with the same genus name as Graphium (Fungi)","taxonomy build (automatic, homonym of a genus in another domain)","2026-10-05"
"F_GRPHM_DCLN","Graphium deucalion","another organism (Animalia) with the same genus name as Graphium (Fungi)","taxonomy build (automatic, homonym of a genus in another domain)","2026-10-05"
"F_GRPHM_DCLR","Graphium decolor","another organism (Animalia) with the same genus name as Graphium (Fungi)","taxonomy build (automatic, homonym of a genus in another domain)","2026-10-05"
"F_GRPHM_DCLR_ATRT","Graphium decolor atratoides","another organism (Animalia) with the same genus name as Graphium (Fungi)","taxonomy build (automatic, homonym of a genus in another domain)","2026-10-05"
"F_GRPHM_DCLR_JAMS","Graphium decolor jamesi","released in the genus Graphium (Fungi), which also contained other organisms with the same genus name until v3.0.1, but no current source has this name in the Fungi","taxonomy build (automatic, released_homonym_genera), NEEDS REVIEW","2026-10-05"
"F_GRPHM_DCLR_NZBR","Graphium decolor neozebraica","another organism (Animalia) with the same genus name as Graphium (Fungi)","taxonomy build (automatic, homonym of a genus in another domain)","2026-10-05"
"F_GRPHM_DCLR_RBCC","Graphium decolor rebeccae","released in the genus Graphium (Fungi), which also contained other organisms with the same genus name until v3.0.1, but no current source has this name in the Fungi","taxonomy build (automatic, released_homonym_genera), NEEDS REVIEW","2026-10-05"
"F_GRPHM_DCLR_SBYN","Graphium decolor sibuyana","another organism (Animalia) with the same genus name as Graphium (Fungi)","taxonomy build (automatic, homonym of a genus in another domain)","2026-10-05"
"F_GRPHM_DELI","Graphium deliae","another organism (Animalia) with the same genus name as Graphium (Fungi)","taxonomy build (automatic, homonym of a genus in another domain)","2026-10-05"
"F_GRPHM_DLSS","Graphium delesserti","another organism (Animalia) with the same genus name as Graphium (Fungi)","taxonomy build (automatic, homonym of a genus in another domain)","2026-10-05"
"F_GRPHM_DLSS_HYLN","Graphium delesserti hyalinus","released in the genus Graphium (Fungi), which also contained other organisms with the same genus name until v3.0.1, but no current source has this name in the Fungi","taxonomy build (automatic, released_homonym_genera), NEEDS REVIEW","2026-10-05"
"F_GRPHM_DLSS_LBNS","Graphium delesserti labienus","released in the genus Graphium (Fungi), which also contained other organisms with the same genus name until v3.0.1, but no current source has this name in the Fungi","taxonomy build (automatic, released_homonym_genera), NEEDS REVIEW","2026-10-05"
"F_GRPHM_DLSS_SCRD","Graphium delesserti sacerdotalis","released in the genus Graphium (Fungi), which also contained other organisms with the same genus name until v3.0.1, but no current source has this name in the Fungi","taxonomy build (automatic, released_homonym_genera), NEEDS REVIEW","2026-10-05"
"F_GRPHM_DLSS_VRBG","Graphium delesserti verbigenus","released in the genus Graphium (Fungi), which also contained other organisms with the same genus name until v3.0.1, but no current source has this name in the Fungi","taxonomy build (automatic, released_homonym_genera), NEEDS REVIEW","2026-10-05"
"F_GRPHM_DOSN","Graphium doson","another organism (Animalia) with the same genus name as Graphium (Fungi)","taxonomy build (automatic, homonym of a genus in another domain)","2026-10-05"
"F_GRPHM_DOSN_AKNS","Graphium doson akanashii","released in the genus Graphium (Fungi), which also contained other organisms with the same genus name until v3.0.1, but no current source has this name in the Fungi","taxonomy build (automatic, released_homonym_genera), NEEDS REVIEW","2026-10-05"
"F_GRPHM_DOSN_ALBD","Graphium doson albidum","released in the genus Graphium (Fungi), which also contained other organisms with the same genus name until v3.0.1, but no current source has this name in the Fungi","taxonomy build (automatic, released_homonym_genera), NEEDS REVIEW","2026-10-05"
"F_GRPHM_DOSN_CNTM","Graphium doson contaminatus","released in the genus Graphium (Fungi), which also contained other organisms with the same genus name until v3.0.1, but no current source has this name in the Fungi","taxonomy build (automatic, released_homonym_genera), NEEDS REVIEW","2026-10-05"
"F_GRPHM_DOSN_DOSN","Graphium doson doson","released in the genus Graphium (Fungi), which also contained other organisms with the same genus name until v3.0.1, but no current source has this name in the Fungi","taxonomy build (automatic, released_homonym_genera), NEEDS REVIEW","2026-10-05"
"F_GRPHM_DOSN_EVMN","Graphium doson evemonides","another organism (Animalia) with the same genus name as Graphium (Fungi)","taxonomy build (automatic, homonym of a genus in another domain)","2026-10-05"
"F_GRPHM_DOSN_GELP","Graphium doson gelap","released in the genus Graphium (Fungi), which also contained other organisms with the same genus name until v3.0.1, but no current source has this name in the Fungi","taxonomy build (automatic, released_homonym_genera), NEEDS REVIEW","2026-10-05"
"F_GRPHM_DOSN_HNKR","Graphium doson hankuronis","released in the genus Graphium (Fungi), which also contained other organisms with the same genus name until v3.0.1, but no current source has this name in the Fungi","taxonomy build (automatic, released_homonym_genera), NEEDS REVIEW","2026-10-05"
"F_GRPHM_DOSN_KRNS","Graphium doson kuronis","released in the genus Graphium (Fungi), which also contained other organisms with the same genus name until v3.0.1, but no current source has this name in the Fungi","taxonomy build (automatic, released_homonym_genera), NEEDS REVIEW","2026-10-05"
"F_GRPHM_DOSN_PRLL","Graphium doson perillus","released in the genus Graphium (Fungi), which also contained other organisms with the same genus name until v3.0.1, but no current source has this name in the Fungi","taxonomy build (automatic, released_homonym_genera), NEEDS REVIEW","2026-10-05"
"F_GRPHM_DOSN_PSTN","Graphium doson postianus","another organism (Animalia) with the same genus name as Graphium (Fungi)","taxonomy build (automatic, homonym of a genus in another domain)","2026-10-05"
"F_GRPHM_DRCS","Graphium dorcus","another organism (Animalia) with the same genus name as Graphium (Fungi)","taxonomy build (automatic, homonym of a genus in another domain)","2026-10-05"
"F_GRPHM_DSMZ","Graphium desmazieresii","released in the genus Graphium (Fungi), which also contained other organisms with the same genus name until v3.0.1, but no current source has this name in the Fungi","taxonomy build (automatic, released_homonym_genera), NEEDS REVIEW","2026-10-05"
"F_GRPHM_EMPD","Graphium empedovana","another organism (Animalia) with the same genus name as Graphium (Fungi)","taxonomy build (automatic, homonym of a genus in another domain)","2026-10-05"
"F_GRPHM_ENCL","Graphium encelades","another organism (Animalia) with the same genus name as Graphium (Fungi)","taxonomy build (automatic, homonym of a genus in another domain)","2026-10-05"
"F_GRPHM_ENDC","Graphium endochus","another organism (Animalia) with the same genus name as Graphium (Fungi)","taxonomy build (automatic, homonym of a genus in another domain)","2026-10-05"
"F_GRPHM_EPHR","Graphium euphrates","another organism (Animalia) with the same genus name as Graphium (Fungi)","taxonomy build (automatic, homonym of a genus in another domain)","2026-10-05"
"F_GRPHM_EPHR_BHLN","Graphium euphrates boholensis","another organism (Animalia) with the same genus name as Graphium (Fungi)","taxonomy build (automatic, homonym of a genus in another domain)","2026-10-05"
"F_GRPHM_EPHR_BHSN","Graphium euphrates buhisanus","another organism (Animalia) with the same genus name as Graphium (Fungi)","taxonomy build (automatic, homonym of a genus in another domain)","2026-10-05"
"F_GRPHM_EPHR_ITIM","Graphium euphrates itim","released in the genus Graphium (Fungi), which also contained other organisms with the same genus name until v3.0.1, but no current source has this name in the Fungi","taxonomy build (automatic, released_homonym_genera), NEEDS REVIEW","2026-10-05"
"F_GRPHM_EPMN","Graphium epaminondas","another organism (Animalia) with the same genus name as Graphium (Fungi)","taxonomy build (automatic, homonym of a genus in another domain)","2026-10-05"
"F_GRPHM_ERYP","Graphium eurypilus","released in the genus Graphium (Fungi), which also contained other organisms with the same genus name until v3.0.1, but no current source has this name in the Fungi","taxonomy build (automatic, released_homonym_genera), NEEDS REVIEW","2026-10-05"
"F_GRPHM_ERYP_INSL","Graphium eurypilus insularis","released in the genus Graphium (Fungi), which also contained other organisms with the same genus name until v3.0.1, but no current source has this name in the Fungi","taxonomy build (automatic, released_homonym_genera), NEEDS REVIEW","2026-10-05"
"F_GRPHM_ERYP_PRTR","Graphium eurypilus praetorianus","released in the genus Graphium (Fungi), which also contained other organisms with the same genus name until v3.0.1, but no current source has this name in the Fungi","taxonomy build (automatic, released_homonym_genera), NEEDS REVIEW","2026-10-05"
"F_GRPHM_ERYP_SLNS","Graphium eurypilus sulanus","released in the genus Graphium (Fungi), which also contained other organisms with the same genus name until v3.0.1, but no current source has this name in the Fungi","taxonomy build (automatic, released_homonym_genera), NEEDS REVIEW","2026-10-05"
"F_GRPHM_ERYP_TLBT","Graphium eurypilus talboti","released in the genus Graphium (Fungi), which also contained other organisms with the same genus name until v3.0.1, but no current source has this name in the Fungi","taxonomy build (automatic, released_homonym_genera), NEEDS REVIEW","2026-10-05"
"F_GRPHM_ESCH","Graphium escherichi","released in the genus Graphium (Fungi), which also contained other organisms with the same genus name until v3.0.1, but no current source has this name in the Fungi","taxonomy build (automatic, released_homonym_genera), NEEDS REVIEW","2026-10-05"
"F_GRPHM_EURS","Graphium eurous","another organism (Animalia) with the same genus name as Graphium (Fungi)","taxonomy build (automatic, homonym of a genus in another domain)","2026-10-05"
"F_GRPHM_EURS_ASKR","Graphium eurous asakurae","another organism (Animalia) with the same genus name as Graphium (Fungi)","taxonomy build (automatic, homonym of a genus in another domain)","2026-10-05"
"F_GRPHM_EURS_EURS","Graphium eurous eurous","released in the genus Graphium (Fungi), which also contained other organisms with the same genus name until v3.0.1, but no current source has this name in the Fungi","taxonomy build (automatic, released_homonym_genera), NEEDS REVIEW","2026-10-05"
"F_GRPHM_EURS_FRMS","Graphium eurous formosanus","released in the genus Graphium (Fungi), which also contained other organisms with the same genus name until v3.0.1, but no current source has this name in the Fungi","taxonomy build (automatic, released_homonym_genera), NEEDS REVIEW","2026-10-05"
"F_GRPHM_EURS_INTH","Graphium eurous inthanon","another organism (Animalia) with the same genus name as Graphium (Fungi)","taxonomy build (automatic, homonym of a genus in another domain)","2026-10-05"
"F_GRPHM_EURS_KXNG","Graphium eurous koxinga","released in the genus Graphium (Fungi), which also contained other organisms with the same genus name until v3.0.1, but no current source has this name in the Fungi","taxonomy build (automatic, released_homonym_genera), NEEDS REVIEW","2026-10-05"
"F_GRPHM_EURS_MRDN","Graphium eurous meridionalis","released in the genus Graphium (Fungi), which also contained other organisms with the same genus name until v3.0.1, but no current source has this name in the Fungi","taxonomy build (automatic, released_homonym_genera), NEEDS REVIEW","2026-10-05"
"F_GRPHM_EVMB","Graphium evombar","another organism (Animalia) with the same genus name as Graphium (Fungi)","taxonomy build (automatic, homonym of a genus in another domain)","2026-10-05"
"F_GRPHM_EVMB_VSST","Graphium evombar viossati","another organism (Animalia) with the same genus name as Graphium (Fungi)","taxonomy build (automatic, homonym of a genus in another domain)","2026-10-05"
"F_GRPHM_EVMN","Graphium evemon","another organism (Animalia) with the same genus name as Graphium (Fungi)","taxonomy build (automatic, homonym of a genus in another domain)","2026-10-05"
"F_GRPHM_EVMN_ALBC","Graphium evemon albociliatis","released in the genus Graphium (Fungi), which also contained other organisms with the same genus name until v3.0.1, but no current source has this name in the Fungi","taxonomy build (automatic, released_homonym_genera), NEEDS REVIEW","2026-10-05"
"F_GRPHM_EVMN_EVMN","Graphium evemon evemon","released in the genus Graphium (Fungi), which also contained other organisms with the same genus name until v3.0.1, but no current source has this name in the Fungi","taxonomy build (automatic, released_homonym_genera), NEEDS REVIEW","2026-10-05"
"F_GRPHM_EVMN_EVNT","Graphium evemon eventus","released in the genus Graphium (Fungi), which also contained other organisms with the same genus name until v3.0.1, but no current source has this name in the Fungi","taxonomy build (automatic, released_homonym_genera), NEEDS REVIEW","2026-10-05"
"F_GRPHM_EVMN_IGNL","Graphium evemon igneolus","released in the genus Graphium (Fungi), which also contained other organisms with the same genus name until v3.0.1, but no current source has this name in the Fungi","taxonomy build (automatic, released_homonym_genera), NEEDS REVIEW","2026-10-05"
"F_GRPHM_EVMN_LEBR","Graphium evemon lebar","released in the genus Graphium (Fungi), which also contained other organisms with the same genus name until v3.0.1, but no current source has this name in the Fungi","taxonomy build (automatic, released_homonym_genera), NEEDS REVIEW","2026-10-05"
"F_GRPHM_FELX","Graphium felixi","released in the genus Graphium (Fungi), which also contained other organisms with the same genus name until v3.0.1, but no current source has this name in the Fungi","taxonomy build (automatic, released_homonym_genera), NEEDS REVIEW","2026-10-05"
"F_GRPHM_FLLR","Graphium fulleri","another organism (Animalia) with the same genus name as Graphium (Fungi)","taxonomy build (automatic, homonym of a genus in another domain)","2026-10-05"
"F_GRPHM_FRST","Graphium foersterius","released in the genus Graphium (Fungi), which also contained other organisms with the same genus name until v3.0.1, but no current source has this name in the Fungi","taxonomy build (automatic, released_homonym_genera), NEEDS REVIEW","2026-10-05"
"F_GRPHM_GDNS","Graphium gudenusi","another organism (Animalia) with the same genus name as Graphium (Fungi)","taxonomy build (automatic, homonym of a genus in another domain)","2026-10-05"
"F_GRPHM_GELN","Graphium gelon","another organism (Animalia) with the same genus name as Graphium (Fungi)","taxonomy build (automatic, homonym of a genus in another domain)","2026-10-05"
"F_GRPHM_GELN_MGST","Graphium gelon megasthenes","released in the genus Graphium (Fungi), which also contained other organisms with the same genus name until v3.0.1, but no current source has this name in the Fungi","taxonomy build (automatic, released_homonym_genera), NEEDS REVIEW","2026-10-05"
"F_GRPHM_GELN_TNLT","Graphium gelon taeniolata","released in the genus Graphium (Fungi), which also contained other organisms with the same genus name until v3.0.1, but no current source has this name in the Fungi","taxonomy build (automatic, released_homonym_genera), NEEDS REVIEW","2026-10-05"
"F_GRPHM_GLYC","Graphium glycerion","released in the genus Graphium (Fungi), which also contained other organisms with the same genus name until v3.0.1, but no current source has this name in the Fungi","taxonomy build (automatic, released_homonym_genera), NEEDS REVIEW","2026-10-05"
"F_GRPHM_GLYC_CSCH","Graphium glycerion caschmirensis","released in the genus Graphium (Fungi), which also contained other organisms with the same genus name until v3.0.1, but no current source has this name in the Fungi","taxonomy build (automatic, released_homonym_genera), NEEDS REVIEW","2026-10-05"
"F_GRPHM_GLYC_KIMR","Graphium glycerion kimurai","another organism (Animalia) with the same genus name as Graphium (Fungi)","taxonomy build (automatic, homonym of a genus in another domain)","2026-10-05"
"F_GRPHM_GRHW","Graphium garhwalica","another organism (Animalia) with the same genus name as Graphium (Fungi)","taxonomy build (automatic, homonym of a genus in another domain)","2026-10-05"
"F_GRPHM_GSTS","Graphium aegistus","released in the genus Graphium (Fungi), which also contained other organisms with the same genus name until v3.0.1, but no current source has this name in the Fungi","taxonomy build (automatic, released_homonym_genera), NEEDS REVIEW","2026-10-05"
"F_GRPHM_GSTS_AEGS","Graphium aegistus aegistiades","released in the genus Graphium (Fungi), which also contained other organisms with the same genus name until v3.0.1, but no current source has this name in the Fungi","taxonomy build (automatic, released_homonym_genera), NEEDS REVIEW","2026-10-05"
"F_GRPHM_HACH","Graphium hachei","another organism (Animalia) with the same genus name as Graphium (Fungi)","taxonomy build (automatic, homonym of a genus in another domain)","2026-10-05"
"F_GRPHM_HCTN","Graphium hicetaon","another organism (Animalia) with the same genus name as Graphium (Fungi)","taxonomy build (automatic, homonym of a genus in another domain)","2026-10-05"
"F_GRPHM_HNCA","Graphium sichuanica","another organism (Animalia) with the same genus name as Graphium (Fungi)","taxonomy build (automatic, homonym of a genus in another domain)","2026-10-05"
"F_GRPHM_HNNS","Graphium hoeneanus","another organism (Animalia) with the same genus name as Graphium (Fungi)","taxonomy build (automatic, homonym of a genus in another domain)","2026-10-05"
"F_GRPHM_IDDS","Graphium idaeoides","another organism (Animalia) with the same genus name as Graphium (Fungi)","taxonomy build (automatic, homonym of a genus in another domain)","2026-10-05"
"F_GRPHM_IDDS_NRGR","Graphium idaeoides neergaardi","released in the genus Graphium (Fungi), which also contained other organisms with the same genus name until v3.0.1, but no current source has this name in the Fungi","taxonomy build (automatic, released_homonym_genera), NEEDS REVIEW","2026-10-05"
"F_GRPHM_ILLY","Graphium illyris","another organism (Animalia) with the same genus name as Graphium (Fungi)","taxonomy build (automatic, homonym of a genus in another domain)","2026-10-05"
"F_GRPHM_ILLY_FLVS","Graphium illyris flavisparsus","released in the genus Graphium (Fungi), which also contained other organisms with the same genus name until v3.0.1, but no current source has this name in the Fungi","taxonomy build (automatic, released_homonym_genera), NEEDS REVIEW","2026-10-05"
"F_GRPHM_ILLY_HMTS","Graphium illyris hamatus","another organism (Animalia) with the same genus name as Graphium (Fungi)","taxonomy build (automatic, homonym of a genus in another domain)","2026-10-05"
"F_GRPHM_ILLY_ILLY","Graphium illyris illyris","released in the genus Graphium (Fungi), which also contained other organisms with the same genus name until v3.0.1, but no current source has this name in the Fungi","taxonomy build (automatic, released_homonym_genera), NEEDS REVIEW","2026-10-05"
"F_GRPHM_IMPR","Graphium impar","released in the genus Graphium (Fungi), which also contained other organisms with the same genus name until v3.0.1, but no current source has this name in the Fungi","taxonomy build (automatic, released_homonym_genera), NEEDS REVIEW","2026-10-05"
"F_GRPHM_IMPR_SHRT","Graphium impar shortlandica","released in the genus Graphium (Fungi), which also contained other organisms with the same genus name until v3.0.1, but no current source has this name in the Fungi","taxonomy build (automatic, released_homonym_genera), NEEDS REVIEW","2026-10-05"
"F_GRPHM_INCR","Graphium incertus","another organism (Animalia) with the same genus name as Graphium (Fungi)","taxonomy build (automatic, homonym of a genus in another domain)","2026-10-05"
"F_GRPHM_JASN","Graphium jason","released in the genus Graphium (Fungi), which also contained other organisms with the same genus name until v3.0.1, but no current source has this name in the Fungi","taxonomy build (automatic, released_homonym_genera), NEEDS REVIEW","2026-10-05"
"F_GRPHM_JASN_ACTR","Graphium jason actor","released in the genus Graphium (Fungi), which also contained other organisms with the same genus name until v3.0.1, but no current source has this name in the Fungi","taxonomy build (automatic, released_homonym_genera), NEEDS REVIEW","2026-10-05"
"F_GRPHM_JASN_AMPY","Graphium jason ampyx","released in the genus Graphium (Fungi), which also contained other organisms with the same genus name until v3.0.1, but no current source has this name in the Fungi","taxonomy build (automatic, released_homonym_genera), NEEDS REVIEW","2026-10-05"
"F_GRPHM_JASN_APPL","Graphium jason appulejus","released in the genus Graphium (Fungi), which also contained other organisms with the same genus name until v3.0.1, but no current source has this name in the Fungi","taxonomy build (automatic, released_homonym_genera), NEEDS REVIEW","2026-10-05"
"F_GRPHM_JASN_ATRN","Graphium jason autronicus","released in the genus Graphium (Fungi), which also contained other organisms with the same genus name until v3.0.1, but no current source has this name in the Fungi","taxonomy build (automatic, released_homonym_genera), NEEDS REVIEW","2026-10-05"
"F_GRPHM_JASN_ELES","Graphium jason eleius","released in the genus Graphium (Fungi), which also contained other organisms with the same genus name until v3.0.1, but no current source has this name in the Fungi","taxonomy build (automatic, released_homonym_genera), NEEDS REVIEW","2026-10-05"
"F_GRPHM_JASN_ERYP","Graphium jason eurypylides","released in the genus Graphium (Fungi), which also contained other organisms with the same genus name until v3.0.1, but no current source has this name in the Fungi","taxonomy build (automatic, released_homonym_genera), NEEDS REVIEW","2026-10-05"
"F_GRPHM_JASN_EVMN","Graphium jason evemonides","released in the genus Graphium (Fungi), which also contained other organisms with the same genus name until v3.0.1, but no current source has this name in the Fungi","taxonomy build (automatic, released_homonym_genera), NEEDS REVIEW","2026-10-05"
"F_GRPHM_JASN_GYND","Graphium jason gyndes","released in the genus Graphium (Fungi), which also contained other organisms with the same genus name until v3.0.1, but no current source has this name in the Fungi","taxonomy build (automatic, released_homonym_genera), NEEDS REVIEW","2026-10-05"
"F_GRPHM_JASN_JSTN","Graphium jason jostianus","released in the genus Graphium (Fungi), which also contained other organisms with the same genus name until v3.0.1, but no current source has this name in the Fungi","taxonomy build (automatic, released_homonym_genera), NEEDS REVIEW","2026-10-05"
"F_GRPHM_JASN_NANS","Graphium jason nanus","released in the genus Graphium (Fungi), which also contained other organisms with the same genus name until v3.0.1, but no current source has this name in the Fungi","taxonomy build (automatic, released_homonym_genera), NEEDS REVIEW","2026-10-05"
"F_GRPHM_JASN_PRLL","Graphium jason perillus","released in the genus Graphium (Fungi), which also contained other organisms with the same genus name until v3.0.1, but no current source has this name in the Fungi","taxonomy build (automatic, released_homonym_genera), NEEDS REVIEW","2026-10-05"
"F_GRPHM_JASN_PSTN","Graphium jason postianus","released in the genus Graphium (Fungi), which also contained other organisms with the same genus name until v3.0.1, but no current source has this name in the Fungi","taxonomy build (automatic, released_homonym_genera), NEEDS REVIEW","2026-10-05"
"F_GRPHM_JASN_VULS","Graphium jason vulso","released in the genus Graphium (Fungi), which also contained other organisms with the same genus name until v3.0.1, but no current source has this name in the Fungi","taxonomy build (automatic, released_homonym_genera), NEEDS REVIEW","2026-10-05"
"F_GRPHM_JUND","Graphium junodi","another organism (Animalia) with the same genus name as Graphium (Fungi)","taxonomy build (automatic, homonym of a genus in another domain)","2026-10-05"
"F_GRPHM_KIGM","Graphium kigoma","another organism (Animalia) with the same genus name as Graphium (Fungi)","taxonomy build (automatic, homonym of a genus in another domain)","2026-10-05"
"F_GRPHM_KOSI","Graphium kosii","another organism (Animalia) with the same genus name as Graphium (Fungi)","taxonomy build (automatic, homonym of a genus in another domain)","2026-10-05"
"F_GRPHM_KOSI_GGNT","Graphium kosii gigantor","another organism (Animalia) with the same genus name as Graphium (Fungi)","taxonomy build (automatic, homonym of a genus in another domain)","2026-10-05"
"F_GRPHM_KRBY","Graphium kirbyi","another organism (Animalia) with the same genus name as Graphium (Fungi)","taxonomy build (automatic, homonym of a genus in another domain)","2026-10-05"
"F_GRPHM_KRBY_OTTN","Graphium kirbyi ottonis","released in the genus Graphium (Fungi), which also contained other organisms with the same genus name until v3.0.1, but no current source has this name in the Fungi","taxonomy build (automatic, released_homonym_genera), NEEDS REVIEW","2026-10-05"
"F_GRPHM_LBON","Graphium alebion","another organism (Animalia) with the same genus name as Graphium (Fungi)","taxonomy build (automatic, homonym of a genus in another domain)","2026-10-05"
"F_GRPHM_LBON_CHNG","Graphium alebion chungiyanus","released in the genus Graphium (Fungi), which also contained other organisms with the same genus name until v3.0.1, but no current source has this name in the Fungi","taxonomy build (automatic, released_homonym_genera), NEEDS REVIEW","2026-10-05"
"F_GRPHM_LBON_TAYL","Graphium alebion tayal","released in the genus Graphium (Fungi), which also contained other organisms with the same genus name until v3.0.1, but no current source has this name in the Fungi","taxonomy build (automatic, released_homonym_genera), NEEDS REVIEW","2026-10-05"
"F_GRPHM_LCDN","Graphium leucadion","released in the genus Graphium (Fungi), which also contained other organisms with the same genus name until v3.0.1, but no current source has this name in the Fungi","taxonomy build (automatic, released_homonym_genera), NEEDS REVIEW","2026-10-05"
"F_GRPHM_LCTH","Graphium leucothoe","released in the genus Graphium (Fungi), which also contained other organisms with the same genus name until v3.0.1, but no current source has this name in the Fungi","taxonomy build (automatic, released_homonym_genera), NEEDS REVIEW","2026-10-05"
"F_GRPHM_LCTH_INTR","Graphium leucothoe interjectus","released in the genus Graphium (Fungi), which also contained other organisms with the same genus name until v3.0.1, but no current source has this name in the Fungi","taxonomy build (automatic, released_homonym_genera), NEEDS REVIEW","2026-10-05"
"F_GRPHM_LDCS","Graphium laodocus","released in the genus Graphium (Fungi), which also contained other organisms with the same genus name until v3.0.1, but no current source has this name in the Fungi","taxonomy build (automatic, released_homonym_genera), NEEDS REVIEW","2026-10-05"
"F_GRPHM_LDCS_PLWN","Graphium laodocus palawanus","released in the genus Graphium (Fungi), which also contained other organisms with the same genus name until v3.0.1, but no current source has this name in the Fungi","taxonomy build (automatic, released_homonym_genera), NEEDS REVIEW","2026-10-05"
"F_GRPHM_LECH","Graphium leechi","another organism (Animalia) with the same genus name as Graphium (Fungi)","taxonomy build (automatic, homonym of a genus in another domain)","2026-10-05"
"F_GRPHM_LECH_APRL","Graphium leechi aprilis","released in the genus Graphium (Fungi), which also contained other organisms with the same genus name until v3.0.1, but no current source has this name in the Fungi","taxonomy build (automatic, released_homonym_genera), NEEDS REVIEW","2026-10-05"
"F_GRPHM_LECH_YNNN","Graphium leechi yunnana","another organism (Animalia) with the same genus name as Graphium (Fungi)","taxonomy build (automatic, homonym of a genus in another domain)","2026-10-05"
"F_GRPHM_LNDS","Graphium leonidas","another organism (Animalia) with the same genus name as Graphium (Fungi)","taxonomy build (automatic, homonym of a genus in another domain)","2026-10-05"
"F_GRPHM_LNDS_ONDL","Graphium leonidas onidale","released in the genus Graphium (Fungi), which also contained other organisms with the same genus name until v3.0.1, but no current source has this name in the Fungi","taxonomy build (automatic, released_homonym_genera), NEEDS REVIEW","2026-10-05"
"F_GRPHM_LNDS_ZNZB","Graphium leonidas zanzibaricus","another organism (Animalia) with the same genus name as Graphium (Fungi)","taxonomy build (automatic, homonym of a genus in another domain)","2026-10-05"
"F_GRPHM_LPNS","Graphium liponesco","another organism (Animalia) with the same genus name as Graphium (Fungi)","taxonomy build (automatic, homonym of a genus in another domain)","2026-10-05"
"F_GRPHM_LTRL","Graphium latreillianus","another organism (Animalia) with the same genus name as Graphium (Fungi)","taxonomy build (automatic, homonym of a genus in another domain)","2026-10-05"
"F_GRPHM_LVSS","Graphium levassori","another organism (Animalia) with the same genus name as Graphium (Fungi)","taxonomy build (automatic, homonym of a genus in another domain)","2026-10-05"
"F_GRPHM_MARS","Graphium mariesii","released in the genus Graphium (Fungi), which also contained other organisms with the same genus name until v3.0.1, but no current source has this name in the Fungi","taxonomy build (automatic, released_homonym_genera), NEEDS REVIEW","2026-10-05"
"F_GRPHM_MCCR","Graphium maccareus","released in the genus Graphium (Fungi), which also contained other organisms with the same genus name until v3.0.1, but no current source has this name in the Fungi","taxonomy build (automatic, released_homonym_genera), NEEDS REVIEW","2026-10-05"
"F_GRPHM_MCCR_BRNN","Graphium maccareus borneensis","released in the genus Graphium (Fungi), which also contained other organisms with the same genus name until v3.0.1, but no current source has this name in the Fungi","taxonomy build (automatic, released_homonym_genera), NEEDS REVIEW","2026-10-05"
"F_GRPHM_MCCR_MCCB","Graphium maccareus maccabaeus","released in the genus Graphium (Fungi), which also contained other organisms with the same genus name until v3.0.1, but no current source has this name in the Fungi","taxonomy build (automatic, released_homonym_genera), NEEDS REVIEW","2026-10-05"
"F_GRPHM_MCCR_XNTH","Graphium maccareus xanthosoma","released in the genus Graphium (Fungi), which also contained other organisms with the same genus name until v3.0.1, but no current source has this name in the Fungi","taxonomy build (automatic, released_homonym_genera), NEEDS REVIEW","2026-10-05"
"F_GRPHM_MCFR","Graphium macfarlanei","another organism (Animalia) with the same genus name as Graphium (Fungi)","taxonomy build (automatic, homonym of a genus in another domain)","2026-10-05"
"F_GRPHM_MCFR_CSTS","Graphium macfarlanei cestius","released in the genus Graphium (Fungi), which also contained other organisms with the same genus name until v3.0.1, but no current source has this name in the Fungi","taxonomy build (automatic, released_homonym_genera), NEEDS REVIEW","2026-10-05"
"F_GRPHM_MCLY","Graphium macleayanus","another organism (Animalia) with the same genus name as Graphium (Fungi)","taxonomy build (automatic, homonym of a genus in another domain)","2026-10-05"
"F_GRPHM_MCRS","Graphium macareus","another organism (Animalia) with the same genus name as Graphium (Fungi)","taxonomy build (automatic, homonym of a genus in another domain)","2026-10-05"
"F_GRPHM_MCRST","Graphium macaristus","released in the genus Graphium (Fungi), which also contained other organisms with the same genus name until v3.0.1, but no current source has this name in the Fungi","taxonomy build (automatic, released_homonym_genera), NEEDS REVIEW","2026-10-05"
"F_GRPHM_MCRS_ALBN","Graphium macareus albinovanus","released in the genus Graphium (Fungi), which also contained other organisms with the same genus name until v3.0.1, but no current source has this name in the Fungi","taxonomy build (automatic, released_homonym_genera), NEEDS REVIEW","2026-10-05"
"F_GRPHM_MCRS_BRMN","Graphium macareus burmensis","another organism (Animalia) with the same genus name as Graphium (Fungi)","taxonomy build (automatic, homonym of a genus in another domain)","2026-10-05"
"F_GRPHM_MCRS_INDC","Graphium macareus indochinensis","another organism (Animalia) with the same genus name as Graphium (Fungi)","taxonomy build (automatic, homonym of a genus in another domain)","2026-10-05"
"F_GRPHM_MCRS_LINL","Graphium macareus lioneli","another organism (Animalia) with the same genus name as Graphium (Fungi)","taxonomy build (automatic, homonym of a genus in another domain)","2026-10-05"
"F_GRPHM_MCRS_PLWN","Graphium macareus palawanicola","released in the genus Graphium (Fungi), which also contained other organisms with the same genus name until v3.0.1, but no current source has this name in the Fungi","taxonomy build (automatic, released_homonym_genera), NEEDS REVIEW","2026-10-05"
"F_GRPHM_MCRS_PRKN","Graphium macareus perakensis","released in the genus Graphium (Fungi), which also contained other organisms with the same genus name until v3.0.1, but no current source has this name in the Fungi","taxonomy build (automatic, released_homonym_genera), NEEDS REVIEW","2026-10-05"
"F_GRPHM_MCRS_SERD","Graphium macareus serda","released in the genus Graphium (Fungi), which also contained other organisms with the same genus name until v3.0.1, but no current source has this name in the Fungi","taxonomy build (automatic, released_homonym_genera), NEEDS REVIEW","2026-10-05"
"F_GRPHM_MEDN","Graphium medon","released in the genus Graphium (Fungi), which also contained other organisms with the same genus name until v3.0.1, but no current source has this name in the Fungi","taxonomy build (automatic, released_homonym_genera), NEEDS REVIEW","2026-10-05"
"F_GRPHM_MEEK","Graphium meeki","another organism (Animalia) with the same genus name as Graphium (Fungi)","taxonomy build (automatic, homonym of a genus in another domain)","2026-10-05"
"F_GRPHM_MEEK_INXP","Graphium meeki inexpectatum","another organism (Animalia) with the same genus name as Graphium (Fungi)","taxonomy build (automatic, homonym of a genus in another domain)","2026-10-05"
"F_GRPHM_MEGR","Graphium megaera","another organism (Animalia) with the same genus name as Graphium (Fungi)","taxonomy build (automatic, homonym of a genus in another domain)","2026-10-05"
"F_GRPHM_MEYR","Graphium meyeri","another organism (Animalia) with the same genus name as Graphium (Fungi)","taxonomy build (automatic, homonym of a genus in another domain)","2026-10-05"
"F_GRPHM_MGCS","Graphium magicus","released in the genus Graphium (Fungi), which also contained other organisms with the same genus name until v3.0.1, but no current source has this name in the Fungi","taxonomy build (automatic, released_homonym_genera), NEEDS REVIEW","2026-10-05"
"F_GRPHM_MGRS","Graphium megarus","another organism (Animalia) with the same genus name as Graphium (Fungi)","taxonomy build (automatic, homonym of a genus in another domain)","2026-10-05"
"F_GRPHM_MGRS_FLXM","Graphium megarus fleximacula","released in the genus Graphium (Fungi), which also contained other organisms with the same genus name until v3.0.1, but no current source has this name in the Fungi","taxonomy build (automatic, released_homonym_genera), NEEDS REVIEW","2026-10-05"
"F_GRPHM_MGRS_MGPN","Graphium megarus megapenthes","another organism (Animalia) with the same genus name as Graphium (Fungi)","taxonomy build (automatic, homonym of a genus in another domain)","2026-10-05"
"F_GRPHM_MGRS_MNDC","Graphium megarus mendicus","released in the genus Graphium (Fungi), which also contained other organisms with the same genus name until v3.0.1, but no current source has this name in the Fungi","taxonomy build (automatic, released_homonym_genera), NEEDS REVIEW","2026-10-05"
"F_GRPHM_MGRS_MRTN","Graphium megarus martinus","released in the genus Graphium (Fungi), which also contained other organisms with the same genus name until v3.0.1, but no current source has this name in the Fungi","taxonomy build (automatic, released_homonym_genera), NEEDS REVIEW","2026-10-05"
"F_GRPHM_MGRS_SGTT","Graphium megarus sagittiger","released in the genus Graphium (Fungi), which also contained other organisms with the same genus name until v3.0.1, but no current source has this name in the Fungi","taxonomy build (automatic, released_homonym_genera), NEEDS REVIEW","2026-10-05"
"F_GRPHM_MGRS_TMNN","Graphium megarus tiomanensis","released in the genus Graphium (Fungi), which also contained other organisms with the same genus name until v3.0.1, but no current source has this name in the Fungi","taxonomy build (automatic, released_homonym_genera), NEEDS REVIEW","2026-10-05"
"F_GRPHM_MGRS_TSTN","Graphium megarus tistaensis","released in the genus Graphium (Fungi), which also contained other organisms with the same genus name until v3.0.1, but no current source has this name in the Fungi","taxonomy build (automatic, released_homonym_genera), NEEDS REVIEW","2026-10-05"
"F_GRPHM_MILN","Graphium milon","another organism (Animalia) with the same genus name as Graphium (Fungi)","taxonomy build (automatic, homonym of a genus in another domain)","2026-10-05"
"F_GRPHM_MLLH","Graphium mullah","another organism (Animalia) with the same genus name as Graphium (Fungi)","taxonomy build (automatic, homonym of a genus in another domain)","2026-10-05"
"F_GRPHM_MLLH_CHNG","Graphium mullah chungianus","another organism (Animalia) with the same genus name as Graphium (Fungi)","taxonomy build (automatic, homonym of a genus in another domain)","2026-10-05"
"F_GRPHM_MLLH_MLLH","Graphium mullah mullah","another organism (Animalia) with the same genus name as Graphium (Fungi)","taxonomy build (automatic, homonym of a genus in another domain)","2026-10-05"
"F_GRPHM_MLNTH","Graphium melanthus","released in the genus Graphium (Fungi), which also contained other organisms with the same genus name until v3.0.1, but no current source has this name in the Fungi","taxonomy build (automatic, released_homonym_genera), NEEDS REVIEW","2026-10-05"
"F_GRPHM_MNDN","Graphium mendana","another organism (Animalia) with the same genus name as Graphium (Fungi)","taxonomy build (automatic, homonym of a genus in another domain)","2026-10-05"
"F_GRPHM_MNDN_ARFS","Graphium mendana aureofasciatum","another organism (Animalia) with the same genus name as Graphium (Fungi)","taxonomy build (automatic, homonym of a genus in another domain)","2026-10-05"
"F_GRPHM_MNDN_MALT","Graphium mendana malaitae","another organism (Animalia) with the same genus name as Graphium (Fungi)","taxonomy build (automatic, homonym of a genus in another domain)","2026-10-05"
"F_GRPHM_MNDN_NEYR","Graphium mendana neyra","released in the genus Graphium (Fungi), which also contained other organisms with the same genus name until v3.0.1, but no current source has this name in the Fungi","taxonomy build (automatic, released_homonym_genera), NEEDS REVIEW","2026-10-05"
"F_GRPHM_MNDR","Graphium mandarinus","another organism (Animalia) with the same genus name as Graphium (Fungi)","taxonomy build (automatic, homonym of a genus in another domain)","2026-10-05"
"F_GRPHM_MNDR_FNGN","Graphium mandarinus fangana","another organism (Animalia) with the same genus name as Graphium (Fungi)","taxonomy build (automatic, homonym of a genus in another domain)","2026-10-05"
"F_GRPHM_MNDR_GRHW","Graphium mandarinus garhwalica","released in the genus Graphium (Fungi), which also contained other organisms with the same genus name until v3.0.1, but no current source has this name in the Fungi","taxonomy build (automatic, released_homonym_genera), NEEDS REVIEW","2026-10-05"
"F_GRPHM_MNDR_KIMR","Graphium mandarinus kimurai","another organism (Animalia) with the same genus name as Graphium (Fungi)","taxonomy build (automatic, homonym of a genus in another domain)","2026-10-05"
"F_GRPHM_MNDR_MNDR","Graphium mandarinus mandarinus","another organism (Animalia) with the same genus name as Graphium (Fungi)","taxonomy build (automatic, homonym of a genus in another domain)","2026-10-05"
"F_GRPHM_MNDR_PPHS","Graphium mandarinus paphus","released in the genus Graphium (Fungi), which also contained other organisms with the same genus name until v3.0.1, but no current source has this name in the Fungi","taxonomy build (automatic, released_homonym_genera), NEEDS REVIEW","2026-10-05"
"F_GRPHM_MNDR_STLW","Graphium mandarinus stilwelli","another organism (Animalia) with the same genus name as Graphium (Fungi)","taxonomy build (automatic, homonym of a genus in another domain)","2026-10-05"
"F_GRPHM_MNTC","Graphium monticolus","another organism (Animalia) with the same genus name as Graphium (Fungi)","taxonomy build (automatic, homonym of a genus in another domain)","2026-10-05"
"F_GRPHM_MOEB","Graphium moebii","released in the genus Graphium (Fungi), which also contained other organisms with the same genus name until v3.0.1, but no current source has this name in the Fungi","taxonomy build (automatic, released_homonym_genera), NEEDS REVIEW","2026-10-05"
"F_GRPHM_MORN","Graphium morania","another organism (Animalia) with the same genus name as Graphium (Fungi)","taxonomy build (automatic, homonym of a genus in another domain)","2026-10-05"
"F_GRPHM_NBLS","Graphium nebulosus","released in the genus Graphium (Fungi), which also contained other organisms with the same genus name until v3.0.1, but no current source has this name in the Fungi","taxonomy build (automatic, released_homonym_genera), NEEDS REVIEW","2026-10-05"
"F_GRPHM_NGNS","Graphium sanganus","released in the genus Graphium (Fungi), which also contained other organisms with the same genus name until v3.0.1, but no current source has this name in the Fungi","taxonomy build (automatic, released_homonym_genera), NEEDS REVIEW","2026-10-05"
"F_GRPHM_NOMS","Graphium nomius","another organism (Animalia) with the same genus name as Graphium (Fungi)","taxonomy build (automatic, homonym of a genus in another domain)","2026-10-05"
"F_GRPHM_NOMS_HANN","Graphium nomius hainana","released in the genus Graphium (Fungi), which also contained other organisms with the same genus name until v3.0.1, but no current source has this name in the Fungi","taxonomy build (automatic, released_homonym_genera), NEEDS REVIEW","2026-10-05"
"F_GRPHM_NPMM","Graphium neopommerania","released in the genus Graphium (Fungi), which also contained other organisms with the same genus name until v3.0.1, but no current source has this name in the Fungi","taxonomy build (automatic, released_homonym_genera), NEEDS REVIEW","2026-10-05"
"F_GRPHM_OBLT","Graphium obliteratus","released in the genus Graphium (Fungi), which also contained other organisms with the same genus name until v3.0.1, but no current source has this name in the Fungi","taxonomy build (automatic, released_homonym_genera), NEEDS REVIEW","2026-10-05"
"F_GRPHM_ODIN","Graphium odin","released in the genus Graphium (Fungi), which also contained other organisms with the same genus name until v3.0.1, but no current source has this name in the Fungi","taxonomy build (automatic, released_homonym_genera), NEEDS REVIEW","2026-10-05"
"F_GRPHM_OLBR","Graphium olbrechtsi","another organism (Animalia) with the same genus name as Graphium (Fungi)","taxonomy build (automatic, homonym of a genus in another domain)","2026-10-05"
"F_GRPHM_ORNT","Graphium ornatus","released in the genus Graphium (Fungi), which also contained other organisms with the same genus name until v3.0.1, but no current source has this name in the Fungi","taxonomy build (automatic, released_homonym_genera), NEEDS REVIEW","2026-10-05"
"F_GRPHM_PARS","Graphium parus","another organism (Animalia) with the same genus name as Graphium (Fungi)","taxonomy build (automatic, homonym of a genus in another domain)","2026-10-05"
"F_GRPHM_PGGN","Graphium poggianus","another organism (Animalia) with the same genus name as Graphium (Fungi)","taxonomy build (automatic, homonym of a genus in another domain)","2026-10-05"
"F_GRPHM_PHDS","Graphium phidias","another organism (Animalia) with the same genus name as Graphium (Fungi)","taxonomy build (automatic, homonym of a genus in another domain)","2026-10-05"
"F_GRPHM_PHDS_AKIK","Graphium phidias akikoae","another organism (Animalia) with the same genus name as Graphium (Fungi)","taxonomy build (automatic, homonym of a genus in another domain)","2026-10-05"
"F_GRPHM_PHLN","Graphium philonoe","another organism (Animalia) with the same genus name as Graphium (Fungi)","taxonomy build (automatic, homonym of a genus in another domain)","2026-10-05"
"F_GRPHM_PLCN","Graphium policenes","another organism (Animalia) with the same genus name as Graphium (Fungi)","taxonomy build (automatic, homonym of a genus in another domain)","2026-10-05"
"F_GRPHM_PLCN_NGRS","Graphium policenes nigrescens","released in the genus Graphium (Fungi), which also contained other organisms with the same genus name until v3.0.1, but no current source has this name in the Fungi","taxonomy build (automatic, released_homonym_genera), NEEDS REVIEW","2026-10-05"
"F_GRPHM_PLCN_SDNC","Graphium policenes sudanicus","released in the genus Graphium (Fungi), which also contained other organisms with the same genus name until v3.0.1, but no current source has this name in the Fungi","taxonomy build (automatic, released_homonym_genera), NEEDS REVIEW","2026-10-05"
"F_GRPHM_PLCN_TELL","Graphium policenes telloi","another organism (Animalia) with the same genus name as Graphium (Fungi)","taxonomy build (automatic, homonym of a genus in another domain)","2026-10-05"
"F_GRPHM_PLST","Graphium polistratus","another organism (Animalia) with the same genus name as Graphium (Fungi)","taxonomy build (automatic, homonym of a genus in another domain)","2026-10-05"
"F_GRPHM_PNCLL","Graphium penicilloides","released in the genus Graphium (Fungi), which also contained other organisms with the same genus name until v3.0.1, but no current source has this name in the Fungi","taxonomy build (automatic, released_homonym_genera), NEEDS REVIEW","2026-10-05"
"F_GRPHM_PPHS","Graphium paphus","another organism (Animalia) with the same genus name as Graphium (Fungi)","taxonomy build (automatic, homonym of a genus in another domain)","2026-10-05"
"F_GRPHM_PRCL","Graphium procles","another organism (Animalia) with the same genus name as Graphium (Fungi)","taxonomy build (automatic, homonym of a genus in another domain)","2026-10-05"
"F_GRPHM_PRMT","Graphium parmatus","released in the genus Graphium (Fungi), which also contained other organisms with the same genus name until v3.0.1, but no current source has this name in the Fungi","taxonomy build (automatic, released_homonym_genera), NEEDS REVIEW","2026-10-05"
"F_GRPHM_PRTH","Graphium porthaon","another organism (Animalia) with the same genus name as Graphium (Fungi)","taxonomy build (automatic, homonym of a genus in another domain)","2026-10-05"
"F_GRPHM_PRTH_MACK","Graphium porthaon mackiei","another organism (Animalia) with the same genus name as Graphium (Fungi)","taxonomy build (automatic, homonym of a genus in another domain)","2026-10-05"
"F_GRPHM_PYLD","Graphium pylades","released in the genus Graphium (Fungi), which also contained other organisms with the same genus name until v3.0.1, but no current source has this name in the Fungi","taxonomy build (automatic, released_homonym_genera), NEEDS REVIEW","2026-10-05"
"F_GRPHM_PYLD_LPYD","Graphium pylades lapydes","released in the genus Graphium (Fungi), which also contained other organisms with the same genus name until v3.0.1, but no current source has this name in the Fungi","taxonomy build (automatic, released_homonym_genera), NEEDS REVIEW","2026-10-05"
"F_GRPHM_PYLS","Graphium eurypylus","another organism (Animalia) with the same genus name as Graphium (Fungi)","taxonomy build (automatic, homonym of a genus in another domain)","2026-10-05"
"F_GRPHM_PYLS_ACHR","Graphium eurypylus acheron","another organism (Animalia) with the same genus name as Graphium (Fungi)","taxonomy build (automatic, homonym of a genus in another domain)","2026-10-05"
"F_GRPHM_PYLS_ALRC","Graphium eurypylus aloricus","released in the genus Graphium (Fungi), which also contained other organisms with the same genus name until v3.0.1, but no current source has this name in the Fungi","taxonomy build (automatic, released_homonym_genera), NEEDS REVIEW","2026-10-05"
"F_GRPHM_PYLS_DATN","Graphium eurypylus daton","released in the genus Graphium (Fungi), which also contained other organisms with the same genus name until v3.0.1, but no current source has this name in the Fungi","taxonomy build (automatic, released_homonym_genera), NEEDS REVIEW","2026-10-05"
"F_GRPHM_PYLS_ERYP","Graphium eurypylus eurypylus","released in the genus Graphium (Fungi), which also contained other organisms with the same genus name until v3.0.1, but no current source has this name in the Fungi","taxonomy build (automatic, released_homonym_genera), NEEDS REVIEW","2026-10-05"
"F_GRPHM_PYLS_EXTN","Graphium eurypylus extensus","released in the genus Graphium (Fungi), which also contained other organisms with the same genus name until v3.0.1, but no current source has this name in the Fungi","taxonomy build (automatic, released_homonym_genera), NEEDS REVIEW","2026-10-05"
"F_GRPHM_PYLS_GBNS","Graphium eurypylus gabinus","released in the genus Graphium (Fungi), which also contained other organisms with the same genus name until v3.0.1, but no current source has this name in the Fungi","taxonomy build (automatic, released_homonym_genera), NEEDS REVIEW","2026-10-05"
"F_GRPHM_PYLS_GRGS","Graphium eurypylus georgius","released in the genus Graphium (Fungi), which also contained other organisms with the same genus name until v3.0.1, but no current source has this name in the Fungi","taxonomy build (automatic, released_homonym_genera), NEEDS REVIEW","2026-10-05"
"F_GRPHM_PYLS_JUBA","Graphium eurypylus juba","released in the genus Graphium (Fungi), which also contained other organisms with the same genus name until v3.0.1, but no current source has this name in the Fungi","taxonomy build (automatic, released_homonym_genera), NEEDS REVIEW","2026-10-05"
"F_GRPHM_PYLS_LTRS","Graphium eurypylus lutorius","released in the genus Graphium (Fungi), which also contained other organisms with the same genus name until v3.0.1, but no current source has this name in the Fungi","taxonomy build (automatic, released_homonym_genera), NEEDS REVIEW","2026-10-05"
"F_GRPHM_PYLS_LYCN","Graphium eurypylus lycaonides","released in the genus Graphium (Fungi), which also contained other organisms with the same genus name until v3.0.1, but no current source has this name in the Fungi","taxonomy build (automatic, released_homonym_genera), NEEDS REVIEW","2026-10-05"
"F_GRPHM_PYLS_MLMP","Graphium eurypylus melampus","released in the genus Graphium (Fungi), which also contained other organisms with the same genus name until v3.0.1, but no current source has this name in the Fungi","taxonomy build (automatic, released_homonym_genera), NEEDS REVIEW","2026-10-05"
"F_GRPHM_PYLS_PMPH","Graphium eurypylus pamphylus","released in the genus Graphium (Fungi), which also contained other organisms with the same genus name until v3.0.1, but no current source has this name in the Fungi","taxonomy build (automatic, released_homonym_genera), NEEDS REVIEW","2026-10-05"
"F_GRPHM_PYLS_PRSC","Graphium eurypylus priscus","released in the genus Graphium (Fungi), which also contained other organisms with the same genus name until v3.0.1, but no current source has this name in the Fungi","taxonomy build (automatic, released_homonym_genera), NEEDS REVIEW","2026-10-05"
"F_GRPHM_PYLS_RBRP","Graphium eurypylus rubroplaga","released in the genus Graphium (Fungi), which also contained other organisms with the same genus name until v3.0.1, but no current source has this name in the Fungi","taxonomy build (automatic, released_homonym_genera), NEEDS REVIEW","2026-10-05"
"F_GRPHM_RDLY","Graphium ridleyanus","another organism (Animalia) with the same genus name as Graphium (Fungi)","taxonomy build (automatic, homonym of a genus in another domain)","2026-10-05"
"F_GRPHM_RHSS","Graphium rhesus","another organism (Animalia) with the same genus name as Graphium (Fungi)","taxonomy build (automatic, homonym of a genus in another domain)","2026-10-05"
"F_GRPHM_RHSS_RHSL","Graphium rhesus rhesulus","released in the genus Graphium (Fungi), which also contained other organisms with the same genus name until v3.0.1, but no current source has this name in the Fungi","taxonomy build (automatic, released_homonym_genera), NEEDS REVIEW","2026-10-05"
"F_GRPHM_RMCS","Graphium ramaceus","another organism (Animalia) with the same genus name as Graphium (Fungi)","taxonomy build (automatic, homonym of a genus in another domain)","2026-10-05"
"F_GRPHM_RMCS_PNDL","Graphium ramaceus pendleburyi","released in the genus Graphium (Fungi), which also contained other organisms with the same genus name until v3.0.1, but no current source has this name in the Fungi","taxonomy build (automatic, released_homonym_genera), NEEDS REVIEW","2026-10-05"
"F_GRPHM_RMCS_RMCS","Graphium ramaceus ramaceus","released in the genus Graphium (Fungi), which also contained other organisms with the same genus name until v3.0.1, but no current source has this name in the Fungi","taxonomy build (automatic, released_homonym_genera), NEEDS REVIEW","2026-10-05"
"F_GRPHM_RNDS","Graphium chironides","another organism (Animalia) with the same genus name as Graphium (Fungi)","taxonomy build (automatic, homonym of a genus in another domain)","2026-10-05"
"F_GRPHM_RTDS","Graphium euphratoides","another organism (Animalia) with the same genus name as Graphium (Fungi)","taxonomy build (automatic, homonym of a genus in another domain)","2026-10-05"
"F_GRPHM_SCHB","Graphium schubotzi","another organism (Animalia) with the same genus name as Graphium (Fungi)","taxonomy build (automatic, homonym of a genus in another domain)","2026-10-05"
"F_GRPHM_SCHF","Graphium schaffgotschi","another organism (Animalia) with the same genus name as Graphium (Fungi)","taxonomy build (automatic, homonym of a genus in another domain)","2026-10-05"
"F_GRPHM_SCHN","Graphium schoenbergianus","released in the genus Graphium (Fungi), which also contained other organisms with the same genus name until v3.0.1, but no current source has this name in the Fungi","taxonomy build (automatic, released_homonym_genera), NEEDS REVIEW","2026-10-05"
"F_GRPHM_SGNX","Graphium segonax","released in the genus Graphium (Fungi), which also contained other organisms with the same genus name until v3.0.1, but no current source has this name in the Fungi","taxonomy build (automatic, released_homonym_genera), NEEDS REVIEW","2026-10-05"
"F_GRPHM_SGNX_TNBR","Graphium segonax tenebrionis","released in the genus Graphium (Fungi), which also contained other organisms with the same genus name until v3.0.1, but no current source has this name in the Fungi","taxonomy build (automatic, released_homonym_genera), NEEDS REVIEW","2026-10-05"
"F_GRPHM_SIMN","Graphium simoni","another organism (Animalia) with the same genus name as Graphium (Fungi)","taxonomy build (automatic, homonym of a genus in another domain)","2026-10-05"
"F_GRPHM_SLLS","Graphium sallastius","released in the genus Graphium (Fungi), which also contained other organisms with the same genus name until v3.0.1, but no current source has this name in the Fungi","taxonomy build (automatic, released_homonym_genera), NEEDS REVIEW","2026-10-05"
"F_GRPHM_SLNS","Graphium sulaensis","released in the genus Graphium (Fungi), which also contained other organisms with the same genus name until v3.0.1, but no current source has this name in the Fungi","taxonomy build (automatic, released_homonym_genera), NEEDS REVIEW","2026-10-05"
"F_GRPHM_SMLS","Graphium similis","released in the genus Graphium (Fungi), which also contained other organisms with the same genus name until v3.0.1, but no current source has this name in the Fungi","taxonomy build (automatic, released_homonym_genera), NEEDS REVIEW","2026-10-05"
"F_GRPHM_SNDW","Graphium sandawanum","another organism (Animalia) with the same genus name as Graphium (Fungi)","taxonomy build (automatic, homonym of a genus in another domain)","2026-10-05"
"F_GRPHM_SNGN","Graphium sanganoides","released in the genus Graphium (Fungi), which also contained other organisms with the same genus name until v3.0.1, but no current source has this name in the Fungi","taxonomy build (automatic, released_homonym_genera), NEEDS REVIEW","2026-10-05"
"F_GRPHM_SPEC","Graphium spec","released in the genus Graphium (Fungi), which also contained other organisms with the same genus name until v3.0.1, but no current source has this name in the Fungi","taxonomy build (automatic, released_homonym_genera), NEEDS REVIEW","2026-10-05"
"F_GRPHM_SPTN","Graphium septentrionicolus","another organism (Animalia) with the same genus name as Graphium (Fungi)","taxonomy build (automatic, homonym of a genus in another domain)","2026-10-05"
"F_GRPHM_SRPD","Graphium sarpedon","another organism (Animalia) with the same genus name as Graphium (Fungi)","taxonomy build (automatic, homonym of a genus in another domain)","2026-10-05"
"F_GRPHM_SRPD_ADNR","Graphium sarpedon adonarensis","another organism (Animalia) with the same genus name as Graphium (Fungi)","taxonomy build (automatic, homonym of a genus in another domain)","2026-10-05"
"F_GRPHM_SRPD_CLUS","Graphium sarpedon colus","released in the genus Graphium (Fungi), which also contained other organisms with the same genus name until v3.0.1, but no current source has this name in the Fungi","taxonomy build (automatic, released_homonym_genera), NEEDS REVIEW","2026-10-05"
"F_GRPHM_SRPD_CNNC","Graphium sarpedon connectens","another organism (Animalia) with the same genus name as Graphium (Fungi)","taxonomy build (automatic, homonym of a genus in another domain)","2026-10-05"
"F_GRPHM_SRPD_COLS","Graphium sarpedon coelius","released in the genus Graphium (Fungi), which also contained other organisms with the same genus name until v3.0.1, but no current source has this name in the Fungi","taxonomy build (automatic, released_homonym_genera), NEEDS REVIEW","2026-10-05"
"F_GRPHM_SRPD_CRYC","Graphium sarpedon corycus","released in the genus Graphium (Fungi), which also contained other organisms with the same genus name until v3.0.1, but no current source has this name in the Fungi","taxonomy build (automatic, released_homonym_genera), NEEDS REVIEW","2026-10-05"
"F_GRPHM_SRPD_DDNG","Graphium sarpedon dodingensis","released in the genus Graphium (Fungi), which also contained other organisms with the same genus name until v3.0.1, but no current source has this name in the Fungi","taxonomy build (automatic, released_homonym_genera), NEEDS REVIEW","2026-10-05"
"F_GRPHM_SRPD_DNDS","Graphium sarpedon sarpedonides","released in the genus Graphium (Fungi), which also contained other organisms with the same genus name until v3.0.1, but no current source has this name in the Fungi","taxonomy build (automatic, released_homonym_genera), NEEDS REVIEW","2026-10-05"
"F_GRPHM_SRPD_HLSS","Graphium sarpedon halesus","released in the genus Graphium (Fungi), which also contained other organisms with the same genus name until v3.0.1, but no current source has this name in the Fungi","taxonomy build (automatic, released_homonym_genera), NEEDS REVIEW","2026-10-05"
"F_GRPHM_SRPD_HOSB","Graphium sarpedon hosoobi","released in the genus Graphium (Fungi), which also contained other organisms with the same genus name until v3.0.1, but no current source has this name in the Fungi","taxonomy build (automatic, released_homonym_genera), NEEDS REVIEW","2026-10-05"
"F_GRPHM_SRPD_IMPR","Graphium sarpedon impar","released in the genus Graphium (Fungi), which also contained other organisms with the same genus name until v3.0.1, but no current source has this name in the Fungi","taxonomy build (automatic, released_homonym_genera), NEEDS REVIEW","2026-10-05"
"F_GRPHM_SRPD_JGNS","Graphium sarpedon jugans","released in the genus Graphium (Fungi), which also contained other organisms with the same genus name until v3.0.1, but no current source has this name in the Fungi","taxonomy build (automatic, released_homonym_genera), NEEDS REVIEW","2026-10-05"
"F_GRPHM_SRPD_KWMT","Graphium sarpedon kawaimitsuoi","another organism (Animalia) with the same genus name as Graphium (Fungi)","taxonomy build (automatic, homonym of a genus in another domain)","2026-10-05"
"F_GRPHM_SRPD_LCTT","Graphium sarpedon luctatius","another organism (Animalia) with the same genus name as Graphium (Fungi)","taxonomy build (automatic, homonym of a genus in another domain)","2026-10-05"
"F_GRPHM_SRPD_LTFS","Graphium sarpedon latifascia","released in the genus Graphium (Fungi), which also contained other organisms with the same genus name until v3.0.1, but no current source has this name in the Fungi","taxonomy build (automatic, released_homonym_genera), NEEDS REVIEW","2026-10-05"
"F_GRPHM_SRPD_LUNL","Graphium sarpedon lunula","released in the genus Graphium (Fungi), which also contained other organisms with the same genus name until v3.0.1, but no current source has this name in the Fungi","taxonomy build (automatic, released_homonym_genera), NEEDS REVIEW","2026-10-05"
"F_GRPHM_SRPD_MELS","Graphium sarpedon melas","released in the genus Graphium (Fungi), which also contained other organisms with the same genus name until v3.0.1, but no current source has this name in the Fungi","taxonomy build (automatic, released_homonym_genera), NEEDS REVIEW","2026-10-05"
"F_GRPHM_SRPD_MORS","Graphium sarpedon morius","released in the genus Graphium (Fungi), which also contained other organisms with the same genus name until v3.0.1, but no current source has this name in the Fungi","taxonomy build (automatic, released_homonym_genera), NEEDS REVIEW","2026-10-05"
"F_GRPHM_SRPD_MSSG","Graphium sarpedon messogis","released in the genus Graphium (Fungi), which also contained other organisms with the same genus name until v3.0.1, but no current source has this name in the Fungi","taxonomy build (automatic, released_homonym_genera), NEEDS REVIEW","2026-10-05"
"F_GRPHM_SRPD_NPPN","Graphium sarpedon nipponus","released in the genus Graphium (Fungi), which also contained other organisms with the same genus name until v3.0.1, but no current source has this name in the Fungi","taxonomy build (automatic, released_homonym_genera), NEEDS REVIEW","2026-10-05"
"F_GRPHM_SRPD_PAGS","Graphium sarpedon pagus","released in the genus Graphium (Fungi), which also contained other organisms with the same genus name until v3.0.1, but no current source has this name in the Fungi","taxonomy build (automatic, released_homonym_genera), NEEDS REVIEW","2026-10-05"
"F_GRPHM_SRPD_PRLS","Graphium sarpedon imparilis","released in the genus Graphium (Fungi), which also contained other organisms with the same genus name until v3.0.1, but no current source has this name in the Fungi","taxonomy build (automatic, released_homonym_genera), NEEDS REVIEW","2026-10-05"
"F_GRPHM_SRPD_PSDS","Graphium sarpedon pseudosurusumi","released in the genus Graphium (Fungi), which also contained other organisms with the same genus name until v3.0.1, but no current source has this name in the Fungi","taxonomy build (automatic, released_homonym_genera), NEEDS REVIEW","2026-10-05"
"F_GRPHM_SRPD_RFFR","Graphium sarpedon rufofervidus","released in the genus Graphium (Fungi), which also contained other organisms with the same genus name until v3.0.1, but no current source has this name in the Fungi","taxonomy build (automatic, released_homonym_genera), NEEDS REVIEW","2026-10-05"
"F_GRPHM_SRPD_SMFS","Graphium sarpedon semifasciatus","released in the genus Graphium (Fungi), which also contained other organisms with the same genus name until v3.0.1, but no current source has this name in the Fungi","taxonomy build (automatic, released_homonym_genera), NEEDS REVIEW","2026-10-05"
"F_GRPHM_SRPD_SRPD","Graphium sarpedon sarpedon","another organism (Animalia) with the same genus name as Graphium (Fungi)","taxonomy build (automatic, homonym of a genus in another domain)","2026-10-05"
"F_GRPHM_SRPD_SRSM","Graphium sarpedon surusumi","released in the genus Graphium (Fungi), which also contained other organisms with the same genus name until v3.0.1, but no current source has this name in the Fungi","taxonomy build (automatic, released_homonym_genera), NEEDS REVIEW","2026-10-05"
"F_GRPHM_SRPD_SZNM","Graphium sarpedon sazanami","released in the genus Graphium (Fungi), which also contained other organisms with the same genus name until v3.0.1, but no current source has this name in the Fungi","taxonomy build (automatic, released_homonym_genera), NEEDS REVIEW","2026-10-05"
"F_GRPHM_SRPD_TKMK","Graphium sarpedon takamukuana","released in the genus Graphium (Fungi), which also contained other organisms with the same genus name until v3.0.1, but no current source has this name in the Fungi","taxonomy build (automatic, released_homonym_genera), NEEDS REVIEW","2026-10-05"
"F_GRPHM_SRPD_TMNS","Graphium sarpedon temnus","released in the genus Graphium (Fungi), which also contained other organisms with the same genus name until v3.0.1, but no current source has this name in the Fungi","taxonomy build (automatic, released_homonym_genera), NEEDS REVIEW","2026-10-05"
"F_GRPHM_SRPD_TMRN","Graphium sarpedon timorensis","released in the genus Graphium (Fungi), which also contained other organisms with the same genus name until v3.0.1, but no current source has this name in the Fungi","taxonomy build (automatic, released_homonym_genera), NEEDS REVIEW","2026-10-05"
"F_GRPHM_SRPD_USZM","Graphium sarpedon usuzumi","released in the genus Graphium (Fungi), which also contained other organisms with the same genus name until v3.0.1, but no current source has this name in the Fungi","taxonomy build (automatic, released_homonym_genera), NEEDS REVIEW","2026-10-05"
"F_GRPHM_SRTI","Graphium delessertii","released in the genus Graphium (Fungi), which also contained other organisms with the same genus name until v3.0.1, but no current source has this name in the Fungi","taxonomy build (automatic, released_homonym_genera), NEEDS REVIEW","2026-10-05"
"F_GRPHM_SRTI_FRVS","Graphium delessertii furvus","released in the genus Graphium (Fungi), which also contained other organisms with the same genus name until v3.0.1, but no current source has this name in the Fungi","taxonomy build (automatic, released_homonym_genera), NEEDS REVIEW","2026-10-05"
"F_GRPHM_STDS","Graphium aristeoides","released in the genus Graphium (Fungi), which also contained other organisms with the same genus name until v3.0.1, but no current source has this name in the Fungi","taxonomy build (automatic, released_homonym_genera), NEEDS REVIEW","2026-10-05"
"F_GRPHM_STRS","Graphium stresemanni","another organism (Animalia) with the same genus name as Graphium (Fungi)","taxonomy build (automatic, homonym of a genus in another domain)","2026-10-05"
"F_GRPHM_STRT","Graphium stratiotes","another organism (Animalia) with the same genus name as Graphium (Fungi)","taxonomy build (automatic, homonym of a genus in another domain)","2026-10-05"
"F_GRPHM_TBRN","Graphium taboranus","another organism (Animalia) with the same genus name as Graphium (Fungi)","taxonomy build (automatic, homonym of a genus in another domain)","2026-10-05"
"F_GRPHM_TCLS","Graphium stratocles","another organism (Animalia) with the same genus name as Graphium (Fungi)","taxonomy build (automatic, homonym of a genus in another domain)","2026-10-05"
"F_GRPHM_TCLS_DDNG","Graphium stratocles dodongi","released in the genus Graphium (Fungi), which also contained other organisms with the same genus name until v3.0.1, but no current source has this name in the Fungi","taxonomy build (automatic, released_homonym_genera), NEEDS REVIEW","2026-10-05"
"F_GRPHM_TCLS_PING","Graphium stratocles pingi","released in the genus Graphium (Fungi), which also contained other organisms with the same genus name until v3.0.1, but no current source has this name in the Fungi","taxonomy build (automatic, released_homonym_genera), NEEDS REVIEW","2026-10-05"
"F_GRPHM_TCLS_STRT","Graphium stratocles stratoclides","released in the genus Graphium (Fungi), which also contained other organisms with the same genus name until v3.0.1, but no current source has this name in the Fungi","taxonomy build (automatic, released_homonym_genera), NEEDS REVIEW","2026-10-05"
"F_GRPHM_THUL","Graphium thule","another organism (Animalia) with the same genus name as Graphium (Fungi)","taxonomy build (automatic, homonym of a genus in another domain)","2026-10-05"
"F_GRPHM_THUL_ALFR","Graphium thule alfredi","released in the genus Graphium (Fungi), which also contained other organisms with the same genus name until v3.0.1, but no current source has this name in the Fungi","taxonomy build (automatic, released_homonym_genera), NEEDS REVIEW","2026-10-05"
"F_GRPHM_TIMR","Graphium timur","another organism (Animalia) with the same genus name as Graphium (Fungi)","taxonomy build (automatic, homonym of a genus in another domain)","2026-10-05"
"F_GRPHM_TIMR_CHNG","Graphium timur chungianus","released in the genus Graphium (Fungi), which also contained other organisms with the same genus name until v3.0.1, but no current source has this name in the Fungi","taxonomy build (automatic, released_homonym_genera), NEEDS REVIEW","2026-10-05"
"F_GRPHM_TIMR_KOCH","Graphium timur kooichii","released in the genus Graphium (Fungi), which also contained other organisms with the same genus name until v3.0.1, but no current source has this name in the Fungi","taxonomy build (automatic, released_homonym_genera), NEEDS REVIEW","2026-10-05"
"F_GRPHM_TIMR_TAYL","Graphium timur tayal","released in the genus Graphium (Fungi), which also contained other organisms with the same genus name until v3.0.1, but no current source has this name in the Fungi","taxonomy build (automatic, released_homonym_genera), NEEDS REVIEW","2026-10-05"
"F_GRPHM_TMRL","Graphium tamerlanus","another organism (Animalia) with the same genus name as Graphium (Fungi)","taxonomy build (automatic, homonym of a genus in another domain)","2026-10-05"
"F_GRPHM_TMRL_HOEN","Graphium tamerlanus hoenei","released in the genus Graphium (Fungi), which also contained other organisms with the same genus name until v3.0.1, but no current source has this name in the Fungi","taxonomy build (automatic, released_homonym_genera), NEEDS REVIEW","2026-10-05"
"F_GRPHM_TMRL_KNSN","Graphium tamerlanus kansuensis","another organism (Animalia) with the same genus name as Graphium (Fungi)","taxonomy build (automatic, homonym of a genus in another domain)","2026-10-05"
"F_GRPHM_TMRL_TLNS","Graphium tamerlanus taliensis","released in the genus Graphium (Fungi), which also contained other organisms with the same genus name until v3.0.1, but no current source has this name in the Fungi","taxonomy build (automatic, released_homonym_genera), NEEDS REVIEW","2026-10-05"
"F_GRPHM_TRGC","Graphium tragicus","released in the genus Graphium (Fungi), which also contained other organisms with the same genus name until v3.0.1, but no current source has this name in the Fungi","taxonomy build (automatic, released_homonym_genera), NEEDS REVIEW","2026-10-05"
"F_GRPHM_TRTS","Graphium striatus","released in the genus Graphium (Fungi), which also contained other organisms with the same genus name until v3.0.1, but no current source has this name in the Fungi","taxonomy build (automatic, released_homonym_genera), NEEDS REVIEW","2026-10-05"
"F_GRPHM_TYND","Graphium tynderaeus","another organism (Animalia) with the same genus name as Graphium (Fungi)","taxonomy build (automatic, homonym of a genus in another domain)","2026-10-05"
"F_GRPHM_UCLG","Graphium ucalegon","another organism (Animalia) with the same genus name as Graphium (Fungi)","taxonomy build (automatic, homonym of a genus in another domain)","2026-10-05"
"F_GRPHM_UCLG_LGNC","Graphium ucalegon legonuca","released in the genus Graphium (Fungi), which also contained other organisms with the same genus name until v3.0.1, but no current source has this name in the Fungi","taxonomy build (automatic, released_homonym_genera), NEEDS REVIEW","2026-10-05"
"F_GRPHM_UCLG_UCLG","Graphium ucalegon ucalegonides","released in the genus Graphium (Fungi), which also contained other organisms with the same genus name until v3.0.1, but no current source has this name in the Fungi","taxonomy build (automatic, released_homonym_genera), NEEDS REVIEW","2026-10-05"
"F_GRPHM_WEBR","Graphium weberi","released in the genus Graphium (Fungi), which also contained other organisms with the same genus name until v3.0.1, but no current source has this name in the Fungi","taxonomy build (automatic, released_homonym_genera), NEEDS REVIEW","2026-10-05"
"F_GRPHM_WESK","Graphium weiskei","another organism (Animalia) with the same genus name as Graphium (Fungi)","taxonomy build (automatic, homonym of a genus in another domain)","2026-10-05"
"F_GRPHM_WESK_STRS","Graphium weiskei stresemanni","released in the genus Graphium (Fungi), which also contained other organisms with the same genus name until v3.0.1, but no current source has this name in the Fungi","taxonomy build (automatic, released_homonym_genera), NEEDS REVIEW","2026-10-05"
"F_GRPHM_WLLC","Graphium wallacei","another organism (Animalia) with the same genus name as Graphium (Fungi)","taxonomy build (automatic, homonym of a genus in another domain)","2026-10-05"
"F_GRPHM_WNLN","Graphium wenlingae","released in the genus Graphium (Fungi), which also contained other organisms with the same genus name until v3.0.1, but no current source has this name in the Fungi","taxonomy build (automatic, released_homonym_genera), NEEDS REVIEW","2026-10-05"
"F_GRPHM_XNCL","Graphium xenocles","another organism (Animalia) with the same genus name as Graphium (Fungi)","taxonomy build (automatic, homonym of a genus in another domain)","2026-10-05"
"F_GRPHM_XNCL_KPHS","Graphium xenocles kephisos","another organism (Animalia) with the same genus name as Graphium (Fungi)","taxonomy build (automatic, homonym of a genus in another domain)","2026-10-05"
"F_GRPHM_XNCL_LNDS","Graphium xenocles lindos","released in the genus Graphium (Fungi), which also contained other organisms with the same genus name until v3.0.1, but no current source has this name in the Fungi","taxonomy build (automatic, released_homonym_genera), NEEDS REVIEW","2026-10-05"
"F_GRPHM_XNCL_LNTS","Graphium xenocles lunatus","released in the genus Graphium (Fungi), which also contained other organisms with the same genus name until v3.0.1, but no current source has this name in the Fungi","taxonomy build (automatic, released_homonym_genera), NEEDS REVIEW","2026-10-05"
"F_GRPHM_XNCL_NRNS","Graphium xenocles neronus","released in the genus Graphium (Fungi), which also contained other organisms with the same genus name until v3.0.1, but no current source has this name in the Fungi","taxonomy build (automatic, released_homonym_genera), NEEDS REVIEW","2026-10-05"
"F_GRPHM_XNCL_XNCL","Graphium xenocles xenoclides","released in the genus Graphium (Fungi), which also contained other organisms with the same genus name until v3.0.1, but no current source has this name in the Fungi","taxonomy build (automatic, released_homonym_genera), NEEDS REVIEW","2026-10-05"
"F_HNDRS_CLLN","Hendersonula collina","another organism (Animalia) with the same genus name as Hendersonula (Fungi)","taxonomy build (automatic, homonym of a genus in another domain)","2026-10-05"
"F_HNDRS_PLNN","Hendersonula palnense","another organism (Animalia) with the same genus name as Hendersonula (Fungi)","taxonomy build (automatic, homonym of a genus in another domain)","2026-10-05"
"F_NECATR_DCRT","Necator decretus","another organism (Fungi) with the same genus name as Necator (Animalia)","taxonomy build (automatic, homonym of a genus in another domain)","2026-10-05"
"F_NECATR_JVNC","Necator javanicum","another organism (Fungi) with the same genus name as Necator (Animalia)","taxonomy build (automatic, homonym of a genus in another domain)","2026-10-05"
"F_NECATR_SLMN","Necator salmonicolor","another organism (Fungi) with the same genus name as Necator (Animalia)","taxonomy build (automatic, homonym of a genus in another domain)","2026-10-05"
"F_NECATR_VNCS","Necator javanicus","another organism (Fungi) with the same genus name as Necator (Animalia)","taxonomy build (automatic, homonym of a genus in another domain)","2026-10-05"
"F_NECATR_ZMMR","Necator zimmermannii","another organism (Fungi) with the same genus name as Necator (Animalia)","taxonomy build (automatic, homonym of a genus in another domain)","2026-10-05"
"F_NECTR_HMLS","Nectria humilis","another organism (Animalia) with the same genus name as Nectria (Fungi)","taxonomy build (automatic, homonym of a genus in another domain)","2026-10-05"
"F_NECTR_LFRA","Nectria ocellifera","another organism (Animalia) with the same genus name as Nectria (Fungi)","taxonomy build (automatic, homonym of a genus in another domain)","2026-10-05"
"F_NECTR_MCRB","Nectria macrobrachia","another organism (Animalia) with the same genus name as Nectria (Fungi)","taxonomy build (automatic, homonym of a genus in another domain)","2026-10-05"
"F_NECTR_OCLF","Nectria oculifera","another organism (Animalia) with the same genus name as Nectria (Fungi)","taxonomy build (automatic, homonym of a genus in another domain)","2026-10-05"
"F_NECTR_OCLL","Nectria ocellata","another organism (Animalia) with the same genus name as Nectria (Fungi)","taxonomy build (automatic, homonym of a genus in another domain)","2026-10-05"
"F_NECTR_PDCLL","Nectria pedicelligera","another organism (Animalia) with the same genus name as Nectria (Fungi)","taxonomy build (automatic, homonym of a genus in another domain)","2026-10-05"
"F_NECTR_SAOR","Nectria saoria","another organism (Animalia) with the same genus name as Nectria (Fungi)","taxonomy build (automatic, homonym of a genus in another domain)","2026-10-05"
"F_NECTR_SPNA","Nectria multispina","another organism (Animalia) with the same genus name as Nectria (Fungi)","taxonomy build (automatic, homonym of a genus in another domain)","2026-10-05"
"F_NECTR_WLSN","Nectria wilsoni","another organism (Animalia) with the same genus name as Nectria (Fungi)","taxonomy build (automatic, homonym of a genus in another domain)","2026-10-05"
"F_ROZLL_MYCS","Rozella allomycis","another organism (Protozoa) with the same genus name as Rozella (Fungi)","taxonomy build (automatic, homonym of a genus in another domain)","2026-10-05"
"F_ROZLL_PARV","Rozella parva","another organism (Protozoa) with the same genus name as Rozella (Fungi)","taxonomy build (automatic, homonym of a genus in another domain)","2026-10-05"
"P_ANGLR","Angularia","another organism (Protozoa) with the same genus name as Angularia (Fungi)","taxonomy build (automatic, homonym of a genus in another domain)","2026-10-05"
"P_ANGLR_VRDL","Angularia viridula","a more recent release has its name in another domain (Fungi), which may be the same organism in a new classification or another organism, and it could not be restored","taxonomy build (automatic, name in another domain in a more recent release), NEEDS REVIEW","2026-10-05"
"P_CDSPR","Caudospora","another organism (Protozoa) with the same genus name as Caudospora (Fungi)","taxonomy build (automatic, homonym of a genus in another domain)","2026-10-05"
"P_CDSPR_ALSK","Caudospora alaskensis","another organism (Protozoa) with the same genus name as Caudospora (Fungi)","taxonomy build (automatic, homonym of a genus in another domain)","2026-10-05"
"P_CDSPR_BRVD","Caudospora brevidauda","another organism (Protozoa) with the same genus name as Caudospora (Fungi)","taxonomy build (automatic, homonym of a genus in another domain)","2026-10-05"
"P_CDSPR_NASI","Caudospora nasiae","another organism (Protozoa) with the same genus name as Caudospora (Fungi)","taxonomy build (automatic, homonym of a genus in another domain)","2026-10-05"
"P_CDSPR_PLST","Caudospora palustris","another organism (Protozoa) with the same genus name as Caudospora (Fungi)","taxonomy build (automatic, homonym of a genus in another domain)","2026-10-05"
"P_CDSPR_PLYM","Caudospora polymorpha","another organism (Protozoa) with the same genus name as Caudospora (Fungi)","taxonomy build (automatic, homonym of a genus in another domain)","2026-10-05"
"P_CDSPR_PNNS","Caudospora pennsylvanica","another organism (Protozoa) with the same genus name as Caudospora (Fungi)","taxonomy build (automatic, homonym of a genus in another domain)","2026-10-05"
"P_CDSPR_SIML","Caudospora simulii","another organism (Protozoa) with the same genus name as Caudospora (Fungi)","taxonomy build (automatic, homonym of a genus in another domain)","2026-10-05"
"P_CHYTR","Chytridiopsis","a more recent release has its name in another domain (Fungi), which may be the same organism in a new classification or another organism, and it could not be restored","taxonomy build (automatic, name in another domain in a more recent release), NEEDS REVIEW","2026-10-05"
"P_CHYTR_AQTC","Chytridiopsis aquaticus","a more recent release has its name in another domain (Fungi), which may be the same organism in a new classification or another organism, and it could not be restored","taxonomy build (automatic, name in another domain in a more recent release), NEEDS REVIEW","2026-10-05"
"P_CHYTR_CLRC","Chytridiopsis clerci","a more recent release has its name in another domain (Fungi), which may be the same organism in a new classification or another organism, and it could not be restored","taxonomy build (automatic, name in another domain in a more recent release), NEEDS REVIEW","2026-10-05"
"P_CHYTR_HAHN","Chytridiopsis hahni","a more recent release has its name in another domain (Fungi), which may be the same organism in a new classification or another organism, and it could not be restored","taxonomy build (automatic, name in another domain in a more recent release), NEEDS REVIEW","2026-10-05"
"P_CHYTR_PCHY","Chytridiopsis pachyiuli","a more recent release has its name in another domain (Fungi), which may be the same organism in a new classification or another organism, and it could not be restored","taxonomy build (automatic, name in another domain in a more recent release), NEEDS REVIEW","2026-10-05"
"P_CHYTR_SCHN","Chytridiopsis schneideri","a more recent release has its name in another domain (Fungi), which may be the same organism in a new classification or another organism, and it could not be restored","taxonomy build (automatic, name in another domain in a more recent release), NEEDS REVIEW","2026-10-05"
"P_CHYTR_SCHZ","Chytridiopsis schizophylli","a more recent release has its name in another domain (Fungi), which may be the same organism in a new classification or another organism, and it could not be restored","taxonomy build (automatic, name in another domain in a more recent release), NEEDS REVIEW","2026-10-05"
"P_CHYTR_SOCS","Chytridiopsis socius","a more recent release has its name in another domain (Fungi), which may be the same organism in a new classification or another organism, and it could not be restored","taxonomy build (automatic, name in another domain in a more recent release), NEEDS REVIEW","2026-10-05"
"P_CHYTR_TRCH","Chytridiopsis trichopterae","a more recent release has its name in another domain (Fungi), which may be the same organism in a new classification or another organism, and it could not be restored","taxonomy build (automatic, name in another domain in a more recent release), NEEDS REVIEW","2026-10-05"
"P_CHYTR_TYPG","Chytridiopsis typographi","a more recent release has its name in another domain (Fungi), which may be the same organism in a new classification or another organism, and it could not be restored","taxonomy build (automatic, name in another domain in a more recent release), NEEDS REVIEW","2026-10-05"
"P_CHYTR_VRBL","Chytridiopsis variabilis","a more recent release has its name in another domain (Fungi), which may be the same organism in a new classification or another organism, and it could not be restored","taxonomy build (automatic, name in another domain in a more recent release), NEEDS REVIEW","2026-10-05"
"P_CHYTR_XNBL","Chytridiopsis xenoboli","a more recent release has its name in another domain (Fungi), which may be the same organism in a new classification or another organism, and it could not be restored","taxonomy build (automatic, name in another domain in a more recent release), NEEDS REVIEW","2026-10-05"
"P_CLYPL","Clypeolina","a more recent release has its name in another domain (Fungi), which may be the same organism in a new classification or another organism, and it could not be restored","taxonomy build (automatic, name in another domain in a more recent release), NEEDS REVIEW","2026-10-05"
"P_CLYPL_MRGN","Clypeolina marginata","a more recent release has its name in another domain (Fungi), which may be the same organism in a new classification or another organism, and it could not be restored","taxonomy build (automatic, name in another domain in a more recent release), NEEDS REVIEW","2026-10-05"
"P_CMPNL","Campanulospora","another organism (Protozoa) with the same genus name as Campanulospora (Fungi)","taxonomy build (automatic, homonym of a genus in another domain)","2026-10-05"
"P_CMPNL_DNTC","Campanulospora denticulata","another organism (Protozoa) with the same genus name as Campanulospora (Fungi)","taxonomy build (automatic, homonym of a genus in another domain)","2026-10-05"
"P_INTXT","Intexta","a more recent release has its name in another domain (Fungi), which may be the same organism in a new classification or another organism, and it could not be restored","taxonomy build (automatic, name in another domain in a more recent release), NEEDS REVIEW","2026-10-05"
"P_INTXT_ACRV","Intexta acarivora","a more recent release has its name in another domain (Fungi), which may be the same organism in a new classification or another organism, and it could not be restored","taxonomy build (automatic, name in another domain in a more recent release), NEEDS REVIEW","2026-10-05"
"P_MCRFL","Microfilum","a more recent release has its name in another domain (Fungi), which may be the same organism in a new classification or another organism, and it could not be restored","taxonomy build (automatic, name in another domain in a more recent release), NEEDS REVIEW","2026-10-05"
"P_MCRFL_LTJN","Microfilum lutjani","a more recent release has its name in another domain (Fungi), which may be the same organism in a new classification or another organism, and it could not be restored","taxonomy build (automatic, name in another domain in a more recent release), NEEDS REVIEW","2026-10-05"
"P_NOLLR","Nolleria","a more recent release has its name in another domain (Fungi), which may be the same organism in a new classification or another organism, and it could not be restored","taxonomy build (automatic, name in another domain in a more recent release), NEEDS REVIEW","2026-10-05"
"P_NOLLR_PLCS","Nolleria pulicis","a more recent release has its name in another domain (Fungi), which may be the same organism in a new classification or another organism, and it could not be restored","taxonomy build (automatic, name in another domain in a more recent release), NEEDS REVIEW","2026-10-05"
"P_NPHRD","Nephridiophaga","another organism (Protozoa) with the same genus name as Nephridiophaga (Fungi)","taxonomy build (automatic, homonym of a genus in another domain)","2026-10-05"
"P_NPHRD_MADR","Nephridiophaga maderae","a more recent release has its name in another domain (Fungi), which may be the same organism in a new classification or another organism, and it could not be restored","taxonomy build (automatic, name in another domain in a more recent release), NEEDS REVIEW","2026-10-05"
"P_OCTSPR_EFFM","Octospora effeminans","a more recent release has its name in another domain (Fungi), which may be the same organism in a new classification or another organism, and it could not be restored","taxonomy build (automatic, name in another domain in a more recent release), NEEDS REVIEW","2026-10-05"
"P_SDSCS","Schizodiscus","a more recent release has its name in another domain (Fungi), which may be the same organism in a new classification or another organism, and it could not be restored","taxonomy build (automatic, name in another domain in a more recent release), NEEDS REVIEW","2026-10-05"
"P_SDSCS_JPNC","Schizodiscus japonicus","a more recent release has its name in another domain (Fungi), which may be the same organism in a new classification or another organism, and it could not be restored","taxonomy build (automatic, name in another domain in a more recent release), NEEDS REVIEW","2026-10-05"
"P_[FAM]_CHYTRDPS","Chytridiopsidae","a more recent release has its name in another domain (Fungi), which may be the same organism in a new classification or another organism, and it could not be restored","taxonomy build (automatic, name in another domain in a more recent release), NEEDS REVIEW","2026-10-05"
"P_[FAM]_MICROFLD","Microfilidae","a more recent release has its name in another domain (Fungi), which may be the same organism in a new classification or another organism, and it could not be restored","taxonomy build (automatic, name in another domain in a more recent release), NEEDS REVIEW","2026-10-05"
